,MOM,PCA_PLAIN,PCA_SUB,DOUBLE,EW_BENCH
2015-01-06,0.0046354889453340325,0.005138739240508784,0.002887664956273351,0.010084663573835768,-0.01180342019404379
2015-01-07,-2.1733543195257346e-05,0.0017464840967081011,0.0008918258595526527,0.0032062475947774336,0.00769995041405471
2015-01-08,0.006288809721158484,0.0049643999486374876,0.008903418774998251,0.004444492455414428,0.0004978617281110468
2015-01-09,-0.00024970654287548213,-0.00029590937299122126,-0.0018379800461637125,0.002793650628222455,-0.005269809337675944
2015-01-13,0.0030696539519623253,-0.008233357774539776,-0.009774979267624896,-0.007794026295357031,3.9955694058255326e-05
2015-01-14,0.003949627358482633,0.004842401299414779,0.0060642898224250626,0.0042663598083358765,-0.002222780345807937
2015-01-15,0.00606170262688981,0.0012703900853661136,0.00525932986590978,0.008477659221709708,0.003978654493078809
2015-01-16,0.0016248362010127693,0.00887236382185832,-0.0005921958088464627,0.004822905039692231,0.0009100974594590641
2015-01-20,-0.0008692968836218739,-0.002888626410997253,-0.0002841156707960699,-0.007588894979614716,0.005492558536502199
2015-01-21,0.0016916030674363643,0.0032569524125773746,0.0037525952946366736,0.00670058234351358,-0.0029100796971997752
2015-01-22,-0.0036517151569345216,0.0062168411926941235,0.0016296596915772459,-0.006118286879673751,-0.002079290970078888
2015-01-23,0.0041034987937209385,0.006423971777238923,0.0010429122009573799,0.0016248063113235567,-0.0012970374123573616
2015-01-26,0.0012618767962571107,0.003998225761253904,0.004841798582266566,0.005274895096934124,0.00232627120320834
2015-01-27,0.0020654320593416885,-0.013870727932362681,-0.0027353345452690862,0.0050680345664423365,0.007234881654456143
2015-01-28,0.009534123447474263,0.006308488129624834,-0.009853767328738794,-0.003799968162635318,0.0064642616583901824
2015-01-29,0.0021703367800033806,0.003004826468674794,0.006105731618660282,0.005750652691202119,-4.4428882171598794e-05
2015-01-30,-0.0022249988896070106,0.0005583874359866843,0.0017144171746001251,-0.0010827620884609128,-0.0011012084460715462
2015-02-02,0.008696634162620676,0.0002416257905441194,-0.006035388260675224,-0.0003511173916931529,0.00036518517718702966
2015-02-03,-0.016642132960668302,0.00247089429706171,0.011266183284869013,0.019973733418557127,-0.017991748207414195
2015-02-04,-0.0006034499052226519,-0.0020734697065779126,0.005836781717628783,-0.00034494515490594325,0.0071598295617158695
2015-02-05,-0.01196666293227069,-0.0003501956139426504,0.0010122344222514464,-0.017666552187575957,0.002499480066460672
2015-02-06,-0.0005445343554917105,-0.0010071796324987226,0.0002291411178007908,-0.004219409282700426,0.0010965769827457111
2015-02-09,0.0033754639001260635,0.0029308922642595327,0.0014939505871134798,-0.007471324322106917,-0.0036555126443686315
2015-02-10,-0.008521088883851459,0.004958208141979049,0.0047750516868028114,0.0010829132200158203,0.003603744294276574
2015-02-12,0.005419655986567485,0.005474536515063865,0.011709910754583098,0.008716556710479618,0.002893907153021742
2015-02-13,-0.006316115694611458,0.004015091063795828,0.0058427625482780025,-0.0034251005108887527,0.0015218035932089962
2015-02-17,0.005586745936853132,0.0014978685810000947,-0.0020368633951958646,-0.0017539513037955201,0.005086518985073017
2015-02-18,0.0009589784424556275,-0.0034245483961051985,0.0028876925703639643,0.00021482345457696271,0.002143038692025139
2015-02-19,-0.005141750052318339,-0.0005026568749201491,-0.0013523816804684062,-0.0016718908594083356,0.005661104011327617
2015-02-20,-0.0021991589948305193,-0.001053365293824693,-0.0006431792447808785,-0.011489629403690693,-0.00026931593431908164
2015-02-23,-0.004233747390478571,0.0036739270492426312,0.012082306952961863,0.007054247801817718,-0.005341081797144385
2015-02-24,-0.0003604007584708355,0.00036313578687119353,-0.0008686406574493371,0.0012560727948053953,0.002488922459254649
2015-02-25,-0.015297423642017116,0.008435159276868644,0.012889697339061978,0.0006515356620602392,-0.0038699622525559417
2015-02-26,-0.004300847753568449,0.0036722473202275958,0.003743283890447491,0.0014163924079448522,0.0058444396064555705
2015-02-27,-0.004570868782580883,-0.004887663221641825,-0.0024734459244914577,-0.0027113501664151533,-0.0039237369090133235
2015-03-02,-0.0021369883448802084,-0.0016492570564830005,0.002231605283676718,-0.0008838285116873514,-0.0028537397135622866
2015-03-03,0.005076757665587884,-0.008933124043243933,-0.007218749254895542,-0.011888929899630547,-0.006783789543823885
2015-03-04,0.0024303904196678384,-0.00042779660815979166,-0.004962800364986818,-0.0031294701177190234,-0.003958788120674922
2015-03-05,0.00367480013051924,-0.0035634533645467763,0.0024589661121039896,0.004587309765547498,0.004978757285905499
2015-03-06,0.00365012233332731,0.004232699455457435,0.004585439018070271,0.005479325478177416,0.003873465709694183
2015-03-09,-0.0016870050284625963,0.001019242813594068,0.012486493276465317,0.01758886926366343,-0.0025308415341950014
2015-03-10,-0.0029234443034972905,0.0002312290249282473,0.0025824251078930827,0.0017285301089858584,-0.007611517967410494
2015-03-11,-0.00754859650529065,-0.00012204744618249386,-0.002810544038289997,-0.0030385008099444045,0.0054657006737502236
2015-03-12,0.001481476949926508,-0.0016116204058283633,0.0021701594132724988,-0.0003285660292260961,0.0076275999723610065
2015-03-13,-0.009930533357373796,-0.006383271380135991,-0.0039497835508541575,-0.01086387080526265,0.0017952640939417456
2015-03-16,-0.0023754474685280915,0.002406425624960851,-4.6170163044178744e-05,0.0026766922983836507,-0.004188609724669253
2015-03-17,-0.0022991223334812624,0.005442156854251468,0.00042572803915241764,0.001160995197758711,0.0020034852356594405
2015-03-18,0.002337697015458007,-0.0018030661495584076,-0.0008809928383911145,0.0015624000895125487,0.003515471931809096
2015-03-19,-0.0037639542124655585,0.0016870815559311813,-0.0064279377902735305,-0.008306985561883163,-0.004621371912573489
2015-03-20,0.0021623904202784597,0.0020667983363394254,0.004164490387010477,0.001897424794433719,-5.6151089404037476e-05
2015-03-23,0.007351149636588361,0.0008592635331987176,-0.007976715754873664,0.002232087461536044,0.003724783566314338
2015-03-24,-0.0016167565830338625,0.0006159030853747803,0.005689789943117307,0.0021780116676480494,3.100374116011698e-05
2015-03-25,-0.004583797909683507,0.0031201394011201034,-0.0005599838762459395,0.0058944803171651445,0.0007748376909770424
2015-03-26,-0.004346906740711832,-0.014401165980025832,0.0050931457356871105,-0.0034971063672859515,-0.0031680542310014615
2015-03-27,0.005524599039121103,-0.002650468680938767,-0.01255078871478952,-0.001166156279194086,-0.00628828412852154
2015-03-30,0.0065119610235472745,0.006241195238688801,0.0070184268255968135,0.005541798922693051,-0.0027352047901720985
2015-03-31,-0.007548280858243372,0.008407606730657857,0.008479495533237812,0.005438205968161747,-0.007656936660137755
2015-04-01,-0.007438314333332729,-0.0069861569953500345,0.0071908611904158756,0.008968129317218076,-0.005184779216254017
2015-04-02,-0.0018473608005065147,0.0016831181438122797,0.004861924112712402,-0.01889316556040299,0.007976708619940572
2015-04-06,0.005632718372468548,0.0037922488755849134,0.002868512572657411,0.004494959068500021,-0.0023916967227000816
2015-04-07,-0.00771810746525008,-0.007011057552840749,-0.0017725504276774997,-0.007657305332242067,0.005084378465331646
2015-04-08,-0.001380188784860347,0.0029985465663540764,-0.0012752928968567728,-0.002567841464635549,0.004605586335765166
2015-04-09,0.004437520194517153,-0.003326895380387751,0.003467171138908287,0.003425224348220887,0.0010709251007476426
2015-04-10,-0.005165174935054174,0.006282142760734001,0.007085668325631201,0.0019274685313218722,-0.001081842307897142
2015-04-13,-0.008425887531465405,-0.00572131686327604,-0.0041780017338683305,-0.0032658567774768955,-0.007803678322358751
2015-04-14,-0.006669937555840422,0.0025605162413425697,0.003582859076903322,-0.0005483844473459973,-0.00047426793506250334
2015-04-15,-0.005031185144762174,-0.003153865333413109,0.0015081266512665167,-0.004862014358372685,-0.0016485885301551224
2015-04-16,-0.008339370682824199,0.0011387666413491314,0.02322233409734309,0.010267106199229848,0.006077471463692295
2015-04-17,0.003411260000447647,0.0016360194054215516,-0.005659942434918586,-0.0036670414178201676,-0.00036799460393554433
2015-04-20,0.008395823922253798,-0.0029537006068815156,0.0019521314593547775,0.0029363712929420752,-0.001326980203956483
2015-04-21,-0.00253383527706399,-0.0036420368755956996,-0.005795552180298636,-0.007881491475392955,0.010541728478528967
2015-04-22,0.002332690759993383,-0.005405247003515568,0.0008374972055026791,0.0011399797496294383,0.002960921731968726
2015-04-23,-0.0011822996303230582,0.008223601760013488,0.010026639244103231,-0.0009363897516398627,1.7808818876500797e-05
2015-04-24,-0.008085810863614373,-0.00829808881841776,-0.0020698199842539514,-0.005747330083547213,-0.000739342724691626
2015-04-27,-0.0037332197914782483,-0.0016551137012276841,0.003663148768051805,-0.0004725397863540148,-0.0027261672203042764
2015-04-28,-0.0050384070072922345,0.008422237208140637,0.001634292544640492,2.947648323891206e-05,0.00022553374782842336
2015-04-30,-0.00874203231742905,-0.005472176036964349,-0.016419085335949445,-0.007121136060285795,-0.013983082437911621
2015-05-01,-0.0004435396822399354,0.004327938431681999,-0.004181694975437522,-0.005062414126784404,0.0001631726522299031
2015-05-07,-0.002721717218065001,0.004898503931141663,-0.0016332049043210621,0.004420096906903537,-0.0021289526988733393
2015-05-08,0.012951261379800537,0.014654313975862608,-0.010000967650256244,-0.006252147141988629,0.008637073885350073
2015-05-11,-0.004348122296257717,0.0038975220532352587,0.0007317407056027787,-0.002625204831097924,-0.00010572185034164004
2015-05-12,0.0003964257538309201,0.0003446848281715377,-0.0019871225401256964,-0.00198760612993043,0.001566492289622448
2015-05-13,-0.004565999146407029,0.008231695782036686,0.006503305804300719,0.00014880952380950477,0.00016920754621367362
2015-05-14,-0.0006044486221387759,0.0007020450040773336,0.005996868108856556,0.005234339387125715,-0.004453271577139667
2015-05-15,0.0020308778053140576,0.0028631052728907763,-0.0003676349784076378,0.003998984818036955,-0.00018886923645843127
2015-05-18,0.010354327012680863,0.010347217843856036,-0.0037966381883769444,-0.0009324247595313318,0.006419998798328872
2015-05-19,-0.006314477073620139,-0.003322243401926439,0.0072571045825899905,0.0006301864121411871,0.0024669316546600344
2015-05-20,-0.007021591239488357,-0.012121690575634527,0.0019366058703948804,0.004172135675711378,0.0023415030089869123
2015-05-21,0.0005396431256236901,-0.002216608059945235,-0.0028766331763209864,-0.0022680856906897584,0.0003342932907382817
2015-05-22,-0.0021605119103654813,-0.004676267143853274,0.00154262002737251,-0.00014422857769828755,-0.0008985303623531266
2015-05-26,-0.0001033037208835407,0.0012791372620746034,0.001656671840890267,0.0004831908965907592,-0.0012199242646749222
2015-05-27,-0.008875849899363943,0.006519824188693924,-0.009306118100221751,-0.014789628982407283,-0.0012004736494555638
2015-05-28,0.0013917253376252601,0.004484419640136683,0.011260304958104352,0.013325046986312223,-0.000722118324954286
2015-05-29,0.0008297622386280955,0.0019365984261351164,-0.001018058376029396,0.002050836558418099,-0.0009157484446188749
2015-06-01,0.007751843134028925,-0.0012825637989140274,0.0054729958650052484,0.007302507460238233,0.004121442856855601
2015-06-02,-0.0032579617631920397,-0.004202820006244279,0.00822850656433578,0.0013028052599278381,-0.003021315363031322
2015-06-03,-0.0024205083500356,-0.011784594053294618,0.006932274701425945,0.0032026043777143203,-0.0010910806302076401
2015-06-04,0.004274880390217951,0.0028810214613076424,0.002551667429719973,0.0071308227037457745,-0.0014335561019102703
2015-06-05,-0.007958169913003644,0.002423388557109663,0.0027144288417387807,0.00045345965645858825,-0.0016166892691142649
2015-06-08,-0.002462002288195597,-0.001257178617347998,-0.0019861504839984614,-0.0027564420415324333,-0.004380521867852205
2015-06-09,0.002076467860795228,0.010649555398001366,0.011310714944908675,0.005958772397497125,-0.004143510430061213
2015-06-10,0.0015756366728725932,0.002034319205596069,-0.0008494982499708041,-0.00292069632617076,-0.000324227872988561
2015-06-11,0.002496035918438278,-0.0008514810377393983,-0.004906233934279847,-0.0012715647375304657,0.005196914112096003
2015-06-12,-0.008101389238067958,0.0036308851737582924,-0.0014374395221853579,-0.016246094990767512,-0.002271214711285369
2015-06-15,0.002833887907208666,-0.0016794592530494643,0.00624368649219529,0.003117741805781553,0.0014384478307073849
2015-06-16,-0.0037831120655357655,-0.0028819165704973893,0.007285812403818315,0.00019667655080032875,-0.003289315671461434
2015-06-17,-0.0016057908040317595,-0.0011615868719126344,0.0014960843981920878,-0.0025936654172728684,-0.0032139751524500586
2015-06-18,-0.0009888317999245503,0.00014176359264623834,0.0017035725830195415,-0.0034539900188412694,-0.008773581261211638
2015-06-19,-0.007741484811577928,-0.004930388587726632,0.0006601217526587043,-0.010985308534763965,0.002549440124535912
2015-06-22,0.002963397790830902,-0.00046221025012134205,-0.004132580809099706,0.0033227284028643687,0.006777142726292458
2015-06-23,0.0016328782534143823,0.005223834997214016,-0.003431699437047131,-0.0031141921986970102,0.009168515511823894
2015-06-24,0.002657425165146243,0.0005825806021126922,-0.0010173233305777354,8.091254825360163e-05,0.0026407627306682343
2015-06-25,0.0007775064783999585,0.00010125503315903147,-0.0011242088125113178,0.0042876118882611645,-0.001966249593595103
2015-06-26,-0.002983444521958734,-0.0012117087637926625,-0.0024782234589934673,-0.003917593054540369,-0.0009239258084145986
2015-06-29,0.011018029721274547,0.009720896862515493,-0.0035580787255595553,0.006882396129364684,0.0060378138794683674
2015-06-30,-0.0048751028197065345,-0.0014344609996151062,0.0012983998237766636,-0.00024023510897480714,0.0008802606753778896
2015-07-01,0.001567635450517013,-0.0024111635420235753,0.0023493378720763182,-0.0008168346075920949,-0.0002686267723721276
2015-07-02,-0.0017507351470485764,-0.0016352544721850216,-0.0015375913352011056,-0.003329873786901028,0.00027149649071984565
2015-07-06,0.0001512204477976519,-0.009399855579280605,-0.0006750100603698083,-0.004896635065511416,-0.004176252061088776
2015-07-07,-0.00035374308829096927,-0.007217425273395529,0.016160933882809304,0.013337938880313769,0.003943049044463239
2015-07-08,-0.006213753711805419,-0.0024303173343138912,0.006220928748730549,-0.006601158310950116,-0.02696243492888538
2015-07-09,0.0204235072910548,-0.006536573786887388,-0.009742306254510424,0.012677034046858927,0.0085112132905087
2015-07-10,-0.0007897333247710581,0.005395973302222213,0.007717499401981055,0.008272725429048142,0.008755094473444958
2015-07-13,-0.0006959197670588725,0.0003313574143865452,0.010216856434213106,0.004603867161075907,0.0011803684753950111
2015-07-14,0.004693032038054668,-0.0013438510138364054,-0.01016325036228607,-0.00273464814266616,0.000289123176229174
2015-07-15,0.004206568002856237,0.002640379144382443,-0.006685625574844511,-0.003047650963325219,0.0015394223950470141
2015-07-16,0.004133132599142298,-0.0038970739490291617,0.005962158972151733,0.004732639142748274,0.0025466549425582287
2015-07-17,0.0005465589999702925,-0.004938071333997019,-0.004906792121018921,-0.0027808532313195744,-0.0010745898981475318
2015-07-21,0.015563974639409974,-0.009677911817365126,0.02257965378774829,0.021890749594852904,0.0013968358553239863
2015-07-22,-0.0015949062207110342,0.0031257317623176965,-0.007523011448474738,-0.003099421279373839,-4.012272747345267e-06
2015-07-23,0.006769377127817334,-0.0022419383291592872,-0.009021633656437378,0.002190371471162244,0.001192575222532714
2015-07-24,0.001873789613556265,0.000520286373662371,-0.0038093993117458425,-0.002982358030146643,-0.00541157889609631
2015-07-27,-0.017426468765549673,-0.008541692575676807,-0.014702793900503597,-0.015248287745158379,-0.007372325954201016
2015-07-28,0.02163701869832242,0.005869884223892386,0.018083172961059636,0.014806746388389212,0.005426243085222993
2015-07-29,0.004126315810284354,-0.0092494995336454,-0.0036747271053820803,0.0015392508978963049,3.2570389471673604e-06
2015-07-30,-0.016929975760154294,0.006182041101187231,0.012201769402163753,-0.00012290341237708446,0.005240835040794005
2015-07-31,5.837980550351708e-05,-0.007209437450051071,-0.00027318645983316294,2.3793309615805468e-05,0.00453894045681414
2015-08-03,0.006703450432233194,0.004253027585970993,0.01673150311710696,0.011900473729779822,-0.0016109979958176927
2015-08-04,0.01949080965825152,0.0013788411849313682,0.025459737870322765,0.01854797238346232,-0.0004978036220655552
2015-08-05,-0.010225226040395021,0.007224310699791991,0.011186595718072102,-0.01733772731253802,0.006191776916668645
2015-08-06,-0.007816992952290592,0.015368639110294268,-0.010020910256222915,-0.008598732044169303,0.0006623223615635662
2015-08-07,-0.005659205098308662,-0.005690290383490736,0.006298796904573956,0.012930724473574906,0.0032944688494386124
2015-08-10,0.013903581936696498,-0.0020565738996450866,0.012408219791818921,0.011179889790507852,0.0044936699968408525
2015-08-11,-0.01642100899258945,0.0016322008499796365,0.01411077796948712,-0.003906602593990671,-0.0028320886377668692
2015-08-12,0.007914779306311282,0.00020342485635773712,0.01078868976051699,0.009973276843985735,-0.008083661289387142
2015-08-13,0.004921479598454282,0.004814894256465908,0.00934763140221706,0.0073344623569996225,0.00353652332808521
2015-08-14,0.006195906884220892,-0.0029512062769326167,-0.004186558798990991,-0.003208229653936745,-0.0017814565609749608
2015-08-17,-0.0008515065339276263,0.0010577215882089596,0.0058236146646163615,0.002689468854278084,0.00024108834905973577
2015-08-18,-0.00455982134490227,-0.006492257133847535,-0.0023481547953010163,-0.004705979319852487,-0.002888710004462767
2015-08-19,0.0039606962256084404,-0.004750706216126655,-0.0006112700206962753,-0.007255041353878666,-0.00827499030466133
2015-08-20,0.00888545337479929,-0.01564353301837873,0.009319172236009244,0.006677572105524293,-0.009564802151434052
2015-08-21,-0.01656884388339839,0.02051866097139328,0.006736827454094164,-0.012641220179785249,-0.012507542194997279
2015-08-24,0.007537061018458342,-0.010063006395814672,-0.002742925947699224,-0.0013301849868159743,-0.03033017052842542
2015-08-25,-0.012847304718780662,0.021196968210364635,0.014541907865284465,-0.013364793089951863,0.006579578342479771
2015-08-26,0.009501205128909729,-0.013021620058605278,-0.006190442276728138,-0.0051003970428993295,0.01866926405141612
2015-08-27,0.012882152361305854,-0.0008471912094607521,0.0042564570644975765,0.004253273875358822,-0.005417314089501132
2015-08-28,-0.004705568094341506,-0.015948377558868777,0.020225893205345135,-0.003485698485995151,0.001619712940171511
2015-08-31,0.014929078544195963,-0.0021251590791247165,-0.011883530467039206,-0.007759066490459765,-0.009378025223137876
2015-09-01,-0.00953685859106004,0.01866796247110667,0.008136595192278651,0.0020929815653629724,-0.02421861330200321
2015-09-02,0.008476714358859305,-0.012703414059829287,-0.01138747920434018,0.00026620972329399663,0.006290768673235421
2015-09-03,-0.004083190011261184,-0.006152943050326855,-0.008918196671234259,-0.003174807007260383,0.006350179622858691
2015-09-04,0.010081322246886647,0.014091609952131722,-0.010117857067168055,0.007989323305280405,-0.022978016864881035
2015-09-08,-0.01766072035952195,0.015842223262966647,0.0058103195023282645,0.005102999560680128,-0.013189469408526904
2015-09-09,0.0015576392286170918,-0.011867176040402994,-0.017469089548074822,-0.009887501184740733,0.018606500772564177
2015-09-10,0.0067801314184589455,0.004840210610009676,-0.0059248822780025865,0.015506609423926676,-0.003151477054622983
2015-09-11,0.008806479316206085,0.00999196428898095,-0.002569239134460766,0.006535158583030664,0.00171863849171003
2015-09-14,0.000362951814942302,-0.00486509026579276,0.005146601957096664,0.0006240070074916781,-0.009323140802454314
2015-09-15,-0.0019146432456017114,-0.004109760582599554,0.004526794587331295,0.00014056635965766688,-0.000769886382053703
2015-09-16,-0.012064957302481827,-0.004191706280459218,-0.0054866722322304065,-0.021988945665904834,-0.0056402254438970845
2015-09-17,-0.004586635395460959,0.002532351143386902,0.0044860304360441194,-0.00868176689615463,-0.0023835818209390135
2015-09-18,0.0027683540868137517,0.0033860227900135665,-0.0002813448113170975,0.003031191968572869,-0.012696389332648788
2015-09-24,0.013254633863074149,-0.009362715405374856,-0.003120997995893116,0.005969278752496439,-0.006444446161059991
2015-09-25,0.00310603850117075,-0.006807844397003617,0.005432251736731165,0.008198741639031022,0.010710901425465184
2015-09-28,0.006142006630426056,-0.012388078687043613,-0.01016192488853842,0.0,-0.005723135257023726
2015-09-29,0.014811179430151976,0.0021554186978420143,0.010052013656192259,0.0067330209794333505,-0.034441866765428396
2015-09-30,0.000993544633960398,-0.010176658590348242,0.00532871215028312,-0.036941580756013614,0.01150981044860252
2015-10-01,-0.007991827269715946,-0.004215676915294609,0.010774697202801088,-0.013995485381116946,0.01302596507161003
2015-10-02,-0.003349633629721915,-0.006176027802838546,9.473917728397563e-05,0.0034207525655644,-0.004157927148070996
2015-10-05,-0.006527368446237604,-0.004382315276242133,0.00922390346569255,0.0012471654679183652,0.01013177818702653
2015-10-06,-0.007097619730292104,0.002480333870576756,0.010902440483788835,-0.022784879652866907,-0.002242578509323582
2015-10-07,-0.020856803326881248,-0.005672353241501838,0.0254881615352081,0.018808777429467072,0.005559263660047866
2015-10-08,-0.009034514391745276,0.005498612406144244,0.014556472823225409,0.008629890163070251,-0.004792823855703212
2015-10-09,-0.0014689063712835172,0.0005669977664415804,-0.009268829696380789,-0.002588747755751335,0.01216610315695568
2015-10-13,0.004967590923103793,0.011661972002490195,0.012681116970307629,0.012059804399368587,-0.003656710927183716
2015-10-14,0.004534319865628755,-0.006409042837570023,-0.007323049375467616,0.00520928586089826,-0.011176043442399211
2015-10-15,-0.0018441786155074294,-0.0015834682510100563,-0.0006270861950306464,-0.0013166672039437999,0.008720840162966625
2015-10-16,0.007451735822894536,-0.0037414123376168004,-3.3645695949347095e-05,0.0050696359497125814,0.003928861161935739
2015-10-19,0.0026918087407465942,0.0013962320011707162,-0.0025898122800690703,0.0012442020370624432,-0.005366704586310278
2015-10-20,-0.01018644075644084,-0.004052470907624506,-0.006464046470325458,-0.007337301914368461,-0.004707889040968116
2015-10-21,-0.0064326581806596755,0.011778806971354338,0.0110383058415199,0.019045639979374362,0.01200804313086482
2015-10-22,0.0035381151224957775,-0.0007377658638381582,0.0019169141855387424,-0.001313215441746977,-0.0019898878696445956
2015-10-23,0.007674278795319568,-0.0024144471992586076,-0.008607139239305405,-0.004979670556856312,0.0028938174132604336
2015-10-26,-0.0008591704512403769,0.004188901613117535,-0.0017949496175167397,-0.0004561537718924596,0.0005133370330734355
2015-10-27,0.0034853429103546495,0.004133550853559909,0.010910756661877508,0.009152273790070376,-0.004269938467601891
2015-10-28,-0.005589139230874363,-0.002377886978479938,0.0027170325843809406,0.003081645713546765,-0.002345182976577709
2015-10-29,-0.007507733495110581,0.005230536614131221,0.004103740772208563,-0.00559933967036578,-0.00784371687605741
2015-10-30,-0.004821938623011547,-0.0060153711234300035,-0.003622885284660971,-0.006759410244565092,0.009410919199337061
2015-11-02,-0.00046639694833403716,-0.0011253499780168761,-0.005196803130557502,-0.0016923469941469921,-0.015676184100571824
2015-11-04,-0.014484715733144114,0.016325893034352057,0.016955288046926188,0.005568904908811418,-0.0073535209524625885
2015-11-05,-0.002834197610360855,0.0018961412295085854,0.00575439449382995,0.0006524027803868253,0.007707814898047779
2015-11-06,0.0026404998126729586,-0.002378261369741397,-0.0004721829067508619,0.003282383421996897,-0.0008187139358754885
2015-11-09,0.010589024570057438,-0.002759722702611156,-0.0028931775275630187,0.00909355053257902,0.005624430289702015
2015-11-10,0.0020158918639481276,0.006488850944156433,-0.0001601003903131562,0.007870789304663822,0.004168719395224903
2015-11-11,0.001076090671795392,-0.003196942188775243,-0.0027391024459736185,0.00045748197278685414,0.00489075759369687
2015-11-12,-0.001742831281191859,0.003805050431470192,0.004037492320508207,0.001434459610736627,-0.0017252702350455265
2015-11-13,0.0016600648343934046,0.00035766815397591015,0.0017721857809310571,-0.00828477221114371,-0.00026441612477965656
2015-11-16,-0.008799041464402003,0.010507360902583952,0.010415744438995289,0.004253686111492924,0.005923943787890289
2015-11-17,-0.012422491339634755,-0.005898386410641688,-0.0035197160651750047,-0.0062760245850332075,0.0032713942030196627
2015-11-18,-0.0002784085093467943,0.002588570390682543,-0.0006628946073976353,0.004563569764516449,-0.002287071673530111
2015-11-19,0.006780314153722067,0.005594104321357896,0.006256736959926902,0.004001460779006989,0.002948974717864372
2015-11-20,0.003066220919022821,-0.0003832190399790875,-0.0010956663515385265,0.001971698814574143,-0.00011384772772421774
2015-11-24,0.007495395421764518,0.0007354677412728886,0.004128019299076869,0.00859615893919205,0.0013594590603605932
2015-11-25,0.00027489164207628015,0.004650305236963126,0.0017106041221940588,0.004419285504528729,0.0001754771089572867
2015-11-27,0.0008427271011469673,-0.006239929360290476,-0.004953549147897008,0.0003663046747850267,-0.0016304545406331593
2015-11-30,0.016643024273997133,-0.010160995831375,-0.010673175109332479,0.011354710578696645,-0.006746060193720737
2015-12-01,-0.004492729437703314,0.0016352453212493236,0.004703974083114805,-0.0020755678506096443,0.005362326692886336
2015-12-02,-0.005660013868305168,-0.0053297557110128626,-0.0004860030485038581,-0.0025861141060492493,0.0014038707810880764
2015-12-03,0.005730567899906891,-0.0010944345042151588,-0.008855895196046527,-0.002630767036875481,0.0023158976333688196
2015-12-04,-0.003117113535986449,0.0006080539621545098,0.0015619475505435963,-0.004878737246032401,-0.004197420230475163
2015-12-07,-0.0063353500486992955,0.004167606978456152,0.003628240891555645,-0.003443296369246146,-0.001114499023859536
2015-12-08,0.0036931447152310786,0.007103462736679922,0.005561975219702874,0.0053713690061922646,-0.004401068644902632
2015-12-09,0.006238632925702149,-0.0035979243497665575,-0.004314784767076875,0.010965429587750448,-0.0009068159413574221
2015-12-10,-0.0007517451897901094,0.004329393544251926,-0.003116000507851036,-0.003971791551233687,0.0012780691824342402
2015-12-11,0.00012055901009386797,0.0027463092755010804,0.001635233436640382,0.0035919629256917023,0.00230769001994545
2015-12-14,0.007512846615937962,-0.01061370247175637,-0.010091166340981528,-0.007195866947335828,0.003963618580392729
2015-12-15,0.004958311970917583,-0.0036987927456244357,-0.002328812665912783,0.0004268516065662029,-0.008795520716553717
2015-12-16,0.004343054129134582,-0.005049647451776185,-0.0019804737941653055,-0.0033429111517092602,0.00394624082475622
2015-12-17,0.00350434373265307,-0.00046322286319580054,0.0021896725195770907,0.0008148550830069233,0.004577463059272724
2015-12-18,-0.00270798065573461,0.00887135202040792,0.0058757688582725676,-0.007139068367666404,-0.00394844765137492
2015-12-21,0.0021216522662444114,0.00347785418528126,-0.0009290718239361121,0.0036439328486804574,0.0013177377705743838
2015-12-22,-0.00488598902107853,0.002545604762784381,-0.002083587213070027,-0.002186437049041216,0.0010112616932842096
2015-12-24,-0.003246407928644168,-0.004500617928329254,0.0020622781982720276,0.004758142607898845,-0.006678629047010547
2015-12-28,-0.004856790955483147,-0.0012128434642359356,0.0031037089800021625,-0.002266051960966255,0.003036493674932776
2015-12-29,-0.0007624434342873522,0.010338334935030847,0.0029934247246733215,-0.00031138019744028156,0.005668260080309021
2015-12-30,0.0015711837281382035,-0.002168628286150609,0.004097716779874161,-0.002256151161321168,-0.0006023618689354487
2016-01-04,0.011857270752561466,-0.011615829471462271,-0.022861087777388715,-0.0009323255133259316,-0.016027227368646153
2016-01-05,-0.0010674917089892528,-0.019324012202253684,0.008170009919157551,0.0023927185070204303,-0.0007986388779843831
2016-01-06,0.0020085558927480894,-0.00110937077506117,0.017164598303901556,0.01743740768913741,-0.005562467662539852
2016-01-07,-0.004091768034270161,0.007715724864559027,0.010049525533680971,0.0019352458277378157,-0.007966831125198581
2016-01-08,0.015606520278627588,0.019981007721080912,0.017267910372771842,0.025782969188488998,0.0016934187357356444
2016-01-12,-0.005091895761127142,-0.005604099698725595,0.009438777270043297,-0.003035898436377143,-0.018764747050228216
2016-01-13,-0.006571509647113261,-0.007660271289222088,-0.002956182514034223,-0.02138595719552703,0.008876751556544483
2016-01-14,0.015686304394689855,0.004272915711817027,-0.00190332311370873,0.0022522657936706056,-0.01476033421152575
2016-01-15,0.014679118950505068,-0.00877824520718109,0.009327332949088406,0.014642272837170523,-0.01094902116195737
2016-01-19,0.008498458273867705,0.0025527262553868947,0.002215493652238965,0.00019914088391168082,-0.004645246556009182
2016-01-20,0.015824877629204148,0.012758788730437946,0.004784443491997959,0.009595356266270968,-0.02824657805263884
2016-01-21,0.005938571062276177,0.003790548704060547,0.0013987438006303203,0.010305516368193011,-0.015660013154307272
2016-01-22,0.00019149911474856013,-0.01654716575263362,-0.004077654246454766,-0.006439916699869254,0.018795351110572643
2016-01-25,0.011870775571059089,0.0007876814444883976,-0.007987627879095172,-0.004682342916848853,-0.0025784482167939106
2016-01-26,0.01449728249889435,0.011515617262427847,0.0066643843265705716,0.010739190910661745,-0.0017949064377004165
2016-01-27,0.00030061245460881784,0.0038594787469710115,-0.0017400286124242836,0.0015517633300764877,0.0056582216606975546
2016-01-28,0.005381337065566117,0.004358884235306948,0.005374017388027163,0.00798335688491127,-0.0024684538498361895
2016-01-29,-0.015119327006535621,0.02694865412427441,0.032867522052150516,0.01606227577567767,0.01766697081876288
2016-02-01,0.00603161402499206,-0.012420404646119002,0.0030722410262604243,0.0008459264987728896,-0.0014154585638625843
2016-02-02,0.014427504029077755,1.9373074513762828e-05,0.007722712611714245,0.02067713146409801,-0.008902257741716301
2016-02-03,0.012774648643161624,-0.004138079113708826,0.00048732625740395335,0.006957956744448575,-0.007129110431190303
2016-02-04,-0.00031687699525531025,-0.006784186105843461,-0.0006773695142435763,-0.015792993013789614,-0.009836236234351318
2016-02-05,0.001668434927368412,-0.015774830960322683,0.015003179283414193,0.02272107876748003,-0.01259407001995767
2016-02-08,0.002842770829909246,0.0023285251371931498,-0.002719064038926188,0.003855434777893225,0.009732698383001934
2016-02-09,0.026264360104573427,-0.01771942397291322,0.015185138007916944,0.01656262945135145,-0.014057297447304584
2016-02-10,0.008150086646187684,0.011578947095175774,-0.0033014891162405965,-0.0016288665983219958,-0.029907228595958884
2016-02-12,0.005836846650583038,-0.0069702227622647555,-0.009542950971734031,0.01353563953288267,-0.007214444932376695
2016-02-16,-0.018246125804776095,0.004136772786774403,0.015964312080573962,0.0021159111633408303,0.0031345798209775344
2016-02-17,-0.017822678134431814,0.008461875107425465,-0.0022053678814382576,-0.008670375070093014,-0.015772584279270262
2016-02-18,0.008682617662867287,-0.0022886188004012306,-0.005281887692031506,0.004401961406672445,-0.00785246741221297
2016-02-19,0.004325132772788098,0.009876375704232943,0.011230793043808807,0.00740137005468258,-0.0007015558380124511
2016-02-22,-0.006721452480267631,0.010367091999924426,-0.005848586195603267,-0.016758489120191046,0.002260814459178532
2016-02-23,-0.0013925940625851398,-0.010508794312228308,-0.0023005230780447582,0.00958086416087193,-0.0061291539755428375
2016-02-24,-0.01174913358427483,-0.009397113988728955,-0.0047956446112757956,-0.00904084145720349,-0.0010508726692623777
2016-02-25,0.0013105419762130081,0.000559243893882377,0.005916936321039291,-0.0035075366787286327,0.011075439033946366
2016-02-26,0.012210168047154444,-0.0022575311852224052,0.01300030456860861,0.009506778908202763,-0.0012013208236906997
2016-02-29,-0.005416725625567208,0.022036226239317336,0.016282964890664633,0.01085109042946138,-0.008077928152673816
2016-03-01,0.0009956987145424369,0.009475781820350915,-0.00031158398410877693,0.0008551434130420754,0.0013066311831533871
2016-03-02,-0.003914422588677647,-0.009590682412525075,-0.00353965375585168,-0.00013535787474778637,0.001435887466558225
2016-03-03,-0.021605146514838136,-0.001147168069252657,0.010455385392623607,-0.008765321978573454,0.017298608251844247
2016-03-04,-0.007255159059120863,0.012038767574146236,0.011196818846434621,0.004840313505906635,0.003232575894110425
2016-03-07,0.008054780812771712,-0.004350056370366629,-0.011472690928203199,-0.0015425955080770417,-0.004114653815351248
2016-03-08,0.010880960966971354,0.00033177123054433093,-0.011969856998335372,-0.004023761846511116,-0.00428907057145451
2016-03-09,-6.30429749248761e-05,-0.0011372461362492371,-0.0008711178509965612,0.0003905332508866761,-0.0019470439335289253
2016-03-10,-0.004189735104987258,-0.008025929511873087,-0.00210046364785239,-0.004148007303851772,-0.0018293988364480726
2016-03-11,-0.016914998691823783,0.007964520420716471,0.007374251602330207,-0.008281431684723875,0.0062754398427156
2016-03-14,0.017025564126321082,0.007010547221654284,-0.0018503989923401186,0.017461924586098708,0.0063652405691618785
2016-03-15,0.0013813804222469362,-0.008070936097037528,0.006481263228668089,0.0089364419655654,-0.003740902530386464
2016-03-16,0.0018868474697180783,-0.0006043536799504869,-0.008327861959895277,0.0032842642914309157,-0.004160753344361494
2016-03-17,0.010140544064527444,0.005372542249773993,0.0008622138358744154,0.01096976361659737,-0.009686325717694585
2016-03-18,0.0005499544292318472,0.005284767468431407,-0.005957290269941762,0.01226922862952436,-0.007651066706626382
2016-03-22,0.005722933404091401,-0.011134063892251599,-0.007655906372559907,0.0005462270267372147,0.005030730058610897
2016-03-23,-0.000645490750320232,0.0013128242209450524,-0.00024077014904084777,0.0031656913123659664,-0.0003114520298909652
2016-03-24,0.008509105233449055,0.004304165575115127,0.006662789739190389,0.0073046863173402855,-0.00018691302746909986
2016-03-28,0.001612244687764064,0.00921865899472325,0.0061119781854764195,0.004332486864778818,-0.0002618285750729597
2016-03-29,0.003053277066057025,0.00013633261931931292,-0.0026712370246084966,-0.01000406852257285,-0.002161592797342045
2016-03-30,0.0049232559883612085,-0.004056458570044108,0.0017910464052423246,0.0029671810059151275,-0.0040588368808591145
2016-03-31,-0.0058779019120741354,0.003895956994112093,-0.004063907447261039,-0.0018546429347734246,-0.0009903022231501015
2016-04-01,0.010524194629075967,0.008680166886113217,-0.006010832476408123,0.005621251494051258,-0.021101614461266207
2016-04-04,0.0122827906853898,-0.013141772031649524,0.01747707503287295,0.011953009202206342,-0.002786171895990136
2016-04-05,0.013789499096195446,0.013609483051488059,0.015024032166526835,0.012266483412878606,-0.011188378663573688
2016-04-06,0.0020273051353188794,-0.0024827824036927296,-0.003356181846261386,-0.007023234844447796,0.0022117633480138667
2016-04-07,-0.00767909496647976,-0.0019777156242943403,-0.003929038862097966,-0.006519136732253246,0.0021581414940143153
2016-04-08,0.0007666411228657291,0.0022956749091378017,-0.004775729157582376,-0.0030833276149958566,0.004134028916528052
2016-04-11,0.003357068047763213,-0.008743439671701814,-0.010640010824645564,-0.01462995507471676,-0.007215139107926398
2016-04-12,-0.012685537382388156,-0.020819457005746677,0.015278831119012114,-0.0025131041161493006,0.0023846504836805937
2016-04-13,-0.004941388389697464,0.007899443041343846,0.0067447713051020045,0.0005144799536268181,0.00859856249128333
2016-04-14,-0.018670636494084205,-0.0012848970876232035,3.447294612626394e-05,0.000599969704565384,0.009689645866321817
2016-04-15,-0.0025244373300681747,0.0010746414977912625,-0.00750125980158074,-0.004349318533308749,-0.0018540768297786267
2016-04-18,-0.00255713928610799,-0.0019583303785714276,0.007237102074391366,0.0044521937438879115,-0.007439980508234127
2016-04-19,-0.0065621313284987435,0.006058337168114769,0.0018158933359464723,0.00041464510266157103,-0.002347549207581179
2016-04-20,-0.004567914753189294,0.0032225157664008464,0.017082163017141494,0.011444583379286222,-0.0031377459883399155
2016-04-21,0.007264553725075884,-0.0026578914276320195,0.005221264064789465,0.005847929925143602,0.004390573434344615
2016-04-22,-0.020118711924844,0.011229158276673767,0.009905736586295521,-0.013168193667910333,0.011546054747901857
2016-04-25,-0.0045003981866130315,-0.0037368939778670957,0.0023779786202875247,0.005984474014285923,-0.004787310822343013
2016-04-26,0.004577108689459153,0.013307005504658131,0.008890141423572539,0.002173820414916062,-0.002873009561848223
2016-04-27,-0.005090020637322312,-0.0067673091230486815,-0.007769475124054548,-0.005269044116986477,-0.0024938112752349584
2016-04-28,0.013425549160130328,0.0017844192057590025,0.00951960888309884,-0.0030790585187445794,-0.0182054388602732
2016-05-02,-0.004988050176908265,-0.00470375129533036,0.025332907680810916,0.017570535377483668,-0.005242039370809313
2016-05-06,0.0014712372232978726,0.0005672977447000794,0.015082051735252589,0.002102417345405561,-0.0077591121954456
2016-05-09,-0.0028632614483713003,0.0030266525120893565,-0.00032293314029923086,-0.0049474700833955915,0.005747444206137395
2016-05-10,0.008271736611231529,0.001471090235322348,-0.0015062670361852821,0.009917559957289036,0.003318508064337814
2016-05-11,0.008291042052251108,-0.005327645147613325,-0.006084924226892686,0.0002793641375559892,-0.001555668953857418
2016-05-12,-0.003721323506452133,-0.007085960986158234,-0.0003726397290968463,-0.0012794343329090093,0.0035143496202281383
2016-05-13,0.00205598027752929,-0.00021370075436286714,0.0002460341796538981,0.00016650840456111649,-0.003564440773142317
2016-05-16,0.007771395255925718,-0.004810111992676424,0.00120184034776285,0.0031255297791993536,-0.001759702005802816
2016-05-17,-0.002812650017190199,0.0015159468230151684,0.0015159468230151905,-0.0019172776003745448,-0.00033821950380653805
2016-05-18,-0.014549013112717456,-0.01918334849830712,0.016178837991655804,-0.009924095333560127,0.002267360518966046
2016-05-19,0.006003305737004628,0.005459077906969756,4.174602080069282e-05,0.004767082891292724,-0.0038083319630683224
2016-05-20,-0.0009639335553219166,-1.4189229052830477e-05,0.0031156900120159923,-0.0004956103875105684,0.0019419741401187041
2016-05-23,0.005181449037470487,-0.006204219018568048,-0.004816590260201293,0.007578346833179955,-0.0035881796365111788
2016-05-24,-0.0005087529399682824,0.006801429145925498,0.00028237603794505376,0.0017133114317794684,0.0005156510061519573
2016-05-25,0.0033852435434326587,0.005919275992838613,-0.0008670718883844854,-0.0022994840902418046,-0.0014922208391794497
2016-05-26,0.0013633711206644248,-0.005493095860776954,-0.003353910283394491,0.0009738616679892899,-0.0017828657999211712
2016-05-27,0.002464235278617588,-0.004660765835853287,0.008493191814176028,0.009301060613502788,-0.0012204682816877
2016-05-31,-0.006782064716843884,0.005171213796220119,0.001879901821982988,-0.007132018716577574,0.0042976853343017814
2016-06-01,0.006175103980487151,0.0015230376253646764,-0.010303438053903304,-0.0034051303099289667,-0.006345273686347702
2016-06-02,0.00013852562350524702,0.008139445318037852,0.007062323113681047,-0.0019248141678112687,-0.015719978490573907
2016-06-03,0.007087129432440476,0.0009092706404680853,-0.0058645109151237666,0.0032552307357088806,-0.0005311684900114989
2016-06-06,-0.005581564451851718,0.006997816003589554,0.01106391008787131,0.007136953617420597,0.0005022216868549409
2016-06-07,-0.0002351849891917056,-0.0001725354208184539,-0.0015234671351797237,-0.0007584169228434154,0.001010975969130729
2016-06-08,-0.0010904428697466884,0.0014501794719288695,0.0027338779414125547,-0.007198827520026152,0.004277484910284496
2016-06-09,0.0020968351649880423,-0.0001570590843674724,-0.0018717226935499607,0.002540974304891334,0.0015825848803161448
2016-06-10,-0.0006958403879416819,-0.00226908620360704,0.001505429123751223,-4.578053860116967e-05,-0.0019139164562601105
2016-06-13,0.012976135938479995,0.02039849556121518,0.01887821237138927,0.010076219352533677,-0.02176979251689703
2016-06-14,0.009625227304906293,0.004955871079749951,-9.832682840267234e-05,0.012271583629366195,-0.010638243885162298
2016-06-15,0.005211185611912383,0.003295081718093784,0.005288448382304112,0.005113914016979195,0.0012225238748994518
2016-06-16,0.0016341061812310334,0.010540619271231493,-0.009429851719562989,-0.016714956912429912,-0.01987061151653632
2016-06-17,0.006347774069299185,-0.0011072948751469143,-0.001036010025735256,0.0006984308404725599,-0.00027763179552900256
2016-06-20,-0.007709073079492934,-0.0017571697559681132,-0.004728880012017701,-0.010640187201556997,0.0029663274519564175
2016-06-21,0.012081333236007574,-0.005939638315623431,-0.007568653551839822,0.010005202470272034,0.0005930321934781583
2016-06-22,0.00454812715917281,0.014133544672320201,-0.006905440907026228,0.0028125027359102994,-0.004905927502603233
2016-06-23,-0.0012552777973746665,-0.002854380662592471,-0.013028717178028849,-0.005748283547686973,0.0036529547734906235
2016-06-24,0.031718307307790045,-0.023618879648168785,-0.025689346629409207,0.031170194146760914,-0.05434919755038679
2016-06-27,0.017333772700965592,0.016271829733417252,0.037977973624544935,0.02586535093328146,0.0006799493323728351
2016-06-28,0.013677606566345158,-0.002919671349247978,0.017307671693089687,0.017041694213406712,0.005782568283474402
2016-06-29,0.006217730607519402,-0.006446985961499041,-0.013738694735447421,-0.00701830345014942,-0.0006059642984932054
2016-06-30,0.003695750131915587,0.000881824492516814,-0.005343441459160259,0.0014672729607386192,-0.0043520926582763875
2016-07-01,0.004021304621382327,-0.005328971945406937,-0.0031404616017025816,-0.000511003263036154,-0.004213092440284181
2016-07-05,0.013467266447054406,-0.0005526562851587481,-0.0045362441287660985,0.006846215981451616,-6.444150734764107e-05
2016-07-06,0.013107834838166046,0.023691134088544,0.01605246121776116,0.018170308004273293,-0.01488911451263345
2016-07-07,0.000993713583047984,-0.0022215156225816163,-0.004743608898052342,-0.002981204707491873,-0.0014687753190360758
2016-07-08,0.019561905804659704,-0.0005044454397159946,0.017649281320201184,0.027881852361166172,-0.007919542769523355
2016-07-11,0.004059939174726024,0.0017888169455463577,0.02057718810916285,0.023940951072687823,0.016427744495934368
2016-07-12,-0.0012227597182048475,0.009307125982160701,0.0173002051397273,-0.0012150601007633885,0.013934678084588351
2016-07-13,-0.0009862076730684064,0.014591925414117558,0.016289826685042044,0.009140951416159986,-0.008630795217899046
2016-07-14,-0.0002137272461865125,0.00038575500225481677,0.006916595781832147,-5.5956731554679265e-05,0.00296179387989307
2016-07-15,-0.01197085609050852,0.017144583088490404,0.0056234928582455275,0.010408864918240474,0.003386796482306011
2016-07-19,0.010132902501378726,0.004970211939910385,0.006592039697000374,0.01174361749435691,0.000550211834566677
2016-07-20,-0.0016935609312942249,0.007217096910295329,-0.0008392655025029282,-0.004618733308443368,-0.0005277550980945446
2016-07-21,0.004442220399101448,0.0028612765768499804,-0.007396050118154252,0.00039784420254529863,0.003183072393552148
2016-07-22,0.0016052450326506707,-0.0024586756989548597,0.0007783185206983179,0.0029116374791880112,-0.0005857402578378634
2016-07-25,-0.007965052846501553,0.00016304724531757112,0.0018607723496966819,-0.0038741656268102996,-0.00033287163722353467
2016-07-26,0.012832152728574098,0.005537201399378055,0.013613690053420145,0.013707619300900503,-0.007004577840825081
2016-07-27,0.009136561519496844,-0.002675531047566038,-0.0037797259100230234,0.003240056126269588,-0.0036337580024498246
2016-07-28,0.007720705124393425,0.0008096096691806885,0.008171890699874607,0.012246103762830788,-0.007689034183605108
2016-07-29,-0.009635301637465888,-0.024265041266008813,-0.014408256600335111,-0.011128830610275389,0.004617410580453494
2016-08-01,-0.005622252845975551,0.00014792362844504546,-0.006028858407986127,-0.0008820894644428435,0.0034301012934501683
2016-08-02,0.010599691257413092,-0.0014254776146561902,0.01063232512639396,0.012144456030227277,-0.013901652511696878
2016-08-03,0.003481869699530837,0.0003810302269021237,0.008774850326153216,0.012183786348979785,-0.005482794252636321
2016-08-04,-0.00446391925305174,0.013152996046459545,0.006114191042814277,-0.0005973777349319771,-0.0031346645223354164
2016-08-05,0.0012905858614260524,0.00974520381761943,-0.002969401390134374,-0.004904976961997748,-0.002655100518749535
2016-08-08,0.0011872862190484227,0.01642789848682489,0.01805573693205733,0.006108307116627829,0.003266387461351811
2016-08-09,-0.0032771602526120436,0.0009441123575599565,0.003863559592340571,-0.00048225899507372454,0.0022516130569989793
2016-08-10,0.0015454394485631797,-0.0003138360493518456,-0.003791932237839779,0.0031753494835646085,-0.0011038496940258694
2016-08-12,-0.008548874582573163,0.0054839124047626475,0.010908569939009238,-0.0002795545355637754,0.0013182095475440705
2016-08-15,0.004811156828708607,-0.006281948941371129,-0.004681795898376762,-0.003719994544462609,-0.004053218147095309
2016-08-16,0.0023588250003808717,-0.00807640171842161,-0.006868935757704154,-0.0030219341591709286,-0.010716591437336642
2016-08-17,0.012964893145829225,0.004450152753459636,0.013855945778624057,0.012345964294824603,0.004601580654630357
2016-08-18,0.016685193889445782,-0.014374625643068416,-0.006207162513257035,0.016168959982770452,-0.01022580033974167
2016-08-19,0.0038417957408845233,-0.0028439790084111125,-0.02083348072492115,-0.015033798555729172,-0.00033719459214945184
2016-08-22,-0.0026435170599612644,-0.0006754822373135738,-0.007369205746586439,-0.004804789065483872,0.00043337282329396616
2016-08-23,-0.012034900653999682,0.006855507160776742,0.009174523091407937,-0.011283175311438076,0.0017742804746060186
2016-08-24,0.0025898770551591845,0.0019637202515837785,-0.002170350010480648,0.0034068158563811592,0.002925547058077486
2016-08-25,0.0029508018443685337,0.0015474839776619344,0.0010093319011481802,0.001469329483191905,-0.0018178041479478024
2016-08-26,0.007730604084897275,0.010197419264709075,0.006541081481219014,0.006135105561748325,-0.008527062335707247
2016-08-29,0.006159798117915539,0.0057629419703371775,0.013695604893866276,0.0070368845753724,0.002184403620619485
2016-08-30,0.0009732978896616951,-0.003640715135956718,0.004415170190043005,0.004382420779484184,0.0007497455068496384
2016-08-31,0.0031298660363782817,0.006835327228318012,0.014830063175896857,0.004527534178105974,0.005343338889691276
2016-09-01,0.0025811883009915883,-0.0008331820109769962,0.0012730785860161741,0.0059265291349981375,0.000746930220776608
2016-09-02,-0.010050168860765419,-0.003531476203894535,-0.006693161780587964,-0.005895103234814907,-0.0004570579254275672
2016-09-06,0.0035151585340744695,-0.0026473218299864158,0.0014126320023408524,0.003843997132948085,0.0012200037544470462
2016-09-07,-0.002109653656974397,0.0016656777299529411,0.0003672067877693811,-0.002180720092915256,0.0014742798207877644
2016-09-08,-0.005026671081056788,-0.0019014370749937727,-0.0037972171214551323,-0.0022108340173179098,-0.0005620999025815117
2016-09-09,-0.006154111553334918,-0.0037215012063927413,0.00024085747188020735,-0.00020694768261783235,0.000653737481022004
2016-09-12,0.0013444678810918148,-0.006404308816113603,-0.00429989509484321,-0.0012802319285704173,-0.0062498755948699955
2016-09-13,0.0005685948992218085,0.0026262122383623686,-0.0021983969946816513,-0.004074505238649606,-0.0010055695833987937
2016-09-14,-0.002696818551169744,0.0034306310835581664,0.0034567609195391706,0.0028275024433573144,-0.0003119897919277483
2016-09-15,-0.003295142840541376,0.004521635072757224,0.0014353420755341963,0.0018869852975207935,-0.002652483635527875
2016-09-16,0.00036050273253580574,0.0009650979302645136,-0.0027457770625963778,-0.0013121203116420732,0.0020819277906380155
2016-09-20,-0.00035186030144547173,0.0027580466661059505,0.008891352861569456,0.011347657533346434,0.0006576526705305155
2016-09-21,0.0016587061132701236,0.009208918410464851,-0.007959238884928643,-0.013065147885016892,0.014175138645293106
2016-09-23,-0.008508437080306531,0.009189910338179641,0.0025986746408358736,-0.0017559481804082515,0.00019171202935159052
2016-09-26,-0.0060395448699609,0.0017504736614639476,-0.008995430724341724,-0.004536375386756433,-0.006875514597409649
2016-09-27,-0.0068188280558450385,0.0027633883845541883,-0.0016051617889642823,-0.007164578657699715,0.0056656618922472516
2016-09-28,-0.005054409771409164,-0.00866910423874976,0.0030810381008353318,0.00234144374448401,-0.002701609630894275
2016-09-29,-0.00561115405252306,0.0027993191560125924,0.0010050996422402035,0.0005796975081480233,-0.0003512491284956663
2016-09-30,0.0010838074642130825,0.003910193228436465,0.010939332883217223,0.003225234068863803,-0.0028504190414709208
2016-10-03,-0.004988797805543533,-0.002789907663643465,-0.0038560302568548593,-0.0024960824705666197,-0.0002514803977583263
2016-10-04,0.010794126438190842,0.0020369061156718213,0.0047685696244742296,0.009468851759696856,-0.0023198718654760366
2016-10-05,0.00896288936025611,0.0086459668873053,0.0044471733843825636,0.00836231523364915,0.00101822655426714
2016-10-06,0.007449412830460188,0.008803059940891634,0.008319790466972798,0.003737864870048479,0.0009187853857236005
2016-10-07,-0.0013414883296721802,-0.0008644766337347013,0.0026476554452885106,0.0011513769812994917,-0.0019111692797374785
2016-10-11,-0.003036672562419063,-0.0013835102162008226,-0.0024018975528971253,-0.00588285774402586,0.001228063394574662
2016-10-12,-0.0002720249151721752,0.003027545827903011,0.0009089779087088751,-0.0015779329242217432,-6.18926779465009e-05
2016-10-13,0.0038301400354108896,0.0013180249298363927,0.003195741805864039,0.014379954109303261,-0.003488858433131083
2016-10-14,-0.000592699967981636,-0.0022449033666957162,-0.004993231359642093,-0.008743645515905785,0.0031856429645161187
2016-10-17,0.0014358494403575064,0.0055696697224735916,0.004157412511897052,0.0021139944609956706,0.0014727186418952171
2016-10-18,-0.0005218035680068843,-0.0005947059156723,-0.001846889761286663,-0.002687035017343335,0.0011424746813924436
2016-10-19,-0.004240100396237301,0.001920957312955385,0.003512062578829212,-0.0017431725740848503,0.0012476901010162384
2016-10-20,-0.010390544028826732,0.011181115885639616,-0.0024737848514326147,-0.006497556900853736,0.004476595072515763
2016-10-21,-0.0009726383425324506,0.002338681280991106,0.001160805790608399,-0.001163404451265282,-0.0003186011367954998
2016-10-24,-0.0021991306086267537,-0.0007717310817029199,0.004488800424591899,0.004457522117190915,-0.0019011228160382176
2016-10-25,-0.008652145149645652,0.0048602219954943845,0.004050542060029616,-0.020689677922132166,0.0012140304009800693
2016-10-26,-0.01209519906830192,3.745765687241916e-05,0.008559053993848577,-0.0003573158914729202,-0.00032470340991974005
2016-10-27,-0.0018132738484132995,-0.002121910772463842,0.002297418941956764,-0.0019175937281911398,0.0012485318278583739
2016-10-28,-0.0013365644168300329,0.0030926635417899417,-0.0009121381994855685,0.0060172997367431424,0.002794617033751553
2016-10-31,0.005034349387303783,-0.0064937468934388905,0.003016629835406937,0.003482329225111943,0.0005618319417488124
2016-11-01,-0.006404146457412564,0.001027522517446822,0.00549470607316267,-0.004389312977098991,0.0027636819087702926
2016-11-02,-0.0010338596374916305,-0.0068091099039579986,-0.008996867018273114,-0.008231770466433103,-0.01507903856976429
2016-11-04,-0.001819211611259242,0.0077853804854564725,-0.0024301373491911744,0.0032319572576345328,-0.006747642568949128
2016-11-07,-0.0005358119297220743,0.0004508056656299612,0.007744460261991116,-0.0015186961583913815,0.002685570922385939
2016-11-08,-0.00037310675656614415,0.0014051138785690091,-0.0020262789909125446,-0.0031864046733933726,-0.001185875995073608
2016-11-09,-0.001094153031642421,0.019808104407886457,0.03414208677270372,0.045073915012125654,-0.03689255144110691
2016-11-10,0.0037202057084999127,0.000976855216030326,0.002130954645534099,0.006060280313051032,0.003716560917823823
2016-11-11,-0.00017298592571570668,0.015364088281841283,0.008432933629474594,0.0018482943334025342,0.0021366956807978843
2016-11-14,0.013362238622994595,-0.0024305109250758023,-0.015148818322560433,0.004630824647022136,0.013504337449977758
2016-11-15,0.0018995600656230632,0.010977619186485389,-0.0001915724884975936,-0.00031334156214624315,0.002205062552031182
2016-11-16,0.006564100305202714,-0.006207617109875007,-0.011338394507478443,-0.0039059045182203156,0.0053510696542217115
2016-11-17,-0.002499554255309322,0.005879364089497852,0.00276920016155906,0.0032762096774195393,-3.209922831449915e-05
2016-11-18,0.005140301867265552,-0.0029295409222470873,-0.008605604350734609,0.0003487114084862464,-0.002117490230855416
2016-11-21,-0.0038607894601135236,0.002096361770404155,1.5299637397769416e-05,0.001275709599262681,0.005392611662199613
2016-11-22,0.0013299384282861476,-0.0028367097336437384,-0.0032295771438228373,0.0,0.00512999242189152
2016-11-25,-0.0053295158959661085,-0.0006730894213667019,-0.000889907760077246,-0.0033287014145077882,-0.0005706724514758216
2016-11-28,-0.0006335257354266113,0.006451671783399738,0.0031765478947854316,0.000480076812290009,0.0032585510513381184
2016-11-29,4.1538723001388774e-05,0.001578028028502798,-0.0007952425402517841,-0.0062771607918878924,0.0017188300376995245
2016-11-30,0.00319854523418488,0.00013569545352030163,-0.0005421406006923535,-0.008942760434517416,-0.001439816621429701
2016-12-01,0.01704726946184163,0.006172394607157572,0.01525580457013005,0.009489387436288988,0.006032348332706468
2016-12-02,0.014386437891662298,0.002759081342893333,0.011489920541384115,0.00899246348318586,-0.0025811180539217133
2016-12-05,-0.00015590694508083058,0.0015686261231043334,-0.003239891536521777,-0.003604875332477886,-0.0057545145693898535
2016-12-06,0.0008156802627416583,0.0006644167824819025,0.002843451628745575,0.001099874240906541,0.004447028905807791
2016-12-07,0.00044240879402170953,-0.0023348959727024447,-0.010365615912393423,-0.006107776130109802,0.005374012116161175
2016-12-08,0.010572546573758945,0.0024817788240920624,0.003426382624531078,0.0023395015273108034,0.006024929739011384
2016-12-09,0.0012437834415382825,-0.0008776427558635719,0.006152347075936903,0.0044926807324887396,0.009228049714513017
2016-12-12,-0.017102906159714618,0.009983214133816287,0.016301044058717528,0.008636363636363664,-0.0012106680152706144
2016-12-13,-0.004941560287709446,0.0018625292924413055,0.009517477911789252,0.006883168383960636,0.006556957145917184
2016-12-14,0.002107102500203518,0.004239084542435446,0.002651939594207287,0.0036117381489841893,-0.0029327703758046976
2016-12-15,-0.00816115395733279,-0.005541719771348808,0.00351743464942067,-0.006303908424614035,-0.0021337015578930985
2016-12-16,0.0036285870810823574,-0.0025478397778428753,-0.006829702691542994,0.002227707139522528,0.003385846825736394
2016-12-19,-0.01290518404035559,0.008899628205222167,0.013694364884840084,0.015866380874154595,0.002212916437350802
2016-12-20,-0.01107905968477061,0.0067880094010568165,0.008286281421652797,-0.011019018238233702,-0.0010620340003565964
2016-12-21,-0.0010819752676740847,0.0025428915087912342,0.001774724883853418,-2.701598959104455e-05,-0.0033187797494333656
2016-12-22,-0.0011574453381506756,0.0013648430173067495,-0.0012626727469832845,-0.001064931194569093,-0.003060675966928057
2016-12-27,-0.0007001273298792518,-0.003181731315431779,0.00138593489463219,-0.0009132420091324533,0.00011918289315329515
2016-12-28,0.003538845930728507,-0.0015225145484348834,-0.00794889975782136,-0.004192852379271084,0.000907997265168972
2016-12-29,-0.006275065884604602,-0.004509077197970313,0.0047370144252010474,0.0009523642010620757,-0.00643092536122419
2016-12-30,-0.0005280151741035466,-0.005639839348616693,-0.0035915970284970734,-0.008025122121423589,0.00046358437781199465
2017-01-04,0.009989568582095565,-0.007421122566170179,-0.005243379796269255,-0.002609033075902406,0.011868396825929361
2017-01-05,-0.003815232139742198,-0.0031441549493398165,-0.002615030380444394,-0.0009221715451625413,-0.003788666487579486
2017-01-06,-0.010664240630170062,0.01078643024443382,0.007830170619301736,-0.002139198394237374,0.0006600033753668297
2017-01-10,-0.0013205884504791324,0.0014741252275333409,-0.0007130058400488526,0.0072202439505719695,-0.003319228458144964
2017-01-11,0.0013863182408790035,0.002948221800689521,-0.008779082394797766,-0.004784110430195332,4.759052035485656e-05
2017-01-12,0.004012443049049595,-0.014144130485104567,0.01091283429326919,0.00669037553324511,-0.006743253488455457
2017-01-13,0.008235959195894215,-0.0007126726237680183,-0.005496285109306109,-0.0010644061596852086,0.0024229431317561593
2017-01-17,-0.000839117574800752,0.00243251159338278,0.0001039156990751966,-0.00934870568188634,-0.007724230274400612
2017-01-18,0.012501995452109326,-0.008955176572960123,-0.008788907925468183,0.0037127664127553457,0.0022073342641651885
2017-01-19,0.0020104701792068138,-0.005965367659200905,0.004893851609923039,-0.0002399959611248286,0.00166376721689921
2017-01-20,0.00845531708294778,0.0038326864294090162,-0.007325770078258721,0.000743481505639761,0.0015121535122417846
2017-01-23,-0.0004589252988772993,-0.00035618702154938163,0.00026585107800745087,-0.0016609927747255784,-0.0029577430938970955
2017-01-24,-0.007506282846162638,-0.0015399598943951049,-0.0029004706651669654,-0.012427937992497733,-0.0032115420851223818
2017-01-25,0.00413204804828402,-5.5145359526598096e-05,0.0007815153969255705,0.0004604411874399852,-0.0028637964836958287
2017-01-26,0.0013588542867655424,-0.003865041639819779,-0.0004244163845726237,0.001599898649785525,0.0025530197115636766
2017-01-27,0.0075288182306943565,0.0025209439303025775,0.0070354260592166325,0.005136373852076916,-0.00019478576670177848
2017-01-30,0.002848670156895605,0.0004698449905301992,0.0009297989339287718,-0.0020909593613981925,-0.00025655959901112435
2017-01-31,0.004406090773253512,0.011823491557783283,-0.0012217924253348886,0.004422718808193671,-0.002294975179453553
2017-02-01,0.0063472314254596545,0.0026556473933944565,0.0006534257674076557,-0.006151454420112501,0.0034204524211207937
2017-02-02,-0.004034829304624533,0.003750751111529782,-0.0012080984367209835,0.0008175804053930683,-0.011684162530193972
2017-02-03,-0.0003298013822730986,0.008728915194894382,0.0029158393428866617,0.008584238006569008,0.003918422929829115
2017-02-06,-0.0013278342869941897,0.0021670950464194537,-0.003704787981412605,3.2007874521781943e-06,-0.001416743322657608
2017-02-07,-0.003043186429822176,-0.00047468003053976473,0.0006481405682673636,-0.010196649672250757,0.001186128658612294
2017-02-08,-0.013179573721504667,0.0007319051738779786,0.008804309736347582,-0.00660754703423827,0.00021058805800459635
2017-02-09,-0.004465316366085404,0.0013624176594358552,0.0033244011620641835,0.0033050047214353007,-0.003682930032797176
2017-02-10,-0.0006661248939483066,0.0032536663731552746,0.0014992236150124238,-0.0024054987090402534,0.008326117724676155
2017-02-13,0.009866103067358491,0.0014045032695217954,0.006565285927458842,0.005931804464592865,0.0049620838627941555
2017-02-14,-0.0050308354373578505,-0.001168559403773295,-0.004529551753773077,-0.0018712751555168248,-0.004845459826804353
2017-02-15,0.002126116091614416,0.001988581652284771,0.0036363244454204803,0.0027851327771703,0.0006356299142845373
2017-02-16,-0.0035772935943191087,0.0022494927644435723,0.004212440902830439,0.0,-0.0011985818077312014
2017-02-17,0.0017590422488190207,0.003956154574583915,0.0021357654665456367,-0.002425305948664691,0.0009797578711921735
2017-02-21,-0.0035710364650375368,0.0006024684857772078,0.0020245002175108607,-0.009604392289220165,0.003627785525639138
2017-02-22,0.002134849890914369,-0.0066041441082199,-0.005303619328452469,-0.014896409832739543,-0.001387718827072063
2017-02-23,-0.003022508698849213,-0.0009156333137337216,0.0047025286439695176,0.0009269881415553405,0.0008682311441568731
2017-02-24,-0.0017870351659492916,0.002280458955006859,-0.00227802123790195,-0.00770362585849399,0.0009951266650188079
2017-02-27,-0.011681634203706295,0.008401494170886472,0.014743463598138898,0.0038918418456064803,-0.008774120195799158
2017-02-28,0.0013295238483683747,0.008589105997018877,0.004006934815397534,0.004911257112021029,0.0011060609537843786
2017-03-01,-0.005655523335536161,-0.0006672068487545645,0.002766883272492549,-0.006569095805583772,0.0018957234481774097
2017-03-02,0.0016890641109587933,-0.0021207688350185945,0.0014388557559359195,0.002181106575291033,0.002400097185353141
2017-03-03,-0.001929217306966647,0.003436684580770133,0.005594960248417658,0.007940315110436358,-0.0031053314186762853
2017-03-06,0.005575075461175039,0.0014717719014850194,0.003020166914708389,0.0031998783794840815,-0.00013947255545270995
2017-03-07,-0.001169803015373083,-0.003587274377734184,-0.00017587221749504312,-0.001260481419160102,0.0009003151648386766
2017-03-08,-0.009523331044807248,-0.0018108097826694093,0.0033705792942244402,-0.005267192567865026,-0.00271038777085089
2017-03-09,0.004785240893404263,0.0030495195655476206,-0.004412617120813512,-0.002969621982666833,-0.0008143366691937401
2017-03-10,-0.00020939916839721748,-0.004596872440653211,-0.005968977921778241,0.0015805473780924062,0.006195611311295959
2017-03-13,-0.00021149640515987205,0.0031423122677308513,0.00016622466670703764,0.0011407081931843477,0.0017551133467395923
2017-03-14,-0.004982900945167113,0.000270120842343991,0.00037514153737419013,-0.0018480572887328184,-0.0023687277392352305
2017-03-15,-0.0026891247405607783,0.00042008031703757445,0.0022552472195609186,-0.0004062737254151385,-0.001124394769421382
2017-03-16,0.003334498116363927,0.0006299511064800094,-0.004063427501329776,-0.000636678462456608,-0.00011566842471277816
2017-03-17,-0.0005133107873533716,8.931564674519166e-07,0.002542577879327412,0.002400211463757901,-0.0006005288809132073
2017-03-21,-0.0012375966183259873,0.0060393035839894985,-0.00459375843830756,-0.0011300808283315003,-0.0019042569473986428
2017-03-22,-0.002141610991907839,-0.002856505837610324,0.011849705549579339,0.007320515610710435,-0.004920708689805947
2017-03-23,0.004315285718253904,0.000792548326560949,-0.0029149139197898856,-0.00015164030122929995,0.0006449721678675126
2017-03-24,-0.0017036884733356407,0.0028385790613925104,0.002200693047884128,0.0012737916825273916,0.004539704201889094
2017-03-27,0.0012226291498596221,0.004994430168928865,0.0002595844041738627,0.0036652976958873413,-0.004656784168544295
2017-03-28,-0.004561599165391784,0.0017393998417683406,-0.003028459009976547,-0.005401422969276408,0.0031884509411416314
2017-03-29,-0.0025856769099644513,0.002315435784933606,-0.009096115634911573,-0.005790452378102962,0.0009482589447355047
2017-03-30,0.003549190564389337,0.0029044684357133034,0.012203779414798577,0.007949872964476835,-0.0037666163136972353
2017-03-31,0.007492331807254815,0.006257919971552407,-0.003592288346847816,0.004625750473156238,-0.004262901865840702
2017-04-03,0.0031145414142738303,0.0016815399463200767,-0.008930363112727014,0.0008684265159257171,0.0019441856297667717
2017-04-04,-0.005448631704395202,0.0018794345295836358,-0.009234242072105082,-0.004968409167410198,-0.009919030795831419
2017-04-05,-0.0009742391222011372,0.005014315140477944,-0.005653234067230573,-0.0036294351322738354,-0.0027951372545838146
2017-04-06,0.0011423685256371167,0.005660727455786963,-0.00048320748646757383,-0.0005188438488497493,-0.006354535704121974
2017-04-07,-0.0011225192560370574,-0.0032859585578487007,0.008552819030254467,0.003954665703285636,0.0036661963468767565
2017-04-10,-0.0013728075309387801,-0.0020683840070128134,-0.005213254581341743,-0.003972919218063678,-0.0012862199472093373
2017-04-11,-0.0007777163224122145,0.003813027212059117,-0.0037825352194798215,-0.001577552626640938,-0.0019012001824441724
2017-04-12,-0.007382764235419837,0.0011898742796432778,-0.010505506049154322,-0.015051853268700321,-0.0034739438806100187
2017-04-13,-0.004665899582986667,0.0072355301716211075,0.006766464879316603,-0.0009453345378858946,0.00017342615089525648
2017-04-17,-0.0007128464410660843,-0.0013162981030452547,0.003292449699731859,0.002524765735017827,0.003151875496353044
2017-04-18,-0.005265819320887211,-0.0041684041674210585,0.0026072755944396954,0.0007978490264311078,-0.003099194719080515
2017-04-19,0.0026249069027819427,0.0030274391638321243,0.003830429786456158,0.0009809458335867365,0.0008649262457829899
2017-04-20,-0.0034558327310348024,0.0033177619983628674,0.008483866777033944,0.008589976115860504,0.0007093011049957005
2017-04-21,0.0008681291740907813,-0.00027227152068109983,-0.0038933605500640843,-0.002310817708418215,0.0004326137294167655
2017-04-24,0.004290368997112925,-0.00023676899282167873,-0.0021883744975731423,0.0001215158895656491,-0.00048713383747239444
2017-04-25,-0.0024144877872845248,-0.004193394089975788,0.0011612515035074546,-0.0014233139269995377,0.002632510478613139
2017-04-26,-0.0009641794814812866,0.006136897375650574,0.0029864299780429484,-0.003173532769934502,0.0012731762157601222
2017-04-27,-0.000991345693168633,-0.0016378791122454001,0.003487091273919041,0.0003045651401530808,0.0004998118126825164
2017-04-28,0.011400800124559553,0.001414886071903121,0.0025072328277740974,0.007565954502359803,-0.002999791234109376
2017-05-01,-0.006796051427206584,-0.0046246054580759925,-0.005468100318204727,-0.003894352590739148,0.0027695787084432923
2017-05-02,-0.00834564911744795,0.002137212618313455,0.0017285301524768261,-0.008575449759178639,-0.00046446136007021973
2017-05-08,0.001992190073054334,-0.0006951230777702663,-0.003911840107048349,-0.006639081694674476,0.008535991244664342
2017-05-09,0.007967688519232907,-0.0016103412044662369,-0.0037453761382878264,0.007565517614111986,-0.0013328787304932718
2017-05-10,0.0020692167623448613,0.0011008966168180034,-0.00219027243294263,-0.0003711803277121617,0.0016636682594729894
2017-05-11,0.0016866256232271229,-0.0055827283541600055,0.006243658326014746,0.009142617408293141,-0.001526798934903732
2017-05-12,0.0038449946932835656,-0.003501249679123819,-0.0012243502717493638,-0.00048236763418221633,-0.0020560637549684735
2017-05-15,0.00344414429972022,-0.0007286780765183077,0.009499228604805255,0.009481021389536675,0.002183692893119077
2017-05-16,0.0006734905420976653,0.005972584650567537,-0.003006350652737888,-0.002650758854463234,-0.001323507940926936
2017-05-17,0.003371581055709538,-0.004384037781803252,-0.00843333409378373,-0.0017015388556644861,-0.00046525475697907736
2017-05-18,-0.0004448375180949875,0.00757366347260926,-0.0008598735695180659,0.0009395675373242707,0.0010853187397567936
2017-05-19,-0.002922988797206494,-0.002650858840419201,-0.0055038994095987885,-0.0030778546267497212,0.0011396599851154292
2017-05-22,-0.0024732305913470532,-0.003770144887112936,0.0033493568756988615,0.00022532890416882,-0.0009823588152650812
2017-05-23,1.4988231399026852e-05,0.0015968828208643207,0.004445489120815549,0.0024626853118533644,-0.001574433849781065
2017-05-24,0.0009712428317291358,-0.0008516044691827763,0.0008947374973452325,0.0034003910269603255,-0.00035423660106611644
2017-05-25,0.0009804880726948409,-4.3870697571901716e-05,0.0029497571195212127,0.001729295694504275,0.001377929257012947
2017-05-26,0.005579986201300358,0.0036463608271226416,0.003483047282701413,0.004890616429544737,-0.0021285391973916825
2017-05-30,0.001517761706406984,-0.0016335206878433264,0.0009356144066868131,0.0011433226146078984,-0.0007114750936637474
2017-05-31,-0.0029085307940396104,-0.0024905731370480355,-0.00035837581320432584,-0.002650917553283854,-0.001956857311015489
2017-06-01,0.006742877101943279,0.009291570828358053,0.009801175780471107,0.0033271646333230456,0.003422887228537903
2017-06-02,-0.012940066909726378,-0.005319547702086069,-0.0070089274506201175,-0.010897304243272966,0.008952600692287139
2017-06-05,0.004567132000073393,0.0022959604663411078,0.003601693074500069,0.0069026582744859104,0.002244038663163949
2017-06-06,0.001990096669417829,0.0026571075319055107,0.0026219624632328074,0.006970065551301233,-0.0031469133136375303
2017-06-07,-0.004534905716612836,-0.0026206099253122785,0.000889953506099994,-0.0046342495787422,-0.00044785889056290807
2017-06-08,-8.594179285581504e-06,0.0027356151612857984,-0.004255321611676877,-0.00020862332244351396,-0.0020842836206037617
2017-06-09,-0.00658100132439754,0.007451266215087338,0.007451266215087338,-0.00025034932463907644,-0.0024883529035058757
2017-06-12,-0.00019283868745532127,0.006144872329672426,-0.00721534512182236,-0.020011435105774578,-0.0004962146301767748
2017-06-13,-0.00017197993862967404,0.004516129904158728,-0.000718101277323191,-0.00710318594343784,0.004346078317850329
2017-06-14,3.966590582067393e-05,0.0002654954359519789,-0.001098796664287338,-0.0012690355329949554,-0.00010632626072499034
2017-06-15,0.004899671635522318,0.008455051083404408,0.00835398994141352,0.006105676397917217,-0.0024604474972851472
2017-06-16,-0.0021375487547072415,-0.0005036096857462979,0.0012092366618607908,-0.0016403260341329466,2.8528156053664974e-05
2017-06-19,0.0011463499615088192,-0.0075372713424161075,-0.006898265889291966,-0.014114697518939012,0.0005098631374597945
2017-06-20,-0.0025679587993433727,0.0006071151294136045,-0.007148002815679844,-0.00418759182341419,-0.00011380664284002366
2017-06-21,-0.0007198259213910159,0.0029143099307040515,-0.0009462752904940254,-0.0005899442491751473,-0.0027180398160951314
2017-06-22,-0.0017647942454104282,0.00027774061189900223,-0.0009727150374896355,-0.0013879268205098053,0.00012271582755636203
2017-06-23,-0.0007588707231672264,0.0008091485489079898,0.0008091485489079898,0.0008465728827181662,-0.00010337724853466271
2017-06-26,-0.0022942138693253346,-0.0014704705366828553,-0.0021414909355665923,0.0002943012269675527,-0.0012051469060606482
2017-06-27,-0.0015112816031347845,-0.0021326726064660574,0.002126830124442769,-8.25144138175693e-05,0.0009179253144558396
2017-06-28,0.0007631019085468701,0.0001583456284380394,0.0063127623373475,0.001618437037436249,-0.001077806888647892
2017-06-29,-0.003496235727240049,0.004941563119684989,0.004941563119684989,0.0,0.002883799204485534
2017-06-30,-0.00520612061938084,-0.0006406298144006504,0.0021059335653785373,0.0011338497072459295,-0.003799168846757886
2017-07-03,-0.00013739344539964748,0.0023931600921170753,0.0017004337190344113,-0.0017318159327066596,0.0014058029321916393
2017-07-05,-0.005762369072468433,0.008084165525936805,0.008178519794563122,0.000994035785288283,0.004373603023486916
2017-07-06,0.0005207234276520147,0.0016159726611268519,0.0006881281262215879,0.0003934133860016344,-0.00016803526674044774
2017-07-07,-0.0009643863498664862,0.008050090813072043,0.001129675276584496,-0.0013209201143583225,-0.0021440713290848236
2017-07-10,0.004146625817307892,-0.0016041945544778002,-0.002677484859177692,0.00017813627258911346,-0.001876086139346161
2017-07-11,0.003390230177380582,0.00303543203408867,0.0009673262653979276,0.0042419046258523885,0.0019331673297022396
2017-07-12,-0.0027801041274384767,-0.0033940812880606692,-0.00307986416262247,-0.0019532143409769203,-0.0025362323240503398
2017-07-13,0.004419303528875296,-0.0034675609819652567,0.0045973550502990575,0.004482135698628524,-0.004211920961367055
2017-07-14,-0.0013203900749878539,0.0009244575082989036,-0.0003353784200452738,-0.0004961076159895605,0.001382958306213541
2017-07-18,-0.0013832312521119714,-0.0011814808342579086,-0.002795954948231194,-0.00024282222657449047,0.00011615530209906812
2017-07-19,-0.0032719463616714965,0.0012679893712796543,0.002358283991503729,0.0012736196175946364,-0.00032329389779909223
2017-07-20,-0.006202529625280074,0.0013929463752544002,0.00030528887705134596,-0.00180587399237252,0.004499146752182032
2017-07-21,0.0027762532766741456,0.002390797472551976,0.0009405293835579757,0.002993081418984115,-0.0016795068806059318
2017-07-24,0.0009168051896462084,0.002210715513438255,0.0009579957152634712,0.003040000988395445,-0.0011183253298366696
2017-07-25,-0.004210905650871876,-0.002340120539691104,-0.0007641685255452391,-0.005082093065295878,-0.0015567925217871263
2017-07-26,0.00023121210922536547,-0.0003628937676336541,-0.0013627377454586533,0.003067417050664428,-0.0004166671734520971
2017-07-27,0.00028323271603771763,0.0009938514236977002,0.0008940540579428723,4.606856199507181e-05,0.0020457044278900417
2017-07-28,-0.006418019313612834,0.004945898826901397,0.004945898826901397,0.0029545454545454597,-0.0024433082363677816
2017-07-31,0.0028541311374910678,3.08893447155348e-05,-0.0043020382163072805,0.0005449407948184604,0.0016471041651257405
2017-08-01,-0.004768352997687031,-0.0016489316650543763,-0.0021260350231816273,-0.0015440296412515117,0.0011200907813376988
2017-08-02,0.004953735035952844,0.0007722804030889426,0.0019139937458284573,0.004851654604256184,-0.0008739675538793623
2017-08-03,-0.0017700840638542159,-0.001868203134119417,-0.0010695019403603291,-0.0017287214860116176,0.0015934802468993408
2017-08-04,-0.001826154547653469,0.0005258509083971852,0.0015568183774969935,-0.00015419981962157747,0.0012374299875163683
2017-08-07,0.00274759585703841,0.0005209040032886135,-0.0008892992318835005,0.002504297734257388,0.0007495673526763032
2017-08-08,-0.0023824195020029307,0.0004162783106751442,-0.0014026788833277019,-0.0011310723618572494,-0.0017400904660257977
2017-08-09,-0.00040777501549049715,-0.0028807402598349137,-0.0007682965588045488,-0.0009578723506905248,-0.0014987050124599013
2017-08-10,0.0026390332022149464,-0.0009278542008052783,-0.0017035310412618636,-0.0005452589383194706,-0.001325558789564255
2017-08-11,4.4408920985006264e-17,4.4408920985006264e-17,0.0,0.0,1.3061447348531253e-17
2017-08-14,-0.0020138425092573803,-0.0006353730922096668,0.0011375729983226887,0.004285226111751873,-0.007328553383822225
2017-08-15,-0.0006287884067311955,0.0008440849293179565,0.001712756188272846,0.0008270888713321859,0.0005073564161918567
2017-08-16,-0.0014130646650571956,0.0025650994528490624,-0.0029143526019454807,-0.0002182832181852612,0.001203417046774879
2017-08-17,-0.000666305645214882,0.0021894579384017735,-0.002152727598718518,-0.00019116123022910859,-0.0010154747456587536
2017-08-18,-0.0030897619035201054,0.002066077660515009,-0.000492177399381255,-0.0017808850930783808,-0.004395773333010189
2017-08-21,-0.003166809639834423,-0.00502511401642285,-0.005191311970277313,-0.004419551469031257,0.0008886004626748829
2017-08-22,0.0034968519278219426,-0.0028020053731027564,-0.0013263675411422815,0.0010927258902339216,0.0012724197347975057
2017-08-23,-0.002175492723831063,-0.0046499973120847525,-0.008443657747472601,-0.005740109344551025,-0.002950747652362251
2017-08-24,-0.0025146672183117063,-0.0008048470024466072,0.000420550076822024,-0.0017883135117151118,-0.0008670012458203914
2017-08-25,-0.0007891746935300599,-0.001950551333867212,-0.001950551333867212,-0.000978473581213311,-0.0005705989393793983
2017-08-28,5.903985771529255e-05,-0.004553227120915371,-0.0006225980091318251,-0.001912855554208245,-0.0016587217892027753
2017-08-29,-0.0015788536634579798,-0.0002798364987284472,9.584009592125155e-05,-0.0006508697759136648,0.00020607619631310905
2017-08-30,-0.0011891711590170215,0.0018375447034768124,0.003080910048361041,0.0002165335189800628,0.0018755573406660949
2017-08-31,-0.0014074102356794516,-0.000833984869535831,-0.0016141741222394758,-0.00027422669886609046,0.00218010439670573
2017-09-01,0.0015839974371705924,0.0022956614045871685,-0.00017047926721109892,0.002875636729043414,-0.00014660103979710788
2017-09-05,0.0014074319839319617,0.002785830917025023,0.0005001166313107542,0.0015115083089530463,-0.0026980250704726956
2017-09-06,0.0019231438570654902,0.0006840000791781488,0.00013074973339670685,0.008367891288426188,0.0007233904002611545
2017-09-07,0.00035454114889483797,0.0010368060945469936,-0.0001352747926023801,0.0007197393434622188,0.0013380051151772516
2017-09-08,0.0038514046423674623,-0.002571680318313607,0.0023867529596325095,0.009431133719602209,-0.0005571551421914175
2017-09-11,0.004252328068114442,-0.008236050517226024,0.0011017599279293138,0.00013532604700476256,0.004682998178949068
2017-09-12,0.0039041182428994244,-0.000483671532264518,-0.0006035082961939111,0.00031206514155252376,0.0011819970729001663
2017-09-13,-0.00200824329864,0.002148564949603471,0.0029974480779570555,-0.00023324355923780098,0.0015161647508988069
2017-09-14,0.0013529964776971106,-0.003691127409675565,0.002461276484645314,0.002255588539543319,0.0006124364607821417
2017-09-15,0.0023213351663962326,-0.0035473592577284444,0.004691410523757722,0.003990665796725435,0.002084341777577371
2017-09-18,-4.4408920985006264e-17,6.66133814775094e-17,4.4408920985006264e-17,0.0,6.530723674265627e-18
2017-09-19,0.0010525095038591554,-0.003553593784345632,0.016172061404537044,0.008547034715266497,0.009105807899966916
2017-09-20,0.004475123433106697,-0.003753828116890356,0.00703532799501394,0.0038537022277637563,0.0014315803944592832
2017-09-21,-0.0033886566429230935,0.0030069117019781762,0.0030715939300260285,-0.0009493017446617451,0.004178823277961341
2017-09-22,-0.0024291816970519746,-0.002800825580637035,-0.0013848448836687012,-0.002717921475872633,-0.0013406928132884198
2017-09-25,0.002239513495454082,-0.0006090243116255506,0.001449023848586473,-4.888142787959511e-05,0.00031259945943575576
2017-09-26,0.002400556406848753,-0.0020232600883919763,0.0015260866792155881,0.0007706822212049103,0.0004103721994114632
2017-09-27,0.003840506346260364,0.0015542762571518097,-8.552453675070271e-05,0.001701205077609976,-4.8467640108900274e-05
2017-09-28,0.00729081128261273,0.0005195577858539966,0.004309922280411116,0.004995735706364113,0.0012092822187507702
2017-09-29,-0.00417287474430248,-0.006155395940666608,0.0008670075059807438,-0.004350460888490811,-0.0016555714499104516
2017-10-02,0.0010315855788191938,0.005196612645834953,0.0036424316299550116,0.005278102125647795,0.001200428256343275
2017-10-03,-0.006199933281860682,-0.005850746564729304,-0.006632647627874589,-0.007112540199462206,0.0028065734707127025
2017-10-04,-0.0016986483368058188,0.000866633140499884,-0.00695413161915961,-0.006563918385740659,0.0017277267210759192
2017-10-05,-0.000452183556035002,-0.0007507167584924316,-0.0012824593819050327,-0.003926626353656926,0.0009324658535487349
2017-10-06,0.0023013766906921475,-0.00019394398699359452,0.00344946130367616,0.001473066599895164,0.0016548757521588418
2017-10-09,0.0,0.0,0.0,0.0,0.0
2017-10-10,-0.005955852513283922,0.0005006154729126028,-0.0030853097578670942,-0.0042904686957489085,0.0008674575819395713
2017-10-11,-0.007204425722519092,0.0009665085415202278,0.0006654898746584655,-0.007975366215445256,0.0014986967279312174
2017-10-12,-0.009557866991091846,0.0008223846896440847,0.005766278409480386,-0.0037724325700096793,-0.0008231943933573248
2017-10-13,-0.005973038788784323,0.001888558376507765,0.003993780458122488,0.006849383115889859,0.0045797070325616675
2017-10-16,-0.008469697330177682,-0.0004081533705386554,-0.0019861035820827105,-0.002403909694395575,0.003313323660598542
2017-10-17,0.005975730131680357,-0.00182047910737031,-0.003376071529854174,-0.00039280231550451014,-0.0012713246212163938
2017-10-18,-0.0014617950232074018,0.002769166687998226,0.005631937967147228,0.007223440310239619,0.0001065820827562027
2017-10-19,-0.004001349503437735,0.0034651943035608696,0.003694009619811678,0.001507231620088164,0.0012830668131744456
2017-10-20,0.00012228359002814933,0.0017567942699109106,0.0022588416368320764,0.004159884246699182,-5.512121769927802e-05
2017-10-23,0.0011726468116429742,0.0035167211663460042,-0.001938424496771929,-0.0013953938646567281,0.0015668384072682797
2017-10-24,0.0022193979508112974,-0.0070078087685418134,-0.0047433759607629095,0.000691711542675074,0.005099432924047922
2017-10-25,0.0029928899845901745,0.006592451466600014,0.010400314289992864,0.00459979244604202,-0.002141880287838434
2017-10-26,0.005657531370391001,-0.002886586461219043,-0.004528873822191937,0.0004993991802853537,0.0037426440410306535
2017-10-27,0.00268175929689356,-0.002784722343519519,0.0009162911556436447,-0.0014442828104494938,0.0046092195145676015
2017-10-30,0.0,0.0006104699331419329,-0.0008667565163275937,0.0008186258088402898,-0.000353560742409292
2017-10-31,-0.005001401993137634,0.00023070049556397345,-0.003354956874953952,-0.0029973238037907337,3.6667657313804725e-05
2017-11-01,-0.0004518861781877884,-0.0007328852169767414,0.0008847276937395958,0.000539850025749411,0.0031414493173528746
2017-11-02,0.004351401955208668,0.0028085649367190603,0.0012071481107542195,0.0008105805370753006,0.0009531377884101013
2017-11-03,0.0,0.0,4.4408920985006264e-17,0.0,1.3061447348531253e-17
2017-11-06,-0.0007440328522997583,0.006574717983657586,0.0015437185204241642,-0.006912555845232445,-0.0018108083875837987
2017-11-07,0.01441430533599948,0.008255724683184584,0.011766124388266786,0.011995914531485491,0.002723600972862068
2017-11-08,0.0020339043344280937,0.00039558055956434666,0.0011930184311384376,0.001406565134810985,0.001844242431947983
2017-11-09,0.004773317810981981,-0.005557467748295265,-0.008854988671342622,-0.005302439108291942,-0.002081998213199125
2017-11-10,0.0005820789917885929,-0.0015195194368286427,-0.002677446621198976,-0.017833138515488067,-0.00038133572823700564
2017-11-13,-0.002384394525983846,-0.005770246245969113,0.001752136958048167,0.0,-0.004543791955376784
2017-11-14,-0.005689267157640444,-0.0015614972011849916,0.004809307241485916,0.00485838770659347,-0.004460257034751522
2017-11-15,0.0006087276695669443,-0.003350229392147441,0.00044932805537665176,0.004450686556581096,-0.003672152852120081
2017-11-16,0.00023216810322637107,-0.004947425093970126,0.0023110349354561023,0.002739063027423857,-0.00016684621786297756
2017-11-17,0.0074035833032424225,-0.0038076899910573832,0.001739560047781107,0.001678544162204291,-0.0035803487182411477
2017-11-20,0.0070214721247307,0.011888334722945305,0.011066643356813535,0.00749680654173349,0.005565531144777275
2017-11-21,-0.0013428933858282476,-0.0026309272937024676,2.297020715211769e-05,-0.0018553800634478238,0.00041834452785501975
2017-11-22,0.007124011073316439,-0.007214610958466717,-0.009161759776269207,-0.004389815627743654,0.0013834756579275327
2017-11-24,-0.0019187861947535857,-0.002488958097732863,0.002297753508822731,0.0,-0.00045288790608365896
2017-11-27,-0.010246480218268617,-0.0040047655262582145,-0.0005898818422212407,-0.007941714970825665,0.0045327621112465485
2017-11-28,-0.004060300145483065,0.004199406539042316,-0.0012776181235284899,0.0,9.600725473530074e-05
2017-11-29,-0.003914839608490795,-0.00461165887250219,-0.0049449563544846425,-0.002254649576946801,0.0006374535016781438
2017-11-30,0.0007394786832530586,0.0005555258701062551,-0.0006635768941438917,0.004015551455007609,0.0007212531474499609
2017-12-01,-0.005026330670265389,0.0007668921417077314,0.0028966114059865602,-0.0035495321071313812,-0.001258636828652231
2017-12-04,-0.006332512103155108,-0.0026472561711353257,-0.007234961100043357,-0.006525768092469097,0.000864927016526916
2017-12-05,-0.00793785529302593,-0.002051903845593128,-0.008081292953535036,-0.006171056008842152,-0.0017421304054768434
2017-12-06,0.0011809947956037848,0.004189516346568745,-0.004335015360887429,0.0,-0.0010489693185465495
2017-12-07,0.009739496546514449,-0.0022656260377709398,-0.007001465555248321,0.0011517805024916874,0.0041674773108605475
2017-12-08,-0.0015647721454173258,0.001391536978678465,-0.0015647721454173258,-0.00044179210123854737,0.001762126487404879
2017-12-11,0.0037749480335202983,-0.004703194446213566,-0.003797291415904081,0.0006455123559746534,0.001827264426519266
2017-12-12,0.009203783437061809,-0.015442307011913382,-0.014604410096442933,-0.009514198680040609,-0.00021146534725248386
2017-12-13,-0.0030178705285687666,-0.001016284430368608,-0.0021249954497650995,-0.000905533692501322,-0.001452211100799399
2017-12-14,-8.65184889955906e-05,-0.0019069966770680186,0.004933980707955966,0.00462148635328502,-0.0019621083716321124
2017-12-15,0.005069343577855467,0.00419343116909634,-0.0045073294954145245,-0.00016625103906897643,-0.00018535216787401673
2017-12-18,0.0011700360695119593,-0.002598185697098754,-0.003296824236273688,-0.0021980928988200397,0.000974594391012257
2017-12-19,0.0012093580272966253,0.003940471271881352,0.0007853993961498993,0.0018848213686816335,-0.0012270955783355835
2017-12-20,0.007987189409988238,0.005641453803430486,0.00909511410328263,0.008558178792045923,0.0016099318728409293
2017-12-21,0.002412890358878639,-0.0001038904488233295,0.0042109211271131215,0.003630576824613959,-0.0005884754476555271
2017-12-22,0.0008727067301315337,0.0026329701877660927,0.00437575233410128,0.002747805879485025,8.274809858109603e-05
2017-12-26,-0.001725313376692128,-0.003231657751756645,0.0008097673178598443,0.0010904173811251785,-0.0005027747379970066
2017-12-27,0.006299485480893053,0.0030308036976105066,0.004425170040258309,0.004755982149586809,0.002137093970761365
2017-12-28,-0.0011933432751697116,0.0011621067227424173,0.004496421191053068,0.0052130408682348195,-0.00137185408656577
2017-12-29,-0.005575211108639011,-0.0002756107039495028,-0.006227207848655292,-0.005942307563755008,-0.001544134752099227
2018-01-02,0.0,0.0,-4.4408920985006264e-17,0.0,1.3061447348531253e-17
2018-01-03,0.0,0.0,4.4408920985006264e-17,4.4408920985006264e-17,1.3061447348531253e-17
2018-01-04,-0.007321829424559679,-0.01176680206225178,-0.0017932741676254917,-0.0022809655663351925,0.0037899400313048132
2018-01-05,-0.0006917140550627644,0.0013059187159755851,0.004678045053346303,0.0015448323755058175,0.005725697347831871
2018-01-08,0.0,0.0,0.0,0.0,-6.530723674265627e-18
2018-01-09,-0.005292981410149333,-0.0016698274947032576,0.004512007238029581,-0.002861266507692158,-0.0010076788523644784
2018-01-10,0.00343131316905585,-0.0030763760296325334,-0.0048550681092713885,0.004091626260294023,0.0008367446654215026
2018-01-11,-0.0008635307427596219,0.001694719210215956,0.0029799900956968715,0.003193143325019571,-0.0003006855763870589
2018-01-12,-0.00041014195411017687,0.0024833066979913724,0.003464409913867472,0.0006817889934595956,-0.0041816488364591195
2018-01-16,-0.002334337613839055,0.0027151214988529794,-0.0027513921111450347,-0.0022312563520998125,-0.0004740969501948662
2018-01-17,-0.0016279199830548483,-0.0009727765825308324,0.0014424772385021713,0.009265754333158904,-0.001211487275306596
2018-01-18,0.0021744739067167673,0.008710609845067042,-0.005835068183894188,0.0008054459652963959,-0.00307923615534161
2018-01-19,-0.000621996218312604,-0.002722556639347596,0.0007126580496815917,-0.005055976886962799,0.0009390944224139892
2018-01-22,0.0025311975715985426,0.0011476972779999705,0.0022001108668475043,0.002317610239332934,0.0019750469928233464
2018-01-23,-0.005449170174388397,-0.004303488140031164,-0.00856381067033354,-0.007276174575699364,0.0020519094732321485
2018-01-24,-0.002356610164905115,0.002784859969154385,-0.0018946515226889948,-0.0037294097899391743,-0.0008841589645377642
2018-01-25,-0.009865064962372007,-0.006456861581997964,-0.005916788727984846,-0.005641558831421343,-0.0012592531374543154
2018-01-26,-0.004238675407982173,0.003247249235255212,0.007485924643237386,0.004061163568559641,-0.0027179316230675488
2018-01-29,-0.006971289932544389,0.00218383325648095,0.006971289932544389,-0.002286780435672505,-0.003681694085688316
2018-01-30,0.0064969915227533585,0.004699738856128665,-0.0012889373325114081,0.00859116501280118,-0.0018816645667138379
2018-01-31,0.005684937444524651,-0.002321123523001156,-0.005189401640615298,-0.004860872682319356,0.00030349170992605146
2018-02-01,0.00023217959042869403,-0.0003413770011386764,0.001218236899763614,0.0009636791093215577,6.966300058146057e-05
2018-02-02,0.00042900152743468017,-0.0004378448242221111,-0.00211314357526744,-0.001175145021635243,-0.00039437720080140947
2018-02-05,-0.014216436523036167,-0.004131618193452046,-0.010644219900632114,-0.022617118079811753,-0.01417618444622697
2018-02-06,-0.004005163460980676,-0.009144658802079222,0.02024989726207347,0.01723958038719173,-0.011145305181511918
2018-02-07,0.010561373997076596,-0.004298055595455996,-0.001747364373252314,0.010840178195062677,-0.007777535463086375
2018-02-08,0.004392439972410056,0.008080911312726303,-0.0017445712870818304,0.013569892902734804,0.0009004691802636261
2018-02-09,-0.017851215799735767,-0.0038152661433986657,0.0038688091640544098,-0.0009371340866800237,-0.0005250821856100799
2018-02-12,0.0,0.0,0.0,0.0,0.0
2018-02-13,0.0035929396567304216,-0.00014238934799803895,0.0068936998870630095,0.014207529125242405,-0.008831312981273069
2018-02-14,-0.002867376270864508,0.002986529056661058,0.004473321167550681,0.005789413456243564,0.00039706248434755257
2018-02-15,-0.00609159391754317,0.0002408432615533581,-0.005662713291713306,-0.002678896241127826,0.00427222521091164
2018-02-16,0.002761603599670615,-0.001332698714897651,0.003785494384653454,0.005455914986936723,0.0008122363528442984
2018-02-20,-0.006973423650168109,0.003145125943554006,0.0031233932579850738,-0.0012236330820009356,0.0017762621175719218
2018-02-21,-0.0004097448827767635,0.004506438181490302,-0.0028269816710466246,0.00017187320321264323,-0.0020820187603632716
2018-02-22,-0.00034639308833430695,-0.0012898006551211646,-0.0005626699142585955,0.004487741615171504,0.0005431755873445785
2018-02-23,0.0034321523934277786,-0.0037947997189036633,0.0042639278778296985,0.005021949527651459,0.0013827717425153449
2018-02-26,0.005448710217249153,-0.005775335483408895,-0.0031776224627304336,-0.002941176470588225,0.0032448768676992534
2018-02-27,-0.0011065545453251336,0.0027063857555393424,0.0040680878831989235,-0.0010666503857547638,-0.00024843591790626844
2018-02-28,-0.004914454173001247,-0.0030976269506423513,-0.0024378582545765636,-0.004867929936505272,-0.004480963160659399
2018-03-01,-0.004904675511437517,0.006598143359223841,0.0008639369213259362,0.002138448794071146,-0.00761115281355203
2018-03-02,-0.00518278790048945,0.0019864981564226224,0.0022850056191092037,-0.004541481505685599,-0.002713993024616599
2018-03-05,-0.005801909901097746,-0.007846083755113175,-0.0035492699779054782,-0.0050492028427590084,-0.0009644144425636508
2018-03-06,0.0033985767135967133,0.004243485050898199,0.002949951232666437,-0.0009358914365933391,-0.0031800376543520284
2018-03-07,7.190133453729422e-05,-0.0012750152765047319,0.002233098437502101,0.003508113714006833,-0.0007318581849611708
2018-03-08,0.0006341453556975686,-0.002019237601094703,-0.0009966222558574823,0.0005226112208329654,-0.0013673673760152304
2018-03-09,0.0010200589105096246,-0.004601806466803238,0.0012965629416313408,0.0,-0.0007137290804168133
2018-03-12,0.004526186317685621,0.0012503155527413769,0.0048824525740508,0.004459373742230828,0.0006732483747131384
2018-03-13,-0.0006803591315268642,0.0019715295262994646,0.0009342801447824955,0.0007497341715427079,0.0019652699254358473
2018-03-14,-0.00016155088852993772,0.00016155088852989332,0.0010413162844242763,-7.401486830834377e-17,0.0003062694954189309
2018-03-15,-0.00017857142857145015,-0.0022869022869022705,-0.0033312745812746018,-0.003081842144342123,0.0004704920146096522
2018-03-16,-1.195884057523253e-05,-0.0006999533366192524,-0.0009638054396414519,-0.0011466574934066998,0.00011419584449885968
2018-03-19,0.002183135274829118,0.0027849406910778864,-0.0012282070159499005,-0.0005535229757848313,-0.0017888568306674095
2018-03-20,-0.00019429592696087452,-0.006800000579150978,-0.0031918134007142165,0.000679232467311941,-0.0005395372518623138
2018-03-21,0.0,0.0,0.0,0.0,0.0
2018-03-22,0.004270441363128996,0.002506812544676129,-0.0005614379000675295,0.002114107131323051,-0.001676931875191572
2018-03-23,0.018758957439283463,-0.014136570755694964,0.02110039793910252,0.01457032974953664,-0.016405541249989535
2018-03-26,-0.00451096863585565,0.0076033689114982875,0.004176781378820338,0.001167507159230574,0.002598010221281183
2018-03-27,0.0021441699524659347,0.0027033016869479464,-0.0003835773145572925,-0.010307377412561025,0.011677421261047786
2018-03-28,0.002163368781189101,0.002648597009880915,0.0034006037682260183,0.0013455090481643067,0.0026575750330956704
2018-03-29,0.006317092411016012,-0.003955621382886676,-0.0026328880925281296,0.0030641016996305723,-0.0012772312897825603
2018-04-02,0.003797195094317685,-9.01713255184955e-05,-0.003797195094317707,0.0,-0.0005729022771491624
2018-04-03,-0.000749951532897608,-0.0016519123359498796,-0.004194211628543166,-0.004641567818463106,-0.0015356386681441342
2018-04-04,0.005160492443140052,0.0011223300040316356,-0.007041831903662189,-0.0003830385842205908,-1.0424535135973824e-05
2018-04-05,0.013738940576949066,-0.0011985302712550045,0.010794466391820867,0.012606224605054539,0.0037539089828287388
2018-04-06,-0.005896184267124705,-0.005266313919402865,0.005173582902211038,-0.001204335608189444,0.0014680031634460267
2018-04-09,0.0055080488799065025,0.00013607949443326115,0.0035069956940191995,0.004923539835313047,0.0005315125660195828
2018-04-10,-0.005721238310863953,-0.005408719145144758,-0.00447918583238589,-0.005690376346898457,0.0017238555137267144
2018-04-11,-0.009407294983635572,-0.002646450474109563,0.002354643776054167,-0.003985651654045408,-0.0016359699506100925
2018-04-12,0.0016315431679129857,-0.000894277752363415,-0.0016315431679129857,0.0,-0.0006967084069007518
2018-04-13,0.001271988847484962,0.0028617815427342654,0.0007793552193309907,0.004912099276111581,0.00048538246047878083
2018-04-16,0.002173828099129338,0.0011997521519889528,0.006551343772849895,0.0023743781965784487,0.0025892861009676406
2018-04-17,0.002220956747681302,-0.0028762247368027795,0.0005703377655630116,0.0005507164965939281,9.849486409823866e-05
2018-04-18,-0.0034068115984951415,-0.006433580983454146,-0.003675662832906124,-0.0035114833303207266,0.002503860051343307
2018-04-19,-0.001626911249196339,0.0001370473034203682,-0.001937654870390815,0.004035777990198497,0.002040477003957166
2018-04-20,-0.0015402837193380537,-0.0013008682178524025,0.0007623674978782802,0.0014871480804542479,2.3641626644914777e-05
2018-04-23,0.0026454803045268035,-0.0011454233837709048,-0.002466288771347491,-0.0013265857766796747,0.0001551386765147061
2018-04-24,-0.002049553676610394,0.0007030655924885833,0.0012364426753076695,0.0007056404257736275,0.0015909993026843334
2018-04-25,-0.00022247424721331087,-0.0008285196262352913,0.0015257133208627766,-0.0014134983238707575,0.003213061182283372
2018-04-26,-0.0015556397810064125,-0.002614688259409714,0.0023809523809523725,-0.00029216984807167723,-0.0011866558744013003
2018-04-27,-0.0020688161302983015,-0.009521516047585155,0.0031223936000235545,0.002637991927282441,0.0006110719284632595
2018-04-30,0.0,0.0,0.0,0.0,0.0
2018-05-01,0.0036381242842649097,0.014567403477517771,0.0017696069253288155,0.012259980660312197,-0.00016069936408782796
2018-05-02,-0.0009428049952605597,0.009095710827644266,-0.009095710827644266,-0.020201206003120864,-0.0030906274923735108
2018-05-03,0.0,0.0,0.0,0.0,0.0
2018-05-04,0.0,0.0,0.0,0.0,0.0
2018-05-07,0.003932646789556782,-0.003932646789556782,0.0034426939191173345,0.006293089626423017,0.0013641512240267055
2018-05-08,0.002970297029702973,-0.002970297029703017,-0.003418928703099011,7.401486830834377e-17,0.0007798438219805447
2018-05-09,0.0022199237515600377,0.0013562386980108478,-0.0008636850535490568,0.001695298372513689,-3.7613702206438485e-05
2018-05-10,-0.006565497994069469,0.0,0.006837606837606924,0.00034013605442183753,-0.0020460173459303835
2018-05-11,-0.0050100630119907395,-0.004604138336262587,0.004458597621721005,0.002472925605661835,0.0023703784097790894
2018-05-14,0.0069914557015773315,-0.004153788284627291,0.004813387871484576,-0.002018406094234315,0.0039034206170282426
2018-05-15,0.0003983670765661751,-0.0006663182700652692,-0.0012855133165049716,-0.0010419450015486554,0.0004899443027586094
2018-05-16,-0.0024256218884292522,-0.0035294099665840635,-0.0007220623785628712,-0.003154574132492094,2.8834534577797517e-05
2018-05-17,-0.001126391257311532,8.813351454926014e-05,0.0003312835276126467,-0.00043541401226633656,0.0009892449350115324
2018-05-18,0.007355771140565804,-0.0059560427769233875,0.005183276399630455,0.011690755604991276,0.0021455492746031324
2018-05-21,-0.003081869845746255,-0.003026347741622182,-0.002341878925713292,-0.00320578558304489,0.000832510255114745
2018-05-22,0.0012542554327493738,2.2204460492503132e-17,5.122759597127048e-05,0.001305483028720622,-0.00036889865669099227
2018-05-23,0.00150728980332282,0.00025609463055911155,0.002765165652883406,0.0012865788963373984,-0.0007797150756883423
2018-05-24,0.007513279011107677,-0.003115767922778323,0.008635616559684369,0.0069610387234848685,-0.0035295625263241075
2018-05-25,-0.0037815395993730625,-0.0008269645688267827,-0.0006528860561508369,-0.002594208931191204,-0.002236938395064101
2018-05-29,0.004042767677900905,-0.000960681079870085,0.005919471256357189,0.004253928817129807,-0.002001302061343994
2018-05-30,0.008790320427499321,-0.0005458467112672723,0.010008520955209255,0.008989406063699908,-0.00374358702103721
2018-05-31,0.008682405067346945,-0.0057340527916098566,-0.0003421618081209453,0.004350168714731422,0.001003596700581732
2018-06-01,-0.005344275758976691,0.0024524343530963667,0.002452434353096389,-0.0008428150021070058,0.0012566132276157999
2018-06-04,-0.003560291110648173,-1.5722494381973425e-06,0.0012755810930734637,0.0017550702028080734,0.001549963490245407
2018-06-05,0.004465428937259897,-0.0022696413655808323,-0.0021582331659373514,0.0017602495543671715,0.0006878853795947176
2018-06-06,0.0021148536375108274,-0.0034061742145696577,-0.004741839103787538,-0.003933396958212765,-0.0004183277359502119
2018-06-07,0.001259451434395942,-0.005152476574963139,-0.001259451434395942,-0.006069614765266943,0.0007223420680189826
2018-06-08,0.00035354265096974023,0.001483256256829746,0.0031159735319761465,0.0015871608508729012,-8.314079131580488e-05
2018-06-11,0.00227848101265824,0.0007718696397941427,0.00227848101265824,0.002394504817852718,0.00046600062228403387
2018-06-12,0.003299750436664151,0.004705057294606041,0.008478773077909786,0.0037815104723212386,0.0006219230066318468
2018-06-13,-0.000543434169993784,-0.0011313201583570854,0.0003705571883262815,0.00031140115620718065,0.0009493235427850378
2018-06-14,-0.0037015775821745978,-0.0009950248756218861,-0.0009950248756218861,-0.0009950248756218861,-0.0010886992888748817
2018-06-15,-0.0017623133202007814,0.0010530934620447407,0.0010530934620447407,-0.000591016548463367,0.0002284629519967963
2018-06-18,0.007529796539561584,0.008093962813011358,0.011107661443148342,0.007417105536355883,-0.0035871495324967446
2018-06-19,0.004772644632347367,-0.007068754580479132,-0.0050202978927924805,0.006329113924050611,-0.005754233076257194
2018-06-20,0.007701282754722461,0.008832438363531803,0.008268263469314597,0.007731364528771179,-0.0014576841459384329
2018-06-21,0.0036028883365560654,0.0001733099300941011,-0.0007040485413281061,-0.0028985507246376643,-0.00028524622985996484
2018-06-22,0.0019676204570866053,0.0016281246774079603,0.0005037395755105754,0.000326671944927494,0.00030737786807192235
2018-06-25,-7.146324224795988e-05,-0.0019411978316518754,0.0003078066938548619,0.009216703899976234,-0.003239009432177332
2018-06-26,-0.0017785195304641293,-0.004087212263177209,-0.001355201610374435,-0.001416151334252832,0.0032875695333608
2018-06-27,0.001035434146945202,-0.007505130199270705,0.006966613337717599,-0.0001434002363879805,0.0018438651977952965
2018-06-28,0.00048671577344667756,0.0017149101619365005,0.0037262693575049527,0.004182589263813485,-8.043015637983127e-05
2018-06-29,0.0030023559306273655,-0.00010893246187362316,0.00010893246187360096,-0.001494768310911813,-0.0011468285050513097
2018-07-02,0.009637485512890988,-0.0051105887965035915,0.0030732902390031786,0.006403572378718905,-0.011242171960045465
2018-07-03,0.003942355118118424,0.00033129658955302014,0.008428692647285874,0.0020785264443612256,-0.005814983740669251
2018-07-05,0.0004169849403915949,-0.0012831582596263052,-0.004256871808138608,-0.006166643293983438,-0.005940821464267117
2018-07-06,0.002168205064223417,-0.008675505715452126,-0.0020002810684688122,-0.00016906096908544726,0.003539381221801373
2018-07-09,0.0008011138591517137,-0.004235457202644354,-0.0012755300712609776,0.0003536408907274767,0.004020182640726533
2018-07-10,0.0014896543555107384,-0.0067327332566834664,0.015398210285778815,0.019273348707921356,-0.0010406256606804295
2018-07-11,0.0026459463461797174,-0.004169791174272653,-0.0020938530403984195,0.0006035504971145297,-0.0025043645012201706
2018-07-12,0.0065964827394370045,0.0010436125327648593,0.00629464577565635,0.006241196561131468,0.00044872416709975396
2018-07-13,0.0008326185076209529,-0.0005234033260593129,-0.0003887898015628499,0.000356570610572449,0.002669632366199104
2018-07-16,0.0,0.0,0.0,0.0,0.0
2018-07-17,0.0027534499609479074,0.002473599513341297,-0.0062232530917195605,-0.008834733075688845,0.00518903529424435
2018-07-18,0.002703024219196104,0.0014146508126139602,-0.0011296509306956358,0.0010851966321776408,-0.0013163229573664808
2018-07-19,-0.004280721186765035,-0.0010669211035314599,0.00908072118676504,0.01200000000000001,0.0012773968340084301
2018-07-20,0.004785840520184382,0.006379158257021822,0.0037142308369964906,0.003818708908063254,-0.0033126040174380673
2018-07-23,-0.0009701972228644436,-0.0026294912529295058,-0.0028055076260431683,0.0008586272030229067,-2.856766211047651e-05
2018-07-24,-0.007336991337774346,0.0009144339346511599,0.006046668757129203,-0.001612903225806428,0.0011756289532823293
2018-07-25,-0.0031541331480299914,-0.0031735531906572634,0.005333841601524813,0.00480153649167725,0.0021232651775539534
2018-07-26,0.0010952428046088424,-0.0020050125313283208,0.0014167862129689456,0.0009949184594904164,0.0009462133580981783
2018-07-27,-0.0022883437799769758,-0.0036086169399411226,0.0030402234792251013,0.0012531328320802095,0.0003961170811115551
2018-07-30,-0.00045116184869367095,-0.0024511618486936725,0.004473917853750553,0.001685630004214067,0.0005805640746325051
2018-07-31,-0.002278169240267514,0.0038894104363475174,-0.006435640687572608,-0.010233426194330809,-0.0028405673321093366
2018-08-01,-6.585193062824679e-05,-0.004819894045648621,-0.008651715937351367,-0.009963078533213442,0.00262909221573809
2018-08-02,0.0041623908872472585,0.00047991782143246226,-0.0013923334527964786,-0.0014675377834902402,-0.0050766975928468495
2018-08-03,0.003899383321543293,0.0018997693831719344,0.003173281883938773,0.005475451878480336,-0.0038687217606867812
2018-08-06,0.0004547311658797293,-0.0035542785784903777,-0.004317404762503618,0.0003025499955322808,-0.002549232911156124
2018-08-07,0.0029285613514539845,-0.002236220373522402,0.0036645950003256107,0.00507839192654932,0.0019293356069869502
2018-08-08,-0.0016410098980757847,0.0017542033304148057,0.0011192714395861006,-0.003814778149122733,-0.0024661848662597585
2018-08-09,-0.001003238785900096,-0.0027568922305764468,-0.001249715197083612,-0.0012379163889987442,-0.0017699184437487022
2018-08-10,0.0023570191671542728,0.0005586033272523046,0.004725977581967734,0.00898581144089275,-0.002827986401232091
2018-08-13,0.0023573603752907965,-0.0011005368233974575,0.01285967735471627,0.0025019529109595712,-0.013348513672301466
2018-08-14,0.00029231993905940454,1.1706126416655138e-05,-0.004365731575830734,-0.003843595558652874,0.002907116260065032
2018-08-15,0.004139847566352018,0.0007966848586882904,-0.007763789177815861,-0.007305520489801801,-0.0042060121401751305
2018-08-16,-0.0001802306291832646,-0.002438283850011591,-0.0016554726345369142,-0.0005447845957226876,0.0022424964217819744
2018-08-17,-0.0003867313528910903,-0.004966326074560401,-0.004601269071872682,-0.0024940002123818865,0.0014391255626072339
2018-08-20,-0.0036522442370543477,0.004973533381004836,-0.0020515121707740613,-0.004405381944444453,-1.4132583147138453e-05
2018-08-21,0.0009642197706058121,-0.0009642197706058121,-0.001185090502926922,0.0,-0.00045198201605154683
2018-08-22,-0.00021682835120375728,-0.001724279316010069,0.0008331406147798151,0.00360836269991871,0.0012892527701100238
2018-08-23,0.0,0.0,0.0,0.0,0.0
2018-08-24,0.0006031527668090676,0.0026659708359680684,0.0005800123393675306,0.001878585920490239,0.0006455648956561738
2018-08-27,-3.985130612509406e-05,0.004373514054836792,0.0051253578036999595,0.007466520221416384,0.003500917286100678
2018-08-28,-0.001516196300455075,0.0005440799073613168,-0.0036553374499535217,-0.003613862093549219,-0.002242508137743868
2018-08-29,0.0012037833190025717,-0.0017287177022046853,-0.001486550045976465,0.00028191832493730984,0.0005796721642449723
2018-08-30,0.0015796207369255244,-0.002891956694930764,-0.0013123359580052398,0.003540533248636485,-0.0015072975174601684
2018-08-31,-0.00048535736800738873,-0.003440969132819771,0.004977453617150518,0.002236973816055754,0.001622511056760903
2018-09-04,-0.0006951770864751738,-0.0013982869265260379,-0.000667508844636422,0.0009330398032401615,-0.0020417240013647087
2018-09-05,0.0030327461483240503,0.001576702192280077,0.0010359801488833533,0.0022096082656661983,-0.001536050720898117
2018-09-06,-0.00030659149002463246,-0.0002230299053699979,-0.00025705971357496975,-0.0022909240006566503,-0.001515624529086268
2018-09-07,-0.004844775512213051,-0.003765571541464752,0.0047112944507089255,0.0028938656233009454,0.0006772558828915548
2018-09-10,-0.0027297537869953375,0.0031424363595836,-0.0017357785299905615,-0.0022160147514620155,0.0023850088986580096
2018-09-11,0.0007372346354852068,-0.002896427705632188,-0.004144030650214892,-0.004118842792404061,0.0019921649588690157
2018-09-12,0.0009029866672125577,-0.0016837650283104467,-0.001974050821149098,-0.00020708023987421327,-0.0011556829528237098
2018-09-13,-0.004719034077649198,-0.0071513217952130954,0.0035289291572416113,-0.005546713526419185,0.004876686347451825
2018-09-14,0.006994526627979924,-0.006162814375302972,-0.00853774312996989,-0.0030340419450060976,0.0026126039470762384
2018-09-17,0.0,0.0,0.0,0.0,0.0
2018-09-18,0.0016369028781459969,-0.019181370765241335,-0.0018841951617508904,0.0005652037490162082,0.012860848518473304
2018-09-19,0.006375730470379671,-0.005254210629852853,0.008802219037872927,0.007458298320774737,0.0036680297646773156
2018-09-20,0.006295402047815868,0.010517027877496931,0.001845088190378097,0.0038583633806478154,0.003304126204385491
2018-09-21,-0.002792793905751245,-0.0033222078096864617,-0.012086132980186794,-0.0172528789759836,0.0031770707984352044
2018-09-24,0.0,4.4408920985006264e-17,0.0,-5.551115123125783e-17,1.3061447348531253e-17
2018-09-25,-0.006438504707365157,0.001288741592045262,0.013405727877347508,0.001645678719319356,0.005098517546618634
2018-09-26,0.002274702145204444,0.008158517818716217,0.0009978568066181257,0.0003413803633208357,0.005329500325347965
2018-09-27,0.0012212327663548186,0.007116091407873438,0.0018129203866227074,0.0019297167628791003,-0.003529765954688255
2018-09-28,0.0013830141820557083,0.004860557899394125,3.219186560166022e-06,0.0075044344385318444,-0.0010094560945626714
2018-10-01,0.0003772083763982525,0.004465285689957832,-0.0019912727508038853,0.0010754419560137967,-7.627954902103388e-05
2018-10-02,0.00783726653724941,-0.0011270555632532544,0.005561560549809075,0.007011380074070025,-2.339547949740052e-05
2018-10-03,-0.0027226850566634876,-0.001394071477871406,0.007809275818246553,0.006623808041425705,-0.0035325832174237597
2018-10-04,-0.005435620994428669,-0.00399464543469219,0.004622525619023987,-0.0009062395126664883,-0.00184377028406979
2018-10-05,0.00038729977274856156,-0.0023780255883010916,0.002324479838127291,-0.00028768310747038855,0.0024571770239147066
2018-10-08,4.4408920985006264e-17,4.4408920985006264e-17,-4.4408920985006264e-17,0.0,1.3061447348531253e-17
2018-10-09,-0.005884964034092909,0.0011052055397265952,-0.004815556066244464,-0.0028328728946471803,-0.005935095389221636
2018-10-10,0.006280526487800464,-0.0016624311482297926,-0.005371274135673244,5.6779967734343906e-05,0.0014673927255790008
2018-10-11,0.0030205344164708327,0.00566098476376533,-0.0057455468471653065,-0.00044718783902312174,-0.004896351972783956
2018-10-12,-0.0009283094760189406,0.0024282777087486274,0.007026730442999552,0.004984661726801962,-0.002440416233549429
2018-10-15,-0.003671008655497743,0.004477611940298498,0.0052842152250992536,0.0008066032848007555,-0.001554180948558604
2018-10-16,-0.0008333139414549162,0.0015506333559098806,0.003954044728777006,0.0002884201465211953,0.002821859907052559
2018-10-17,-0.008003979831804077,-0.000586456521034351,-0.0020339005052173453,-0.0048006219138321555,0.0024572347148160375
2018-10-18,-0.0049448291465844065,0.012243911099258998,0.010177527233504935,0.0065012244473677035,-0.004083857666475154
2018-10-19,6.205497825446634e-05,0.005689611819513286,0.0075062922489104855,0.0035110130167136638,-0.00032217680456983965
2018-10-22,0.001179621114276319,0.0028245817644676043,-0.004596546082158603,0.0003141008369821267,0.004003509928291924
2018-10-23,-0.003165544601288507,-0.000248232133130322,0.001665881225617949,0.0025368970407733905,-0.012216136958693998
2018-10-24,0.005498688283071984,0.00030717455003101933,0.005790270890305461,0.006161051508619012,-0.00036955448604633785
2018-10-25,-0.005036860803331856,0.002893766025177014,0.005587776231340769,0.0049882836027422784,-0.010518217383514198
2018-10-26,-0.008520660961980321,-0.0034108238874770206,-0.001445993272051171,-0.017494910715952366,-0.005488715716981611
2018-10-29,-0.0030630445232916696,0.004907617275243515,0.001862048569066977,0.002529084412861741,-0.0019385057724182883
2018-10-30,-0.005256511684518017,0.010827336699577295,-0.01419683848250295,-0.005889423076923084,0.004467468915814242
2018-10-31,-0.005158767056612402,0.003152263821719892,0.01125795598717545,-0.0016664142851221162,0.004873744477001468
2018-11-01,-0.001686961724944069,0.007704712206826026,-0.002688030326895152,-0.001886710333848231,-0.004686035324716016
2018-11-02,-0.012520035170575539,0.007859746230638032,0.0035208652481776292,-0.0015670172946180374,0.0029499744272286957
2018-11-05,-0.0016555452770234957,0.0017699294292290446,-0.00074036696561004,-0.0019965935355279463,-0.0009826903528471487
2018-11-06,0.003295365055007338,-0.0019966637563060274,-0.003541673076079377,0.0008377182803744887,0.002156951375136861
2018-11-07,-0.0023712414122474493,-0.00309152233325507,-0.005161294030287378,-0.011400731876630847,-0.004628638254585227
2018-11-08,0.002311829632228135,0.0002984873348322427,-0.0013577073637200514,0.0018367647142024436,0.0006020878115293856
2018-11-09,-0.0017809545561024544,0.006892391212410854,0.005982250635174791,0.004494868885769394,-0.0026363579690594514
2018-11-12,0.0002526024329721822,-0.0010072186924639849,0.0022473975670277645,-0.000573086806147501,0.0007624699573829385
2018-11-13,-0.0022501332327023783,-0.00120408528488809,-0.002189699851753435,0.00023920131696917885,-0.0003370957393160884
2018-11-14,-0.0048388087476246575,0.0027013065624891027,0.0090831774152768,0.003819055464540533,-0.0001629399343835828
2018-11-15,0.002366866044837934,0.0006044932158808302,-0.0036841510314701287,-0.0005012454843162557,0.0005196447556110007
2018-11-16,-0.0014634146341463428,0.0014634146341463428,0.0016560928615066306,0.0004816955684007196,-0.0003737460019958985
2018-11-19,0.001079797588136433,-0.00428847717334524,-0.011977992478532772,-0.015613483734590539,0.0006216773415479176
2018-11-20,-0.0012780033302369534,0.000839637796493875,0.00041729092453721616,-0.0013208635081193298,-0.00292338222341114
2018-11-21,0.0020011038374768476,-0.0006006204043883745,-0.0007193147664061873,0.0015937832580342707,0.001012491664463469
2018-11-23,0.0,0.0,0.0,0.0,0.0
2018-11-26,-0.0009504541179799152,-0.00010245471330458931,-0.0006140362497957017,-0.0014697619175831924,0.0003714180183415595
2018-11-27,-0.0015675908081211885,0.0019299789378053988,0.0003913395372536321,-0.008572551746696244,0.0011958980887669015
2018-11-28,0.0009755001472160796,-0.0033886010420606464,0.0013825329164660616,0.00020483921458217403,0.001593169538702614
2018-11-29,-0.0022250930561891202,0.0011690410659373372,0.0024407173665153435,0.0,-0.0009333942227836403
2018-11-30,-0.004702298569738495,0.004548806628065449,0.00021575819087504833,0.0,0.0022595360755910854
2018-12-03,-0.008174090993509898,0.0013122191013551056,-0.008575549245414704,-0.012695481820185895,0.0011985950852845002
2018-12-04,0.0069276194008743176,-0.008472138929581029,-0.018238773561719258,-0.02478129717281996,-0.00633111501757461
2018-12-06,0.006956146887481696,0.008648633227421511,0.008442844991415389,0.008862346692732207,-0.004055144742600583
2018-12-07,0.0017853882698062986,9.35453695041666e-05,0.0031146071279444026,0.002291537498177565,-0.0009435742639554744
2018-12-10,-0.0017629568479501146,0.003504278363665847,0.0052456965407377655,-0.0003275600501648256,-0.0042492868296545175
2018-12-11,0.0003000366607913917,0.004093381625639392,0.008374672917410831,0.00405289302903263,0.00039646259625267407
2018-12-12,-0.007075624875677011,0.0008529562163693159,-0.009170105299662935,-0.008833604860475226,0.003979476785047163
2018-12-13,-0.0013083001903788194,-0.005567850582979084,0.0037710688802319757,0.0034202650705429565,-0.00256923504600516
2018-12-14,0.004998413126396884,0.002661746250667818,0.008018802943495041,0.0066423677606663265,-0.0024995350736616295
2018-12-17,0.0061228095239814545,0.006245050241824202,-7.908260128066703e-05,0.010835801242167847,-0.0034862943302781326
2018-12-18,0.00035987420617289396,-0.005726519819844467,0.0025079318805765866,0.009516131650312898,-0.00706272973891233
2018-12-19,-0.0057524451528281565,-0.00784618487578246,0.004426194625979152,-0.00338093559338141,-0.006105476816981762
2018-12-20,0.011685822291108417,0.004336927384602075,0.006646396206772965,0.012289180246153372,-0.009858291845731903
2018-12-21,0.008657577190005771,-0.00447712464690817,-0.001231901868343366,0.0024207803245758323,-0.011714806377952825
2018-12-24,0.0,0.0,0.0,0.0,-6.530723674265627e-18
2018-12-26,-0.009810514864056331,-0.016848685851178668,0.008753123615449577,-0.00834833439924873,6.264779195710838e-05
2018-12-27,0.008310210717373166,-0.011580741368075943,-0.01117922423532407,-0.002818425591707474,0.005611152723887687
2018-12-28,0.006039119177903785,0.005083080162716369,-0.001820261462555184,0.007581060008730545,-0.0009967355388425427
2018-12-31,4.4408920985006264e-17,0.0,0.0,0.0,1.3061447348531253e-17
2019-01-04,0.00348622551224902,-0.0007418214755273273,-0.010055626481611468,4.2423556790960326e-05,0.0025854126700754322
2019-01-07,-0.004987424538468721,0.0025632091954946204,0.009465633712718666,0.0004911974012703491,0.0055661136587318236
2019-01-08,0.0019693643694131072,-0.010763507354541235,-0.006213468030615932,-0.0034408864686111817,0.0009780771943023311
2019-01-09,0.0009681479769165782,-0.0023485011059811937,-0.0024044970167323987,-0.00029168609572921556,-0.0016586952027963003
2019-01-10,-7.59259231999153e-05,0.0007233630175793816,0.0014672174862541132,-0.005382530586035383,0.001468189443765693
2019-01-11,0.0010804391538083327,0.0033883212767351844,-0.0017610900984394774,0.0007580637632451093,-0.0003922258119637749
2019-01-15,-0.004382129904812061,-0.002564994150136002,-0.004643651920368486,-0.00364043695933296,0.0009642042246342405
2019-01-16,0.0018897017449914122,-0.001901753055347166,0.0015381074428814758,0.0014915433162042305,-0.0009108122629321689
2019-01-17,0.004418990406440226,0.00156354799773597,-0.0035873671139980082,-0.000639140410113126,0.0022304134523338922
2019-01-18,-0.0007709025910148438,0.0017244186815989606,-0.001823839641829128,-0.002594742232843972,0.0012703414454243917
2019-01-22,-0.008724404454998292,-0.0031984641819043707,0.0014177007980348492,-0.006583150118290452,-0.0020767695213595484
2019-01-23,-0.001755146156874421,-0.00023869156762446048,-0.0011990757212859472,-0.000699220305977211,0.001233151679868744
2019-01-24,-0.002960670509426855,0.004146985653749447,-0.00822692940322507,-0.004139740547110072,0.0026843267108046195
2019-01-25,-0.0017003188097768351,0.0,0.0017003188097768351,0.0,0.0005000937675814221
2019-01-28,-0.0006566604127579812,0.0,-0.0006566604127579812,-0.0008208255159474764,0.0001931354155170533
2019-01-29,0.006512566487553718,-0.003483864149273041,0.005844967703250116,0.009125671339756058,-0.0020858995887091817
2019-01-30,-0.0008194746955358715,0.0005129147243542627,0.0037483093886206517,0.0008024270731341321,-0.0001816084157901733
2019-01-31,-0.002000845094230286,-0.003773975004147179,-0.00226859866006115,-0.005128162725103838,-0.0013738912309992782
2019-02-01,-0.0006721533861445915,-0.003784972825019573,-0.0007102070202481769,-0.005642157842066323,-0.003279735409540858
2019-02-04,-0.00039356899416280716,0.0021155132981846235,-0.0031298510059281524,-0.003645937300414204,0.002319429672909539
2019-02-05,-0.003139296497918065,0.0012857069929916643,0.002040353844784182,-0.0018856600741213683,-0.00013326085125098906
2019-02-06,0.00026606762695418067,0.0005284976744889258,-0.0016923991375745516,0.0008235449715930543,-0.002891389523521859
2019-02-07,0.005462428143878895,0.00870264363030806,0.009065948733609464,0.013044912757525555,-0.0049816019220020125
2019-02-08,0.003401312196876916,-0.0026604885892156814,0.004069225400008513,0.005088801810787509,-0.0025052731177919434
2019-02-12,-0.005970265491492999,-0.006065867785948065,-0.005751032770658937,-0.006065867785948065,0.0021893673701018977
2019-02-13,0.001883976771814333,0.002342008761281633,0.0009343054311175658,0.003739224841891782,0.001274465869638034
2019-02-14,0.0009772465805281572,0.0018079438437683894,-0.0007772465805281348,-0.0027862312103249186,-0.0012892487686469805
2019-02-15,-0.00114823603860148,-0.00034013605442178023,-0.0014883720930232603,-0.00114823603860148,0.0003377164819416118
2019-02-19,0.00034844788692456243,-0.002272986434805957,-0.003957788756607239,-0.0045116760871034,0.002208503509067741
2019-02-20,0.00329184561093332,-0.0015981299391889525,0.0024815616848616663,0.003235131204518615,0.0009499274986908279
2019-02-21,0.002239912086242546,0.0007608464876384779,0.001727030062517687,0.001983471074380122,-0.0009429693120946665
2019-02-22,-4.4408920985006264e-17,0.00239808153477219,-0.002993333280961253,-0.005995203836930474,-0.0005302440554656321
2019-02-25,-8.782276349588152e-05,-0.001246495513261814,0.0038744359586491807,0.002561212881778953,-2.5378445298556936e-05
2019-02-26,0.0019232904347683101,0.0013014068457156025,-0.002325161975233736,0.0011679232298476673,0.0002683449173478207
2019-02-27,-0.0004979561501300635,0.0,0.0033413793626937416,0.0014245014245014194,8.215313190033036e-05
2019-02-28,-0.002644745318681552,0.003317641178347697,8.201645839212024e-05,-0.002210135354868725,-8.949210129251833e-05
2019-03-01,0.002542340380967545,0.0005537686465208578,0.002028603712828847,-0.0006405210600237687,0.0004047223279066572
2019-03-04,-0.002057449463644301,-0.0032394391272523304,0.0013158438962260544,-0.0010498689511304875,-0.0005378994274616365
2019-03-05,-0.0006471859421500971,-0.00018635644906259694,-5.934379663763423e-05,-0.0006655796978376927,-8.462587742550637e-06
2019-03-06,0.0005208333333333482,-0.000606051358309645,0.0002460024600245969,0.0013020833333332593,4.7289539720088264e-05
2019-03-07,0.002959994201344918,0.00825880087409736,-0.003351802657111858,0.0018753393976260373,-0.004440914691076325
2019-03-08,0.005711692318868167,0.001673958601419168,-0.001919749046704178,-0.005097629466849689,-0.004599032997973648
2019-03-11,-0.0019291610952383077,0.0008221130574107339,0.0006066453335132004,0.0007949343099700557,0.002161983249271082
2019-03-12,0.0019483425442278655,0.005407139991977528,0.005407139991977528,0.003518680460598589,-0.0008049706579593239
2019-03-13,0.007013020542564274,-0.0014970688061990201,0.005023914111101236,0.008605753514220363,-0.0016849499195400006
2019-03-14,0.0005295682830497084,0.0014991649883259628,-0.000438810836364678,0.0016250643801730912,0.0005220060308337438
2019-03-15,-0.0018640435472118135,0.000415762783738427,0.0008250825082507963,-0.0010126582278481104,0.000845898347799572
2019-03-18,-0.0031704477439399303,-0.0010739480415830286,-0.004538471384388299,-0.005463468805879982,-0.0007561098503557515
2019-03-19,0.00028647308681408753,9.144573380672762e-05,0.0029217421579304406,0.0016128977195598694,0.0008922861128337035
2019-03-20,-0.0005032132165391002,-0.0008358049861188599,-0.0038423763864002367,-0.0017457981062466619,0.0008544989767987114
2019-03-22,-0.006348981337824688,-0.0025113255784196876,-0.0067726293683175506,-0.0154969196791818,-0.0003486374052155977
2019-03-25,0.011452201652003181,0.011545459499953583,0.004359312330054243,0.015285599356395802,-0.0009867802980448087
2019-03-26,-0.004458152122996273,-0.001173941906907383,0.0004783336430373092,-0.003829321663019636,0.001011335163831098
2019-03-27,0.000278688053481968,-0.0031881057920616135,-0.0023212655685433074,0.00034654344675202767,-0.0019000067221520177
2019-03-28,0.0012825072675230142,0.0009385154192530277,-0.0005380473645190786,0.001941679817088889,-0.0007061903137976402
2019-03-29,0.004151440375749105,-0.0011387371922417567,-0.0020482880787511927,0.0030280921957954914,-0.002322013556515264
2019-04-01,-0.0038723531017356375,-0.0031669642353022946,-0.0010981028600129728,-0.0018815337909187655,-0.002034669967529258
2019-04-02,0.006732261070408941,0.0015905446073371191,0.005399993203011478,0.003305736405746347,-0.0037253834382406795
2019-04-03,-0.001745003636975051,0.002543029052774947,0.006257120089808166,0.006425302248454512,0.0037004708945402864
2019-04-04,0.000533008349690034,-0.005054706310906876,0.003701900694324034,0.0018267232597170557,0.0008627951306037545
2019-04-05,-0.001927541889102602,-0.004460304143444093,0.0022633810083542817,0.0017760409552958674,0.001206512440926282
2019-04-08,0.003166549974725208,-0.0024551101359600036,-0.00014184748586332251,-0.0011265169342292213,-0.0008097295537325182
2019-04-09,0.004358775304433693,0.0014304604896827377,-0.004667556843217624,-0.003248994555749451,-0.002532813787999476
2019-04-10,-0.0025374430057589553,0.0011783202944826373,-0.0016129877314207124,-0.005548935915246966,-0.0010273820007953099
2019-04-11,-0.0013068663865782202,-0.003356204062807611,-0.003936129577723113,-0.003968797147796066,-0.0018605939941666756
2019-04-12,-0.000750307013079143,0.00044367372146458806,-0.0003998014192966087,0.00032893081793259346,-0.001965689238653302
2019-04-15,-0.0047088190663822525,-0.004777378639496144,0.0060081545566912364,-0.0009165530021331582,0.003420349863807041
2019-04-16,0.0040000118194622345,-0.003499841624183331,-0.0011419211924217356,0.001654838520085781,-0.0006482312827710409
2019-04-17,0.0030583934002231805,-0.007054843432473378,0.006372102291999693,0.006291283787616819,-0.000199314748600276
2019-04-18,-0.00015673592193838942,0.0014694208110508148,0.010327962669470558,0.008759053367670421,-0.006584415871668503
2019-04-22,-0.006702465936808099,0.0020535803337720752,0.0073371356266252585,0.008050319497712214,0.0020827470276992767
2019-04-23,-0.003529752295031075,-0.0027401405586768403,-0.0027771226014583258,-0.0026968716289105243,0.002171238564966208
2019-04-24,0.011891571676134418,0.004057694999296935,0.003605133476312861,0.005213985780206893,-0.0057281999017356556
2019-04-25,-0.00033784018026428164,0.003434375179024985,-0.003202218538151636,-0.002366705078926186,0.002574128132084953
2019-04-26,0.0005462865751598711,-0.0009202818384394407,0.0019801655389134476,0.0009589659802537638,-0.00014905390211202916
2019-05-07,-0.0007444515611355392,-0.011935495794078488,0.012294156016770863,0.006198596089183144,-0.0054451280048224745
2019-05-08,-0.00928739278484423,0.009736476947738139,0.008974786447755269,-0.00795507456190751,-0.01588514701868485
2019-05-09,0.005761571959034839,0.005153411972439637,0.008818751622942524,0.012733539127235832,-0.010628268555710856
2019-05-10,-0.00039118194041865006,-0.0028171185142955362,-0.006866045834790047,-0.005988891207364741,-0.0008484242380450065
2019-05-13,0.0006129660029680745,0.0006200923318509628,0.000731114673293854,0.0017032573089108185,-0.0019238459360449401
2019-05-14,0.0038272009362695153,-0.012926034772015083,-0.017060219239891827,-0.01081868938768218,0.00335592631982063
2019-05-15,-0.006667591947530771,-0.006271258626924282,-0.005026217439091797,-0.0035838205227541734,-0.0014960139630973326
2019-05-16,-0.004373497260949067,-0.0031230679110918922,0.004948222690443482,-0.00373276525191697,-0.0018059054605299113
2019-05-17,0.0031583819159336727,0.001732177018392544,-0.007076696763794566,-0.003990999580360348,0.0035274543937860153
2019-05-20,0.0018128348237578475,-0.0026787761601640312,0.008219840906595579,0.008319988478558499,-0.001944255625757912
2019-05-21,-0.000344609514181915,0.0006581613475500346,0.0003393839449405522,-0.0021421871875138554,-0.0007262586138695982
2019-05-22,-0.0004970382701360966,-0.0006924689977359177,0.002795472692208878,0.0015658476957276513,-0.0007271449417419555
2019-05-23,-0.0019392581651888287,-0.008292075833335289,0.008584009480566968,0.0007999976019711864,-0.0017687365877358825
2019-05-24,-0.0026717986586383136,-0.0070197543088941885,0.0007143113316139929,-0.004492756636148528,-0.0006131385147888554
2019-05-28,0.0025816598186290786,0.00041434898137149333,-0.0022992947048701587,0.0006894790465112599,-0.0009805812673631643
2019-05-29,0.0018171094638797843,-0.001523851594692705,0.0022456799224337856,0.0013202721856641455,-0.001548350455277563
2019-05-30,-0.0052786889246641,-0.008675604263263349,0.00810001686670283,0.001466042709131865,-0.0005426170887664355
2019-05-31,0.0073909517400255744,0.005466309384577439,0.008735731624405798,0.011663229882712702,-0.005500826527164104
2019-06-03,0.013108964151799608,0.0027625011136819476,0.0012695218006110623,0.005538383987964718,-0.0044447043709301215
2019-06-04,-0.005219739418905611,-0.006545629355631587,0.00689880414547428,-0.0004345308154853622,-0.0028374210795699423
2019-06-05,0.0031950656141553234,0.007800542589488569,0.0016907908853925025,0.007455015848524461,0.010813980677644523
2019-06-06,-0.0019041940590783346,0.004620832388354779,0.003165024731673749,0.001576038340744268,-0.001124106262486471
2019-06-07,-3.7921207267421547e-06,-0.0014487829767414473,-0.0013258302086935237,-0.001140924072577117,3.250878127441743e-05
2019-06-10,-0.004621841037532982,0.003666889884045377,-0.000638758852921173,-0.001348112424746954,0.002988384097165502
2019-06-11,0.00023260656315569049,0.0011820252516878905,0.0009986452043065472,-9.640012721041675e-05,0.0020834188487816696
2019-06-12,8.62573446807069e-05,0.004169539767991859,0.0021029496417003025,0.0005506325049765338,-0.0008607455682177108
2019-06-13,0.008879647511533539,-2.3644708649150827e-05,0.0005548786678017284,0.005615827275362907,-0.002767914646564601
2019-06-14,0.0013867981304191094,1.332267629550188e-16,0.0026975934124190636,0.0037239249964552594,3.5292256084412336e-05
2019-06-17,0.002862439031408282,-0.003634046139244318,-0.0026909280896629585,-0.00026396163410865215,2.7203370063984512e-05
2019-06-18,-0.00028244500897545155,0.011566364507045046,0.00818511943366933,0.003671373044689799,-0.008930277560174485
2019-06-19,-0.00769032902653506,0.002234859728189198,-0.00706320170954009,-0.005517940371398315,0.005468287773516274
2019-06-20,-0.004260517219388804,0.00039853970414931443,0.0019910423379288834,-0.0024488494460862538,0.0020114716709925752
2019-06-21,0.0017905334047146676,-0.007453834224983557,0.009576538146043489,0.00489300075420449,-0.003430416922097243
2019-06-24,0.001817095301773164,-0.001578391774396293,0.0004979768306529798,0.00133379905815074,0.0004267412785394383
2019-06-25,0.006793752894620631,0.00612920885509758,-0.0029801622357674483,0.0018580608185972218,-0.0036420151764131343
2019-06-26,-0.0009653750947477892,0.0006916289033527035,-0.0008759246141507803,-0.0015914096596396485,-0.002420593162224042
2019-06-27,0.0019633557153403876,0.006385018578158187,0.005585176105504887,0.0018069101407407369,0.003093412743413081
2019-06-28,0.0052686329022287644,0.003632404378176357,0.005042804019827351,0.005778282095961235,-0.002087212760611288
2019-07-01,0.006077821352917701,0.011955175130840101,0.0017202445839105576,0.011937684513692225,0.008312975026968587
2019-07-02,-0.0013943643544557021,0.0001245420550118668,0.0017223243276634384,-0.0038153015436746354,-0.0006729280411124541
2019-07-03,-0.0027329627851354404,0.005810042514738534,0.00725212499756649,0.0016170763260025534,-0.0017684095445868366
2019-07-05,0.002182960842461834,-0.00345508769096512,-0.003289150645710737,-0.0022962112514351984,-0.0003700838920127233
2019-07-08,0.000939614323832961,0.0004220399674947702,0.0018853471371754974,0.000741765887458662,-0.008934316310927462
2019-07-09,-0.003006301441434323,-0.004044997461438049,0.0012333404555520122,0.0021631264912085283,-0.001159280689879746
2019-07-10,0.0008191743262839332,-0.004274338237747877,-0.008624994397948794,-0.005326712628578134,-0.0005852190274432988
2019-07-11,0.0017686929036851754,0.003111309241218607,0.00021105312636093831,0.00017799070164277887,0.0007197186958359411
2019-07-12,0.0015203738035173943,-0.0027048360895423505,0.0019671530784979518,0.002789995144143487,-0.0013611084912954093
2019-07-16,0.005294638168974953,-0.0035468988353073434,-0.0031018789952040214,-0.0016060535041476308,-0.0037522937082994172
2019-07-17,-0.0017726521400489139,-0.00019518783805767543,-8.15141007497243e-05,-0.001319292175571396,0.0008221779786186558
2019-07-18,0.009536072416107832,0.013342803754930778,0.0066347205252452295,0.005079986764453217,-0.019391483462919443
2019-07-19,-0.008714068974000488,-0.0018144551631044557,-0.004557454467064902,-0.0119052815080328,0.011900825946070677
2019-07-22,0.0033727337784029477,0.0010155540558143051,0.0038491302983998388,0.006910819986180583,-0.002075357320642816
2019-07-23,0.0024749324617252544,0.0035069628685543645,0.0011889634404375295,0.002266870532682837,0.0029338072594425825
2019-07-24,0.005300157300862996,-0.0033987909999404933,0.0029758956795788776,0.007300815459048667,-0.0005862785475868539
2019-07-25,-0.00018613982835597983,-0.0041840651135805155,-0.0025291676498686135,-0.0008570864302980818,-0.000314082380140001
2019-07-26,0.007318060489273459,-0.0003799588866030045,0.003780315001884804,0.0031237448109881568,-0.0021347137221157764
2019-07-29,-0.001675865735762949,0.0018476220932198476,0.010527567365709811,0.004551476692155132,-0.0021381234953156397
2019-07-30,0.0017393445431075792,0.0032517764264410336,0.0061249888082297145,0.004224063257183985,0.0015184537881251417
2019-07-31,-0.000520617585970329,-0.0020056900984401385,-0.0029259371225512035,-0.0017512612173645377,0.0019324707728878418
2019-08-01,-0.0012698321910263658,0.008454791225424786,0.0029944221919592897,0.004806241640383679,0.001522758900122349
2019-08-02,0.00935446747860056,0.009769917132100759,0.012733131806820099,0.01179002649237399,-0.0154398869740877
2019-08-05,0.006582878586643615,0.0027448313446625915,0.004378931418721299,0.008808621976491956,-0.016222246620565046
2019-08-06,-0.0038901858518189283,-0.005434610410836881,0.0027108237527106345,0.002048753514028113,0.008278357271163753
2019-08-07,0.0026760023008566506,0.0008862741336980619,0.0016847068847120287,0.00398870673823409,-0.0002529294795843818
2019-08-08,0.006184732420208428,0.0059544161817979505,0.008656651263035563,0.006323320751027531,-0.004684591972032121
2019-08-09,0.002740465992483765,0.004179516950960549,-0.0019998283040170376,0.01701718159554516,-0.002321518116723294
2019-08-13,0.012414435604170437,-0.0014263196937281068,0.010413459875941222,0.011541418244540216,-0.00702766835284043
2019-08-14,-0.0036649698199018314,0.003947350703612074,-0.006371171918332786,-0.0035073446531227685,0.00022484758488653325
2019-08-15,0.005480094276356273,-0.007020972508395152,0.007607987266241923,0.006829651787293524,0.0006488272294552446
2019-08-16,-0.0021676078174777797,-0.0002219376093099746,0.0009648438993411722,-0.001296747639515056,0.0027266752348732697
2019-08-19,-0.007720702039279926,-0.003688665336031227,0.005827183749766008,-0.0009767779231739937,0.0025027587728709898
2019-08-20,-0.0038648201862770295,0.0038299505851415064,0.003291304473058365,0.00395292836488923,0.0006507095237410156
2019-08-21,0.00884445953669737,-0.0028187402967148507,0.0005867332606498414,0.005427771818847497,-0.0021064837365082226
2019-08-22,0.0035929590015453482,0.0027609986225101135,0.0018765520990645433,0.003031326859536195,-0.0013181427462646538
2019-08-23,-0.0011533488683861171,-0.001333735620571819,-0.000677473982699972,-2.126623724020099e-05,0.0003861145845313248
2019-08-26,0.004489945341408408,-0.00786969528765067,-0.0001442905816353866,0.004843697244581641,0.0002914268282513856
2019-08-27,-0.0011615559319366753,0.004976731557223757,0.0014682571121139355,-0.0009040316693577136,-0.0001537401798900704
2019-08-28,0.00032621131171197695,-0.001743106822014129,0.0020412282780600593,0.0001357542880664846,0.0006909450510594426
2019-08-29,-0.0017994029382739198,0.0004747852720001556,-0.0003266154788168052,0.00017218368276133436,-6.93074757442435e-05
2019-08-30,-0.003462752050328577,-0.0035104630856029667,0.0010291643518215209,-0.001284824736771118,0.00529075294469956
2019-09-03,-0.0029767999304310955,0.0016820081193198444,0.0016445944547898604,-0.0007686642230015917,0.002421374867753525
2019-09-04,0.006089559727428928,0.003836557744375346,0.005100898919220321,0.005217430624841121,-0.00032770801092025663
2019-09-05,-0.008030070124007072,-0.006665032038353492,0.0033746810804386575,0.006281990359731777,0.009231830312041596
2019-09-06,0.0009949892446416086,0.0038078212107248936,0.0034236408756227687,0.0042745706829818335,-0.0014448215997298456
2019-09-09,-0.0014203268280608805,0.0016662297224663727,0.0014004836255643081,0.0007312203143614582,0.0038739322080742324
2019-09-10,-0.007698336930215133,0.010379466633309199,0.015062022133185148,0.005640668318222629,0.005972721337786532
2019-09-11,-0.007242695671344812,-0.0013921897730893918,0.002097248300426458,-0.0059666031661059025,0.012028243848502077
2019-09-12,-0.005748633215272926,0.0003658920313786677,0.00484575317100775,-0.0010839123039686391,0.004369032660267937
2019-09-13,0.00027869760110104183,0.001923665432967802,0.0011779229815987783,0.0020960360885791765,0.007818758494501657
2019-09-17,0.0005531642104475761,-0.0012086040658095154,0.005545678914041874,0.0012232810419641497,0.0064135141851750285
2019-09-18,-0.0012665768434954045,0.007902202532144444,0.002844212499755373,0.01053688862821304,-0.005122552537392146
2019-09-19,0.0009640905863725455,0.001768583601167961,0.004486059487682437,-0.0016405786751370055,0.005075341699051224
2019-09-20,0.0003918585908161856,-0.0023788929644916303,-0.0029011977570551966,-0.0018451983799004923,-0.0017361259236787186
2019-09-24,0.002810670947024363,0.0007586962862429876,0.0038349093895512446,0.0035986647602341943,0.002836409634335676
2019-09-25,0.0009254889031315106,0.0013090198654726048,0.0001784858389931364,0.0008843708530841079,0.0015811934049251885
2019-09-26,-0.0026946200204320593,-0.00038154193146695543,0.0006559664985467785,0.002413260805562848,0.00022521340577996054
2019-09-27,-0.0014752984995893169,-0.002145106413093666,-0.0033323532915896297,0.0009458503190580177,-0.006412488952500552
2019-09-30,-0.006468048229006151,0.0003235151377277035,-0.0019674787172351722,-0.004953418269074011,-0.0037062280870576465
2019-10-01,-0.002711716484035187,-0.002233963414180851,0.0023973234908263533,-0.000878594366406739,0.0038766101781210465
2019-10-02,-0.0028522365752920546,-0.0006792735293680962,0.009304047465314127,0.0012854494130007063,-0.0009730871150991557
2019-10-03,0.006017285049004628,-0.006060986721658979,-0.00029686627049239087,0.0014377481167862085,-0.0029944135299851504
2019-10-04,-0.0002912739869510572,0.0020001446759259525,0.002951619461844146,0.0009839053580199932,-0.0006694752082810634
2019-10-07,-0.002347598823753061,0.0031967270454001506,-0.00032288347129560946,-0.0016682048438716917,-0.0032772470924847612
2019-10-08,-0.0056290874643867735,0.0015589728547284133,0.0030498083857156914,-0.0024548680791080524,0.0022566279730035156
2019-10-09,-0.003719915708223409,0.0027006927882490036,-0.0007155471254568724,-0.0033602939718674783,0.001637314918759677
2019-10-10,-0.0024989293110438517,0.0003518628030750872,0.001107439902332774,-0.003580450328676216,8.259488676252408e-05
2019-10-11,-0.0010135682705826102,0.0005194037758038846,0.002510994607095496,0.005049525630620259,0.004363353129074177
2019-10-15,0.011708311348314872,0.0029935820560657695,-0.0036557231877058175,0.008100853511146274,0.007114348897437437
2019-10-16,0.005450994205633042,0.0035069294763455,0.004450074584503372,0.008835244564820155,-0.003662775915778336
2019-10-17,-0.0029898554785902313,-0.004148514690427564,-0.002866369961830229,-0.0003453584367735373,-0.0025993885275438877
2019-10-18,0.0012980604325684817,0.0001609969899014631,-0.0006265959571586156,0.0004490236937195043,-0.0021322663284025177
2019-10-21,-0.0006713268283277782,0.001944021050338107,0.0010564952034500807,-0.0022264969936227623,0.003473663910573276
2019-10-23,-0.004251048595816576,-0.007470586035089433,-0.0002552003317682239,-0.0014263309110638849,0.003982699370543036
2019-10-24,0.0008761773675545649,0.0012052944278760692,-0.0023329876415175478,-0.0030568648457086622,0.0014423695622562045
2019-10-25,0.004373525440637937,-0.0001519375005789136,0.0031181373325494645,0.004565992376133313,0.0008858406978191689
2019-10-28,-0.002758671336253871,-0.0026256292657750096,0.0016498588343901055,-0.00033967833334152186,-0.0005114230459440274
2019-10-29,-0.0018135483125707676,-0.00016702766453409175,0.004959957222669864,0.0007290949205152387,0.0031638576990854353
2019-10-30,0.003571689735062278,0.0028893603376208385,-0.004775081798628578,-0.006016265264657797,-0.0013424783236606864
2019-10-31,0.0028358208030509146,4.0000188764532864e-05,0.0021948383707375728,0.002575143786556562,0.0022382336477356508
2019-11-01,-0.005115125602606585,-3.689147619512223e-05,-0.001256310331471622,-0.0029212305913948744,0.0005544273278118507
2019-11-05,0.004213395811271292,-0.002761591650197537,0.0008494534345883319,0.003662275895157485,0.0012193866485735727
2019-11-06,-0.0005097872184873784,0.004679431842839942,0.002778573723094935,0.00036744346360634283,0.0023790409352714213
2019-11-07,0.0009635906369992457,0.0009324637791816135,0.0023360663993766016,-0.0017434988202743862,-0.0014774117329405681
2019-11-08,0.018660328676106407,0.016405498280182874,0.01228344751801003,0.018197405044854523,0.0031967267036148946
2019-11-11,-0.005507695640159271,-0.0011785594631021023,-0.0022907897375686664,-0.013484986693030629,-0.0026891648466556006
2019-11-12,-0.0003631482434117703,0.0006131084087600102,0.0006530495051247254,-0.00045679432922433405,-0.0013030987210860137
2019-11-13,-0.00251789749079494,-0.0011316220867667814,-0.0006150156759838323,0.0,-0.0024202268126505277
2019-11-14,0.00013286561943208779,-7.832945142549879e-06,0.0001947681677449297,0.0,-0.0018585314975654104
2019-11-15,5.87477841400341e-05,-0.0021785607631530815,-0.0017899696391348696,0.001709200895651059,0.0025910230053820343
2019-11-18,-0.0043117459738951204,-0.0033507444287867788,0.00402944868621904,0.007225433844657125,-0.0027542990681325022
2019-11-19,-0.0048131906632377765,0.0021859723660931692,0.00847192368039904,0.007225433844657125,-0.0011642156327264083
2019-11-20,-0.0026281156723325875,0.0030327569261106692,0.006530549824500476,0.01568859290019503,-0.0018684264912186162
2019-11-21,-0.003090032243814123,0.00034374576429105916,-2.6478693634079996e-05,-0.006863633558833848,-0.00022750492931602212
2019-11-22,0.003696666286185213,0.0029391004574333304,0.0008267044524471472,0.002832489811991349,7.647731527991291e-05
2019-11-25,-0.002049159050072702,0.004378952933270197,0.0037397665635493073,0.0005273594905048694,0.0020193614951768643
2019-11-26,0.0012167260850105555,-0.0033954551592435102,-0.00020945396692577666,-0.0005820676276475829,0.0011168188476265212
2019-11-27,-0.0013820045911820736,0.0029447382426061046,0.0039104868709433525,0.004835676423345259,-4.3796138691987174e-05
2019-11-29,-0.002729390201625681,0.0008092123326998157,0.0028636196558304186,0.0004425691837062573,-0.0034410129415232203
2019-12-02,0.004684192052556813,0.0033405960248696245,0.005004202040150618,0.012636925457616447,-0.0016056242708119334
2019-12-03,-0.0006263631574997539,-0.0017670259956382274,-0.00614060086116972,-0.00147316833540867,0.000694643009528399
2019-12-04,-0.0009757765847581368,-0.0005566381218907513,-0.0026140448907485685,-0.004687410046874119,0.0018870572839505878
2019-12-05,0.005956388376121224,-0.0034070603387669654,0.001394393557231277,0.0013413995854131924,0.0023102473639575478
2019-12-06,0.0008681733303510745,-0.0017367829152395765,-0.0013217176306734135,-0.0014847122305548734,-0.00012208655091694443
2019-12-09,-0.0054383925441472865,0.0014015797395011023,-0.00039079856120363124,-0.0031216694194710305,-0.0006370303451699702
2019-12-10,0.004007133369675775,0.001295792774199289,-0.0025124377665763694,0.0017836368249657853,-0.0013900075402904794
2019-12-11,-0.00600844392641442,0.0013920082802094669,0.0034451903808739638,-0.004791620945102068,-0.001431067819795119
2019-12-12,-0.0028902672975238634,0.001944213751982549,-0.0013381566672467263,-0.004061406304573467,-0.0011316494847571847
2019-12-13,0.014469766072711023,0.01827956398062587,0.003813836338491128,0.01389366847937809,0.007875061466445931
2019-12-16,-0.0019468332669709601,-0.0037486800948206994,0.012733687144824504,0.0073164016049657625,0.002493541523135249
2019-12-17,0.001409993594782311,-0.004406888471686044,0.003691315588229149,0.005924408628937838,0.00047348738459743027
2019-12-18,-0.005088729955516724,-0.004084055782593366,-0.0017964573189566126,-0.0010466443635260571,-0.0018890525146594806
2019-12-19,0.0003095775155400604,0.00033078704939610844,-0.0030382600963982267,-0.0006761830022593265,0.00023457446351440707
2019-12-20,-0.000765947777272902,0.000778445214652379,0.002030596930475115,0.00043218788402229113,0.0003618948208307758
2019-12-23,-0.004664517939243763,0.00022145332428660238,0.002749423038741283,-0.0019105539721387035,-0.00215179588771828
2019-12-24,0.000333827255878938,0.003766458985543664,0.004299205969979503,0.001335774746726145,-0.001146270409311818
2019-12-26,-0.00018959008123038424,-0.00024279098071822153,0.0020324542618653354,-0.0004685847739987813,0.0015997590545203406
2019-12-27,-0.002145786942279537,0.0008358746363301692,-0.00040662390904944146,-0.003274382273578554,0.0018538097823515402
2019-12-30,-0.0017819448308399543,-0.002714704750949903,0.0025918319145661344,0.0015484427216092553,-0.002137855792069899
2020-01-06,-0.0006007975182884312,0.001501353618788292,0.010627370907925274,0.0037968096431233874,0.0016473308736920395
2020-01-07,-0.008422655453631966,0.00735540440792295,0.002724596044672056,0.004565519449850295,-0.0014099230878086028
2020-01-08,0.004817376583113032,0.0081837299870404,0.0031811230116288052,0.008274847479124815,0.0016474369905477343
2020-01-09,0.0011713384228266843,-0.00028769677700088994,0.0006258555884834701,0.013863733726457255,0.004347197878290084
2020-01-10,0.0010582546320589306,-0.0036608196905667306,0.0009533777421149468,0.006055112593874146,-0.0005412124396207321
2020-01-14,-0.0013028629252959784,-0.00059809324307083,0.005631192863347146,0.0019507479861909371,-0.0018621938630825194
2020-01-15,-0.0016426236176234846,-0.0018767108799411236,0.0019863476030156147,0.0032405861080755196,-0.001970208083706345
2020-01-16,-0.002079906203334803,-0.003602531769157746,-0.0009518988808402188,-0.0036250935912783464,-0.00021506084299123784
2020-01-17,0.0006184105732179644,-0.006328841930463857,-0.007284442990701124,-0.003072822525937361,-0.000825275739745805
2020-01-21,0.00019907671212149346,-0.003872762268961361,0.00044467743004530393,0.001230845680427676,-0.0011532805577108203
2020-01-22,0.006860113664217194,0.00357602253876006,0.0009601837902914133,0.005551403340935327,0.0005157327589286299
2020-01-23,-0.0016923315627684456,0.0014566846587571237,0.003131225788405745,-0.002653494548585156,-0.0025491076863993637
2020-01-24,0.000996722071451783,-3.940256606687058e-05,-0.00019203076681388858,0.0020055332683117655,2.0922514417849838e-06
2020-01-27,-0.001914467809934095,-0.0020309153045422025,-0.0037190249849839104,-0.001895921245674097,-0.005382791620714513
2020-01-28,0.00792424299450778,-0.0010391964745706478,6.608122810800574e-05,0.006785066774288251,-0.0011644666568981841
2020-01-29,-0.001670866604736121,-0.002306919913231487,-0.0006164735606583703,-0.0013813757676422733,0.0008809795811772312
2020-01-30,-0.0003102553129602282,-0.0025747572105351505,-0.0017144996535076954,-1.4290912648412491e-05,-0.0010844971942816344
2020-01-31,0.005212708457646653,0.0015441404015635652,0.0021571825105939804,0.0038735400691563447,0.00013230595396341403
2020-02-03,0.0021404138472979066,-0.009981071375651076,-0.005474702193863501,-0.005049099088612763,0.0035939329210301174
2020-02-04,-0.0036494688039256703,-0.006303585553174096,0.00016081272052406118,-0.005734577320949674,0.004807330594494406
2020-02-05,-0.009710503687106863,0.00612068264346164,0.010914611933655416,-0.0018967842423033114,0.0076247258269232345
2020-02-06,3.893580765699199e-05,-0.0018130386096859353,-0.001209345277782603,-0.0021123858040069552,0.002009885432604902
2020-02-07,0.003223637721091621,-0.0006077658921061159,0.004983997230619419,0.00484437543189174,-0.0022917293154450465
2020-02-10,-0.002740614395860464,-0.003963133640552985,-0.0026351654670925266,-0.0015185281526373423,-0.0008945457232095722
2020-02-12,-0.003818132009398223,0.002479792612124432,-0.0017144733626424547,-0.0031449406305915197,-0.002251232617933376
2020-02-13,-0.004072203728649693,0.0029342951544630625,0.00028489788157890525,-0.005560184865466074,-0.002509162826951931
2020-02-14,0.003884105957572781,-0.005460995282390813,0.0013301229972485279,0.00329200628924794,-0.0052936450129852175
2020-02-18,0.004318821567464371,0.0025310570893384066,-0.005177341869181263,0.0014093185436523017,-0.0012678271808785173
2020-02-19,0.0084909292314995,-0.003591501304304146,0.004067357939251658,0.006019947105962604,0.0002506210614422074
2020-02-20,-0.0029901897888332304,-0.0012036678848377006,-0.0009668458912946321,-0.004093297590910544,-0.002648722658265023
2020-02-21,-0.004011857526057084,-0.004631871238718843,0.003727191322586743,0.001298668479783238,-0.0007738233205627107
2020-02-25,0.004376025560788888,-0.004883497890855271,0.007767524363309987,0.006704647746343755,-0.0010002828673366332
2020-02-26,0.0018592862221734402,-0.0022977973368968558,-0.004940660718845735,-0.004499273635315436,-0.004871571751116639
2020-02-27,0.0033937907748275526,0.002924594498459098,-3.8308818771248636e-05,0.004108822697359488,-0.0180564246375955
2020-02-28,-0.00720267155455061,0.0005002083038309962,0.0035186817368734174,-0.0025752891144938837,-0.02161467374684614
2020-03-02,-0.0036133416818160636,-0.001105547800013663,0.0027367444316035647,-0.005499494808445228,0.013284871757533692
2020-03-03,-0.0024974522699868548,0.0026841020211736157,0.0033100202846464864,-0.002204313850733726,-0.023690538091366644
2020-03-04,0.013996021576661822,-0.0038741668008985385,8.604375307172916e-05,0.004521940388021673,0.00014197798149896609
2020-03-05,0.0027745009504049232,-0.00363975288834626,0.006636679543734148,0.008320771659315404,-0.0033229290237568663
2020-03-06,0.006814909626309885,6.165944806064451e-05,0.014982798102468343,0.0024983189583173545,-0.021996744870885987
2020-03-09,0.0041865701839247215,0.019372723025628202,0.009517968148359814,0.0010070804178607291,-0.037196389716342024
2020-03-10,0.019037516524217035,-0.014754572931383159,0.008529249403718577,0.0007954015995787433,0.013012862170534337
2020-03-11,0.0003569821684369359,0.002411799098926192,-0.015307948325655765,-0.01903830982605296,-0.01112315327514124
2020-03-12,0.0012100248814844727,-0.0005030673664243382,-0.001150721716445393,-0.007484698701151673,-0.028662092735770375
2020-03-13,-0.006371821877300788,-0.026507851363286018,-0.024816001939427124,-0.03741959541119089,0.00021098230892394534
2020-03-16,-0.0014893036663017325,-0.01772360318799442,-0.00024194640178598522,-0.010745618419497198,-0.01191497533426588
2020-03-17,0.03467667244710471,0.00457383467496468,0.011816743078862843,0.020880774150119283,0.024767096422048857
2020-03-18,0.008437159755675406,-0.022549010685942793,-0.0009196895477676451,0.006694588918514077,-0.008396321614059187
2020-03-19,-0.00011725048386737125,0.009389109049526723,0.0034289898692964954,-0.0017802056607343821,0.00029813016484668634
2020-03-23,-0.008258931007454316,-0.0004198972822388352,0.015639649482783936,0.007352819249175524,0.010165390160120368
2020-03-24,-0.05035914051628448,-0.010877407390743943,-0.04719501349977713,-0.039849762715189294,0.009205422694600503
2020-03-25,-0.009884980048528377,0.03368606018738177,0.030501788353096252,0.0020644764332668486,0.021127552845627715
2020-03-26,0.020064745708396624,-0.0037553743694004552,-0.012470503478846618,0.02417073064824421,-0.0025891806273233057
2020-03-27,0.02367391492209294,-0.013293059663652067,0.010311425673896467,0.020916798817898135,0.007744533706799957
2020-03-30,0.010796345833257883,0.014932118503989164,0.021151268835714457,0.006797714343074877,0.016969165409590682
2020-03-31,-0.009946238031663283,0.006343954108500815,-0.00981605900735303,-0.01263073391365356,-0.01058031978572116
2020-04-01,0.006284234664582122,0.0272260776217875,0.005958392531940015,0.014895492718262756,-0.022587537972974414
2020-04-02,0.012351264200965042,0.0015652681684906519,0.0015652681684906519,-0.002480904757339069,-0.005959617106439722
2020-04-03,0.024254187420342667,-0.028149963407191406,-0.030928186215553915,0.020408163265306034,-0.025794401101085974
2020-04-06,-0.00980158982705597,-0.01335644430572749,-0.003169504351250872,-0.024882933727562388,0.020881536398384304
2020-04-07,-0.016983023374788807,-0.011753117500273125,-0.00820762791710208,-0.027054312276704406,-0.0031118371630612864
2020-04-08,0.013404727155014772,-0.006367071633663745,-0.01071422212096076,0.021698562851260594,0.010442375073238164
2020-04-09,-0.008110251433486738,-0.0005145524601253503,-0.00016935882090238772,0.0,-0.007389708494656301
2020-04-13,5.7882061337366595e-05,-0.0045699516294307905,0.004792944865219572,-0.004857117801080002,-0.006744685890858435
2020-04-14,-0.0009166181876242743,-0.01596659890921064,-0.009203048951988979,-0.006127718496759426,0.004565835216555475
2020-04-15,0.017303336140734697,-0.00417653348455398,0.009169568886778934,0.011071173327541931,-0.003744625489582686
2020-04-16,-0.008178124630666873,-0.004288937751392386,-0.009117532321032363,-0.004901940207207898,-0.00426457008287473
2020-04-17,-0.011435443584191662,-0.0032788065983957674,-0.004610727792079383,-0.008293762842859704,0.00022169548632253993
2020-04-20,0.0014405986210122457,-0.0019213996136735023,-0.004734750028962265,0.013387660069848595,-0.001992533882662243
2020-04-21,0.008696470740387308,0.01227368209543216,-0.0013545649289335333,0.009209081645321533,-0.0027010035645631406
2020-04-22,-0.0031123018172312554,0.01050362763705939,-0.004612306518745158,0.002858284786488363,-0.0031630646249890407
2020-04-23,-0.007347714578509379,0.018335141678073423,0.006997349493404692,-0.007848039751897592,0.00513213255508496
2020-04-24,0.005634337053058203,0.0008308409937990207,0.0025474686334043817,0.0020060180541624506,0.0018794336377713217
2020-04-27,-0.022186817657428696,0.006902766664919159,-0.0012959476790199926,-0.013796698414546171,0.004421833801622375
2020-04-28,0.0003642422184770173,0.003876678483342144,-0.0008032499314709392,-0.0017271157167531026,-0.0017955078577953773
2020-04-30,-0.01815686462957156,0.028886016654513427,0.025952701265701553,-0.017274472168905985,0.0024906230523311125
2020-05-01,0.019647138457892052,0.016627283419379933,0.011757302667653425,0.013707804912164582,-0.017706000239505585
2020-05-07,0.010352731669587478,-0.002775294803251293,0.005319764893539403,0.0026667185998175977,-0.010266768074045285
2020-05-08,-0.022809597793918203,0.013968022894882326,0.006532800637671456,-0.009513742071881603,0.007150054477381811
2020-05-11,-0.010544877419747923,-0.0038006584256002904,0.0021257778379381925,-0.015955624307966487,0.0092510016720166
2020-05-12,0.004165155419216027,-0.0009498566113687939,-0.0021041043299789845,0.006202064236440491,-0.003752907027663249
2020-05-13,-0.001033132745287046,-0.005260481865207266,-0.001877559065987144,-0.00047486909034958604,0.0027442409177232036
2020-05-14,0.012202466067709382,0.004122420530426152,0.010315743505033215,0.010918853805995742,-0.006305714764816359
2020-05-15,0.006746425677629154,0.003635629067070201,0.0014540762513127305,0.005508102732929787,-0.0037176238558787305
2020-05-18,0.009793794177350802,-0.002897147227760311,0.00471742032849063,0.005870745420726376,0.00010042599289165
2020-05-19,-0.014674783794103655,0.01825076130739787,0.01536466191392636,0.0,-0.0018050278795763513
2020-05-20,-0.004401099770008511,0.002291457714903067,-0.0025762476143975426,0.0035253037799669457,0.007451722041312301
2020-05-21,-0.001538624870790639,9.768465188753073e-05,-0.00039193616920634236,0.00920411478072547,-0.0039530888354102345
2020-05-22,0.004764950325344542,0.011713865342516927,0.005562410582660316,0.009223914317246302,-0.002983647111141277
2020-05-26,-0.009718178888967156,-0.004161440063830325,0.0015066088893058481,-0.00040453371114849545,0.008198179382397367
2020-05-27,-0.004819229471372322,0.028327799176105596,0.009839836226221976,-0.002624671916010568,0.007187508668545816
2020-05-28,0.003007989827385282,0.006238918816173689,0.002407230110244996,0.006224066390041472,0.000987421647616416
2020-05-29,0.012405025008578473,0.01591111563791285,0.016177244342520103,0.00958975537188233,-0.00171281269308833
2020-06-01,0.004575410167809024,0.003365457913674529,-0.000809079317205397,0.0009546418256704311,-7.211079026510604e-05
2020-06-02,-0.011002106509566812,0.001255207985644424,0.007081872665456502,-0.005699481865285128,0.005999765977016922
2020-06-03,-0.0025675586197836165,0.0040583878879130834,0.003218446736516967,-0.012292852863614478,-0.005399123973860122
2020-06-04,0.016192290079777762,-0.006658862616570938,-0.009670708420212627,0.018180069174484614,-0.00892027909327869
2020-06-05,-0.02116529815083459,-0.004753009915444274,0.011910593983280383,-0.0022364240037604133,0.0077875833502396115
2020-06-08,-0.0010607205470243523,-0.0062774260725209745,0.009798259168670297,0.0010087420444616635,-0.003533333136843884
2020-06-09,0.012069723052719805,-0.003255297509683808,-0.011710561963473733,-0.0006890908816208352,-0.0019397048401426217
2020-06-10,0.006168936114328584,-0.003904178565174865,-0.0001689331379679744,0.0031447695384021223,-0.0002155263578223716
2020-06-11,0.025624942534315666,0.018454004742180067,0.015602225404058489,0.02046492374578986,-0.014189104048730965
2020-06-12,-0.0030134563793580366,-0.002703044049417548,-0.01722181169906698,-0.011583919963673996,0.012523252112174265
2020-06-15,0.013962579748339633,-0.008098065577632107,-0.008643027611777931,-0.009759444081213264,-0.013094434282870585
2020-06-16,-0.00043197940276806747,0.012257868982884858,0.012257868982884858,-0.0008290468696822151,0.012867159223455793
2020-06-17,0.006112029828959465,-0.0012382483618740502,-0.0038532173643067713,0.0001360441268673622,-0.0028703539147355507
2020-06-18,0.0005753866946441422,0.004096457240707108,0.0036805490126497814,0.0016830474254372896,-0.0027052732027749355
2020-06-19,-0.0016217864326028893,-0.005406632830424929,-0.0003923444013253616,0.0001914890455958231,-0.003229888904113661
2020-06-22,0.009460825234395908,0.0003542160374321307,0.005887676117622775,0.0019960362249460887,0.0012222956459281417
2020-06-23,-0.004478941882305398,0.006165249612302383,-0.0036999012690039465,-0.0029726124541715688,0.0005544447938772878
2020-06-24,-0.0011355219852448029,-0.001244159242765686,0.0006044557652943537,-0.003084233322962204,-0.003235664127761211
2020-06-25,0.006490566288357846,0.002027351590211924,0.005877727580464898,0.004622820477257683,-0.004418889644890946
2020-06-26,0.0009261464563852016,0.01155470252630022,0.011218470349518839,0.02879899417740402,0.004892876369212253
2020-06-29,0.001419638576522542,-0.0022318461532671702,-0.0003045988828929147,0.0016314964093394313,-0.0026868156947767747
2020-06-30,-0.00628018405179862,-0.010284529840086055,0.0035192618972095693,0.0016628321904158354,-0.0027431363138591728
2020-07-01,0.01832466819480423,-0.008470679678537674,-0.020792778551669652,-0.010095010886523315,-0.015069702394035312
2020-07-02,0.0009877602814362119,0.0013626717171387973,0.002193400263575906,0.003460858976692244,-0.0043253816116427925
2020-07-06,-0.009973336200998252,0.004158763709278679,0.0006340904257739143,-0.00469442746976199,0.010795584983692407
2020-07-07,0.011436479950472147,-0.009843416046174116,-0.004167645025751155,0.004613119096105409,-0.0033506123793945563
2020-07-08,0.002708569589998811,-0.00013997406940489157,0.002353833351517576,0.0013592364807900107,-0.004083602466304733
2020-07-09,0.006370740182188351,0.011416995711003875,-0.008355958365773299,0.00012732423002823632,-0.004025817269742441
2020-07-10,0.0016751376910447693,0.0044946326474620164,0.0030185986096365803,0.0009203647747056008,-0.01194678464012292
2020-07-13,-0.009127284147128979,0.013829002513691369,0.017028569723735898,0.007530516820928879,0.009792735732161576
2020-07-14,0.004594671570519359,-0.004188059405879363,0.0013038233766545335,0.001500869288542045,-0.0001703158432173482
2020-07-15,0.0017934888745775087,0.0031480557393557046,0.005667532298485912,0.00805487919123915,0.002189212298077245
2020-07-16,-0.0063805041365614604,0.007891712648212978,0.007033861107753436,0.005544169020711753,-0.005634246426087786
2020-07-17,0.000612452650551498,0.0072035045086043204,0.007504646545836247,0.010020606109765262,-0.00717033854620156
2020-07-20,-0.0023644759338272703,-0.0019011173714355014,0.008786728289914959,0.0029691851621011325,-0.005556898928600621
2020-07-21,0.0006554155113091206,0.005872441517359439,3.235521195432689e-05,0.0029602275727338145,-0.0017431107448013076
2020-07-22,0.0026522576600715776,0.003787575374095864,0.0038417959601509295,0.0057308502855951135,-0.00273696955838768
2020-07-27,0.00014898317004536873,0.0007004589608056394,-0.0043681773606879075,-0.008045322724884525,0.0068450239660799665
2020-07-28,0.011540897201820345,-0.006805625825219109,-0.00244650053558646,0.011452743239365534,-0.006049167172668503
2020-07-29,-0.004270579894143035,0.0006580452673477389,0.0036235853877993234,-0.001508055445976264,-0.00668565139579819
2020-07-30,0.017424201643230577,0.006873770139367608,-0.002400229298495437,0.011774900636446773,-0.014486424393842831
2020-07-31,0.001394277378626031,-0.001570579166490082,0.01633151354758855,0.009648160562417409,-0.02191120144897656
2020-08-03,0.0002854674628529172,0.0002470956533332073,0.0005927121590711295,-0.0013414373747799766,0.003357642548451174
2020-08-04,-0.009571446866552692,0.009353928567409821,-0.009118210512437552,-0.00932147092106202,0.010897572342389542
2020-08-05,0.00207527126036915,0.015363762467805308,0.007333799748575221,0.020177963378878644,0.0022115480515930643
2020-08-06,0.016651865176600576,-0.005098384843682678,-0.0012386657214132897,0.013827470347251968,-0.003050531756772945
2020-08-07,-0.009427001474064035,0.0008229746758313227,-0.011121825830284426,-0.009367004175753757,0.003359405743860883
2020-08-11,-0.018396875192149366,-0.00031867291952471927,0.005970658273132434,-0.003206116381717675,0.017119517916560308
2020-08-12,-0.0110078520104538,-0.011636093012167528,0.0015830636381660487,-0.01974798161912323,0.0014485688314247523
2020-08-13,0.007304468779621009,0.002574396313045368,0.0020839240908799633,0.005899714659514977,0.0009474029882291055
2020-08-14,-0.005811363964712446,0.0027348058279916382,0.002580051451769805,-0.0011754752208386387,-0.0023770676838226006
2020-08-17,0.006973762651901461,-0.002875102012021636,0.0006094366730898136,0.0004978368785318495,-0.006791449327154664
2020-08-18,-0.0038842304807245494,-0.001774939192533842,0.0075773428714055015,0.001379377733824766,-0.000857964684232323
2020-08-19,-0.004530311159615464,-0.002940588943843458,0.002198815354796135,-0.005225741901271083,0.006626264618766397
2020-08-20,-0.007282719752585364,-0.004237798678824522,-0.0009493670723132117,-0.004656445745801097,-0.0015685247458684316
2020-08-21,0.0019137181758335676,-0.00447997043358408,-0.00298450971100237,0.0008707995352249627,-0.002002946328695406
2020-08-24,0.00953971218342784,-0.0008177507021611247,-0.0015460060348515107,0.012342953411887143,-0.0035005698676160045
2020-08-25,-0.006999775878676062,0.002817671006559275,0.0069990326276776925,0.000558811846301078,0.003831163428164886
2020-08-26,0.002813830979808607,-0.0009309307006051926,0.0004742009945827518,0.00015026984966937107,0.0012328892578997326
2020-08-27,0.0007251485683164467,0.0025049370759663517,0.002079290991407224,0.003862135157227729,-0.0050213644735050186
2020-08-28,-0.004139470223658838,0.004621991917752877,0.002432773396469812,-0.0008113286403917119,-0.008770278722899516
2020-08-31,0.0004930429854166588,0.012074263539034069,0.0043536722844232725,0.0028540174185200376,0.0009091064953079803
2020-09-01,-0.00520822386726758,0.0027579731600365196,0.0031647847834328727,0.0014184357693613758,-0.002695729871258415
2020-09-02,-0.009198095338489231,0.005639580998431782,-0.006123050904039463,-0.006130531779108062,-0.0020857484432908174
2020-09-03,-0.003800764256141331,-0.0013135578463840947,0.0050207426834064425,0.0004728640897445624,-0.004522851939286633
2020-09-04,0.00493030143668014,-0.0010653866898713061,0.007282178074371681,0.0034531654231930056,0.004670890010876864
2020-09-08,-0.004620985148047052,0.0005293500804115501,-0.004812009984673638,-0.009437096557697406,0.0003096908190762804
2020-09-09,-0.002774017719119759,0.0008014757727384803,-0.005761941386335634,0.0005674437963139342,0.0022546507642725263
2020-09-10,0.00015187891516001964,-0.00022043986238362567,-0.000591091662171639,-0.0004401128438597081,0.004626254846832023
2020-09-11,-0.00628147533926331,-0.0023208474438452423,-0.003180371620745248,-0.0024105836536974954,0.002881281515209023
2020-09-14,-0.004318725092862397,0.007100854027926485,-0.0010938573082312614,0.003918071997819151,0.0028739474797263445
2020-09-15,0.006521890003473695,0.0013934751864719706,0.0006306885703975867,-0.003451590517157703,-0.0061617692090318405
2020-09-16,0.00018153490108974114,0.0037905281714581515,0.003711877008690445,0.00061421501580435,-0.0009946116980507657
2020-09-17,0.0013403748864012632,0.0023978718293927274,-0.01260492805930995,-0.0013926727469204356,-0.006272928342116914
2020-09-18,-0.00467148233026522,-0.0035503762389855085,0.002498534524588747,-0.0032485937717708245,-0.001122957094393127
2020-09-23,0.0017060692578438675,0.0023483265609860245,-0.006448586637441613,0.0003150610149769181,0.0014520410384658696
2020-09-24,-1.2152161916678607e-05,0.0011997941067232619,0.0014222487802473928,0.008113839782694348,-0.0036527394452541863
2020-09-25,0.004348140159086667,-0.003783637817725638,0.001890451491424594,0.005492828347583893,-0.0017514044565173751
2020-09-28,0.0008840776316536567,-0.0052202969629418835,0.0005976381295567106,-0.004534883970459813,0.006407167895571079
2020-09-29,0.005439470807446179,-0.008900877108952154,0.0019365147295612897,0.001886711962762851,-0.0015749884156285637
2020-09-30,-0.003636753518352598,0.006961902200498595,0.00612831774843814,0.002972841461426105,-0.012899528351291685
2020-10-02,0.0007635752001007969,-0.004121619140192202,0.004826473980749801,0.0025230040565987592,-0.01678350829719748
2020-10-05,-0.0019344834162476447,0.0025563208314834935,0.003101838481449871,-0.002707068068462026,0.007128556483673877
2020-10-06,-0.00237171943223411,0.003419064434349473,6.463405460261935e-05,-0.0016153776085616285,0.0015816852100833357
2020-10-07,0.0015881890067123605,-0.004631647342249124,-0.004474161969428847,-0.004844935449527021,0.003585706583057353
2020-10-08,0.005374165687719534,-0.005867498608591971,-0.005602015185678289,-0.00023533851705648267,0.0012776727027453954
2020-10-09,0.00018534430146057703,-0.001990325257101477,-0.005833039719710253,-0.003666332420201534,-0.0065358735052064906
2020-10-12,-0.002303286550163386,-0.0011362023742103266,0.0004654778477136025,-0.004425471159502518,-0.0019098788444470766
2020-10-13,-0.001134506429859794,-0.0019840813279140114,-0.0009826856202152182,-0.001185774700742233,-0.0002262467138461703
2020-10-14,0.00169395814772928,0.001687135579002086,0.0038715256731783445,0.00456733841133441,-0.002100423050147427
2020-10-15,0.004516960985015973,0.0022606199120466025,0.0017477222320838818,0.002815846968639505,-0.0037091389966592884
2020-10-16,0.00016316414564112583,-1.7547582892385536e-05,-0.005635666673365259,-0.004805513291537505,-0.005279156870416971
2020-10-19,-0.00666908122632468,-0.007243541054380032,-0.00407793669047265,-0.004797310328062595,0.005735372036834757
2020-10-20,0.00853477499643034,-0.0011446290727856086,-0.0013543475544393947,0.006644033800595901,-0.007008638134523113
2020-10-21,-0.00468564446743458,0.009657809054345323,0.0027322162024380424,-0.001328959036143119,0.006613750131952443
2020-10-22,0.0060995781065053874,-0.004323474853025511,-0.012383073280418655,-0.0001412147845961829,-0.006223802979333357
2020-10-23,0.004734513152149856,0.002302761145588095,-0.0031067554271949852,-0.0068738851186111345,-0.00010667435520667395
2020-10-26,0.0022424726767671602,-0.0036218432645009906,-0.000966461224424298,-0.0023213690677215512,-0.0006700702572003392
2020-10-27,-2.2305828682345208e-05,0.003644424968924942,0.00488774996378214,0.005391989214405929,-0.0014894124218515997
2020-10-28,-0.0010362646010676716,0.006169499248881017,0.009054349829610044,0.004859557071626774,0.0010555030806704575
2020-10-29,-0.0017213757982391666,0.0034843763012264222,0.006604351794838626,-0.0019299678766433682,0.005389905582792522
2020-10-30,-0.002481980136993167,0.0052315023684970305,-0.004005657421866493,-0.00654604015588252,-0.012309491389408582
2020-11-02,-0.007593347085142389,0.010503049805291022,0.0073713341977241775,0.005164272929504699,0.013293591458709427
2020-11-04,0.004724372046111713,-0.005771313165937885,-0.0032760100653541624,0.003561086118856494,-0.0022983751266725905
2020-11-05,-0.01541878307517708,0.0003964811890472264,0.017539429210639758,0.007147539075303336,0.003868613571962475
2020-11-06,0.0011193818390041526,0.006118392458482136,0.00823764713396673,-0.0005764859907233634,0.005683330494099042
2020-11-09,0.012671340330342895,0.011656668259427416,-0.0010863259740012897,0.013933602737772544,0.0029756059254079353
2020-11-10,0.0028835579768408774,0.032918978850982605,0.014549871359307588,0.018031220866581224,0.006276001890488433
2020-11-11,-0.0024220882430367346,-0.0015185271231916038,0.0009864634042299203,-0.003615740047693226,0.0031994612064970953
2020-11-12,0.00572567120975973,0.007046108389004724,0.008706609194723925,0.011956913556596447,-0.005403809609913294
2020-11-13,0.0017747208839395297,-0.0028483614055991426,0.001287650013857733,0.005114696398919566,-0.005767973727433938
2020-11-16,0.002863646342837157,-0.0036486180252031323,0.004675503555796201,0.0014756488116277793,0.005367382979153878
2020-11-17,-0.006991191924643859,0.006306254034840909,-0.004089562056645124,-0.006098025800844906,-0.0037388447209109645
2020-11-18,0.006009492702096164,0.010530174794627192,0.0020824172779135624,0.005090749650986409,-0.00870081468725146
2020-11-19,-0.00615977800140426,0.005818693319187428,-0.004925211204171243,0.0016722478815387066,0.002909457857977249
2020-11-20,-0.0027775914884359057,-0.0048998951554469535,-0.0021432623867896575,-0.0012348383202513552,0.0030051533763629725
2020-11-24,0.0036945051490277826,0.0011336610251590385,0.002082885222944575,0.0056949522490648274,-0.00029442166978957895
2020-11-25,0.001094585898273603,-0.006501537672852841,0.00040970261534138946,0.00619003596385001,-0.007570057968011664
2020-11-27,0.0017519219157144717,0.007091328781610229,0.005551230063630298,0.0023581951546056503,0.0021490053753026694
2020-11-30,0.005194636766087558,0.007337968875062882,0.00905425349455775,0.008882498009754021,-0.02330998562328357
2020-12-01,0.017010560456226197,-0.0067034140271140085,-0.006093031942593386,0.009659539241113218,0.002712512482283207
2020-12-02,0.0011000170486314743,-0.006237312920877991,0.0004198282575301304,0.00010749795994428098,-0.0010211357766608791
2020-12-03,0.00364340857143317,-0.009402579248807297,0.0084657820500452,0.007881850954817322,0.005104469279853928
2020-12-04,0.0027631872049571848,0.005634160098195685,0.0040538186399160965,0.0017547973427713137,-0.0021641058889069133
2020-12-07,-0.011410107596411478,-0.003357716491137185,0.0001803169288690401,-0.008522369625295106,-0.012347422182317835
2020-12-08,0.007409826628710682,0.0023169639531150483,-0.0027428525339884937,0.006199979802355166,0.0035537058733364443
2020-12-09,0.004538201043954104,0.0041110156032300406,-0.002046674894837342,0.006488198522126158,0.004832922925231122
2020-12-10,-0.0030496425874364298,-0.005348333072827827,-0.006874142832627173,-0.0021070043179519937,-0.0018953888359538988
2020-12-11,-0.008663567332156985,-0.007625390673082701,-0.003132322154660883,0.0010959356581707823,0.0010060911713907477
2020-12-14,0.0036525382539146947,-0.003993283036863637,-0.00553960009641823,0.0009281788469990108,0.0035861744770653227
2020-12-15,0.0010351485434376916,-0.00023893589851164878,-0.00460644946915576,-0.0014870571516641387,-0.006776359247807774
2020-12-16,0.006329349348783753,0.004743934629705149,0.005164875475672859,0.006777756429639185,0.00018590427533458337
2020-12-17,0.006485962230064502,0.008317226835839553,-0.0012939348473824052,0.0047017910805745855,-0.002896842620805303
2020-12-18,0.0020564070829576456,0.0027130624049379153,-0.011892907665520536,0.0038609425923421203,-0.0031420583310829485
2020-12-21,0.002811542318769655,-0.0032844568231395798,-0.0007032336824420061,0.004007516154789208,-0.008943260128239872
2020-12-22,-0.0018667626121612766,-0.0009348144022404132,-0.006166008817567414,-0.0076557157691008355,-0.00764736022495073
2020-12-23,-0.0006648120967742473,0.010816464976060192,0.007761041579050377,0.009959186556299968,-0.003553617873401765
2020-12-24,-0.005607423955141688,-0.0013746834720606447,0.0038081073946803386,-0.0033497697954663675,0.0003162087718201674
2020-12-28,-0.0025680880697151803,-0.005209926475301075,-0.0008191532691326888,-0.00025299822030748747,0.00044454508239230096
2020-12-29,-0.0004200411860429737,-0.00014432537142710072,-0.001102310468068346,0.0014967260963636205,0.010025863887993158
2020-12-30,0.000333601561694774,-0.004432255616919712,-0.005529518339694128,-0.00853301998096586,-0.0022112791787922627
2021-01-04,-0.003240950094828455,-0.010000926219010744,-0.013240585556279718,-0.008820358308730108,-0.010635447236415303
2021-01-05,0.0026366280634274606,0.011218669202299547,0.014591621781882048,0.0076192693753549525,0.0027532673659079352
2021-01-06,-0.011074815831762973,0.004045477165261492,0.007412649652632354,0.0028539724188119233,0.005670421210539433
2021-01-07,0.013400479588822067,-0.0024299248969793527,0.0057649026363826295,0.010008393626325496,0.004561395910970228
2021-01-08,0.003993768112403285,0.0011719935759553655,0.0017278235059241752,0.006088584768930938,0.006762390316028342
2021-01-12,-0.013736868664334346,-0.009161670739990035,0.007326928114846365,-0.006668538031280535,0.002913107972984686
2021-01-13,0.00783753192548593,-0.004685039159438941,0.020954223172705677,0.014490496305688978,0.0034377862072760574
2021-01-14,-0.00923085000585484,0.00015046327859180586,0.0069506042923007895,-0.010508640956831359,0.003265924568299935
2021-01-15,-0.005729110471170773,0.0004707705757609486,-0.0049474391574844566,-0.0028860484858712846,-0.009082380154581862
2021-01-19,-0.007857473993353103,-0.006125981007666948,0.007711062824454619,-0.005950735747559517,0.0016708348745618773
2021-01-20,0.005261344086361831,-0.0008658423069741515,-0.006201561735925278,0.009320279987620295,-0.005035953426157722
2021-01-21,0.001922760225298648,0.0034039180122874104,0.002237930288102086,-0.0006559863254795111,-0.0014243477715290586
2021-01-22,-0.0026784670293940054,0.0018251978585964502,0.003748424587567101,-0.004797025808430952,0.0010730363307316817
2021-01-25,-0.005293179136286397,-0.002415579534233192,0.011081795331350876,0.00877574735084291,-0.002802615106149
2021-01-26,-0.009827390324404984,0.0031614909428804294,0.010484516328970206,-0.004779851558656206,-0.003116283389464641
2021-01-27,-0.0020055740739688636,0.0022703493628417177,-0.0020181756212348744,-0.004759292010434087,-0.0018570838551542558
2021-01-28,0.0007158124871000414,0.00464234871425866,0.008956880358065324,0.004833475047220364,0.011922077259501628
2021-01-29,-0.012134338471540551,-0.0022006710395113156,0.003560056287379831,-0.009450741273147257,-0.014804167025051398
2021-02-01,0.007581280387889587,-0.00123401454028933,0.0019914306128100633,0.005568150363421981,0.007309459730670738
2021-02-02,-0.0022639019782175526,-0.008475023166520245,-0.007567514483642523,-0.005027648873924978,0.004723753347467898
2021-02-03,-0.013892175843699707,-0.01668047883956634,-0.003121025070175665,-0.021480292692862557,0.00843178131520311
2021-02-04,0.0006182597892841813,0.0013466636173464774,0.0027769222127715047,-0.00044027292295004,-0.0016684527938170578
2021-02-05,0.0024667790929348453,-0.008939569747957267,-0.003590931847423851,-0.009030300427892858,0.0045481067969194615
2021-02-08,0.005009104679070342,-0.0001543276019649654,-0.006419560784227141,-0.000415831020842786,0.012738859162042445
2021-02-09,-0.0054115392579845885,-0.004331423074322594,-0.0069103816559054725,-0.008242096231839212,-0.00493467694198919
2021-02-10,0.009102636626251347,-0.00809425782818707,-0.0033526969353341986,0.004838797858697859,0.005797354180375538
2021-02-12,0.009059466836951647,0.00781604719395872,0.010293809168352609,0.011000049603320513,-0.0038775552724126055
2021-02-16,-0.005933823974573517,0.008355428485466332,0.0066878813800849805,-0.006456232673302754,0.0026547148456059506
2021-02-17,0.00828280169963187,0.003229438448615807,0.004400597881123814,0.007644296516708538,0.001798896561862443
2021-02-18,-0.013190157634916733,-0.01280199818019652,-0.014662339339635611,-0.011994484986007185,-0.013693322223728282
2021-02-19,0.004720081141632627,0.002998216530661124,-0.005235056456854226,0.003631039773891953,-0.0026702764884944286
2021-02-22,0.008810389455270618,0.00943600384948391,0.006001032151723363,0.007492581790744657,-0.00018017014659869635
2021-02-24,-0.01412194519886132,0.014554300688761911,-0.008025048601194086,-0.005866995315490663,-0.00708002244787375
2021-02-25,0.001995794456622124,-0.005299659005733814,-0.0023946260468333813,-0.0017986313819333601,-0.002528526271817544
2021-02-26,-0.013737517825710444,-0.007828860994617172,0.004212878068705473,-0.010452303697476201,-0.021417652616518727
2021-03-01,0.002109120265516505,-0.009124356069240357,-0.00998294715432133,-0.007907415165479548,0.005567130819304926
2021-03-02,0.0009656610914085424,-0.0031883418289833107,-0.0009864174280604491,-0.008410451379238924,-0.01357807113243498
2021-03-03,0.011372599337013399,0.002469991849823305,0.0003628456211191447,0.010042255945951236,0.004512164351069649
2021-03-04,-0.0032462672889036932,0.0023595598309272157,-0.0008006105051650008,-0.0034858882358667766,-0.0036528398995645853
2021-03-05,-0.005880241950987885,0.0019597301091303534,0.0006608151383187713,-0.004290064521399453,0.006395969152915757
2021-03-08,0.002047943293438847,0.004500720742181908,0.0012689226988623192,0.0022181270110136486,-0.006231209552939399
2021-03-09,0.0035005958524768404,0.009389328360110194,-0.006399563542230901,0.0013038915287072257,0.00809141709709669
2021-03-10,-0.00218296921794674,-0.002607308309055067,0.002233862465106151,0.005760906656002226,-0.0013845372811463312
2021-03-11,-0.001328587884823262,-0.0021909226538715304,0.0007337578743824569,-0.0018027404296742742,0.0033390071493216646
2021-03-12,-0.000729264052932077,0.0069837166218210895,0.0017169301913423363,-0.006743162763109082,0.0020617522039007474
2021-03-15,0.010018588328730505,0.005989225038709712,0.002455119500987358,0.00785969051958394,0.00891039932990861
2021-03-16,-0.0031816810225728355,0.0005245259113850981,0.003193214727690208,0.0016245339050534506,0.001699844248708086
2021-03-17,-0.0020421979034676687,-0.0036365831650410083,0.005253956765153056,0.002585285044114464,0.0036867561279975997
2021-03-18,0.0061340834617343186,0.00403024088291486,0.004201031309373104,0.007963245398190377,0.005833859390198818
2021-03-19,0.007578475253805239,-0.0005245440665545779,-0.0001101014109613726,0.006489517791064658,0.011042492259766083
2021-03-22,0.005620920413611042,0.0037525995349927625,-5.7367820578746453e-05,0.02081099730887207,-0.006481292718835914
2021-03-23,-0.008667379763164965,0.01034568540312331,0.01190146920489561,0.007810393361794805,-0.012630044376298555
2021-03-24,0.001390992002122427,-0.0022481316260557723,-0.0046476759691381105,-0.007052982941622099,-0.015023221974749524
2021-03-25,0.0011247164425341348,-0.0015756001648010295,0.0009585656598583899,0.0027537198065344425,0.011708127839777548
2021-03-26,-0.002521992381331262,-0.0015626739860858723,-0.008097893409356138,-0.004334738215722481,0.003591304002458172
2021-03-29,-0.01265244194245234,-0.005751900985129876,0.0062750927260520895,-0.004735743099559431,-0.010464304160822904
2021-03-30,0.009426766584642499,-0.012325832021130093,-0.01159593915161854,-0.00763338680583551,0.0016859097846255852
2021-03-31,0.00597372232460902,0.00494735911758828,0.0013102373407846144,0.000668204084139186,-0.005651968264539045
2021-04-01,-0.006814218887068769,0.006638244574084196,0.0021309508144985896,-0.001805297216275222,-0.00979739799679717
2021-04-05,0.013705045757257995,0.007988468770214086,0.009295590853317083,0.016300797401410817,0.0034274513353046237
2021-04-06,0.00855658212984469,-0.008536467112954613,-0.0019046749513160766,0.008777992257884318,-0.016136071372902856
2021-04-07,0.00318141546758366,0.001895956915101183,-0.002402604075924164,-0.0007552796101959463,0.004942072636996583
2021-04-08,-0.005737875704852692,0.007416567810343989,0.001482665081655066,-0.0020974641273758437,-0.006673403306087795
2021-04-09,-0.008428523642102805,-0.0015783204687484175,0.005429375446562235,-0.010424542977858312,0.0006244205733604617
2021-04-12,0.007185266001971315,0.0045628455340402056,-0.0012669802269713835,0.0010023008778857756,-0.0050483290369860954
2021-04-13,0.006028997310412776,0.0041643117493404,-0.0013937592807612203,0.002480385577088684,0.002203090348652482
2021-04-14,-0.0020261749164529833,0.000873936359473726,0.004159850103823515,0.0011099964190896903,-0.003254423613839378
2021-04-15,0.004932531315764233,0.0008678879802259452,0.0038907996080396415,0.005035697222857708,0.0034855674280053466
2021-04-16,-7.129524453373113e-05,-0.0005567791149076797,-0.0015885241496017776,0.0014799276246734716,0.0014596523423950902
2021-04-19,-0.007904267193013736,0.003334879223560615,-0.007590225328919265,-0.0022037552156713627,-0.004146870133495847
2021-04-20,0.005556842269270336,-0.0035646948035824126,-0.00039115888756822113,-0.0026823883289004073,-0.012824362860800013
2021-04-21,-0.002527969896441995,0.001959212421270018,-0.00044962501102343536,-0.0015772835724482404,-0.0049719858908079725
2021-04-22,-0.006995072054931129,0.005191286670074446,-0.0015714826518014255,-0.00648113995658337,0.0023894328377487284
2021-04-23,-0.0006148938697221554,3.2817799328068668e-06,0.0029085867065476558,-0.003657734779145872,0.0024754254935252617
2021-04-26,0.004628993736614873,0.0030228724531041985,0.0013786960673545237,-0.00046747427975665583,-0.0013871168572262037
2021-04-27,0.0018915233692837759,0.002417327690954441,0.005513963454837545,0.0061756339077817255,-0.00519858742227173
2021-04-28,-0.00035860234749252024,-0.0027560748768277635,0.0027958667557819615,-0.00259845558605289,0.0037609123339269013
2021-04-30,0.0025122636981005373,-0.0017429686602623133,-0.0020166381119378412,0.007052509362349258,-0.004526005634325527
2021-05-06,0.006029755877313514,0.0006704392169376574,-0.004697933534555699,0.003314180213733836,0.006222049746880088
2021-05-07,0.01057358348928521,-0.007540855442684881,0.00439872989182577,0.013636339324049507,0.0026446093250057775
2021-05-10,0.00630936559126829,-0.005732695742991557,0.002750264891109722,-0.001147494589169032,0.007109364057736532
2021-05-11,0.00548919144751898,0.004576144063680433,0.0029312948868666982,0.007526639780943145,-0.016262464943537194
2021-05-12,-0.0069856426231759364,-0.0043631651957892524,0.005562684209755698,-0.0021849115714773423,-0.013688701748094471
2021-05-13,0.0006557777926099679,0.007518409373277857,0.004894890684468511,0.0049457153356964765,-0.0010479301795847172
2021-05-14,-0.005724580392752477,-0.0025176668532859384,0.007600407329342729,0.014928576896446258,0.000878782476114177
2021-05-17,-0.0016409334389484668,0.011190773825591152,-0.006853845127365865,0.00038517889667511514,-0.008776978480553706
2021-05-18,0.005744395046001083,0.0009638116689483444,0.008495891010250767,0.004180381041915169,0.011371891057594272
2021-05-19,0.001294502051259383,-0.0010958267728972126,0.0014039143008452108,0.0032488093934058826,-0.0003159780728607349
2021-05-20,-0.013174025488944198,-0.012267465466444461,-0.0003304824227611025,-0.006298517553051774,0.0002654952821260688
2021-05-21,-0.0074805580687963506,-0.0011983235618732817,0.007449574944167826,0.00046428503212114726,-0.005430356847009589
2021-05-24,0.004720348606842073,0.0013036131852781191,0.007059204091595507,0.006827791767352754,0.005885024706308512
2021-05-25,0.007631912079895709,-0.01085253981365466,-0.002473604321690504,0.0026857371886512362,-0.0009904828539945075
2021-05-26,-0.007777465425937936,-0.008870710539023996,-0.008485549013127435,-0.009772413984579044,0.0022026473014795656
2021-05-27,-0.0036966179027040137,0.007981353103409063,-0.005110107487311622,-0.003909271903952136,-0.00443224066785222
2021-05-28,0.006224294162240262,-0.0006439959039718176,0.007122270500914763,0.0055385385756398404,0.006931216579009153
2021-06-01,0.0059997700666935445,-0.0010853133676185017,-0.004652414789413074,0.0080120010339775,-0.00305975126454306
2021-06-02,0.0002532157439459892,-0.002746660922970956,-0.0029392640938968873,0.001228906315602251,0.008155991327652264
2021-06-03,-0.005933046536578468,0.003643898487306529,-0.0025543227379951627,-0.004234244317477246,0.006361502639056033
2021-06-04,-0.00311943785455322,0.0027509755705113375,-0.005120415015034641,-0.007388274271691475,0.0015465098287113673
2021-06-07,-0.004321444492842684,0.0020324240160665584,0.005336813010980344,0.00548246487346582,-0.005000442349973537
2021-06-08,-0.01394675172892077,-0.0020299101330982566,0.016722398020551046,0.006563160112833458,0.005728005996377082
2021-06-09,0.0006384379085550233,-0.012664172960156162,-0.005573418628980531,-0.0017880498863667047,0.0006820078852500669
2021-06-10,0.0033470388638616065,-0.003391300772479,-0.0028897139319939537,-0.0009134599159536235,-0.0009439592398865166
2021-06-11,-0.005552396459908082,-0.002276418385948098,0.004090758770278691,-0.0011019039676038178,-0.0033033147333430056
2021-06-14,-0.0036592254309242294,0.0003178286114289279,0.005417205993863861,0.0024597023595476497,-0.005520190729221412
2021-06-15,0.00041597396165626854,-0.0031234041557901774,-0.00021949743034612736,0.0004108317250804737,0.0057515395430173906
2021-06-16,-0.0032083132791330014,-0.0017200237578200994,0.006307677758045305,0.001836482164186348,0.0021585462395619748
2021-06-17,0.0040807076932311455,4.7454431114090875e-05,0.0012671249888937643,0.002839052810813084,-0.004425172501710504
2021-06-18,-0.007203839048370032,0.005116110471061376,0.005334659733370417,-4.385530800098299e-05,-0.00993990478414104
2021-06-21,0.002391858722573792,-0.0026016556339522267,0.007703360390477743,0.0008621636112955073,-0.004529678713009113
2021-06-22,0.004529283541898366,0.000806519198769839,-0.0020887111090023055,0.0035369227466502573,0.009914775010418642
2021-06-23,-0.0034104820529291314,-0.006839498575238512,0.0030870459402895234,4.032255154128332e-05,-0.0029453969781871804
2021-06-24,-0.003469788520940642,-0.006401595790251414,0.004800583614282372,-0.003322682714621764,-0.0002052066717641119
2021-06-25,-0.00316736766112693,-0.0031954146908530936,-0.0012145075963694296,-0.006015708791378538,0.00045813439527215053
2021-06-28,-0.0020618098325581925,0.0012608314653950183,-0.0008424425488763318,-0.0005540808517835634,-0.0005068798810838816
2021-06-29,-0.0018582351141108958,-0.0049227366938416894,0.002090918515301121,-0.000981816937813168,-0.004069515229799409
2021-06-30,-0.0023979456661956003,0.007221272188124783,7.66924674830971e-05,-0.001729073498948241,-0.006796922521292903
2021-07-01,0.0014630363407181378,-0.0022657841007857507,-0.001977520259935317,0.0009967248825258127,-0.005126572017761324
2021-07-02,0.0039992486808123175,-0.005417777965821169,0.002665374514809238,-0.001863154926712884,0.002733420964186534
2021-07-06,0.00426492985903546,0.0061786283560755885,-0.006124064885318292,-0.0016356185271975132,0.0012077176236040936
2021-07-07,0.0016509139502522531,-0.005050503169702525,0.007946932737224955,0.010305228966441518,-0.002269880419267234
2021-07-08,0.0028615688779523693,0.003875973114989928,-0.0036157665194499924,-0.004406445742273946,-0.004720029727702318
2021-07-09,0.002404570313781251,0.0026184900298499066,-0.003980699820245271,0.0016728419804071422,0.009538853224503083
2021-07-12,-0.001870164735530677,-0.0015251801041191726,-1.9022877885532656e-05,-0.002023028821381771,0.002399380349381971
2021-07-13,-0.004634013270361526,-0.0010855342635213375,-0.0009422394642954134,-0.002115239873859161,0.004249791587047302
2021-07-14,-0.009526997624638156,0.0008930269215630114,0.004448841820749095,-0.0014270805244225668,0.002323853970868154
2021-07-15,0.0005202291474790011,0.0021937646227292223,-0.001847860975408655,-0.004783969355547627,-0.009384406080436846
2021-07-16,-0.0006170353636523633,0.005953776391247857,-3.731503665738156e-05,-0.004725567725260985,0.0036841363047393394
2021-07-19,0.003389962485822129,-0.006186602481614578,0.003459565217709959,0.004317451875032667,-0.004018669590786887
2021-07-20,-0.0019434053949108907,-0.0026205900500198666,0.006318292280472005,0.00034119901540556174,0.0015231738262581585
2021-07-21,-0.00010977693033433823,-0.002639192815604408,-0.009246458619134557,-0.005861125124910721,-0.0046183233118518964
2021-07-26,-0.004440041243772908,-0.002426363159536327,0.0015251864054659948,-0.0011912501484301835,-0.005742912613326888
2021-07-27,0.0006800809166068291,-0.0014334223811664822,0.0029605301672379846,0.00044706158644920095,0.0013058510892342981
2021-07-28,-6.175143122963953e-05,0.0018910443740089546,-0.0037181404928076983,-0.0008277755962126838,-0.0011064019156532023
2021-07-29,0.0012917288903510297,-0.002534249825838297,0.006562281726219022,0.0037689064843153316,-0.003968476379927888
2021-07-30,0.006272424762612806,-0.0062317365332908775,0.003484407980460658,0.004924783807631562,-0.00856474965664018
2021-08-02,0.004771736004055561,0.005929935947867239,-0.005694140072557598,0.005577422130848131,0.012814907175138982
2021-08-03,0.0027214718402881473,-0.0006716890438820621,-0.004928529578441054,-0.0040501163015533945,-0.0009588713414027117
2021-08-04,-0.006657824509024878,0.007024817215350509,0.0004883744347821792,-0.0005891219400168679,-0.0035094571417769987
2021-08-05,0.002980016684452269,0.00016987974840405585,-0.001296456896836262,0.0013108802319308996,0.00402467488732822
2021-08-06,-0.0037949532982192837,-0.0009341111688484284,0.002188756810014292,-0.003799439477133299,0.0032543263402169008
2021-08-10,-0.002230906167507318,0.008074427096002569,-0.00590895483068028,0.0019217947509482325,0.002786051035412185
2021-08-11,0.0030113914826301663,-0.010261098754887477,0.0050482013140072945,0.0029223091705375777,0.005015614279696153
2021-08-12,-0.0007306832289896144,-0.006662770951101903,0.0013916884829266118,-0.0010819714871851801,-0.002147302835515171
2021-08-13,-8.653210838365216e-05,-0.00518543221929706,0.005596011450908113,0.0015631362064667071,-0.000736517126335137
2021-08-16,-0.00293573961905278,-0.006060012219212532,0.0013086566865359037,-0.002622986224407691,-0.01223157642820885
2021-08-17,0.0022260772211982745,-0.010175095961938661,0.005348876119903935,0.0034468917673699893,-0.006053875994837695
2021-08-18,0.0005754174239263943,-0.00041242291576732966,-0.0016537606710117724,-0.00015924349736736354,0.002092787578176162
2021-08-19,-0.002875826481497934,0.014984976165316978,-0.019592929549935103,-0.007352640232038816,-0.008066702000478328
2021-08-20,-0.018982289438472737,-0.001804095068962641,0.01714367817664799,0.0003310216425742585,-0.006528592550228692
2021-08-23,-0.0027271613651282953,0.010232389089024664,-0.006081342442362292,0.003099643586871914,0.00705359368471144
2021-08-24,0.003704129207227336,-0.0013105449305675476,0.0011346735816105684,0.004692824534961981,0.005491086009379381
2021-08-25,9.320322373542736e-05,-0.00010433751384673071,0.0003669865970674866,7.51693417791134e-05,-0.0007749396499059043
2021-08-26,0.0010584064384229434,0.00048383709882597885,-0.0013814364039031353,-0.001639272117475288,-0.0015579776333149997
2021-08-27,-0.0005336133039137936,0.001718998522821735,0.0025390509951017217,0.004854305576693968,-0.0007784396754927892
2021-08-30,-0.0011589010918480413,-0.004855843531612725,0.002163580773581564,-0.002212033350588386,0.004046962583429814
2021-08-31,0.0019119160825062493,-0.0038112825683051855,0.0023099104466101973,0.001852760751844465,0.008344246759298712
2021-09-01,-0.0012423456736764041,0.001432438203408792,-0.0012189307800158043,-0.001638981939907958,0.00692392678270586
2021-09-02,5.439432005083602e-06,-0.0034361677682116067,0.000766968041675664,0.0015340184029815536,-0.0007181558411520579
2021-09-03,0.005557913525698056,-0.0035769476013735703,0.002991930852382963,0.006311999211408258,0.013079499618615405
2021-09-07,-0.004443726040866314,-0.004984307522082321,-0.0018988209571058523,-0.004752260138059173,0.0022432592850230157
2021-09-08,-0.00262223654894096,0.0009075683623226186,0.003835872643510908,0.0012961385659397522,0.0076331217331789105
2021-09-09,-0.0019976876961943727,-0.0015808160344283448,0.0066971134066033736,0.004469694346598653,0.0009588147218844483
2021-09-10,-0.004299308759488096,0.006122045943824862,-0.0027167417167583982,-0.007135916092933946,0.009051704611155604
2021-09-13,0.0044971577663383885,-0.0021015781611633203,0.005892483100882195,0.008670211529368553,0.002880756776431103
2021-09-14,0.006151225752068902,-0.0041976514093527316,0.004413812050476218,0.0035414364161428513,0.0037319358528013196
2021-09-15,0.001756635581108457,-0.0037611012841046293,-0.0013205681311497792,-0.005151632756133496,-0.0031920807352004846
2021-09-16,-0.0047333978029190805,0.007869075565973162,-0.007834171724125727,-0.007082104517090063,-0.0037921295655179137
2021-09-17,-0.007436085756208577,-0.002001623488342253,-0.0029868912722216256,-0.005800395570411427,0.0010621225688154574
2021-09-21,-0.007505349758942971,-0.004520068592064242,-0.0014418090872154287,-0.006161519139530756,0.008888225314454394
2021-09-22,-0.007643706761807766,0.005552372293841247,-0.002153823961868628,-0.005898944573321474,-0.0030024877768084425
2021-09-24,-0.006983547639658428,-0.007470755238964832,0.001981644832283291,-0.005724096395665275,0.00029228089334353084
2021-09-27,-0.004781106642286259,-0.0015013059444520809,0.005701534034522782,-0.003662309103000061,-0.002475957516499519
2021-09-28,0.0033758874140984,-0.006760549078539712,0.006034270583135282,0.0022741761325693497,-0.0009396245991769319
2021-09-29,-0.010291165657418189,0.00724858243761577,0.0006894492007149201,-0.0069565985729641375,-0.0026272426836886744
2021-09-30,-0.007493308329163018,0.00556970532072607,0.004707277412700517,0.0017379776931566544,-0.0052035279991823665
2021-10-01,0.0009622635272777073,0.0006414844847885794,-0.0017383194732100372,0.0014589761610393857,-0.011089844766753357
2021-10-04,-0.010665134767748153,-0.0006785083417370158,-0.02110608649960464,-0.015249958932839916,-0.010405352793735204
2021-10-05,0.0024137313213734584,0.000435279846186254,0.007763510742270241,0.008076403776122894,-0.001475610587554175
2021-10-06,0.005164691604186157,-0.004504572126263116,0.0002568305204248217,0.021547833785612758,-0.006118970244231699
2021-10-07,0.0033211861416255757,-0.006472598547036168,-0.0018200153856145144,0.010718332329269739,-0.0013778021498786648
2021-10-08,-0.00013086485592765955,0.0012431108706910002,0.0037913960100784297,0.002227839939696478,-0.0020172713111955044
2021-10-11,0.0017037498130200832,0.013846370933451958,0.021548174438250634,0.00626627541205448,0.011403744420830626
2021-10-12,0.0070435192146108385,-0.002410335804963859,0.009085647793076147,0.01008128364611734,-0.003497822183622366
2021-10-13,-0.0005798196239779506,-0.002779121556419129,-0.001482543559198191,-0.001014513985251161,-0.0037074512639010664
2021-10-14,-0.007954209502193966,-0.003328714359095453,0.004506542170619744,-0.004250065491561002,0.0009764598000599381
2021-10-15,-0.00011270810516592587,0.0005745942086476271,-0.0038560311782549267,-0.004484840794074519,0.00536351360211636
2021-10-18,0.017305267835728166,-0.01131816059247628,0.0196032747403873,0.017082472212118865,-0.0053322994233850375
2021-10-19,-0.006044269023518357,0.0008181630297805272,-0.002976986392751924,-0.003777492506278764,-0.0021990860792881974
2021-10-20,-0.0037656321848830608,-0.0075831228592522434,0.007821235333020215,0.0010222716831457257,-0.0054481198363187195
2021-10-21,0.0016803912829605585,0.0030227440884117002,0.0017361908860197726,0.0004964889686694951,-0.011710244332183692
2021-10-22,-0.001520205259086315,-0.0019478561314863808,-0.002506666849005512,-0.006280312595853821,0.002046783023369757
2021-10-25,0.0021770185984483657,-0.005306193579261166,-0.006698341837376898,-0.005522514868309347,0.0014083932798162793
2021-10-26,-0.0029480109938321733,-0.00081979432745396,-0.004249245566307636,-0.002852207907090204,0.001436152391663869
2021-10-27,0.00021184215261422753,0.005153314166469048,-0.001366592968431557,0.0016008230480565322,-0.0028418669735408623
2021-10-28,-0.008037558443254267,-0.003293216294065804,0.004691233712017251,-0.0037879783384993093,0.00037746564562727224
2021-10-29,0.004775306113612987,-0.0005437926511012937,0.0034118162189819886,0.005038575960630756,-0.0008236834677682032
2021-11-01,0.003386743463659592,0.0010373719731781696,-0.0023658488189528546,0.006091708836576504,0.005514690299166605
2021-11-02,-0.001441880639760074,-0.001018524448619296,-0.002838125151253523,-0.0010521786845347704,-0.009793738232601186
2021-11-04,0.006300006208677189,-0.0013990052454243786,-0.0063504515601573,0.0008874071047062042,-0.0001490181075055477
2021-11-05,0.004113496996087096,-0.00746726828659543,0.0043697707774907005,0.007673219694131872,-0.005846146240572454
2021-11-08,0.0026178619993346033,0.0014470706764749155,0.005050682978707521,0.005449867785330854,-0.004840446418413452
2021-11-09,-0.0023481629650693005,-0.007646226349863229,-0.011185140123292506,-0.0038930184866795385,-0.009897903600229326
2021-11-10,-0.0020711148993521663,0.00417874300524197,0.003336286848117332,0.006444450202635658,-0.005113103445855295
2021-11-11,-0.004029531022695232,0.004828515110615928,0.002498572295039936,0.001398999682058403,0.001970801871071884
2021-11-12,0.0005786600614886344,0.00035894190044731804,-0.0007460736016437596,0.0018313660075349393,0.006049562250595425
2021-11-15,0.004605918850558721,-0.002166629063243941,0.0024886524940248788,0.00795420327828115,-0.002770092998710038
2021-11-16,0.0018634108090355372,0.0016249776316636267,-0.0015199752875346695,0.002131015115783193,-0.0024318134571758346
2021-11-17,0.0007256899457189772,-2.8014752985061273e-05,-0.0006383737702539086,-0.005948270427442818,-0.0068419504028265745
2021-11-18,-0.007607963788611284,0.0004578844139576433,0.0007260792999236997,-0.0014342454388671655,-0.0015207581571973934
2021-11-19,0.0022754451585418113,0.002215741615781042,-0.005187425059360873,-0.002389534315892783,0.0027874492110085904
2021-11-22,-0.0023143649698902373,-0.0014121319775871831,-0.0007190123724191366,-0.014184360451742187,0.002366870726560421
2021-11-24,-0.004615253191645018,-0.0014387730396436377,0.0013297492299610748,0.00022220846851334314,-0.007730164008246195
2021-11-26,-0.00380313010117117,0.005841658802898707,-0.005108079724552184,-0.0034563531341985426,-0.014137020177211341
2021-11-29,-0.002667215542839352,0.0005963564895856491,-0.003903296307614723,0.006019822716056666,-0.008145642883766905
2021-11-30,0.006281655351614178,0.006128414448091022,-0.013850848134948125,-0.005784821239601242,-0.016207274669573626
2021-12-01,0.004581427202995102,0.0064082022039477545,0.015915230595980923,0.009563960628897293,0.007674227380547826
2021-12-02,-0.00805877611234549,-0.0037490692926738455,-0.0013375196088831975,-0.024779488132333494,-0.001168156207123144
2021-12-03,0.005729826361940506,-0.016190149561933008,0.011046101100448236,0.002614127248812972,0.008491463294332303
2021-12-06,-0.0004575208529542518,-0.01287897111657619,-0.0048066115074544054,-0.0028125305123368194,-0.003140617144358694
2021-12-07,0.004184998749114354,0.0027666077263995177,-0.003797897085503931,0.0037846398809422057,0.01377157754874401
2021-12-08,-0.0009577386671623109,-0.0003618149923662272,-0.007587873357113662,-0.0010713152082725197,-0.005412507954209941
2021-12-09,0.0018970753382892675,-0.0018145677139001172,0.0021548061974959063,0.0011603672564868823,-0.004127443801788481
2021-12-10,-0.006532394292419297,-0.003718642152635798,0.004131180741108564,-0.00548273960023149,-0.004012036293592343
2021-12-13,0.004798436374062366,-0.002565161607367306,-0.003417490202596497,-0.004501493103471458,-0.0019820922609130338
2021-12-14,-0.0016113560883955326,-0.004366661466373434,0.00644623319518347,0.009086817255130645,-0.0021757732373025324
2021-12-15,0.007149700376994163,0.005887096373410339,0.006292337018714945,0.008392161265024548,0.006330040227005333
2021-12-16,0.004163810619793496,-0.0012402526024706487,-0.0008327550343923745,-0.004172127095024994,0.0015302716552646738
2021-12-17,-0.001416161432941565,0.016318763390770163,0.008546034913448408,0.002983167181617742,-0.005828361756325571
2021-12-20,-0.009124943271583754,-0.008116089427542762,-0.009832122831785318,-0.008098078675653944,-0.01481843770854037
2021-12-21,-0.0037104501603983935,0.0030701534088284146,0.002626939267717443,-0.008415147265077083,0.004394487739777288
2021-12-22,-0.004890324294542059,0.002898826529657651,-0.0008384655256100659,-0.0017055781048524244,-0.004006118238531782
2021-12-23,0.007667870233534146,-0.008656613939977121,-0.006978703184798097,-0.0052761096410590125,0.0020730103267442485
2021-12-27,-0.0011461670667466616,-0.000309363440073707,-0.0035858061272055156,-0.001946381835864639,-0.0027533000860246295
2021-12-28,-0.00481931403746998,0.003589350411117698,-0.004265433486605375,-0.0023018177804459456,0.0022619058146710383
2021-12-29,-0.0014185084156149493,0.006048994449294588,0.003217368876096827,0.0001386560973932299,0.0019627086441861676
2021-12-30,0.004541915386085216,-0.001997852109403841,-0.0035372155289882024,0.0009505688806387509,0.00014786489275229447
2022-01-04,0.0027291555923276917,-0.001437437956068476,0.0035728172326250597,0.015638730628253383,0.005833978153554784
2022-01-05,0.011592922255070536,-0.012603297177866013,0.012758607254436559,0.013608609800445612,0.008936983640682275
2022-01-06,0.002171276730539051,-0.012274424953232655,-0.0007619172232148138,0.009613910816126373,-0.008004083624821145
2022-01-07,0.0025092663457064734,-0.010402247167620749,0.011966082378320243,0.01287532450812401,-0.006175626053467475
2022-01-11,0.004264537402171786,-0.011925763071793983,0.0019804755015998547,0.00896583418649761,-0.0016939108580885718
2022-01-12,-0.0002520750863003185,-0.0009814262619129766,0.005021766677681572,0.0011097337341475556,0.007058118620427469
2022-01-13,0.016820896671467175,0.014658716560000439,0.01598521251845215,0.014727090596465282,0.0012994996628977217
2022-01-14,0.0019972298383331036,-0.0012933065180910082,0.001172114346807529,0.006766526147305317,-0.0050786681024580635
2022-01-18,-0.004833564769779498,-0.004232407600912657,-0.003892134360382316,-0.008061157586026046,-0.009038130579433857
2022-01-19,-0.0053866700093710765,-0.004584485278002172,-0.008657877705470843,-0.002972178795005816,-0.012085713326835253
2022-01-20,-0.006003215781842198,0.00497275193506801,0.002482478475937411,0.012862547288776893,0.010008639222988062
2022-01-21,-0.00018800124488316207,-0.003958015081888623,0.008557669617357223,-0.009574154554732539,0.005394036420602152
2022-01-24,0.00996465927592043,0.0016454324922588809,-0.0077369098769254135,0.011233341569658606,0.01119465093231868
2022-01-25,2.8258507295487057e-05,0.0013893234793390442,-0.0042868432965884615,-0.004937629344308626,-0.00864556365941351
2022-01-26,-0.002315056983748431,-0.0040446536360186245,-0.0029736507873317154,0.0013106560962879627,-0.0023794881978099823
2022-01-27,0.01525528965289518,0.007909101942049346,-0.0013641898916559197,0.011131148596725815,-0.018271522014085752
2022-01-28,0.015563546173666912,0.010322805433195702,-0.007404089748181585,0.010782974697166676,0.005551411760514135
2022-01-31,-0.0055287247773239566,0.005842507962001786,-0.0023724559961898046,-0.010921001072062637,0.0069055073091032985
2022-02-01,0.0001478247526028216,0.006383554496717191,0.008608821909173602,0.004543258334251584,-0.00581922538457704
2022-02-02,0.009317460234620833,-0.004635696528303579,0.01117510754267681,0.009684031289729339,0.01090938541341889
2022-02-03,0.0026299646432160315,-0.005819309322413924,0.0009178895329596819,0.009128847849527794,0.0025847287121070926
2022-02-04,-0.001808011385561859,-0.00032330385756844653,1.427978260614901e-06,0.003566474121920099,0.004194703578588343
2022-02-07,0.009708520568634539,-0.014737648657003912,-0.002011626029194935,0.008654165996374865,0.0032227308096536094
2022-02-08,0.004843499048174671,0.020744214758637282,-0.0015764269205917648,0.008438436467615034,0.00140383799972491
2022-02-09,-0.00783166706741074,0.012293329185853196,-0.005681448331149297,-0.013291954965378808,0.0006278543863366126
2022-02-10,-0.0009564837591402367,0.0005895523529651839,-0.0030949913494928484,-0.0033695777522265323,-0.002589486667269828
2022-02-14,0.012334713247988162,-0.0013992523389309897,-0.0025884217554214876,0.005083741533403302,0.003969324090189123
2022-02-15,-0.012223733611374653,-0.0006905546921649685,0.008502101738246969,-0.0011630524344102815,-0.009979428862837092
2022-02-16,0.009100104083705096,-0.012556098335618016,-0.006366867886939786,-0.007203590588158744,0.0006945109133524863
2022-02-17,0.007813214902228905,0.0013268271133036968,0.006741270361190166,0.00480335297379603,-0.004332999193360387
2022-02-18,-0.005566032028993906,-6.754456422506359e-05,0.002220728197967615,-0.0032420353535873763,0.002289412073613707
2022-02-22,-0.0015960640804164152,-0.007388396001072241,-0.00874399376957109,-0.004027026842466186,-0.0025612151601227605
2022-02-24,0.014819984509943464,0.006847001167900468,-0.0050294217352279125,0.0048691885473971085,-0.007326029610890239
2022-02-25,-0.003069578374913951,0.01591433585491715,-0.016241049952113108,-0.01656429884024212,-0.0015104458910223776
2022-02-28,0.018665972710577017,0.01592377765195647,0.001998339599656495,0.011529651807531922,0.004853678553550293
2022-03-01,-0.0019818484253129485,0.0032632000761451344,-0.003967510604121615,-0.0016962780990469667,-0.0023554342121780785
2022-03-02,0.012535645972488463,-0.007139094512183198,-0.010988849759969721,-0.0008992491405483863,-0.009870291621475484
2022-03-03,0.008865737084236169,-0.00468878597593394,0.007167184607512112,0.015273181802268943,0.005052264455614026
2022-03-04,0.006226947635225756,-0.005280932301387688,0.0037735243252647876,0.009138458395877829,-0.012373345582006789
2022-03-07,0.014124224155479648,-0.01713462568681523,0.008901282962223566,0.027603170367984826,-0.00994982364602642
2022-03-08,-0.0353818900679012,-0.006277750646274914,0.008468696864362737,-0.01704040268678946,-0.02109438241162833
2022-03-09,0.0007668367552434276,0.00038432619836834556,0.0059294661643713555,0.004185154876979787,-0.004624184683665544
2022-03-10,0.006578938457135131,-0.014397875923336124,-0.01744089532760773,-0.0062806013732881385,0.016320075143775745
2022-03-11,0.02648522383797951,-0.014021362804747884,0.024258503424477815,0.027059015508361137,0.00152166559621265
2022-03-14,0.0025860656115340498,-0.0022331463243428157,0.006713201335000108,0.004511462653150705,0.0031258933268969967
2022-03-15,-0.029158261228281402,-0.025857990167909482,0.012576962941374094,-0.010709943753213508,0.0035682383539655284
2022-03-16,0.008849936665938963,0.003705127297697875,0.006342708797041797,0.01487671265834788,0.003522429505995618
2022-03-17,-0.002347991526930526,0.0033538082579922302,0.009846394690912221,0.0041300363038273,0.002571279730519548
2022-03-18,-0.00041650735225799967,0.0035884914268885294,0.004802711070411303,0.0033126973786669397,0.001649193273874792
2022-03-22,0.02250819302538265,-0.012064554851384402,-0.021409781865260838,0.006753453749863876,0.002895792479805785
2022-03-23,-0.007726027584885255,0.010157924989885169,-0.0016517127376174173,-0.006298114457398473,0.011279882215059718
2022-03-24,-0.008420496932480438,-0.02191457414372495,0.0021705472119704972,-0.006532048301485939,0.009789572296306615
2022-03-25,0.005791297799941031,-0.004580895309401912,0.002890205606375074,0.005796204879895257,-0.00489910720985726
2022-03-28,0.0013223583193871626,-0.0005602387476774996,-0.0025710025455011557,-0.005631839340941714,-0.0037982308734486603
2022-03-29,0.00368873114424455,-0.00026366559129202766,0.001772714286528987,-0.008811365860501186,-0.0006459767001342928
2022-03-30,0.008473652233563977,0.0072891766785862615,-0.0037654248452946067,0.020710824011992535,-0.009403850464012042
2022-03-31,-0.005908642952108979,-0.008695243693952049,-0.0020898376347971543,-0.007466292994085017,-0.003161207959085699
2022-04-01,0.001118584691953005,0.0026655805462243664,0.002513958235937097,-0.0012261906035388572,0.005310866685492652
2022-04-04,0.001007425929866201,-0.0013633883041940472,-0.005122673830394974,-0.003741454738710866,0.0036560039618411875
2022-04-05,-0.0036998197577434062,0.002474544620140539,-0.007674935039367004,-0.007331647861536161,-0.009398362886137164
2022-04-06,0.002171213293411811,-0.0006854378746767643,-0.0018373105742897293,-0.0019408113746387284,-0.004301719944311748
2022-04-07,0.002578838733333666,-0.0014216978640805072,0.007753817155936839,0.002493508109762122,-0.002143616027801312
2022-04-08,-0.002224237752873392,-0.0027636116583454433,0.008850914899794083,0.005259863795018481,-0.008064259593757273
2022-04-11,0.004669365007638194,0.002160601219937641,-0.007490205033040388,0.0024137016431461968,0.0019171569307081854
2022-04-12,0.0077763155347481145,0.0014747881970285093,-0.004527588698387519,0.003930200968772064,-0.00856420820770506
2022-04-13,-9.20223702066676e-05,-0.002543934966724049,0.009781897961587394,0.007977846372778753,0.003930223153812183
2022-04-14,0.008359718455810117,-0.006102461181467689,-0.01020662674195978,0.0016270333497538532,0.0040056338916151365
2022-04-18,-0.0047912110278766525,0.00024220644854506743,0.008302539309745671,0.0002309387645501261,-0.003540830202268135
2022-04-19,0.0008173405223870888,0.0008232070496252181,0.009982482890931711,0.014342141506867115,-0.0013703590819240793
2022-04-20,0.0024585842848438896,-0.0023775303016612343,0.009115434394956233,0.006603574565311077,0.000858093649539704
2022-04-21,-0.011415769717967249,0.00114649518290042,0.0034026153974188404,-0.005016451322253876,0.003928969978272823
2022-04-22,-0.007274431902442835,-0.002657953416663106,-8.921629703080363e-05,-0.003282688551344598,-0.0017323535206617395
2022-04-25,-0.006451520713400317,-0.00012191415676312558,-0.010744984200069752,-0.006940182574493773,-0.000664605147237155
2022-04-26,-0.0013336248298504664,0.0021477181741448087,0.010779099740783572,0.00618850179911303,-0.0067016845723861206
2022-04-27,0.0006567299454401264,-0.004252859365816342,0.0014291050406432413,0.003766970648535672,0.0043473419291991736
2022-04-28,-0.013137859792736274,0.005563049826992007,-0.009431202921379823,-0.009863887412726943,0.01642933565834984
2022-05-02,0.009733760366554267,-0.0035514244594866853,-0.001212132493702289,0.0003243225348782577,-0.004017072471437253
2022-05-06,0.005436529260470447,-0.006365258191037126,-0.009873952255661525,-0.0008849447430780864,0.0057857920693099914
2022-05-09,-0.007193133016650323,0.0025803143019951028,0.006368968827699329,0.002700988554672013,-0.012261291924575191
2022-05-10,-0.009080842040160643,0.013835525339944456,0.016190825899799498,0.004377519335883817,-0.0018045501201636987
2022-05-11,0.0007144394638485706,-0.0031158930147887178,0.005317085790517573,0.009415282430351973,-0.002385643871313942
2022-05-12,-0.009158187285085707,-0.003992306807522184,0.0059435544317938405,-0.0015752091236709968,-8.454973730494498e-05
2022-05-13,0.00239913957468556,-0.0031905220669716347,0.00933426751732689,0.009295850496909147,0.008170657359555604
2022-05-16,0.0016892167811704663,-0.005235508763850815,-0.01628379132719251,-0.006394629942862327,-0.015177978932642016
2022-05-17,0.0048783394523348005,-0.001056701645722624,-0.005910021164139367,-0.002470929676955234,0.00039444067469952745
2022-05-18,-0.004676312863298149,0.0110687715265404,-0.0022140276014751326,-0.0033042253261015733,-0.0013288073064781996
2022-05-19,0.00030112060887406075,-0.002957686473670539,0.008767599939777694,0.004344681925642073,0.01055065424896731
2022-05-20,-0.005359025685116081,-0.0046449777839224545,0.0028722481670649504,0.0012618644021437527,0.004474582066462288
2022-05-23,-0.0013663913575271414,0.0035352155810128407,0.004233242067298626,0.0037210554777391083,-0.0005967681151616408
2022-05-24,0.002158532298724114,-0.001639393606329231,-0.0028242339520349715,0.001211960398556351,-0.007018386716356051
2022-05-25,0.004244861507886744,0.0033600811943360178,0.0014419343749119571,0.0011515734320677313,0.0028055999081419785
2022-05-26,-0.0045433299444496145,-0.0016252932991156046,-0.00489304495914511,-0.011258982587826927,-0.0016373402602276794
2022-05-27,-0.0010066449481615615,0.0014566542257544056,0.002984599376082065,-0.0020946212216291973,-0.005601837169403839
2022-05-31,0.0010488760790910547,0.006368040229656868,0.010036021446638222,0.004362900655047669,-0.0030875522117761066
2022-06-01,-0.00859431500286516,0.005061521079395836,0.0034541084548737506,-0.003698139068222123,0.009144803050480918
2022-06-02,0.0032109554081514616,0.00014422913337679426,0.00798415872652758,0.0027623679273180543,-0.0031905614496500856
2022-06-03,-0.004718126007860214,-0.0022756545446415144,-0.0043724444254793935,-0.006113980948094778,-0.004925094833864104
2022-06-06,0.0037397650917498472,-0.004246684146857737,0.0039794977129756996,0.007076202929376482,0.010692033574854945
2022-06-07,0.00013868069861948645,-0.006307041093315102,0.0005008372458781048,0.0023280734174091766,0.0006575745873673646
2022-06-08,0.00867058670331531,0.0005314618157080456,0.0010127878832024042,0.0035900858920582066,0.006185656687648066
2022-06-09,0.00039432426579844005,-0.007220067383831985,0.0029825629313493746,0.001947289787485798,0.003314563829865058
2022-06-10,-0.005517270950598707,-0.004476232705362904,0.0011427698850749127,-0.00997678499522301,-0.005187830498239572
2022-06-13,-0.0031463210109032415,-0.0006707663911671208,0.005638594260752173,0.008166138234434184,0.00014162660376019145
2022-06-14,-0.0045799825582041095,-0.0034708643144210297,0.005239280307509442,-0.004485903199119335,0.0017061028118007771
2022-06-15,0.0005692808380529223,-0.001860259534766495,-0.0015135220711157916,-0.0020650029497968955,-0.007933773442748919
2022-06-16,0.006738520428075567,0.0047473275037335,-0.004068190592982179,0.0013046045837991904,-0.003402799481576023
2022-06-17,-0.0004258749839719748,0.007125682377101517,0.008914829830657545,0.0077122897212593775,0.006469687840339881
2022-06-21,-0.0019279918306463581,-0.0006922534528391432,-0.008539148306541833,-0.011553023146570252,0.0092943037620047
2022-06-22,0.003839771349717536,-0.009345770164253664,0.0188109004245913,0.017204405608703573,-0.00802315473067246
2022-06-23,0.006268942221474138,-0.0013387600585608392,0.017111149753390165,0.015257453642508523,0.0005565826063446068
2022-06-24,-0.010261304434551644,0.005839172516457137,0.004758392351194995,0.0029787007570121543,0.003258948046528781
2022-06-27,0.0004421927494177246,0.0008812509388327569,0.003039377085138329,-0.00139507976837792,-0.0009807864159838632
2022-06-28,0.015064741212862009,0.002406464257196461,-0.005072877820499655,0.007216621264173439,0.010038097401260689
2022-06-29,0.002112420009316574,-0.005352530126783739,-0.0064721003720929595,-0.004514504736910544,0.0001747168467229691
2022-06-30,0.0049358045977137225,0.006699087853910292,0.00758977617393879,0.006296167007490881,-0.005616462215890346
2022-07-01,-0.0037624835874120474,-0.0014722590112448359,-0.0046576904726247205,-0.006125963603592849,-0.01336437717922558
2022-07-05,-0.0017508566120233442,0.00174998012540144,-0.002025247462479452,0.0003620930060489868,-0.0010699099662511082
2022-07-06,-0.0009308658922668961,-0.019709708358771394,-0.007015796060155833,-0.01033860537215828,-0.007395109934285375
2022-07-07,-0.0012379811859979386,0.003971920944321439,0.001734072856518054,0.00011597248114556536,0.002617179683020404
2022-07-08,-0.0027291334854679496,0.003072888579252586,0.006400187913078304,0.004000424884115496,0.0005671738603782875
2022-07-11,0.01019084156972947,0.0048579488789297865,0.0038252082053458207,0.0072887746000224,0.0007011620665975186
2022-07-12,0.013352337741771848,5.0195508362738464e-05,-0.00018235389753651354,0.010086256443528577,-0.009202678263365249
2022-07-13,0.005709439483856871,0.004882162375120248,0.0006635406738812577,0.003966130174863488,0.0011997148109744987
2022-07-14,-0.009687961937483003,-0.001365730113710861,0.011703090017604566,-0.005519099610266744,0.004593400206436778
2022-07-15,-0.010673710176863915,-0.0039516790899190475,0.010686708606833384,0.002734409572539135,-0.005650710070545791
2022-07-19,-0.004346602560864631,0.00911308865574021,0.014813647055395297,0.005406906132709065,-0.001563858713790879
2022-07-20,-0.007056051401092644,0.0024036105230673226,-9.893906797351412e-05,-0.005443657924043721,0.004324239063507449
2022-07-21,0.0013967691193844441,-0.003684133862587924,-0.0014095588717226266,-0.0022588156641372144,0.004523097667704756
2022-07-22,-0.00557087631260449,0.007909287329765546,-0.004877668131193835,-0.007830207901351824,0.000562310460285934
2022-07-25,0.005243915603554796,-0.0004034776745114986,0.00040918429750131963,0.0047158662302397404,0.0013861991576525835
2022-07-26,-0.006293849053159994,-0.0019522157006389702,0.008329675102523892,0.0033199190563601433,-0.0015662761705826595
2022-07-27,-0.005195304030309722,-0.0031223450483574893,-0.006224710101024367,-0.001674474453204655,0.002899040931522163
2022-07-28,0.013953051749292046,-0.003409977022449251,-0.002056359273075059,0.0103263348715395,-0.0033360660276645897
2022-07-29,0.004151784575608141,-0.001127327147075508,0.0022730754827106066,0.002114388321430714,-0.0033257061366666063
2022-08-01,-0.006971662439297721,0.006621636075709736,0.006648197691742742,0.003908864670470469,0.008194447900772454
2022-08-02,0.00023396947565838995,0.00037065221165035736,0.00030835063167313783,-7.93842431334557e-05,-0.013325713116789166
2022-08-03,-0.0016523619195327962,-0.00154979925124461,-0.008222238724787357,-0.0073356308110453326,-0.001739500880667609
2022-08-04,0.0006322092139473545,0.009673787680440782,-0.0007525968084071584,-0.0014141138758327803,-0.005384990594009868
2022-08-05,-0.002869324816463249,0.001611815057910926,-0.002257947734411659,-0.0039788591088587575,0.007973964740662698
2022-08-08,-0.008923514599080917,0.0031474081606498666,0.0013564788643206428,-0.002974622859518829,0.005274038576834133
2022-08-09,0.0012551140743213285,0.00443409806038817,0.001281737956650386,0.0016095667160753446,-0.006149513604326858
2022-08-10,-0.004040190545091283,0.001319046726311468,-0.00393367384676746,-0.0041798757314115914,-0.00038607399147359264
2022-08-12,0.0048880862954233,-0.0019849387198203504,0.0002597117173147815,0.005700829398372931,0.009247385978532514
2022-08-15,-0.00016318034269300306,9.868635584024937e-05,0.003667640430219121,0.00233401454807971,0.0023252870137163316
2022-08-16,-0.0036281205107397303,0.0034652535685085976,0.003763254428824636,-0.00035630989414039434,-0.0007158975513614774
2022-08-17,-0.004396617185182584,0.0011957715307621794,-0.0034691867777660867,-0.0063489888961528644,0.007906337450930763
2022-08-18,0.00015924975280330296,-0.0027592754754285354,-0.0038856378115517346,0.0019025168578966356,-0.0024838421983649755
2022-08-19,0.003038762861026778,0.008073152237231662,0.0074562373890394214,0.007009659771084762,-0.0013777080992907263
2022-08-22,0.0029391789283799157,-0.000344608701315786,-0.0008160784426943571,0.0009168586046645727,0.005723904263812013
2022-08-23,0.0048896377152879205,-0.004945398746444729,0.0005522400876922127,0.006203801418664065,-0.001832509156361109
2022-08-24,-0.0047851360510082095,0.00271755830693583,-0.0013680644961224118,-0.002332371028223997,-0.0019069877591135504
2022-08-25,-0.00021544521390446433,0.0026128707697151703,0.0030487144894960627,-0.0011322456817446929,0.003462288197276688
2022-08-26,0.001036179060141351,0.004024622211396767,-0.0011417629337965752,0.0019132242443581139,-0.0009696522703893128
2022-08-29,0.0013337932423297173,0.009189958946961396,0.007936469617851993,0.009614122824987451,0.004586172259556761
2022-08-30,0.0005234024507480006,-0.0004464107991305256,-0.001982661147793796,0.0013849286453912106,0.00542223595418016
2022-08-31,-0.003367398388953369,-0.0013026981186064826,0.0007175815730332988,-0.0004749015985767715,0.0021749942467034536
2022-09-01,-0.004256993667799969,-0.0023027896286016867,-0.007783782813418894,-0.01439883778981462,-0.006321558600449349
2022-09-02,-0.0011269186928163592,-0.001145425411994028,0.0010116751819061907,-0.0011651148749432447,-0.004450332514529551
2022-09-06,-0.006621306698955243,-0.0016362695747965672,0.0011703913260092905,-0.006730831205314027,-0.0012109668719443693
2022-09-07,0.001474631777254598,-0.0007524780908527712,-0.003071009473703601,-0.003455113835417809,-0.003761650792869974
2022-09-08,0.0027427145565551043,0.0021506564227040227,-9.133409243622381e-05,0.00210300725544658,0.00890702269011393
2022-09-09,0.0043361356520411395,-0.0007769385216933156,-0.0038380341979010082,0.0005912177737861417,0.00289306438701864
2022-09-12,0.007800763226587381,-0.007853131115550749,-0.007902033125042252,-0.003526499632487143,-0.0024227658463799235
2022-09-13,0.0026210733521728536,0.0034075637339076705,0.001669600019971451,0.0037977175915483055,0.0013705448030935227
2022-09-14,0.0044836358391370686,-0.002515067160456442,0.00381881454725006,0.006188812264367294,0.0012554108297635153
2022-09-15,0.0034141769984239456,-0.0005254266114407269,0.002153475318983955,0.0017265203056114117,-0.0007038232759113481
2022-09-16,-0.0032398371969819093,0.0027094354649056743,-0.0036954187934781454,-0.004761203108832046,0.0026135208469714242
2022-09-20,-0.0035526510008546236,-0.0031356193586234093,-0.001190181661781042,-0.0029285184168091546,-0.0027340688525262307
2022-09-21,0.00017035108460963306,0.0030365602655764825,-0.0009940951884183531,-0.0016635593692076085,-0.005188287298038807
2022-09-22,-0.0030579789383318188,-0.0006441636836312483,-0.001762191355187582,0.0009022063490080829,0.006388972465897758
2022-09-26,0.012629953381896784,0.01623600926414042,0.019943775139617804,0.019401286121954776,-0.013419948278550904
2022-09-27,0.003486765082773258,0.0019270660344419932,0.002671698705398496,0.003157143028215881,0.002155243128080327
2022-09-28,-0.0040393790404607,0.002651329738925923,0.00037923710083731564,-0.003971751356981476,-0.010229309532516459
2022-09-29,0.008315399370174937,-0.01329932664701674,-0.011774308089483121,-0.005030858358432417,0.003760991806994975
2022-09-30,0.006872810235209383,0.002677472035771422,-0.005239749550046669,-0.0013749354851021185,-0.00925951964494724
2022-10-03,-0.012487228521665507,-0.0015784590094314102,0.021583749527104866,0.013523532645769701,0.004737274209292062
2022-10-04,-0.0015981024470704602,0.001207710367158478,0.006881196142744495,0.009753768707880564,0.0142266573431768
2022-10-05,0.00041235395979886133,-0.0019886417680174966,-0.0013193214118217165,-0.0015147484567888947,-0.005996727966664676
2022-10-06,0.003519969520352318,-0.006113683503289381,0.007657590446893204,0.005478744459406659,0.002205416143211726
2022-10-07,-0.004334258505718448,-0.0026811413415791297,-0.0008347913585468273,-0.004042487052089693,0.004923490529008168
2022-10-11,0.00568385997457046,0.00924269118156227,-0.0012482867874511689,0.0032716261567472087,-0.004762229068543472
2022-10-12,0.003930609470927959,0.011509259690275588,0.003552574879684079,0.007856913467036642,-0.0014447537318078966
2022-10-13,-0.002050801139879188,-0.004594492212136703,0.002632899202365313,0.0021432719150519942,-0.0061338645446618115
2022-10-14,-8.95836880472566e-05,-0.005978907569421654,0.003342669372483932,-0.0065101933342086755,0.007425625381061827
2022-10-17,-0.0033377787985725106,-0.0006854474719959925,-0.00034167477942999075,-0.003654263410065345,-0.0021590111641124343
2022-10-18,0.004362255722998066,-0.0015290710731153075,-0.00010177928778141174,0.0027539997660068396,-0.004906347519452299
2022-10-19,-0.006455746212031755,0.0058697101027549,0.004414720201324629,-0.001355120121870927,0.003177882390177571
2022-10-20,0.005281128264304691,-0.0044924224110475695,0.0018329691868379072,-0.00016706098986403586,-0.0006259246264752147
2022-10-21,-0.009514051679819224,-0.0045442785058287475,-0.0020044618141879197,-0.008135974669489841,-0.004791789846712828
2022-10-24,-0.009603334179693012,0.012655298692599204,-0.00327135426081382,-0.014625386048584191,-0.009803116683550762
2022-10-25,0.0030336016956499677,-0.0025216578741012576,0.0006487478531487676,0.0015821881573619225,0.0035855540792382374
2022-10-26,-0.001303542696978921,0.005977781309368657,-0.002721921196498212,-0.005634463119259922,-0.0017434096241466
2022-10-27,-0.009580513119150404,0.0003727281854902342,-0.00594276483838092,-0.005911201900332886,-0.005325144656287926
2022-10-28,0.0007531507258671688,-0.004632209283984025,-0.008999452615637083,-0.006553697476049688,-4.0875941884451825e-05
2022-10-31,0.0025640270484116995,-0.0003662223077684154,-0.0024778182423981217,0.0018389372542620963,0.002007265810494877
2022-11-01,0.007666097054186638,0.007539785459723891,0.009335638465342778,0.011648736849444641,0.0022235805222324367
2022-11-02,0.0008804728058259708,0.011402265065812567,0.008927335141401494,0.0053844320332658785,-0.001383539622608157
2022-11-04,0.0007536115331236543,-0.0007982675353419126,0.0006608645047535551,-0.001060714790275057,-0.00450787652315624
2022-11-07,0.002678583686983682,-0.0019999028603356448,0.0004393909669489829,0.005341436540923851,0.001050071289119923
2022-11-08,-0.0025201704963526026,0.004828128514277364,0.0054175453268956,0.00032094355188366785,0.00263183278838894
2022-11-09,-0.0014422891155123634,0.0013342204543681287,-0.001078639111887547,-0.0037262446259030317,-0.0023622945715656317
2022-11-10,0.0052864815670446985,0.0014228754011336386,0.0007270090203779665,0.0033339809162111936,0.0038667944718126282
2022-11-11,-0.0045383448508706575,0.012605134063261915,0.015549420391499869,0.009626872805174602,-0.002607459513813627
2022-11-14,-0.010261268350161945,-0.006027813547311878,-0.008075946589453388,-0.01364911627696655,-0.004811091517075281
2022-11-15,0.007832705977445696,0.005342216321931059,-0.008038315233045813,-0.002370813185371837,0.004961144745620457
2022-11-16,0.00026565676906191676,0.0034725875208749587,0.006190345913611384,0.007169699759280603,-0.0015849806842059637
2022-11-17,0.0005381309603134767,0.014286933101060394,0.01220492297398601,0.011526918392492392,0.00572247153331276
2022-11-18,0.00498545004485429,-0.008316192973587478,0.008241155195692709,0.008498619051685068,0.004207341375371853
2022-11-21,0.004572699770809563,-0.003325155810680269,-0.006620672646064696,-0.00018316100167827464,-0.0008771689869637069
2022-11-22,-0.003192782858054688,0.005859592319488494,0.0025972320885413237,0.002591043975728213,0.007634229391252474
2022-11-25,-0.0011216096969591143,0.00040614311849729296,0.00048305556633796397,8.571915748152082e-05,0.0005877129808743051
2022-11-28,-0.0062407620181381025,0.006274321849713017,0.009660917764595368,0.0009295317662236522,-0.008047783916806958
2022-11-29,0.004509673281468918,0.0016994369564695684,-0.0013615046257440928,0.002463080777239862,-0.0006877386421564651
2022-11-30,0.002773546440033004,0.006749593833740542,0.003584257033658233,0.004870706595857144,-0.002721455167647043
2022-12-01,0.0011935991805493095,-0.006737952864279185,0.0010632432976815038,-0.0025576368679390334,-0.007546663731399646
2022-12-02,-0.0014483271632426582,0.0063310571392880335,0.007066951811050393,0.002615014151149447,-0.01579397580955797
2022-12-05,0.001532951990774235,-0.0014080718129482637,0.0018319538712027851,0.005106225342825755,-0.005483287363223997
2022-12-06,0.003907551135839471,-0.0006001763007306817,-0.0007155585268959321,0.0006707611467393012,0.004158900523691258
2022-12-07,0.00023277126469385331,-8.099683617652717e-05,-0.0017352792063053627,-0.0011020517754050272,0.003934829803496426
2022-12-08,0.0043183247589790195,0.005429827947087306,0.008117683739935998,0.007976660849205596,-0.0014980435142107765
2022-12-09,0.0001673948634806294,-0.0005811965989368285,0.0015881506044560512,-0.0006195804325883295,0.006425124020384532
2022-12-12,-0.0028158512132959944,-0.0026340540470726425,0.0007075657623905943,-0.0017844975556049465,0.001327036230199742
2022-12-13,0.0010772978368305706,-0.002066837262952959,0.009644140904035292,0.009789569679693308,0.0010202727415944543
2022-12-14,0.0016826977224573495,0.0027288714619993597,0.003265077679830886,0.0043187450485025255,0.0027618633903455387
2022-12-15,-0.004508336705812455,-0.004750920619665289,-0.002745472304252594,-0.004146045349658795,0.0014022818475376369
2022-12-16,0.0027893797790125023,0.005541193389685396,0.0015480697705071887,0.005071020116582005,-0.005200442366622975
2022-12-19,0.0036394614543913345,0.0023361754564136025,0.0030397539590202756,0.005046343945298404,0.0003323249817994374
2022-12-20,0.018584030488986738,-0.02037353901557659,-0.01196294450019315,0.016957184326339185,-0.013789445357473167
2022-12-21,0.004592216030085683,-0.009987218970084921,-0.013891629023367203,-0.007062111875946064,-0.0041576333004746165
2022-12-22,-0.0034860358732272893,-0.005269573016202589,-0.0010872526100699441,-0.0033580460615761703,0.004244027407492895
2022-12-23,0.0033643771522540392,0.003406206022738689,0.0011637644537873192,0.0020454555195346855,0.0025797101927801705
2022-12-27,0.004749246462182976,-0.006413350961860221,-0.00018655345987941276,0.0031824351542372067,-0.0008701201746395842
2022-12-28,-0.0007710763081802737,-0.0032096523301348157,-0.004007791522702031,0.0011709168433087283,0.0004378202317173321
2022-12-29,-0.005756244406705768,0.00044409337458595145,0.0010493979091629854,-0.003354485500049203,-0.002824772791765511
2022-12-30,0.0037277141037592495,-0.005504789198290384,-0.0061373624133494575,-0.0023640311014325732,-0.0031600669483818965
2023-01-04,0.0008368487654222719,-0.001943295455616756,0.014150104828359013,0.010615796769171938,-0.008851464032419216
2023-01-05,-0.0052220096787130455,-0.0015623025404248431,0.0039497877935299255,-0.0006374983244769308,-0.006882791306752348
2023-01-06,-0.011983586450313522,0.004083087532690467,0.004913449392696201,-0.0033303464930217468,0.0043345744366180715
2023-01-10,-0.0002818074507228371,-0.00014997320259195696,-0.0047802942818668814,-0.0012974574704000593,-0.004181071619975529
2023-01-11,-0.0030720666130924943,0.007184569993365365,0.014767550874655934,0.003770633864939788,0.00384907631869911
2023-01-12,0.014419469732381708,0.01968964924637866,0.014624172955456795,0.016427391321944013,0.0033815703070824744
2023-01-13,0.006858248307112968,-0.011596342698358476,-0.0004648856172919666,0.005243724599813133,0.0018490951825656816
2023-01-17,-0.00025327965449799565,0.011248046279856096,-0.005907140461761417,-0.013009510965416693,0.005806941613289742
2023-01-18,-0.007678251708501094,-0.0024116201774360135,0.0003140292895358332,-0.0061871318066861365,0.011775151425130395
2023-01-19,-0.006708784897341546,0.0031372688993301923,-0.006831726778409109,-0.0055424279452724835,-0.0025034655479778613
2023-01-20,0.0006527826576707698,-0.0074764613243416995,0.0041019073932691,0.004527592096333032,0.008498125622017558
2023-01-23,-0.004177632327155712,0.005461130441856632,0.0008712416143716428,-0.0018844470773455673,0.0017426797589781078
2023-01-24,0.007490944197628302,-0.003999451294719392,-0.010556429454824446,0.002788467214565382,0.005687105542001443
2023-01-25,0.0036249081357071057,-0.0034446894642338423,-0.0020104265658535962,-0.0017026576171717727,0.00652477429621508
2023-01-26,-0.005167305621051588,0.004589793959711685,-0.001622138140416918,-0.0039074514568370085,-0.0022709528744204277
2023-01-27,0.008217025027627913,-0.0005749344370711951,0.002188360775182097,0.005432650849345833,-0.0018900520818665705
2023-01-30,-0.0028251637045296095,0.0012272077447485156,0.00302419647443577,0.005360657665847571,-0.00232553569568064
2023-01-31,-0.003791408906530158,0.015420456382989278,0.009476407965717071,0.01484842794186684,-0.0019776429146630497
2023-02-01,0.004217249893084807,0.004544444797591085,0.003919790432392034,0.004585312256580299,-0.00562756916524482
2023-02-02,-0.0009765913406638575,0.0016129799542014657,0.003000040350011113,0.01366110702401685,-0.007475632573461889
2023-02-03,0.0001154221037479749,0.0012276936875605495,0.0022790415186607184,0.0015955075980001528,0.00022355694589551935
2023-02-06,-0.004213360910673348,0.008169199487188371,0.005399434159993023,-0.0036557053875164065,0.0014041248686662174
2023-02-07,0.010452423131829546,0.0049943274646652375,-0.006003321334671896,0.004244489134265764,-0.001041219732949487
2023-02-08,0.0026614520311440738,-0.0037421326986142537,-0.00474884621660201,-0.004040395396200866,-0.0010329262102007973
2023-02-09,-0.005156771902091629,-0.002542288710698481,0.0014976071041544966,0.0007767760789412037,0.0048908671616916905
2023-02-10,0.00929454432549075,-0.0025768682580136646,-0.005802882292429179,0.0010042965417392585,5.8409692227283127e-05
2023-02-13,-0.001601523857624932,0.006389026904697226,-0.0018408424563088445,-0.000883154245702822,-0.001072826562402746
2023-02-14,0.0020064964735592382,0.0008948465306099827,0.002887488614986622,0.0066185046696029814,0.0004268693564110474
2023-02-15,0.006879219960590777,-0.00849021114660904,-0.0013512121089918512,0.0035279128482851555,-0.004210689139034845
2023-02-16,-0.005091539042864213,0.0037597104714779395,0.0025230762394523824,-0.001949076839201572,0.002883157723193592
2023-02-17,0.003270851969148603,-0.003240348786038494,-0.0030129952379993833,-0.0005466524210149537,0.0031766366808134716
2023-02-21,-0.007962204438392552,0.00532315046355012,-0.005793123168527738,-0.00724332615644597,0.00105525774119194
2023-02-22,-0.0021371128256767015,0.0006542776597291409,0.0015833407119166143,0.005647692334738107,-0.005550864521789845
2023-02-24,-0.0056858505799481495,0.005833978178308664,-0.0028027472070371482,-0.00238912041377232,0.002603138979855574
2023-02-27,0.007910769916246575,0.00030769537390458153,0.0032162103418982516,0.006001228264735074,0.006753873770087247
2023-02-28,-0.008031478923724711,-0.0021155776447733254,-0.00037524945108822257,-0.009004611524887527,-0.0037144771120059573
2023-03-01,0.005698570613371467,-0.0055226770062335225,0.009984480681974906,0.006710989737665105,0.003934808168824992
2023-03-02,-0.0025967586253296208,-0.0012798762728326366,-0.0012314831690598323,-0.004962032426070583,-0.004309837291695932
2023-03-03,-0.004120067325962085,-0.00891966669351283,0.0035195826642754552,-0.0024790539026545333,0.006572983302888691
2023-03-06,-0.0019143091980598607,0.000495871349342436,-0.001990925331794413,3.569484966947672e-05,-3.963863536914162e-06
2023-03-07,0.006459253932452347,-0.0004126575578065284,-0.004508459236219741,-0.001677087722421219,0.0046176449614873235
2023-03-08,-0.010032961717991395,0.008585749935127241,0.01023965878633071,0.003917585721494346,0.006824998206736667
2023-03-09,0.003566880084610969,-0.005638728796111093,0.0012185146339251493,0.0081822717469756,0.004749805674121232
2023-03-10,-0.009452285232648697,0.0049577626967096675,0.01132292789871996,0.004474716465602074,-0.0037080486389642407
2023-03-13,-0.001330311970091524,-0.0025304785020708875,0.0024224989026218505,0.0007250362896590685,-0.00408864718799639
2023-03-14,-0.020493510783964112,0.013068480997167354,0.020408859405045623,0.002000354464712353,-0.008918885983365406
2023-03-15,0.00660150842095042,-0.001246488779812794,0.00015520215339455092,0.009383128723455408,-0.006624364421793228
2023-03-16,0.0011107471587921574,-0.005659110673458146,0.0014208049162939495,0.003599131449119098,0.008231149495675886
2023-03-17,-0.00844030257551307,0.004936088723304333,-0.002287912105581547,-0.0010740714136578493,0.0027240813276099025
2023-03-20,0.005577387095292097,-0.0035528669816837118,-0.005766823827926215,-0.003156742323316381,-0.009530831009756673
2023-03-22,-0.0017000859881617595,-0.002912893421894047,0.0028770276685100345,0.006487178200085048,0.0013134196695413426
2023-03-23,-0.003298189972290722,0.0008960789216069017,-0.008276878532565224,-0.00719305234727018,0.006678979157323001
2023-03-24,-0.0006509833774250855,-0.0062730155926126845,-0.0010835931494035172,-0.002998526186072011,0.0025913006028842676
2023-03-27,-0.0055961897379732456,-0.008977772531633097,0.009663262050725208,0.0013865432501756199,-0.0004994648345222471
2023-03-28,0.0034973663658709464,0.0020924624130697067,0.0003792112808511216,0.003057592525532077,-0.0015978366391014216
2023-03-29,-0.00666374936186549,-0.002112263046891937,0.00103303835834514,-0.00018885257676093305,0.010318618734789715
2023-03-30,-0.008593475123260431,-0.00452965164382706,8.204332881334413e-06,-0.005410980613818191,0.0009131641996985312
2023-03-31,0.00847637518413793,0.0021319234984601863,-0.005414889848247052,0.012184705459316159,0.003471789300711354
2023-04-03,-0.007418497885419929,0.0030607649753422233,0.005274895629041377,-0.004342874664948361,0.002815397051770082
2023-04-04,-0.00447040943793795,0.003504175816630673,-0.0032842413817690814,-0.003528172569700228,0.0018795300740658924
2023-04-05,0.0005307139703306877,-0.0012575855705895473,-7.257953687156405e-05,-0.006743813074843083,-0.010260658305545952
2023-04-06,-0.0112347141929257,-0.007521727919927579,0.008508233886344896,-0.00013888121304572775,-0.0019023966475564976
2023-04-10,-0.006220108348666442,0.00011424781561020258,0.002996427981871741,-0.006964290373861759,-0.0016658364630888604
2023-04-11,0.005326221993540959,0.0010844895089516578,0.005868974446171072,0.007381544238156076,0.0019599448655371297
2023-04-12,0.0012763724982300271,0.0020147711218834402,0.002774342671605856,0.002101241434127514,0.003009546361610993
2023-04-13,-0.0037627271985870574,-0.0028263811924678084,-0.0022162152680723413,-0.0052115355960810775,0.0008839668862671813
2023-04-14,0.004738746144421868,0.0053350143342464134,0.0005578895364148017,0.007515888076020105,0.0003561637910994711
2023-04-17,-0.0060083743350276995,-0.0009177198777406083,0.00041214955157846704,-0.002276321141444641,0.00023964892620856817
2023-04-18,-0.003520486725305006,-0.0011325276849686538,-0.00667878633168615,-0.004444123222494956,0.0022224032000312827
2023-04-19,-0.005754369893485012,-0.007960041643297822,0.0025548830004820558,0.0016078286508599163,-0.0007125224023348221
2023-04-20,-0.002273726653798525,-0.003577620098221557,-0.005212717940017409,-0.00255257056084518,0.003945500083950422
2023-04-21,0.005446857029669295,-0.010357090145461356,0.009899847352301473,0.011921009511221525,0.0018037960341359665
2023-04-24,0.0009902805304638383,-0.007500222511571432,0.00556409430311422,0.010036355285453036,-0.0015910714510059903
2023-04-25,-0.003404866999799583,-0.005481495260727276,-0.0011120411865521488,-0.008499485291055231,-0.002329396578085109
2023-04-26,0.0022670770012548362,0.0023149554400971875,0.0014677512006082032,0.005960640630712456,-5.876591501347986e-05
2023-04-27,-0.0036300098436278026,-0.0024317592005492104,0.008374542881749436,0.001715689448554269,0.006481671914043814
2023-04-28,0.004505249334548389,0.010537181791824193,0.009125809222248083,0.0021156668951813717,0.004723473622067813
2023-05-01,0.005819331083214108,0.0012778681342960232,-0.003235986461454088,0.004339191017264876,0.0036065912885908462
2023-05-02,-0.00499110329542749,-0.00314697449822976,-0.0030840417090655546,-0.0035606265256757992,-0.0047491478466473265
2023-05-08,-0.005030841379695096,0.0005129692991166613,-0.003175104002400797,-0.007177086412031452,-0.0013539377104928845
2023-05-09,-0.003504938325623109,-0.009434273963656904,0.007480210801805852,0.007921803266355368,0.010811112000451706
2023-05-10,-0.00621729650905678,0.0031788184912796124,0.004056459138970926,-0.0017615023994211145,-0.008395714107509422
2023-05-11,-0.0027408759029795555,-0.006378204589606406,-0.0038961892923971898,-0.0043557288756214336,7.562932616264128e-05
2023-05-12,0.013974712414396585,-0.018454189120843754,0.015882248716877448,0.015318400252956653,0.006947690709867456
2023-05-15,-0.0006663038300972037,0.007609006817664898,-0.0116875144709643,-0.012585681449939174,0.004309525502950684
2023-05-16,0.006861512135328307,0.007350196092870576,-0.0069086234975416,-0.0013493599757919879,0.0011935042947265133
2023-05-17,-0.0031830794346956463,-0.004758455403740136,-0.01077537484508444,-0.006535240976408048,-0.0011014389624684712
2023-05-18,-0.00799100292852948,-0.00585424251738691,0.016424563345078025,0.013689048560503125,-0.0023766165673866097
2023-05-19,0.0012179709132570605,0.007125327765621892,-0.007316076712768949,-0.002694972260097313,-0.003606371300786638
2023-05-22,0.011709122054581812,0.007516251206717083,-0.002684072969664465,0.0061872470924858765,0.009715735948553697
2023-05-23,-0.002694214612268952,-6.648812857710205e-05,-0.003290900425903099,-0.007707000930701877,-0.007882843937035382
2023-05-24,-0.008629323178741722,0.0020358713980668025,0.011777578354647811,0.0009372516647597287,0.001506853512736978
2023-05-25,0.0032875684689791518,-0.0021869102981541657,0.00033549365168090707,0.004028681121275681,0.000996152595317823
2023-05-26,0.00740014619866094,0.002399343657232978,-0.0024461954646690653,-0.00044184610306468555,-0.002590782423995953
2023-05-30,0.0030978436337863353,0.007048961195022852,0.001132513519074974,0.0014062971748016015,0.0022859278311453597
2023-05-31,-0.003981860677006611,-0.008144890891861278,-0.003609313802773073,-0.006361673784608252,-0.00469691792140394
2023-06-01,0.004940215639836952,0.0011484828493528727,-0.00578157161840096,-0.0005423400304114027,0.008147351640743277
2023-06-02,-0.006247402534505441,0.0021486382975808736,0.0007373544550648423,-0.005423640512986088,0.011134161123232107
2023-06-05,-0.0016537046822273638,-0.0011082074908386418,0.0066610219598155496,0.006073326482589421,0.00023564256557997824
2023-06-06,-0.0006496477280871992,-0.006550156825237786,-0.008700190995699807,-0.005201680178862323,0.014356548149218665
2023-06-07,0.0047292875795359925,0.0003150024816985352,0.003776273179900435,0.0019068017796265426,-0.011038252355006394
2023-06-08,-0.0009223524407639954,0.006956230252848906,-0.005708685087625165,-0.00037740770470692754,-0.004568224313353327
2023-06-09,0.0069139390411921305,0.0026859700163642582,-0.004151342183015317,0.005839159776910862,0.0049313369542118325
2023-06-12,0.004746908681842887,0.008212432273173231,-0.0022958722935199957,0.0016046046435958749,-0.0003296532893954798
2023-06-13,0.001798211411746231,0.009321259190080889,-0.0036771699964351927,-0.0022783871351274134,0.004359751258749715
2023-06-14,-0.007162613558149711,0.0006324854050648645,0.01168591975582327,0.010141910287030653,0.005554866568462165
2023-06-15,0.004455398655343057,0.0030565276836022953,-0.004913869738994481,-0.008338167405217515,0.0010252775671262325
2023-06-16,0.0026255478265430955,-0.0024235564082028425,0.0013837846297000132,0.006509535761879496,0.0049040463794985684
2023-06-20,0.004876452906382634,-0.008911895702314654,-0.00121839688972969,0.0021398857028731753,-0.0021607401833315274
2023-06-21,0.005318781661853755,0.011270800718952412,-0.011933112222724196,-0.004401793197282046,0.014488278340278255
2023-06-22,-0.006231130914207929,0.002481508724175719,0.004189437139400277,-0.0003993312737948949,0.0006418518778926937
2023-06-23,0.00011903666304278245,-0.00881671863792095,0.010888632097072425,0.008266618473948108,-0.014569846489237785
2023-06-26,-0.0029647570166813526,0.0019588419619629874,0.0036278180816340824,0.000862511018356171,0.0009058971896744023
2023-06-27,-0.0017564189945385115,0.005169325408831971,-0.0011758535879177858,-0.0013819869240041718,-0.0030477992216301404
2023-06-28,0.0003129886419042556,0.003989880204874386,-0.0019686660289354833,-0.0016432366797941799,0.010236805004733588
2023-06-29,0.00018833359715892924,-0.0013151983259357181,0.0007944279447690491,0.0020944532717093916,-0.004547438483416746
2023-06-30,0.0019269390112125477,0.00061079049870818,0.0006128455410356894,0.0038424749641791994,-0.0026453551422307756
2023-07-03,0.0062895691691857505,0.0005140565097195397,-0.005286329983804318,-0.00014216863427311344,0.0063322455281332015
2023-07-05,0.0011169431349460578,5.893676688675277e-05,0.0011696824532231977,0.0021506986057812944,0.002116433292353278
2023-07-06,0.0019078744410892636,0.0053169612355254536,0.004111159180634805,0.0030358258771289908,-0.005857799955594976
2023-07-07,-0.005572574937456866,-0.003231366953711668,-0.000621892461370632,-0.003209830367466582,-0.0003669222511475063
2023-07-10,0.0007504851021818749,0.0068857586718212415,-0.007786155890881653,-0.007924603084348853,-0.005233565654352858
2023-07-11,-0.0014540918675907122,-0.0036859632058467984,-0.0017857185690139275,-0.0042852116778351,-0.008743676025809976
2023-07-12,-0.009573290287013505,0.002717412693527654,-0.003950329212815152,-0.00924690835606822,-0.007409563599640662
2023-07-13,-0.00032248985273901663,-0.005141210419182608,0.002668035292894078,0.0033740499740794443,0.002799811887611202
2023-07-14,-0.0062544123758125686,0.0015704744451732649,-0.009418345380543824,-0.016742116326083585,-0.0061797856093591804
2023-07-18,0.008404204592474441,-0.002108437152637243,-0.002401688504415467,0.008336961840993343,0.004328322694655721
2023-07-19,0.0019606715393600373,-0.0025592657388504806,-0.0021007216626641066,4.597797445094398e-06,0.0032251650442991237
2023-07-20,-0.006530899273339719,0.004384970324965476,-0.002213803739834064,-0.0026166041713205175,-0.003726220527453299
2023-07-21,0.0017119531280306525,-0.0012470516520203478,0.007413352108872262,0.005346599924234012,0.003473599563005695
2023-07-24,0.0006935799921784058,0.00638643818251079,-0.0023557295371980707,-0.0006063351269826236,0.0032081273487268988
2023-07-25,0.0041448414171060275,0.006134834591376737,0.007164056257305518,0.005435502778895026,0.002339025422431663
2023-07-26,-0.002493104711943861,-0.000511676992066179,0.006799131990829155,0.0004220200004488399,-0.0006792375183963153
2023-07-27,0.0011686853538846356,0.0031844152465819063,0.00166313633435804,0.004115452205537341,0.006665400912903946
2023-07-28,-0.001695726592000213,-0.018823505319632904,0.0011885659128363594,-0.003898757796362129,0.004911138018619401
2023-07-31,0.0030738857793808803,0.0024405860231834662,0.0009411528578422868,0.004478596617058628,0.001210700040859227
2023-08-01,0.010038788420356172,-0.008178493626078743,-0.008239648243335873,0.00011164668632411085,0.004882703098323759
2023-08-02,0.004954545560576729,0.003161875799864867,0.00933807850706161,0.006663896524506254,-0.007360176991430512
2023-08-03,-0.004589444948203725,0.004253199005043906,-0.001309267534641068,-0.015013455438057783,-0.003914606312248636
2023-08-04,0.008388723968859634,-0.0029855113987686363,0.008504765242703759,0.005354020020609893,0.00677474563299645
2023-08-07,-0.001134307436428328,-0.0050716939744078985,0.0034242140957921443,0.0029185541065856824,0.006703649693623059
2023-08-08,-0.0027897423128123936,-0.008440866780600366,0.00188292045636016,-0.0030950338953752063,0.001038091251830709
2023-08-09,-0.01591292518262029,-0.000543208285242192,0.011645136030479298,-0.004322726776563443,-0.002172926887397113
2023-08-10,0.008735171287702004,0.003542835074031767,0.0016507386116245914,0.0033476869345448338,0.011702961686820763
2023-08-14,-0.005241203692574036,-0.0018069036785385963,-0.004611666500387935,-0.0036644212654985825,-0.010949234274449264
2023-08-15,0.0006142468623221873,0.0026565200672934003,0.0035638135563639487,0.006088327803387786,-0.0018394987240665304
2023-08-16,-0.0019675647175975593,0.006204465787190739,0.009998329611464008,0.008457462481344722,-0.0025456479801723164
2023-08-17,0.004039131507644078,-0.00401756257263537,-0.009526558334626034,-0.0011477536496947065,-0.0020874179947082796
2023-08-18,0.0015005184918567283,-0.004889543981621669,0.00979795030196431,0.006119094624431103,-0.0027994665576309826
2023-08-21,-0.00276377083881354,0.002977997626675166,0.00465079786952558,0.002485522481793493,0.0018626472996785156
2023-08-22,0.005791754486795054,0.005269766042234059,-0.006728566704155293,0.0008314992013276233,0.003709712982812242
2023-08-23,0.0014675614223976347,0.0034471193263939,0.0025605257238327855,0.002438470973903961,0.008100816991219163
2023-08-24,0.0003142217471579832,-0.004844558376780728,0.004382314457493042,0.008656617150948953,0.005265057148590654
2023-08-25,0.003332857182989546,-0.0012394971560345976,-0.002374844276544441,0.0015508537307357246,0.002587348037183432
2023-08-28,0.0019052676167660375,0.0021768725952911135,-0.009327141008671914,-0.008252060082320637,0.006773773862575579
2023-08-29,-0.000293876126052894,-0.0019823121029856946,-0.008555327948050539,-0.005337305761295946,0.0007928251228758176
2023-08-30,0.0020186780931217953,0.004113586907058365,-0.00102933814513928,-0.002796726181963101,-0.0007643205674260682
2023-08-31,0.001011117415865881,0.001751234863540895,-4.786283643540843e-05,-0.0020329456130667614,0.005990297737486004
2023-09-01,0.007093460485733516,-0.0037980984197262925,0.005840920269802963,0.008212932024625762,0.01073554839832409
2023-09-05,0.00027919722527889343,0.00492605508532078,-0.0009056300276689466,-0.0029550861253605787,-0.0004860296100024168
2023-09-06,0.002616551551674551,-0.007504075283990798,-0.012996206837872438,-0.003558818864318164,0.0037972106693107263
2023-09-07,-0.00038896318329621976,-0.0009087548288978285,-0.00023863636753844713,-0.0013606498313584571,0.0009896118153779592
2023-09-08,0.003155762630515426,-0.008437305838503996,0.005902827408726808,0.005075604902999981,-0.004919018854160044
2023-09-11,0.0090818403767287,-0.010818188445158606,-0.010191474326872264,-0.003910784946196676,-0.004532939286438838
2023-09-12,-0.0022605573493288847,-0.0012165941388246008,0.011792127735323366,0.005823695599167289,0.002113880076904162
2023-09-13,0.01054090179045577,-0.009744379700778395,-0.0014220271676040007,0.0038606931816661254,0.00043152505328214463
2023-09-14,0.002485325334249677,-0.0025260279485309176,-0.0031859238824238256,0.002613989868750544,0.007328516677343636
2023-09-15,0.0026093848876874055,-0.005000112520018952,-0.0053298487739415375,-0.0035521867998008034,0.0028444070406555113
2023-09-19,0.01782464724692656,-0.01586080945482209,0.005784754381368141,0.009070208722054971,0.005801298446284997
2023-09-20,-0.014439929611815196,0.0022790049002945774,0.0022463510363698973,-0.005935597898985973,-0.014436420128522786
2023-09-21,0.009388777900190038,0.001922277475909962,0.0034947675714176465,0.008311972585627752,-0.002218201577161062
2023-09-22,0.0052347054090083,-0.007724616650926764,-0.013184999455701575,-0.0028083289167719462,0.006610750018016548
2023-09-25,-0.00891677472045731,-0.005141339353895713,0.009014195052826036,-0.005195061663004863,-0.0006318064066388462
2023-09-26,0.005216076704375694,0.0007526978473351821,0.00040328498059307707,0.0019441550298360537,-0.002906194628588197
2023-09-27,-0.00017198674178233765,-0.006904523896394288,0.0002183296474277622,-0.00020850113589042244,0.0032525277838654416
2023-09-28,0.004816105447262897,0.0022558447585821154,0.0008930003521926419,0.005939367459722667,-0.0050647282614911734
2023-09-29,-0.010344813266975384,-0.0035982640178554353,-0.0009483583754456232,-0.007050425333685101,-0.012610517340024947
2023-10-02,0.0031879215230441672,-0.0017129013418215153,-0.0017296768486530175,0.0029826138605718315,-0.009551060995461828
2023-10-03,-0.018361765337973623,-0.00624359766395688,0.0028795525249797347,-0.016761581632980645,-0.021123428875274883
2023-10-04,-0.0189524726758344,-0.000727045108658975,0.008571789262839568,-0.013761676493191504,-0.012853346709121671
2023-10-05,0.007490753726585808,0.0015359599293714764,-0.008879010561751687,0.0028174905283317887,0.011888372058069611
2023-10-06,0.0038588668822984624,0.00931867895574643,-0.0023353813067201524,0.0016043040675065793,0.003952589836693045
2023-10-10,-0.0047705316730407565,-0.006834770755717679,0.006944514809418512,0.0027009801400501576,0.006702097305059479
2023-10-11,-0.0010706261163818014,-0.004106131198523566,-0.0010952908134328034,-0.0011521148360112508,-0.003300975570387992
2023-10-12,0.00010328948882105688,0.006097357881768837,0.011476056440344017,0.005363162130054299,0.008253554686664463
2023-10-13,-0.006215831325202736,-0.005756100185433266,-0.0015207216277568483,-0.002228940054417092,-0.0074470089443283115
2023-10-16,0.0041542477323781146,-0.007559297467005345,-0.00857082612341209,-0.004746380215277551,-0.009331523607965363
2023-10-17,-0.0027521286803978695,0.0021767173123169005,0.005380498127971967,0.006058984601885614,-0.0034424987075157777
2023-10-18,0.006787811691602009,-0.00041369785847025255,0.00801302815087639,0.0030114127104000563,-8.393946713413549e-05
2023-10-19,-0.0035358834492519755,0.0160380667082374,0.013103702273613061,0.0024841471199252927,-0.002438441546053823
2023-10-20,-0.0019371421257975642,0.00025891972681417724,-0.005072920785560697,-0.0009374295348089151,0.003371892455047464
2023-10-23,0.0002696295526196436,0.0016083189431464803,0.008521681071031219,0.003944079789202077,-0.00398534611351847
2023-10-24,0.00015327990231954773,0.0035738673055627506,-0.0020493848418158935,-0.004975001009201019,0.0007367095504403946
2023-10-25,0.011779240885660293,0.0024748249542695614,-0.00513306019797406,0.0021264719951776924,0.001538188090871708
2023-10-26,-0.0006778724112125553,0.002954945263474218,0.007690371197926571,0.0026706239981190982,-0.005527500543438078
2023-10-27,0.0024592790345010266,-0.00818211173236243,0.009072312916348113,0.007319028650648129,0.005688255561320028
2023-10-30,0.0031513879551942955,-0.004847702233889128,-0.005508881202891015,-0.001804109071417789,-0.005219505283606877
2023-10-31,-0.001799276202495048,0.0037579675089336453,0.00929918773416636,0.014854604884424564,0.0037422926653369096
2023-11-01,0.008450859292981507,-0.0011960146637075564,-0.0035019837429203235,0.00681078937287426,0.005667487425798825
2023-11-02,0.000163885853084955,3.873490745487807e-06,0.008181936572354111,0.008470507480666467,-0.009523510046519516
2023-11-06,-0.012257564053626725,0.0007300536326324547,0.0023457588583564604,-0.0054785367102395755,-0.0020689663362308363
2023-11-07,-0.00697313943100566,0.005383406851323901,-0.003035367309866177,-0.009023093631359036,-0.009503044287509607
2023-11-08,-0.023577237877357174,-0.0005522749180753433,0.012882677236246143,-0.010825072025516864,-0.019915020589250126
2023-11-09,0.010094433643684786,-0.0035595236861065693,0.0032031213335870223,0.008242063795534483,0.0101317230523994
2023-11-10,0.0016470448928945776,0.004024953595711445,0.005628603432199109,0.004461526486939998,0.010015110912830805
2023-11-13,0.003514944707324519,-0.005529826208986744,0.0018799202193592103,0.005939705248623711,-0.005263517263507737
2023-11-14,0.0012191356670044453,0.004060323332736182,-0.0010359722327352163,0.00357029203090319,-0.0006827529239983636
2023-11-15,-0.01390001063754618,0.00023841850518608893,0.00020224932709316228,-0.010540744047817028,-0.002569637453636201
2023-11-16,0.0068470789036061625,0.004722538963118828,-0.008151711160670216,-0.004493573834560949,-0.0029515374551501864
2023-11-17,0.005110253159494338,-0.010344651770150695,-0.0067831551724709905,-0.008733409936832137,0.010712095287453172
2023-11-20,0.000554312984421258,3.137456265669362e-05,0.00233324002963371,-0.002013745317872574,-0.006515435333523095
2023-11-21,-0.009990579620964214,0.0009769961669008123,0.0014165805573619567,-0.006315429761074419,-0.0008296591405659859
2023-11-22,0.00029374238906125765,0.0009501852142705931,0.0004670463243818821,-0.0019828234912924,0.007506112804356091
2023-11-24,0.0069747248346498925,-0.00015888882517813805,-0.006986482181208942,-0.002252116990946351,-0.0017978990432154524
2023-11-27,0.0020895467059580896,0.006873957389476338,-0.0003636879658746263,0.003936722045185765,-0.006980698657739452
2023-11-28,-0.0045216028512782055,-0.003392499047747033,-0.0036057434562503324,-0.002518107233340428,-0.005122638943539403
2023-11-29,-0.004856419447547333,-0.01327770356426079,-0.008319711538630759,-0.010341851779568052,-0.0035461159260573062
2023-11-30,-0.00240556055321457,0.0012180895874968514,-0.0032921295451331157,-0.0013353933178539123,0.0062589553013281595
2023-12-01,0.001795061960550548,0.0009064556773595416,-0.004530626222704459,-0.004468737850946258,-0.002547749265806195
2023-12-04,-0.00601069712805824,-0.0026835041832632862,-0.00802645059446485,-0.007912151212374896,-0.004425635085115333
2023-12-05,0.00013290214532715207,0.006094956029142206,0.009809980480244198,0.00875695632966635,-0.0023334269097549294
2023-12-06,-0.0017634081615717444,0.001913338017168442,0.00340741580621371,-0.0039494943974122875,0.014613861682273703
2023-12-07,0.01562969808993571,0.01594035803803369,0.0016812327244178915,0.009945296463796117,-0.0026979554075240507
2023-12-08,0.005206940879265098,-0.005872178303734699,0.00014424228409937157,0.0027204980705371846,-0.010321986199715628
2023-12-11,0.0029260987816994493,-0.004307433223753621,-0.013619193299194698,-0.00602956960029003,0.003003108713672232
2023-12-12,-0.0034722234580403036,0.0009675464671091262,0.0015284920622683495,-1.9405925992641623e-05,-0.0078429495588531
2023-12-13,0.0010732528125451776,0.002023276718853384,-0.0035933049419028863,-0.0014730085502671856,-0.0038023591315596785
2023-12-14,-0.00225393229540569,-0.01039349771001592,0.002235615941841228,0.004368121626927029,-0.015620134762369864
2023-12-15,-0.010289206887276149,-0.0023544660175705443,0.014987208031099765,-0.00381588707561963,0.0028167225495035375
2023-12-18,-0.0036015813888361507,0.006388718431983254,0.0071096493160295315,9.16052608388178e-05,-0.0009879170774215642
2023-12-19,0.005114705730859327,-0.00696643249169413,-0.0011147239270085315,0.0010957043324001194,0.0033299256562043995
2023-12-20,0.0014208131139195508,-0.0032283221413438533,0.006163289712646858,0.004950677549830992,0.003605788569030436
2023-12-21,0.003844267075227559,0.00225743869475632,0.003251850391765276,0.0028912171079812365,-0.001049727406721895
2023-12-22,-0.006511448533510067,-0.0065761808445929945,-0.0028714821789970644,-0.006952709335282989,0.002530836642231866
2023-12-26,0.001375562945450182,-0.0020908810376552237,-0.0011079193495228345,0.001464461671223083,-0.0005352072394699944
2023-12-27,-0.0011860380434176592,0.0037468769810833358,0.003810669648216969,0.004039093674324057,0.00790755602730705
2023-12-28,0.0009414367802196063,0.0006833710679831961,-0.0015533842230751162,-0.0019137251081343457,0.0031525095481799094
2023-12-29,-0.0017914790648229984,0.0014009595396226701,0.00443446556553011,0.0009385783885929497,0.00024223929303548834
2024-01-04,-0.011575995488396183,0.006028896070066958,0.002635327386108166,-0.011770759469098188,0.013558065291456253
2024-01-05,-0.00956178883360328,-0.0007448858373724668,-1.3641467344399291e-06,-0.002685444439910113,0.004881192200626321
2024-01-09,0.002446528695064942,6.3447465114441e-05,-0.008975027093854206,0.0004788976338536259,-0.0036315044879559055
2024-01-10,-0.0038646738069946676,0.005536274512541461,0.001864342094364324,-0.002492199301015481,0.009122900662823815
2024-01-11,-0.004186053451611183,0.003934251255015498,-0.0018984498153032494,-0.010813714030419641,0.0028372021160236673
2024-01-12,0.014282876536229418,0.005687968956637657,0.005139575833794452,0.011769101475499099,-0.000157422859876737
2024-01-16,-0.002721099857700039,0.026816130972408737,-0.01111452522512213,-0.003995579560709053,0.007826214526323053
2024-01-17,0.0029536386557998066,-0.0019395429376047003,-0.0004148617907547398,-0.007014177051380854,-0.007942494528210935
2024-01-18,0.0006732376798276763,0.004550886721661552,0.0002038735655697007,-0.0014907512096417796,-0.002674130599567768
2024-01-19,-0.005565399201066713,0.0070109089203471255,-0.006922915154396226,-0.00879972463663864,-0.005388694999710599
2024-01-22,0.00029098988742077897,0.002220389113172372,-0.005249242959597567,-0.0024480952342841736,0.007068422308151595
2024-01-23,-0.0049846203904956535,-0.003151048615536922,-0.0015255950450978385,-0.0016195370871025171,-0.004169753457415613
2024-01-24,-0.012452446771033233,0.01488360293469071,-0.009167793766688104,-0.01592471469445695,-0.004916326977117322
2024-01-25,0.005582657131308011,0.004870642190628315,-0.0034505210095547856,0.0034746647339511678,0.0026330768455968432
2024-01-26,0.001836729083346689,-0.006813713566631853,-0.0030118647064081294,3.981380965141176e-05,-0.006420991290731429
2024-01-29,-0.0008883826477912742,0.00043446122285759623,0.0013781933591053624,0.000449624347865002,0.010725113018463624
2024-01-30,0.005083015725844908,0.002683007575486918,-0.0037185399694000592,0.003640295039377017,-0.0026588258348901033
2024-01-31,-0.001799975070627147,0.0011021093156921465,-0.002227681927675885,-0.006796533005050753,0.010693938967364232
2024-02-01,-0.0031483178950877377,0.0008037251130195819,0.001250348794613831,-0.0008344411478271494,0.001288950737327749
2024-02-02,0.0024432473102408824,0.008035792447519795,-0.003771570290557125,-0.002283839158843097,-0.003896775141811957
2024-02-05,-0.009754647545986006,-0.000149961057536307,-0.003683596994056759,-0.01246042394129771,0.0007321091182810128
2024-02-06,0.00533914901868604,0.007610598542317737,0.0026590384786755236,0.017686665938375368,-0.0065564353687991815
2024-02-07,-0.0034256229798903526,-0.0021869064802292563,0.0062292568563909745,-0.002211017522826356,0.0050511044171370235
2024-02-08,0.004641083355779353,-0.0030631108127235906,-0.004047213500995528,-0.0009829635567768695,-0.002198607499728366
2024-02-09,-0.005356902287002097,0.0028540512382756677,0.0030371318411140484,0.00031623206067471835,-7.647255365018189e-05
2024-02-13,0.006903046827052651,0.005889712923760148,0.002073720872668705,-0.0002641150736852702,0.0066537195437408846
2024-02-14,-0.0020719705367275862,-0.0006114882120118455,-0.003722599354254541,-0.006513747200792686,-0.005953617814393049
2024-02-15,0.00755218398148132,0.005636128747920233,-0.003350515411766963,0.012405444988387582,-0.0056367278529400435
2024-02-16,-0.012358421626360916,0.010888261812836818,0.005483593441339508,1.8731082866100396e-06,0.0078027372487448135
2024-02-20,-0.002667342499562176,-0.004718995058407695,0.004346735162471948,-0.0017400857435669517,-0.005160996778100812
2024-02-21,-0.0019874562944789623,-0.00085324280783996,0.00902144741183677,-0.0008086686670178238,-0.0021065848672169513
2024-02-22,0.0008658560808469272,-0.00411151898067208,0.004879426105599172,-0.0001553799427697624,0.0038099428647923104
2024-02-26,0.004102117926329307,-0.004694001156161742,0.0043952483137994275,0.010138039325869855,-0.001768187251843872
2024-02-27,0.0015579172582495643,0.007105561977782537,0.009174716370408476,0.005038340375013956,-0.0033416346394489925
2024-02-28,-0.009816627076799533,0.005460820802225875,0.009417576916711124,0.002097198651895208,0.0012062188352253667
2024-02-29,0.005231409290646228,-0.006372768004232832,0.0011656249452001175,0.0036895501617147087,8.44952518916658e-05
2024-03-01,0.00629689130992157,0.008785609052248566,0.014885770859410632,0.008826841170582744,0.009312493921780907
2024-03-04,-0.0003766325677593708,0.00661793551280523,0.0030246302676291137,0.014663208350396176,-0.010838537838091973
2024-03-05,0.0030333187038752655,-0.00375950571270769,-0.009606134961140801,-0.00431706833679594,0.007360879859579437
2024-03-06,-0.002488146493966137,-0.0039236006436028205,-0.0032182498649578448,-0.002840585930320093,0.008229380911446002
2024-03-07,-0.015244225558837601,0.019254323589118515,0.004782996453835087,0.003793274642853412,-0.011120049616015159
2024-03-08,-0.0010955193941672554,-0.0018673983764118775,-0.0010676435608284016,-0.005260054100530487,-0.0004391188001779825
2024-03-11,-0.014914946633942596,-0.008139657334922213,-0.01915778215132611,-0.015716609033126088,-0.012644359519168391
2024-03-12,0.0125650205103107,-0.015405342435867843,0.010124263429381398,0.010284613372065016,0.002373437738268095
2024-03-13,-0.007320508162494297,-0.004343872936062709,0.0089547822573814,-0.00023549303836939515,-0.010310696808485346
2024-03-14,-0.013914229278152468,0.008011983153835644,-0.009121270157389127,-0.008822627097176149,0.008671467894139273
2024-03-15,-0.003978509440354606,-0.010908628354848474,0.0036992964960054654,0.0026119004867691297,0.009053799612719715
2024-03-18,0.010310884462016692,-0.015061404481692332,0.005520281337411782,0.002820963568496309,0.007647643511185422
2024-03-19,0.017453463236303104,0.007000318999214049,-0.011983725448338766,0.039898603722701986,0.01150541551645943
2024-03-21,-0.001155041647991894,-0.007094954747807724,-0.004245119297055778,-0.024647282665289816,0.0025096108673641595
2024-03-22,-0.0012102638506453324,-0.004850867462103793,-0.002975629348732167,-0.00728090476527911,0.00018684055152342355
2024-03-25,-0.0011020148549376386,-0.0036068250518463294,0.004637366398755915,-0.009003813508978276,-0.009322546389942931
2024-03-26,-0.0026080365711695476,-0.0009010634127100338,-0.005760562236782408,-0.004586036201619115,0.0017900771425702507
2024-03-27,-0.0024081410857871967,0.002120522986477292,0.003273061809409827,-0.005832025684573841,0.001373657829106093
2024-03-28,0.019467074753264393,0.001426475807642214,-0.0020107859412843,-0.0017996964309734964,-0.007484583281737759
2024-04-01,-0.016986015013426427,0.0009541585416982246,-0.008211861014497071,-0.009863809604880907,-0.014140286309317518
2024-04-02,0.00707135945849815,0.003719612278788431,0.006071954057269236,0.004651756995225943,-0.007154920126507634
2024-04-03,0.004190480950228448,0.005977269687524745,0.0018247229751539688,0.0015236999956189873,0.0057557324697819585
2024-04-04,0.0016968194243621056,-0.00860739877558141,0.0008935014007867446,0.0009142075427309359,0.0010429284606849692
2024-04-05,0.005828018535659063,-0.003284727545224886,-0.0026140113794322684,0.0023201885928728393,0.0018873943294884005
2024-04-08,-0.00212968824342814,-0.001429215296817765,-0.0033603099353612283,-0.0036048018278001153,0.0019591069557032726
2024-04-09,0.008966560364045886,0.0061357329937211874,0.005028816123590718,0.00730101772203219,0.005406326526949011
2024-04-10,-0.0012820232011317326,0.0004560794765880562,0.004464888625777097,-0.013697723519094374,-0.0005416716960853415
2024-04-11,0.012329154513326347,2.0374954725849246e-06,-0.016496018179182205,0.007151163780926728,0.011611170185581436
2024-04-12,0.0014556364877881256,-0.002483955904735892,-0.003802322557554927,0.02516652854192941,-2.4111450482468186e-05
2024-04-15,0.010169458057789106,0.0113579212159588,0.0017048146210417734,0.018191944006216376,0.008950980151056886
2024-04-16,-0.014846866252203817,0.003164724408997911,0.009155382726002869,-0.01738860511082524,-0.015966626549487942
2024-04-17,-0.015561540432162338,-0.009814783104622693,-0.0016999536297878093,-0.01699341141772763,-0.01540595134599561
2024-04-18,0.014633514046687647,0.0027704567630848498,-0.0051112382392966,0.006785647774016542,0.012463037738298913
2024-04-19,0.0021354199483421426,0.012590349472246687,0.003851514947375035,0.017513406136617744,-0.006157829232293851
2024-04-22,-0.009523207084928242,0.0035896232513057177,-0.009959926114967588,-0.005981637843041903,0.00557632645032039
2024-04-23,-0.003708355293560395,0.0005925623624998041,-0.00027938399973916864,-0.004307584429388185,-0.004548346380778305
2024-04-24,-0.0004916851417321455,0.0045362682503266695,-0.011472858001428055,-0.016596037223956545,0.0059901818559610145
2024-04-25,-0.00546750428792846,-0.0018666117216426196,-0.0037663314053107307,-0.013135720602938347,-0.009698708335888765
2024-04-26,-0.0016766630629681655,0.0009712422589098985,0.0012534590902460562,-0.001084096628746819,0.0042370702611647755
2024-04-30,0.0025376610711389967,0.006858252277065093,-0.0018907459960443747,-0.008123943556221126,0.010534097113396701
2024-05-01,0.001005546287387804,0.0036270543302028054,0.00402840336080903,0.00905015666092283,0.000688501147420205
2024-05-02,0.006263324312050301,0.004687155836120361,-0.0001864672930345537,0.010955271106347569,0.003771666954886791
2024-05-07,-0.008193473037578714,0.00932526865854302,-0.0019591996948543416,-0.008876944297902497,-0.005835372941160446
2024-05-08,-0.0023035802204471652,-0.0018022807213180728,0.003294780936202569,8.161809344342519e-05,-0.009424129807224657
2024-05-09,-0.007245244389618289,-0.003046565507837506,-0.0076656709371808246,-0.01432914787552969,-0.0029837119200952908
2024-05-10,4.547126559288975e-05,-0.0007636611836787212,-0.004084067733597196,-0.0011781688644227867,0.005364672069836034
2024-05-13,-0.00493802654587583,0.004976223608014952,-0.0039234948873734694,-0.010974243681606636,-0.0020993421277032734
2024-05-14,0.0011221506304450073,-0.0031395508070214406,-0.003281533296897865,-0.0010117923871449386,0.001705906246314301
2024-05-15,0.001555263042155342,0.0031610229577599966,0.0021469717984994086,0.0028033076649543994,-0.006022682662129751
2024-05-16,0.00044933041944634784,0.004996207341058811,0.012356173640519887,0.004785440219262822,-0.005299523341372325
2024-05-17,0.008358273975989629,0.009063886517129128,-0.000991586760066076,0.0020480554557260246,0.006259429178794844
2024-05-20,0.014801708840271523,0.002617080202637379,0.009471318239861049,0.011293975467068253,0.011401750129790814
2024-05-21,-0.0017318302527120637,0.0005852871592895818,0.003512685782079483,0.001795232916054064,-0.0042205726987012745
2024-05-22,-0.008110551535581401,0.005904169222382728,0.00022250683394757715,-0.010786012887514594,-0.009039934005009439
2024-05-23,0.00012573785702267885,0.0019361033841816867,0.0010000907057266194,-0.004528542971556045,0.0031843961835149918
2024-05-24,0.003135089896000664,0.002147659461852491,0.0006535846195593995,0.005079918887194789,0.009683630129736446
2024-05-28,0.010668879578126744,-0.004440333264278974,-0.00022438899035879308,0.0047385770453801344,0.002717267615249675
2024-05-29,-0.0030369241458056534,-0.006219256842850563,0.0023963941800937863,-0.0032609751652226096,-0.009759839344181832
2024-05-30,-0.000868809071945376,0.001605307356485142,-9.066552161463102e-06,-0.00022305433607679626,0.0037234418996326566
2024-05-31,0.008828845110393637,-0.0029189407005308253,0.002702678023892656,0.0032087602408575836,0.01546211892581553
2024-06-03,0.005282742076925962,0.013487910968798334,0.01211305426252516,0.009508737617120734,0.0014641393218364348
2024-06-04,-0.01895841603825739,0.012254795076846837,0.00697624594733144,0.00015051750096839456,-0.0006615214235401195
2024-06-05,-0.004516962232380117,0.00594868411891607,0.013236085042765033,0.016109552452793496,-0.006749393358897982
2024-06-06,0.004104061035300565,-0.0070687862697689004,-0.0059431233170005315,-0.0026555619710058875,-0.0040541551603439085
2024-06-07,-0.005045398137702506,0.007791540145317067,0.0008988847509303398,-0.0017942742585507062,-0.003031675502362986
2024-06-10,0.0008778655437579712,0.00039572960783953483,-0.00268844301654072,-0.004614200474180669,0.008090778413136115
2024-06-11,-0.0046176855562509505,-0.007776437958922201,0.004865282907967128,-0.0032841156471139403,-0.0039801428817447596
2024-06-12,0.005701680513432318,-0.0001682562667927323,-0.007412033669888341,-0.004749049205682439,-0.0015240237594419457
2024-06-13,-0.0046532859104841074,0.015137827634693226,-0.0014527960159553379,-0.003606859473034207,-0.013529468869582957
2024-06-14,0.005473962443657521,-0.007686389043457642,-0.0050186239509611985,0.0011452426698581597,0.010838130421594361
2024-06-17,-0.007390451139613008,0.006872021632570257,0.010644619610046813,-0.0009684754378160298,-0.01254627424835959
2024-06-18,-0.004884839511246918,0.0009299492086651145,-0.004318251908579951,-0.007093955802801741,-0.005622742312392296
2024-06-20,0.005328558425217312,-0.004451324284338987,0.0008326756270002462,0.004484027926673977,0.0006618212064447506
2024-06-21,-0.008627427800781896,-0.0058638177579425806,-0.005389007240371346,-0.005425599198169286,-0.0026629541697752446
2024-06-24,-0.000510730891089283,-0.003801125384396165,-0.0013792600842650548,-0.005889320681100929,0.003977954994608597
2024-06-25,0.0026494077983925998,0.004793571376638629,0.005414679204668716,0.007454397464166464,0.012120778673158606
2024-06-26,-0.00029459811708538693,0.002857821736915801,0.0018467418320037728,0.004104890044024673,0.0004543949906305042
2024-06-27,0.00046491028205859503,0.002535666853949392,-0.003777685942336318,-0.002943806312870872,-0.004696760340613334
2024-06-28,0.0023938116125612474,0.001878622362757687,0.00522794901390018,0.004808910789367494,-0.0031948344188054405
2024-07-01,0.0036780285961994117,-0.004717980608663731,0.005024533968838996,0.007830944571695855,-0.0002029344394580886
2024-07-02,0.007055306462328414,0.0020772529161399594,-0.00801838266960666,0.00464909745985595,0.0081135448065411
2024-07-03,-0.007096213921105955,-0.008255530133184431,-0.006900679399056143,-0.010204646562951347,0.0019911754870558713
2024-07-05,0.0009689813897641565,-0.007905761884061936,-0.0025480262926731224,-0.0014768098348014573,-0.00801584564305583
2024-07-08,0.005888160266150355,0.00462763883505779,0.002215370491049629,0.0077641615313496955,-0.004364903543198576
2024-07-09,0.004162248846683836,-0.001739618193272774,-0.004826856362943267,-0.0002644574228740543,0.004952007763079959
2024-07-10,0.00736420340850872,-0.001924242489449468,-0.0061843171884424794,-0.0006137023143396221,0.0050067539135257855
2024-07-11,-0.009594745343435941,0.005339069398361573,0.006422604868563164,-0.0035432544411981137,-0.0010241114817308911
2024-07-12,-0.010215983556301978,0.011631989810376255,-0.013446107735102998,-0.01761734199896011,-0.0009680167212664057
2024-07-16,0.00575255587866299,-0.012036809941518345,-0.0024728526939681097,0.0014407667549080792,-0.003075855430983334
2024-07-17,-0.005483551513195684,0.0027554441388584873,-0.008840332348846803,-0.008052235509690541,0.002501705699967425
2024-07-18,-0.0023123907670397955,-0.0040387590860677235,-0.008265206326422914,-0.011320314963486872,0.005025696107218891
2024-07-19,0.0063661970530570775,0.005124412089545283,0.0024122311173506274,0.007267127805985391,-0.0033799073114773102
2024-07-22,0.0010309862566868944,-0.003893832370943407,0.008844368594566922,0.00707974575217587,-0.006728716584203265
2024-07-23,0.000974169755438071,0.00203890481126734,0.0013329771395193648,0.006048865160439435,-0.0011046235950903632
2024-07-24,0.009970339752421321,0.0002863805366841495,-0.0030049032243874016,0.0017337944386473843,-0.016300103707755417
2024-07-25,-0.008198554582016172,-0.015188218107667085,0.020765306531666992,0.0018357324986458647,-0.007683850309822986
2024-07-26,0.007302649153412633,2.0713298060592595e-05,0.0024924213285129285,0.0071938069834710525,-0.00033190172223761987
2024-07-29,-0.005530026384076425,0.004465287683258491,-0.0018746906162721236,-0.002047037653552331,0.013960106432194122
2024-07-30,-0.003687651676497295,-0.003950200023672723,0.0022461197846560086,-0.001964323219473254,-0.00038994830395830567
2024-07-31,0.005577096134369297,0.007679447882781032,0.017683775686615142,0.017853986371102113,0.02282145069956037
2024-08-01,0.002061528950104077,0.008419307979690857,0.003309279655861542,0.008378138639377839,-0.0341194151277065
2024-08-02,-0.0011688279132914259,-0.005484329411919565,0.018151023146869474,0.00931388622099084,-0.019300393713189284
2024-08-05,0.030915181195946946,-0.0264420038255194,0.0207384522413075,0.033477401782228806,-0.05072142615796315
2024-08-06,-0.049992169472130456,0.02484254794683856,-0.013463339836149139,-0.033714354567713725,0.00608112225477031
2024-08-07,-0.018830096558097104,0.00667720188305183,0.021900801791563083,0.009686810097319976,0.04896102053850663
2024-08-08,-0.008305161230120327,0.0021233559777452905,-0.009642383218362194,-0.007884279640101235,-0.000548820436852455
2024-08-09,-0.007701168423451853,-0.0003724818831388082,-0.005635648076294466,-0.01743138087120495,-0.012366597145608348
2024-08-13,-0.001040276326096844,0.003683508141049631,-0.006216204681271598,0.00745894064646967,0.015223562036164106
2024-08-14,0.00369437849764227,-0.0034468735628234277,0.0007032162445028247,0.0033820571017936537,0.004881025484570987
2024-08-15,-0.012902150384500601,0.009151701825000403,0.008437651457419681,0.0007770042352335852,0.005811829489515184
2024-08-16,0.00876813372098988,-0.0009621999675327288,-0.005310408262616262,0.003011270279736144,0.004677979909466521
2024-08-19,0.008019380760666885,0.008499744569856828,0.011709974080240482,0.009354609338190462,-0.00658105456694941
2024-08-20,-0.00415782142988419,-0.005576668716776201,0.005415445639236327,0.0015109138498942036,0.002368333508704585
2024-08-21,0.009982667835639149,0.0004761807188228269,-0.0006930227383161063,0.009659651741610008,0.007318601748519465
2024-08-22,0.002413382054808144,-0.001811651901580924,0.004390154683578707,0.001723710930329464,0.001093761494869688
2024-08-23,-0.00147847894404769,-0.0028652900283893997,0.0024287528981426386,-0.0008777629697572847,0.007242250082393007
2024-08-26,0.009538835370140487,-0.0010557714007000344,-0.004468688674276455,0.009411038638752247,-0.002931217186388028
2024-08-27,0.0017974725054147988,-0.002954970868458062,-0.0006482268096271952,-0.0034079372944109797,0.009068665944737117
2024-08-28,-0.007369515648811744,-0.0003485642423060709,0.00021232503640891166,-0.005787907903662727,0.000892265432026715
2024-08-29,0.002261184517734672,-0.005714545026243135,-0.0011523003501600739,-0.0010335650262453902,0.003878392921483568
2024-08-30,-0.008344597140980282,-0.013079884306204015,0.0036870168760102743,-0.002009521792926275,0.0032494513377965928
2024-09-03,0.007745795283484535,0.00742074693953998,0.005296103455710832,0.01305289036860544,0.005257600601792687
2024-09-04,0.004030959892165019,-0.005382314279549139,0.00632035041576704,0.008758842478796248,-0.010052270321245019
2024-09-05,-0.012229923966254377,0.004974674169251593,-0.011228894541965873,-0.014554382706742275,0.003689848179031697
2024-09-06,0.008715960178496764,-0.0026126306231678558,0.010768293208995795,0.015793536153393906,-0.010910717695975729
2024-09-09,-0.008417221867298076,-0.0013407832214424424,-0.007465411643702379,-0.007934045803877326,0.021540233604225606
2024-09-10,0.005893869888146109,0.006291982202695135,0.0019647463800512403,0.014251735840551134,-0.0050321715400831486
2024-09-11,-0.004949516009374678,-0.0026516558316724602,-0.009760999846540087,-0.0066414963338064115,-0.014802049969501388
2024-09-12,0.0029406556599480774,-0.000832592496805118,0.003640835374796581,0.002396308992608543,0.002933436552381985
2024-09-13,-0.008515155606615312,5.1593545236228514e-05,0.005031808805663962,0.01178973206166073,-0.0060122553629263845
2024-09-17,0.00583948897797939,-0.001570951718985514,0.008846105751510038,0.014287117362960813,-0.004997536428205525
2024-09-18,-0.00974884484009968,-0.004070142620794281,-0.001458996669359803,-0.016057709359659646,-0.007716977443253359
2024-09-19,-0.003500226736004252,-0.0017634759995042155,0.004399837611050162,0.0017555011133902534,0.00620564369781875
2024-09-20,0.00020518074120590065,0.0034575576991948023,-8.601506480117056e-05,-0.0010723660734393938,-0.005329776169956224
2024-09-24,-0.006883974751775735,0.006633110819504217,-0.008179427662151562,-0.004801545011472564,-0.0040072701588850955
2024-09-25,-0.00816225353662423,0.0027064247200034412,-0.0004921704276819919,-0.009352285285583618,-0.0009191507029981753
2024-09-26,-0.00801921249176152,0.001547862267089562,-4.686864993197395e-05,-0.0018736750244858092,0.00985773967515244
2024-09-27,-0.0011744165600100715,-0.002820447096911916,0.005303037201317329,-0.0017701302074256617,0.0129789246349662
2024-09-30,0.006298372881985359,-0.00027157589272379655,0.0020074174536810936,0.009932573923492487,0.0064882619526169544
2024-10-01,-0.008665902407343176,0.010181532493544764,0.015623773652204066,-0.0007429523379788678,0.0007227095112879248
2024-10-02,-0.003478395992112193,-0.004419747940694574,0.00749893193089699,-0.0009361960062588453,-0.003099830914613737
2024-10-03,0.010333602221665617,0.0034918958177063922,-0.0074450997316594545,0.009724125137682579,-0.007442846580963934
2024-10-04,-0.004840063053822296,0.0004710225390359028,-0.0021708757670539473,-0.007194991259611882,0.005156231507223448
2024-10-07,-0.009857833740422107,-0.0017526284831626878,0.011258316385808743,-0.01206776976738196,-0.00605785334798268
2024-10-08,0.015570396202165472,0.005116517791615128,-0.009454487200652228,0.007360721849178603,-0.007564465967949169
2024-10-09,0.010387085481387583,-0.010185128044383516,0.008932541438411913,0.010900350545516198,-0.008463412519251272
2024-10-10,-0.00021032973651011682,0.0011332745576257742,-0.004732339198853897,-0.0018341061593265815,-0.00422951194082575
2024-10-11,-0.0015222761742230916,-0.009026126696284133,0.004136674673956953,-0.0023117221621774733,-0.004246937304246934
2024-10-15,0.0031268272154781015,-0.014834167341322967,-0.008687060160334048,-0.005640715040934958,-0.0082868674162587
2024-10-16,-0.012057310527764865,0.010561878553670303,-0.008156822641320716,-0.01393347870661063,0.002520788893053947
2024-10-17,-0.0008777245685364313,0.004229034623874783,-0.0023516340796416076,0.004946713557419232,-0.0030562027738773624
2024-10-18,0.001224133897385848,0.000629331493592566,-0.0034722471836615026,0.002826102282972985,-0.005574502477983967
2024-10-21,0.0076621175297687995,1.0430269418803748e-05,-0.0020518139035517586,0.0026698293869934146,-0.006432895323245947
2024-10-22,0.003984250270034417,0.006910539508715386,0.00752982375375295,0.00578525724347581,-0.009835480458431124
2024-10-23,-0.0035200767374729213,0.003220677983526632,0.0004338290734039018,-0.00021232935251876963,-0.004623610561749125
2024-10-24,0.0006633467378026167,-0.003067048478851952,0.007411806137735909,0.002370063140708284,0.005133479734146573
2024-10-25,-0.009950302368270724,-0.0009007290290611092,0.002849086521706367,-0.012754021919510382,-0.005164100993127605
2024-10-28,0.001010215862209396,0.0038947459205970645,-0.0009454488146513271,0.006980788167454177,0.016937121171863495
2024-10-29,-0.0008982335171573872,0.006090377541474723,0.00530360251692652,0.00035626787447650917,0.004997342280077428
2024-10-30,0.0012339649785524814,0.0012021560271040289,-0.0040088895150652845,-0.0015437805535179656,0.006988412626588878
2024-10-31,0.009136526955831758,0.00520990726292463,-0.0013169131026937952,0.011315795980403295,0.002723452327693208
2024-11-01,-0.005122348409396182,-0.009469689422465,-0.008622384638723958,-0.00782124852271709,0.003284200027433505
2024-11-05,-0.003795858274448038,0.003123038246064103,0.0038697222954215964,-0.0020586504822792855,0.0016584585817562443
2024-11-06,0.003570770494924247,0.007453178359570998,-0.009451695016157413,0.008007490524768856,0.006528112759373659
2024-11-07,-0.01067404675566528,-0.0044910545944257365,-0.006425008069369787,-0.007285073997486112,-0.00040689107254209727
2024-11-08,0.00966317988521983,0.014523627248592373,0.010914297125356898,0.025644072390630674,-0.006075257043196114
2024-11-11,0.010377726529870413,-0.000703094966496054,0.0009051595018831459,0.009465805218847028,2.0774313091011814e-05
2024-11-12,0.0008690094385121582,-0.0007130428835942614,-0.0039619776892232846,-0.003012984274448999,-0.00418837809192946
2024-11-13,-0.007265107946514271,0.0034315674342258575,0.007201846153302215,0.008890760401194298,-0.00510744627462763
2024-11-14,0.0018339091088861003,0.0009562860971646268,0.005530529124343175,0.0028867682117513505,-0.006312792314716827
2024-11-15,-0.000683097105903574,0.003958273375715482,-0.007199822030425685,-0.0015070364796300917,-0.0006789568605114743
2024-11-18,0.005657001940489858,-0.007012500144669675,0.0021299341695010686,0.006640823078988872,0.000813688881354586
2024-11-19,-0.009822360070076508,-0.004220188468725163,0.0015711043173796577,-0.0010977314581977183,0.0035852004197078446
2024-11-20,0.004692703775500995,-0.0014107018136871419,0.003767768242738145,0.0070103490414265,-0.004458993495784667
2024-11-21,-0.004130516891597668,0.001107432889493554,0.004689461157612396,0.0035368650822789165,-0.0058017511443319405
2024-11-22,0.0002950681223586882,0.0012518705994345016,-0.002869156875564549,-0.004907953248481517,0.003371212903922328
2024-11-25,0.003481368765164606,-0.006143812004238792,-0.004351535543469808,0.006930917217729346,-0.0012643565192227359
2024-11-26,-0.0026094959537914754,0.007060831797259914,0.008347749705118312,0.0022832070162712445,-0.010591003183774424
2024-11-27,-0.007442118760987128,0.00973199043930342,0.00688145155300326,0.007578747122082543,-0.009060370175053253
2024-11-29,0.0013850733736890056,-0.0014373234363421533,0.0021088448407390998,0.00499131130808624,0.00021856594823187273
2024-12-02,0.0005832690052834481,0.0014937362345285748,-0.008595798906119256,-0.008718111679619119,0.010636546445156965
2024-12-03,0.002134151432573739,0.0025075698566761075,-0.0033777483182078965,3.061150597970675e-05,0.0071640298552367015
2024-12-04,0.00035507883742362805,-0.010460026536018917,-0.005323184444245577,-0.007031842982532767,-0.007442241656187101
2024-12-05,0.005835095688050073,0.0005124656650765001,-0.007305432695948699,0.0033119328459860673,-0.009042432418832532
2024-12-06,3.723037462577384e-05,-0.0013069769540051237,-0.00030010755377261043,-0.00028082041275447533,-0.0035891456478158853
2024-12-09,-0.001397905281973255,-0.0019176951292685378,-0.0031658538676578416,-0.0025082932722476524,-0.0026004322058081767
2024-12-10,0.0018909443641280668,-0.00044566177798068766,-0.002727202185402699,-0.00037296925167042616,-0.0047031779891677835
2024-12-11,0.00498866515872194,6.165613756465888e-05,-0.0012529890035946512,0.003929288923356311,-4.254884258531371e-05
2024-12-12,-0.004928881276869147,-0.00466441115493741,-9.499726452482098e-05,-0.006056790867279383,0.0015958323274679609
2024-12-13,-0.00028442638786256786,0.005687178918474168,0.00579904498703514,0.0004896419441716704,-0.003153841519780239
2024-12-16,0.00526782561665191,-0.0073962270825321825,-0.001594451906572725,0.0016404021520617926,-0.004423865709006325
2024-12-17,-0.006040150925593113,-0.014604810851736106,0.00893519811615755,0.008287374043575647,-0.005852617183304928
2024-12-18,-0.0013762363900679422,0.0012324086804955453,0.0014306186691467107,0.0005439745501396127,0.00013150461061017804
2024-12-19,0.010474620476657173,-0.004838090614024159,-0.007767665359324117,0.0028298719349984605,0.002272196324549721
2024-12-20,-0.012710394289897889,0.0024386784062852655,0.0007784125970699005,-0.01118254599263536,-0.007787140434130378
2024-12-23,0.0027146292514457215,-0.001327540634414093,-0.002899618848747898,0.0006507193027995661,0.004561181861253975
2024-12-24,-0.005838646394661496,-0.0076822908025269135,0.00612355998992542,-0.005408553656093644,0.0004929552823973514
2024-12-26,0.0008515413336833474,0.0059033861306120325,-0.00031225655135564984,0.003945076971025233,0.0056586019357782276
2024-12-27,-0.012061172630048866,0.006737892734317862,0.002573914041921355,-0.007209472919781135,0.007614840646841161
2024-12-30,0.001603383908165945,-0.0049752203079910014,0.0032042358982677485,0.0031977564574843242,-0.0063926950186784254
2025-01-06,5.3939517254275246e-05,-0.0032802828979759504,0.008285361429453375,0.0019566079771611185,-0.010129385195579887
2025-01-07,0.012677402913278324,0.011129653993368651,0.015569632712439697,0.017301228899212748,-0.0024361618362868883
2025-01-08,0.00882129508643692,-0.0011152666398559275,0.006364272731119502,0.008248857603216662,-0.0012967083800616318
2025-01-10,-0.0057786043931244094,0.0025097838702548237,0.0035681194752956724,-0.006432196680796975,-0.004283016372383878
2025-01-14,0.002611683226312156,-0.00524112685128002,0.004475480762467754,-3.169056381906762e-05,-0.004322565495733014
2025-01-15,0.0068741516906715375,0.002326932944752681,-0.0017845765816301151,0.004406354183509001,-0.00603089065506581
2025-01-16,0.0012767832487800004,0.012706949939178848,7.067260373503332e-05,0.004892239166812019,-0.0029214944477203397
2025-01-17,-0.0006192601509924286,-0.003735167480441182,0.0032951854231461964,-0.002056796007930184,0.002104982115377535
2025-01-21,-0.007463408489424883,0.0006850985718807937,-0.0023303015579360545,-0.004577823823723348,-0.0036407388229935194
2025-01-22,0.002731105170726989,-0.009105722043260812,0.0006453204028928246,0.020893379488725935,0.000767375455864903
2025-01-23,0.0063512321673927525,0.0031525733695400024,-0.006672637637865542,0.002081445989361219,0.0031340480109708292
2025-01-24,0.002160869781643227,0.0008828108086459175,-0.0013830090235282147,0.003434773293757002,0.00061133203541363
2025-01-27,-0.008645373589071604,0.014855399972273076,0.017539962178117596,-0.009031602113561984,-0.0022494914871791292
2025-01-28,0.0015988386921111032,-0.002794225839263853,0.0025423157586121244,0.0015622772098154991,0.003730659813498875
2025-01-29,0.006652430955668432,0.004212944579886946,-0.00026793114021157445,0.005420626831348598,0.0009978247863141282
2025-01-30,0.0007652090298350786,0.0018358771623405714,0.0020526794569763586,0.0009703026344538603,0.003415351155321074
2025-01-31,0.00463313371506897,-0.010432785902560185,-0.010720138564464498,-0.010705432482352265,0.0036335657103380094
2025-02-03,0.00379264638348753,-0.004941746460126129,0.004279394822129047,0.0043913478897775375,-0.0013256497711509247
2025-02-04,0.004005925028665302,-0.006403357933687804,0.0016014570889322228,0.006364301014246529,-0.009067536053351415
2025-02-05,0.007775829123855526,0.0016700720305421694,-0.0016535100394214906,-0.0012210046260911081,-0.002841878142614613
2025-02-06,-0.004059807743592537,0.00355477319139268,0.0004811222476969635,0.007859753158805124,0.00021001450306564815
2025-02-07,0.0006065295620001345,-0.0003050613906789845,-0.0018833714332945563,-0.004340133093126538,-0.002485236200871991
2025-02-10,-0.0065865912532193215,-0.0035998454263920453,-0.004829846312667918,-0.013398723954718342,-0.00035365014344875234
2025-02-12,0.009230332391823137,0.007213027407640294,-0.011877720096869604,-0.011802474533936291,-0.006344771103013504
2025-02-13,-0.008120141204750908,0.007971387678186259,0.0025995910874023307,0.0010393176166946976,0.008216278797464867
2025-02-14,0.01061105795879642,0.007136606440936477,0.011107831055283214,0.015619622650382737,-0.00567431682352067
2025-02-18,-0.0025110209062093377,-0.004838426554906405,-0.0027048497474424504,-0.0029603323555183574,0.003557536263004336
2025-02-19,0.008770848171759948,-0.0038008224736094,0.00768962364177468,0.010188558763599394,-0.00402802888988259
2025-02-20,-0.0011030345091529005,0.004880918648581978,0.006539998157526639,0.003795030508906328,-0.00446543746288971
2025-02-21,-0.00526490317507884,-0.0020994669581676064,0.000139464249459298,-0.005013889963718821,0.002531098061987206
2025-02-25,-0.008090482494590568,-0.003915210599895903,0.005468535217265468,-0.0029231135245830885,0.00701253723350457
2025-02-26,-0.0013087849996257007,0.008162604188146317,0.014333209392475845,0.005965898073603907,-0.0012187958279663309
2025-02-27,0.005525745006513927,0.004348604500547903,0.010151168112946297,0.016347077565907746,0.006275162296429803
2025-02-28,-0.0014536333340959607,0.005467181919184716,0.0014733798619745776,-0.004722802556921294,-0.0022179884114040226
2025-03-03,-0.0018987118581930361,-0.00795254512542165,-0.010532001298551742,-0.009042581091842628,0.0030731731140149323
2025-03-04,0.0003034951627490576,0.003086308058126486,0.0051731528815815555,0.012703535538298142,-0.0061753636027857065
2025-03-05,-0.0009009983214909756,0.007745918824746978,0.0039025570636886274,-0.0020415708809432376,0.008871317773997673
2025-03-06,0.001827552885312933,-0.0027214553733175394,0.008247392380910035,0.008966807509755249,0.0033708937650133164
2025-03-07,0.00430300322578543,-0.0008573233744117786,0.0005600464442772285,0.0004530973202248262,0.0007208863865530532
2025-03-10,-0.001908381791163571,0.006514188336765337,-0.0019201340174389353,-0.0012497645556298256,-0.0026012423997192223
2025-03-11,-0.0017928303411577588,-0.0030308697364416215,0.0013795059067263085,-0.00427363356549898,-0.001226480231809451
2025-03-12,0.0023192237754910755,0.004641027989354864,0.0009067013868874884,0.0039187065030878345,0.01458748195133327
2025-03-13,0.0037625178088819718,-0.004622032070746252,-0.0029440873627526237,0.003631524133633485,-0.0010317653451666516
2025-03-14,0.005767763377020407,-0.0041192354694853835,-0.0051704676339524806,0.0010576470305779142,0.007756945000088422
2025-03-17,0.000591370794783108,0.0003796764083920925,0.0035317227169279434,-0.0030766180375344536,0.005692586406169757
2025-03-18,0.007817958569260685,-0.008821018064684695,0.012029485922748084,0.010073700616560495,-0.0020359660206344028
2025-03-19,0.0006492358934395478,-0.0051091652755608005,-0.0020499162504289178,0.004531700961779927,0.006280330627571012
2025-03-21,0.006185233228812926,0.006856904964947598,-0.0005519405642608879,0.0028110310849085596,0.002098242366185969
2025-03-24,-0.00727360985229515,-0.008184512461595062,0.0008287103955362703,0.010266244080130715,-0.00544596271465478
2025-03-25,-0.0028769780250137876,0.007468421718558327,-0.0023644546184313116,-0.0016855552853947504,-0.0025688444916787513
2025-03-26,-0.005847243436116912,-0.005129925116479162,0.0004024413944892836,-0.00262102252790411,-0.0018301595185816102
2025-03-27,0.004173183829749783,0.00486219841782689,-0.001119866606967856,-0.0024797145417593145,0.004525757734821341
2025-03-28,-0.009824525443486021,0.00799087019451277,0.008705544167998047,-0.0022284996483147744,-0.00754772532934551
2025-03-31,-0.007820673874045414,0.004778711817803538,0.008559056925253716,-7.848927678150326e-05,-0.013783104800535174
2025-04-01,-0.004850793451517465,0.008353887799232983,0.007717063049272399,0.003922151244055502,-0.008192051170907011
2025-04-02,-0.003971999298126172,0.004585579870490997,0.008546068110307937,0.0013776772174532497,-0.015029890959341414
2025-04-03,-0.010697374763994773,0.013114250294531726,-0.022997458471890768,-0.015971316867029094,0.009393704037103634
2025-04-04,-0.006944251774389353,0.012907716974565699,0.028892450179606156,0.011596926361181415,-0.00579512569615907
2025-04-07,0.005534253919935608,0.033608375011776895,-0.01955390304038844,0.002205705855728995,-0.0006729973787179348
2025-04-08,-0.00014655345625835727,0.006595587673346248,-0.0067492111172628546,0.004564563747320833,0.014040803697940852
2025-04-09,0.015878474277415625,0.011692859323680025,0.012504744945319769,0.012811919219686146,-0.015112389895615468
2025-04-10,0.02708533841199019,-0.03720337635036319,-0.03071475987302348,0.011656661739245816,-0.005532678772416222
2025-04-11,0.017672660428061926,-0.012120192623169792,0.00915240455762878,0.0019186269085933287,0.015876083711466153
2025-04-14,-0.0002673676926976843,-0.0009399101786899738,-0.008539097674820263,-0.005022064972059204,-0.001526673965177204
2025-04-15,-0.006916752469359389,-0.01354501539471482,-0.0015235782199022108,-0.010819091320133431,-0.00250965853605567
2025-04-16,0.015663934674823035,-0.014490690786196227,-0.0174393118330201,0.0019826156957387098,-0.006956031598336641
2025-04-17,-0.0057658371159594385,0.0034049455188442266,0.01592038591945102,0.005919654896315149,0.012708528418565741
2025-04-21,0.01341649903647766,-0.000197526280086735,-0.008955011415515135,-0.0026190337838283284,-0.00886011726201846
2025-04-22,0.006543335733911038,3.825860777735275e-05,-0.0010618864739356134,0.006917094465261285,0.006685645119220214
2025-04-23,0.0014115071079461308,-0.002259040874050755,-0.0020924708701113293,0.0021143301198117597,-0.0032610330338271286
2025-04-24,-0.01030587601921913,0.016861969109106468,-0.007664508364526346,-0.016652863714827416,-0.01002962601279886
2025-04-25,-0.00019858063731712492,0.00017878001488542722,0.001258394384336969,-0.0008993733292329553,0.0026390875866878884
2025-04-28,0.0052962328750673976,0.004651581097147139,0.0009890521780065555,0.0021982916104589766,0.0031283770000014
2025-04-30,-0.0036840537108321146,-0.0005848916764625398,-0.0033840449421323137,0.008769158026831175,-0.001579590558491642
2025-05-01,0.0027782698936250406,0.0018160265323946545,0.008968710041456964,0.003013073155299203,0.0006190608459907657
2025-05-02,-0.006291357341845048,-0.008664963819047756,-0.009519002933847241,-0.027457158761418687,-0.0033944991282851555
2025-05-07,0.00711841283496999,0.002028079405386518,0.009257027654667205,0.017687979521339547,-0.0010442283456141746
2025-05-08,-0.00012404320904271175,0.004569539588534255,-0.006488146694446351,-0.004864946770216875,-0.0003956098664892392
2025-05-09,-0.0009815327609219663,0.007211721281729512,0.01180636093733707,0.012319174300586822,0.0021846200778968426
2025-05-12,0.007392441635966308,0.015823614745389538,0.011037701306961868,0.019438850226609662,-0.0026522538191021813
2025-05-13,0.0062615669248044185,-0.003399281509073181,0.0018320573260877553,-0.006793587879118898,-0.009635843336174914
2025-05-14,-0.012380572453502745,0.008913997727818646,-0.00014827005944100273,0.000775002290642663,-0.008672037489426472
2025-05-15,0.007526712986382411,-0.014777871489340379,-0.0147883327034537,-0.009519183952884943,0.0010141783274279208
2025-05-16,0.003224200651808995,0.003104949558770409,0.004100598471685401,0.0028447160825174813,-0.00011302187703591847
2025-05-19,0.003030542033959671,0.0037389839415509,0.012756400312331186,0.008613930800395865,0.002186160690115869
2025-05-20,-0.007425911409873299,-0.017465804544121166,-0.01297483127861827,-0.013422479529703248,-0.010017122532695502
2025-05-21,-0.00026076799300076556,0.0025607575191732845,0.0025280588254605,0.002498661900337148,-0.0005915123618602476
2025-05-22,0.00010935959183571158,0.008131411853564852,-0.002025832340975642,0.004059897500823334,0.0013936855109481015
2025-05-23,0.0009957158169930929,0.00244402309293712,-0.0022954055790540776,0.0034241384105709316,0.0035114206086333958
2025-05-27,-0.0029217532948573326,-0.010267845997501236,-0.006987284031420326,-0.009229401266435597,0.005955797174154933
2025-05-28,0.0015058402266726612,-0.003035364171146759,-0.0002659396642307628,0.000683976816876356,-0.006696904353239082
2025-05-29,-0.009828230454123444,0.006705530116256076,0.005864039881608064,-0.0032040402659382536,0.003315697653277928
2025-05-30,0.0025370328253581324,-0.007272283253304778,-0.0018137752486699686,-0.0032940478046411545,0.010193679050089565
2025-06-02,0.0015641990522035079,0.0014427330938734612,0.004868887732633099,0.006367313497089417,1.7604401832698963e-06
2025-06-03,0.00039209653042999743,0.00383809305249605,0.007122686295914749,0.0034241610027115014,-0.004658013804794294
2025-06-04,-0.0009203178323340832,-0.0017664516936050979,-0.0007020591909389305,-0.0009699929976638526,-0.00023237643048734004
2025-06-05,-0.0023475842944183484,-0.0025592066313705033,-0.0016549648617112393,-0.0035173693350021187,-0.004724653776678359
2025-06-06,0.0032116591675497297,-0.002660512869339194,-0.0011460916548125424,0.0015444559417738478,0.00218763978535082
2025-06-09,-0.00209831723318541,-0.00026252279566216794,-0.0017982495444324846,-0.005416598467801265,-0.0016747713448487572
2025-06-10,-0.004264650499318035,-0.008301255436265854,-0.005415257096365678,-0.011032562311301786,-0.0022234169453195524
2025-06-11,-0.003458732163349754,0.0034742555707103495,0.006593125219385066,0.003672875395697846,-0.0021484221413814323
2025-06-12,0.0016714974667757288,0.001642030340459755,-0.0005186699772585124,0.0038091275992753375,-0.0013134644820143953
2025-06-13,-0.006120768556975276,0.012242216453207557,0.005391853737211117,0.0006234151511120469,-0.0048654200539899
2025-06-16,0.010004582355667438,-0.004166118510865036,-0.005373502542414931,0.0019070282118257777,-0.001724690088148501
2025-06-17,-8.77037057379626e-05,-0.0021692541061495876,0.0011492379044366402,-0.004915565351433468,0.0012213881587763839
2025-06-18,0.002030387770004283,-0.0007934582872143993,0.001359786967719856,0.0036634264922243303,0.010277036018834406
2025-06-20,0.005243601064346005,0.0017401698392586211,-0.00020020383007486294,0.0015514623887303326,-0.003437723521258837
2025-06-23,0.0039023458455133666,0.0037182776795281706,0.00705275833994148,0.006237919691427163,-0.0026716382965689383
2025-06-24,-0.0019219964537125606,-0.00013721108354334318,0.002060873271019514,-0.004008069686737208,-0.00522873827909705
2025-06-25,-0.0006999403332085046,-0.00464944740904032,0.0022463777102724953,0.0038728176476338864,-0.005933419945057838
2025-06-26,0.0076271029589708664,0.0019635938499662515,0.0020918994357127527,0.004218902491409976,0.007405310269418388
2025-06-27,-0.0038870549908524457,0.006475182203336494,0.005774767387741542,0.0012341728154107003,0.0024613710824861845
2025-06-30,-0.005399570913674091,0.0035904192642175047,0.006775660750656011,0.004179523598249292,-0.0028872525129332092
2025-07-01,-0.008973173208037989,0.004530469473589549,0.0020096634271980834,-0.006128499950248089,-0.003908740977952137
2025-07-02,0.005151159348946166,0.0007411926546828877,7.5632453386243e-05,0.0035099530632338393,0.007662479227801892
2025-07-03,-0.006249430018421131,0.007008443711597211,0.007703416534298424,-0.0008786140302082892,0.0019486878210628268
2025-07-07,0.012736407995000198,-0.011001757883219243,0.005445997890780108,0.005202324575699681,-0.0075876169960944284
2025-07-08,0.0032786570108005223,-0.0149196916472065,-0.009518219163201036,-0.006502993659648145,0.004448557664532886
2025-07-09,-0.010745833200211032,-0.007478152809620809,0.0015448557947257853,-0.008299415743053267,-0.00048499831880163987
2025-07-10,0.005960206353218101,0.005580956100861023,-0.00400516571838021,-0.0002168337927011734,-0.007631466318014303
2025-07-11,0.00205481353482373,-0.0054045985150245725,-0.007010871316733258,-0.004578313253012167,-9.195121404745484e-05
2025-07-14,-0.0033700998995372265,-0.0017381024852443085,-0.0022235701466443826,-0.004195585853967406,0.0038146899720363846
2025-07-15,0.0038794379403148233,-0.005937542474985391,-0.0013324081459303192,0.009224461906388814,-0.005637905125033064
2025-07-16,0.0018039203305311165,-0.004098409479147881,-0.0009626557774634835,0.0039692013635687085,-0.002622647466035146
2025-07-17,6.450553027410595e-05,-0.003431700546362482,0.00048411681359166207,-0.0028541935043513433,0.006861647659049887
2025-07-18,-0.005144496787061481,0.0012272921405116046,-0.0005033484606488548,-0.00025025778705308485,-0.00544662446800237
2025-07-22,0.009187583147698786,-0.004191027843025142,-0.008092561398217391,-0.001568764162454217,-0.0010782738048997177
2025-07-23,0.0007176465609888718,-0.008548931678880668,-0.0034435835503003,-0.04874005305039786,0.014882602870584679
2025-07-24,0.008971766241542722,0.0056998045770190195,0.005030081693701539,0.006997893846995518,0.006331730621283958
2025-07-25,-0.005380850876662779,0.0013763761756522717,0.006263021002866642,-0.005831849682354617,-0.00429688312463777
2025-07-28,-0.008901695444424186,0.007504429041099539,-0.004519705896352444,-0.004519897680433947,-0.004531133942693274
2025-07-29,-0.0011466423803275787,0.00027658214124801604,-0.0019897136545815155,-0.002287878989025165,-0.0025979526894511643
2025-07-30,0.001094649986536478,0.0021086864756411747,0.0025515511853275276,-0.004991903119645702,0.004803710454692156
2025-07-31,0.008179406682628999,0.007752838196800706,-0.004614430590239449,-0.0008305942392286547,0.004410091244833525
2025-08-01,-0.005514472615930921,-0.015435431264119594,0.007760405183044773,-0.0083601164891051,0.00840983102907221
2025-08-04,0.0033068677849468204,-0.004122614008359537,-0.005255101670725714,-0.00793942987578633,0.010440910510436071
2025-08-05,0.0024628279927479293,-0.000468182611243684,-0.0011458666711995577,-0.0002661528786032097,0.0026990485195769777
2025-08-06,0.004876960927000205,0.005377298654825459,0.0026643892032446985,0.006140753839508821,0.011810949157996742
2025-08-07,0.008865918931513029,0.0019089878150809311,0.0009197472063577684,0.00869033363010267,0.005785980936399939
2025-08-08,-0.007648561583292835,0.010169223048901534,-0.003993636279405876,-0.006257132161133585,0.008086136317127526
2025-08-12,-0.004705344728261007,0.008111313364123008,0.003385402712152952,0.0009110006772586646,0.0043346276462512745
2025-08-13,0.004768378687133713,-7.395887772878619e-05,-0.0034149309535203677,-0.001303086101493341,0.0025498697876602723
2025-08-14,0.005967716575299931,-0.007816177597678164,-0.0030687316686240263,-0.0018071038739716995,-0.006873828702915785
2025-08-15,0.008204038280855475,0.0142122213417319,0.012753683652018254,0.006586292609003563,0.009552777952632137
2025-08-18,-0.010099903859993398,-0.008622622146412118,-0.00042716973228114087,-0.008563770477463355,0.0019279298943580432
2025-08-19,-0.011987735450483327,-0.0025643663621353063,0.013625688648429368,0.012029164010306459,-0.001734181544168411
2025-08-20,-0.003254994007221557,0.00512217124979999,-0.002601704334963828,-0.002659936467056612,0.0014384914952312246
2025-08-21,0.0102790794850955,-0.0011969863365140611,0.002133646569957071,0.00765699367732003,-0.0027855339498743265
2025-08-22,-0.0012004017737313306,-0.002360567777182543,-0.000669689578811772,0.0032661009341225177,0.003192498788157704
2025-08-25,0.0007048902408584696,0.0064959308755329305,0.006323157270039248,0.0012974292439599977,-0.008107101592549753
2025-08-26,-0.004341221528935546,0.0024349390401962262,0.0027665029317149427,0.0004937448227333465,-0.008366022886024093
2025-08-27,0.00016383319408141972,-0.008900708289223846,-0.007038292677546832,-0.0038241765145100395,0.0008158129988331477
2025-08-28,0.0075142582308637355,-0.0070823943131495875,0.010618659919838127,0.007621045112661818,0.007468773718405897
2025-08-29,0.005863856989775163,0.003864594359820339,0.006029851788648433,0.0065275486732855655,-0.004063576515540137
2025-09-02,0.012101699188376027,0.007555879047517379,0.0014409961324906243,0.006503653865603577,0.003624068207545363
2025-09-03,-0.008194660093130256,0.000296498012892776,0.0010486634121528613,-0.0066425435139588285,-0.008054944089407264
2025-09-04,-2.2549763684453963e-05,-0.007340679875605138,0.0027886760600325244,0.0054897771968351414,0.005725565255358879
2025-09-05,-0.0036064083070132427,0.0036400896438770767,-0.003855656233111282,-0.005982592072021675,-0.0016140994871034551
2025-09-08,0.0019783937493244256,0.0025820380993378795,4.5391818077655625e-05,0.00719865461659594,0.00278577755958364
2025-09-09,-0.0026959063794703476,-0.006757605062087358,-0.00761163475881419,-0.006470801798421471,-0.009858741702413808
2025-09-10,0.004199618934801985,0.002821311881320887,-0.0069298437020776545,0.0018786878097715083,0.0021374220521100614
2025-09-11,0.0015899653850022456,0.010367743659563724,-0.0034681409148333846,-0.004557748247999334,0.0008620425665611028
2025-09-12,-0.000773115037226146,0.0037727607440048994,0.003736537811035112,-0.0015878254337215575,-0.004600464145226935
2025-09-16,0.0074556649542400375,0.004896513490015919,-0.006607780194053325,0.00017424985896539536,0.0012912397732806058
2025-09-17,-0.008739209400954982,0.0013994533882394572,0.0002488497347636013,-0.007841034340072632,-0.00512884163655517
2025-09-18,-0.006541427343188145,-0.012835961541765965,0.0064657961624751134,-0.00013639548906794205,-0.00111089346324402
2025-09-19,0.006635151397453654,-0.013075863051980318,0.0010943195710255036,0.01280050706188356,-0.0078108164625495455
2025-09-22,0.008450138472186787,0.0073307564765848765,-0.014674594868392446,-0.011978107069156805,0.0006079603978734619
2025-09-24,0.0021415001253136455,0.0073130451511471024,-0.001589545660226954,-0.00545522177437687,0.0036595176341258574
2025-09-25,0.007697680554139818,-0.003976708087605196,-0.0037868704861274698,0.0025121202584565587,0.0013587876429832697
2025-09-26,-0.0013644709506426486,-0.010228800349029643,-0.00905476817377875,-0.004095580974170476,0.002029540938988354
2025-09-29,0.009620514695811978,-0.008489178271236943,-0.0015860081063366013,0.0033006552747927584,-0.010531443754542912
2025-09-30,-0.007641882773067477,-0.0026769812451929334,0.001397880081650826,-0.012265962087579275,-0.0027952823159238917
2025-10-01,-0.0026043512932069747,0.00029251039196882605,0.004188226416208042,0.0032985708525977526,-0.011372339495000579
2025-10-02,0.014933551616536048,-0.017159059267975854,-0.019245145311927336,-0.01128712300438538,-0.0065195566295692545
2025-10-03,0.0023039454278833693,-0.005792840739272953,-0.003390045771926497,-0.0012400513191181475,0.009445117716804197
2025-10-06,-0.005239941156869766,0.010201550856839848,0.0015126903027877568,0.01573101287122755,-0.0062583912933839875
2025-10-07,-0.005383554281463155,-0.007725261524566386,0.00706756759188969,0.009267559115115731,-0.0037937311773139047
2025-10-08,0.007790590942704269,-0.0047306313986118734,-0.009694200592970926,-0.02283306904368332,-0.00018240832017200973
2025-10-09,0.004214737465903772,0.003655655354008447,-0.003407265359135691,0.00035548031306537053,0.0012901647716054647
2025-10-10,-0.015694073174968227,0.005406204599897047,0.011096421013001234,-0.014976604382526237,-0.014889231091021079
2025-10-14,-0.00962088267256378,0.00958819677104925,0.012190127430559472,0.006262731556063347,-0.0009584785511814677
2025-10-15,0.010593030788405278,-0.011370966490511926,0.00747608158607478,0.012902308901967398,0.006138509742007019
2025-10-16,-0.0036950108035679772,0.010853184816391437,0.009206215164501553,0.01131065467439433,-0.00127451624731157
2025-10-17,-0.004920460282946838,-0.00292626758232104,0.006373783382029563,0.003091449629126052,-0.006456164854423509
2025-10-20,0.006686470125688926,-0.013023560504319631,0.011392487842368591,0.009152364180962,0.006490591392303745
2025-10-21,-0.013677753087883994,0.00041622363498454787,-0.0036535957719981086,-0.00649519644313493,-0.006921404906753205
2025-10-22,-0.0024246831487690023,-0.002987208015502584,-0.007425950214056231,-0.005998395893660156,0.003930733513549856
2025-10-23,6.753605794896094e-06,0.004411859991641776,-0.004734478669172893,-0.001240227604029235,0.002963928935339797
2025-10-27,0.012089602310708481,0.01601346843140958,-0.00903882921663459,-0.010798956983966525,0.004717343850923052
2025-10-28,-0.007898390285510027,-0.01168172941187824,0.009803436780667507,-0.0035405541730363552,-0.01324139661751229
2025-10-29,0.012526722555105254,0.014353511250135599,0.015924246626806804,0.010889363023847224,-0.010461210597781993
2025-10-30,0.01895754097942963,0.005549839357522134,-0.009492643140941316,0.012612292561750688,0.0072203953365468886
2025-10-31,-0.0030030264489538266,0.011730832202551932,-0.009099979740260245,-0.005654076574831902,-0.00112975752642873
2025-11-04,-0.002956939329096064,0.003301383745266429,0.00119469496896838,0.005005910713644285,-0.0015964164838949168
2025-11-05,0.004843167491916045,0.018494419524295935,-0.010355531415893205,-0.0012374225496029519,-0.004059118631526604
2025-11-06,0.007263437497584557,0.008266014945326992,0.01132752751495827,0.015436013569083029,0.006464701889880484
2025-11-07,-0.003276495451616501,0.008841252715595617,-0.007744168188611811,-0.007863477011341945,0.0016576877545910358
2025-11-10,0.00707442824939204,0.002406215654352395,0.00397001776566186,0.005529003805095208,0.00016590228727212975
2025-11-11,-0.003711038961569324,-0.009963838823845217,-0.007919252721692072,-0.007566224101685963,-0.005064047205774384
2025-11-12,0.002724165944064284,-0.010665300579178784,-0.011111749967597784,-0.008168925200188729,0.007415422675920625
2025-11-13,0.013740577531496247,-0.0034151255071133146,-0.0034022955526733954,0.00023280738813733978,0.005410168897592441
2025-11-14,0.016397790779705095,-0.0115930479441267,0.006025871447338704,0.006906908760486743,0.008976223996340616
2025-11-17,0.01265619163131584,-0.0009510751162371549,-0.0007085370686352511,0.005321925194349442,-0.0021800040975536485
2025-11-18,-0.021895467810518366,-0.007903250689611997,0.024979712993146278,0.0018755224401327845,-0.021096657942221323
2025-11-19,0.005454700245799172,0.00522353635003765,-0.0034808574069263632,-0.0008100533353360402,-0.00039060524748783554
2025-11-20,0.002658336214410673,0.010279859517857239,0.0014421427607100423,0.0017519266894796322,-0.0061171050297415186
2025-11-21,-0.020503972842293085,0.004431130439737439,-0.0015004424241142691,-0.020876076565158795,0.013844394211661256
2025-11-25,0.005483402572453833,0.004062015428056066,-0.0008412940798790733,0.0039039510616515286,-0.009275494273134219
2025-11-26,0.005134622818463708,-0.002501132808188356,-0.0019504299388995788,0.0026435114112025697,0.014409206964115674
2025-11-28,-0.00018469707998600713,-0.00058941204085443,-0.0025866579669982627,-0.002381684351963143,0.0038760726601155555
2025-12-01,-0.009089179066134111,0.001768683563287965,-0.0056923596931014895,-0.014090293444650313,-0.013571371686316796
2025-12-02,-0.0004313708447157171,0.004235352908721101,0.0041729084240453625,0.0018308274038345178,-0.005100366313848085
2025-12-03,-0.004570797094592915,0.011857231015926306,-0.001383020241057031,0.0003826388430599086,-0.0036191021903500247
2025-12-04,-0.003345069131981138,-0.0034229681651641213,0.010937455434239676,0.005197545719153936,0.013531596796967582
2025-12-05,0.0047729797599088235,0.01265653819929622,0.010239460912538845,0.00645782059233548,-0.003131440574207804
2025-12-08,-0.002261654224059107,0.001983025462522181,0.0017787771596534663,0.002414546160667904,0.006182519843000497
2025-12-09,0.0027514863027195526,0.0059888602837594685,0.001280751108689393,0.0012728463107465522,-0.00177756859914351
2025-12-10,-0.005617438204999093,-0.007972381937000228,-0.005139671385678479,-0.0044135090706868465,0.00034698166914485173
2025-12-11,-0.002200472783677787,0.004398539543951928,0.00043405454787364154,-0.0031511808390804934,-0.01330042475222716
2025-12-12,-0.00339550825131858,-0.000126308067029934,0.013018759128122049,0.00837333117074791,0.008018002542761304
2025-12-15,-0.007621431836679805,0.013330057124104223,-0.010525462318270673,-0.00997326901249035,0.007955314489336271
2025-12-16,-0.011365643474900967,0.0067247394449242446,0.012258219721611518,0.00157478323792762,-0.016280585260570937
2025-12-17,0.006799589423560382,0.003408569482514379,-0.0030624664328752667,0.0010501020335702185,-0.00511721344587918
2025-12-18,-0.006001663478012298,0.008141350617667253,-0.00829959952189443,-0.006594980361638514,0.0001484166108816207
2025-12-19,0.0014365596547021961,0.0011411025986293169,-0.0003982770073936541,0.0028819923195099266,0.004552173307694692
2025-12-22,-0.00031293813595332284,0.01821451367784066,0.017628548584942297,0.01615808514251839,-0.007748442247025402
2025-12-23,-0.0061006767171122075,-9.905138219215006e-05,-0.008490709722886415,-0.004213307574507774,0.0004627738724628255
2025-12-24,-0.0006906416220103348,0.0020429504485813374,-0.001002983803787938,0.0005532055646957966,-0.0036844571723413247
2025-12-26,-0.003744906137518678,0.00524396661369182,0.0051198073451335984,0.0026191657551314037,-0.0037609572881848775
2025-12-29,-0.00017241577847550973,-0.004244831498154911,0.005681743947566087,0.0062495386455804994,0.0005814679884191036
2025-12-30,0.0037355687348342935,-0.0005923984009932324,0.0026833036959031274,0.002495512596239231,-0.0007527339273248563
2026-01-05,0.005661722517486068,-0.002335515952046663,0.0004137089903428091,0.008039597712066372,0.003901187262782004
2026-01-06,-0.003809846429174368,0.014374914440114584,0.009417067847972027,0.009216817414388907,0.009993982746838237
2026-01-07,-0.011431059737305915,0.003410398681383043,0.005847145131643928,-0.005226736505984238,-0.0013499240774065085
2026-01-08,0.0023932195896733564,-0.008961328649765754,0.010783187570613362,-0.00017474004103453476,-0.003104480279486451
2026-01-09,-0.007112794111149801,0.0013906860069618832,0.001810344905905703,-0.009423060895721397,0.0045099277457102665
2026-01-13,-0.014475911825540224,-0.0018740297126313959,0.007824458072866226,0.00047828159625456514,-0.004997197555110359
2026-01-14,0.001193853844242954,-0.013084705859076642,-0.011374575609639039,-0.0164790971563894,0.0025135923150658387
2026-01-15,0.010584739771848617,-0.005960825782278745,0.0032232079328392564,0.0019121242738029222,0.002487723247745723
2026-01-16,0.005036950842404409,-0.008719180237443003,-0.009686899056007283,0.005171207732567758,-0.0005439107708181221
2026-01-20,-0.004790350480932858,-0.016873496589951388,-0.016125342849848748,-0.012850642460165757,-0.006403477944720182
2026-01-21,0.011093223323317393,0.004607645116300452,-0.007782206459358099,-0.002019902683243239,5.8695336509445254e-05
2026-01-22,-0.004670510439853937,0.00578787518027799,0.004796887109488024,0.0027382209245184275,-0.003529667903292827
2026-01-23,0.007305455438774144,-0.008797981033607228,-0.0009815057887536671,-0.0015433916570354459,-0.002231172572136838
2026-01-26,-0.004337806315456615,-0.0027960714260114594,0.0020386534545096206,-0.0019511349472993893,-0.00347375040505181
2026-01-27,0.012604692310810073,0.008128135768818058,-0.017279633393130565,-0.011570260150223758,0.001456288688536148
2026-01-28,0.016927537564664318,0.011830965715879828,-0.021853976298739933,0.006307781668128037,-0.0040262858602938744
2026-01-29,0.00829865632971163,-0.010997893433471174,-0.0016438300557774627,0.004775432608374985,0.0047253969501197795
2026-01-30,-0.006974401562607624,0.004701914147736664,-0.012547250798155019,-0.009691739012569528,0.006653722241369038
2026-02-02,-0.01865306904010249,0.01059555459428705,0.018798781646874384,-0.007611696292958565,-0.017148390462080564
2026-02-03,0.011011647847415752,-0.00717145518834663,-0.014395853554970396,-0.001761806437105533,0.0152641075938037
2026-02-04,0.021274417033016933,0.010967009913656246,0.002542211072711663,0.012382713313768568,0.01222495238151627
2026-02-05,-0.014807622876817472,0.002487621214430491,-0.027565978805100366,-0.015143632856475775,-0.007345700193630214
2026-02-06,0.0143675186491858,-0.003898186415481607,-0.014785222280921342,-0.0020111728428847658,0.016180553091255604
2026-02-09,-0.00486146078371994,-0.00031074371224919586,-0.01661593698179964,0.0026777797426460674,-0.012436216674908658
2026-02-10,0.017458726071166143,0.013292112369229024,0.017377494366115798,0.02019577287291572,0.010367658303475302
2026-02-12,0.01832909177575224,0.009432805117109243,9.099447451270566e-05,0.00479554533005219,0.005858742129290175
2026-02-13,-0.028021343481034088,0.027714718242253446,0.033584265115566544,-0.009014643071035094,-0.008781349853757506
2026-02-17,-0.0054352054643879155,0.020158132073824997,0.013037132826420696,0.022164861404546005,-0.005038304288810299
2026-02-18,0.00029640956357355206,0.00668750668510516,0.005668190225074188,0.00275270715107503,0.004219659121057399
2026-02-19,0.011715822870620231,0.0007338209174989172,0.004910121829899029,0.0035871021882353197,0.007581608974219556
2026-02-20,0.005430055442633331,0.003835871820302362,-0.004716760635713713,-0.003764922732910089,-0.005060222479710863
2026-02-24,0.004256058516244466,-0.001400190046647931,-0.007932415616863664,-0.00031992447519251974,0.0026946721438157496
2026-02-25,-0.005227852449728433,-0.009532199601055669,0.003323661210937501,0.010947689603480637,-0.0008678592586775404
2026-02-26,-0.006620451766492952,-0.011894120502528872,0.005540260216522497,-0.0035179414728737837,-0.004172599417796345
2026-02-27,0.012283530800315988,0.002156601778668744,0.01079296053398302,0.008177534012881767,0.010886883536323846
2026-03-02,0.019965870815165036,-0.006165971200851674,-0.008429964787551203,0.018960448396614316,0.003918206849245415
2026-03-03,-0.0022682916934831264,-0.012765883287611328,-0.018902215862595884,-0.0051320119933869835,-0.028253136281254372
2026-03-04,-0.029743962637630024,0.017279137005857304,0.016535846158170633,-0.006618204576928566,-0.017200969145788236
2026-03-05,0.011606887637011322,0.006948084995577421,-0.0039120600729347435,-0.009340668056907052,-0.019841376041780632
2026-03-06,-0.008977189421618025,0.006637390683514035,0.0030952778832318076,-0.002296253243039517,0.00786406480793594
2026-03-09,-0.03141243754874821,0.029346381244609823,0.027647570523512213,0.011813519712668308,0.010392526579701486
2026-03-10,0.009136818536662305,9.017995315443441e-05,-0.01326381240162864,-0.008898081740082553,-0.005210337990315332
2026-03-11,0.003101023187401397,-0.005710460490735204,0.0009344158932183882,-0.01541662000370451,0.0011785766449323002
2026-03-12,-0.0020199516650769127,0.0034530046329596777,-0.0025714879824212163,1.0072757854685983e-06,-0.008492263173534811
2026-03-13,0.011027112477627688,-0.004708593268400851,0.008395745560042014,0.011039106640809216,0.007313771002915977
2026-03-16,-0.00746938501911656,0.0068834772107999815,0.0007743674952754628,0.006248200773917245,-0.004113863376843267
2026-03-17,-0.005545673299948551,-0.00966130758483237,0.008646410779706092,0.005133339355834432,-0.004518012728494718
2026-03-18,0.012491069273306588,0.005914951293600824,0.007690500332958217,0.008757354224772852,0.013529552418890397
2026-03-19,0.0038281957844433336,0.0013214877989319532,0.01186353574010679,0.006364454764166371,-0.01039033976013699
2026-03-23,-0.024072179658029016,-0.014681079277180743,-0.035282929455900704,-0.02455374048924175,-0.004645163508486434
2026-03-24,0.004599830040519847,-0.013543950045721998,-0.009652014735572579,-0.0010741476559193719,-0.004138315346767857
2026-03-25,-0.010884968505263127,0.0034964184680138515,-0.019503475303201845,-0.012001501887382075,0.0074085448319412975
2026-03-26,0.004079383661024605,-0.0012186599647006089,-0.005481505431396806,-0.0034115814117430254,-0.0071293285622739235
2026-03-27,-0.0009125673004976237,0.009683790360238875,-0.006344541644425706,0.00045860593767995826,0.011310757777010993
2026-03-30,0.0006187853518241134,-0.005201577241615518,0.004821771955183851,0.018134835526803395,0.01167771089010694
2026-03-31,-0.024192444451908914,0.018751514775600574,-0.012561597143156567,-0.024469310128807674,-0.003684488763289894
2026-04-01,0.021100556239256132,-0.014353108441351181,-0.02835898528036787,-0.0030382710466826755,0.010797081420131171
2026-04-02,-0.012045916784032887,-0.0023535009465136306,0.00742251222474557,0.00086008404320978,-0.023904201875808728
2026-04-06,-0.00623292609115822,0.0008829806139325938,0.0011752036377141728,-0.004594051849680774,-0.0023119516090232385
2026-04-07,-0.00889019409958174,0.004439802104063696,-0.0130183625313806,-0.011094923985351692,-0.007031085678664049
2026-04-08,-0.021064413583891686,-0.007204025216108501,-0.014812247082059594,-0.024611241414602927,-0.0010884887504450675
2026-04-09,0.008572607100170226,-0.013488279968954832,-0.005809394273507261,0.0028797008166363564,-0.016024196380349767
2026-04-10,0.005638559437061552,0.005509721384403731,-0.02152486423246243,-0.02113750493468048,-0.010145439755429435
2026-04-13,-0.007613332956124187,-0.0021007498957993365,-0.011423896842828607,-0.013888342294159316,0.003117832895967493
2026-04-14,-0.0143786055249701,0.0073757238482829775,-0.014217973807753005,-0.01590833973446045,-0.007094732787683303
2026-04-15,-0.0167681994316238,-0.0018715691846143746,0.003956831598830002,-0.002883030401484799,-0.007717776383341766
2026-04-16,-0.004480768558295266,0.01008028385442441,-0.006323215994199937,-0.003204754758419073,0.00215423149719055
2026-04-17,-0.014023193670927726,0.0014821858425473357,-0.014432600915919759,-0.011493079263617551,-0.012867722900722134
2026-04-20,-0.00565725309856957,0.011362417644922183,-0.009869141404839833,-0.009756714944471296,-0.005906142697966181
2026-04-21,-0.006896355746294681,-0.006480289871657408,-0.016875421993453155,-0.012966138137511312,-0.004997408216353018
2026-04-22,0.0006539607567067401,-0.002293327241466181,-0.012414263506073242,-0.005591181049613359,0.00021955874301332937
2026-04-23,0.004276010704850553,-0.007776074651449494,-0.006946579422875201,0.0049230807743330844,-0.003516405175079634
2026-04-24,0.008137305731304311,-0.005771277119411345,-0.014751746993599579,-0.014519646650869892,-0.0031873000442954537
2026-04-27,0.00011254816603172317,-0.008207619727699145,-0.008078472538294634,-0.021419797511142962,0.0006076594209471193
2026-04-28,-0.004084651647931503,-0.01721582790666951,-0.009819724169200317,-0.011027406412786322,0.014156492731155516
2026-04-30,-0.008927717643395573,0.0035180855100947154,-0.016836730283041,-0.016498020101741877,-0.00379112543785743
2026-05-01,-0.005800241457356381,-0.006480577273929078,-0.016235480516328726,0.008888888888888946,-0.0017329754961486314
2026-05-07,-0.006540965210549854,0.013718448976617715,0.008025326543492351,-0.010973314448611826,0.006588797682736811
2026-05-08,0.015581554553702581,0.010367647002412595,-0.013903002595247972,-0.010973468339380399,-0.000644172129125702
2026-05-11,-0.0028321434495620183,-0.018278588131625837,0.006625464175136542,-0.0011910625075370884,0.0018102635362434074
2026-05-12,0.005664651897220541,0.004314237091894824,0.0044822043011100154,0.005041295682004029,0.0018573437380180599
2026-05-13,0.014839876267441189,-0.025011777465724496,-0.017613741602495226,-0.008357246607675072,0.006974940586083285
2026-05-14,-0.022352705515770822,-0.017165808860421936,0.012115203036711675,-0.0013130484500040998,-0.014579367431062154
2026-05-15,-0.022067043849997983,-0.011137445342600905,0.004422829346860491,-0.010164212454582988,-0.0083395249887106
2026-05-18,0.004123883891891734,-0.0020825216980026274,-0.001629165942045274,0.0033972144378571862,-0.015557951049571687
2026-05-19,-0.02839598991457861,0.021426381083580772,-0.02283974147935186,-0.03383545307933697,-0.001982744499832176
2026-05-20,0.004506458068218035,-0.0170269473889513,-0.008808636737378684,-0.008180011928561111,-0.011854413024140632
2026-05-21,0.007839562972494751,0.011288745364255282,0.0014871961761936385,0.002924058908305904,-0.005195104808332427
2026-05-22,0.019589919200037297,0.009734255834729177,-0.013367866159074548,-0.002638797293452862,-1.598358396927209e-05
2026-05-26,-0.002435652598534,0.00869294381700476,0.0068047954018563015,0.015213997695134169,-0.0006557267166420336
2026-05-27,-0.013771863347966208,-0.0204004221980836,0.015477427619963648,-0.008080942286691001,-0.00643778961745934
2026-05-28,0.0058374922947641355,0.0047790706353804556,-0.011855059579967953,-0.008015984898875792,-0.002631567681385231
2026-05-29,-0.00026757730567235,-0.0008545219061928402,-0.00034276730106777044,-0.0014800720293363483,0.010389810140615307
2026-06-01,0.030020802726656325,0.018089080574288267,-0.00504825971181757,0.021550783075557176,-0.010642506346330786
2026-06-02,-0.009826020010946325,-0.005668737311333129,0.007142925304640336,0.004775824651772981,0.001478819728462905
2026-06-03,0.006207848380917169,-0.01659546118270805,0.022103278470986674,0.023139915196637995,0.009712865784806131
2026-06-04,-0.00302883994105474,-0.0016319947326657084,0.0012549404272071522,-0.011725544679002935,-0.0031514168438615347
2026-06-05,0.00019498831785504924,0.0005012751006026064,-0.004261388343537375,-0.009989363186611783,-0.0007992746429183429
2026-06-08,0.013754211914229698,-0.0013587727152904352,0.00509137331253864,0.02809706650331162,0.0047239765427266435
2026-06-09,0.012850250867612155,-0.008405927074975318,-0.008813820778413793,-0.0015689706376228844,-0.0033318065906617574
2026-06-10,-0.008608993857996718,0.016963189636489528,-0.03397038181822752,-0.024926900024446367,-0.0006336343252039395
2026-06-11,0.021795645894751938,-0.019364510241906618,-0.01778128502608616,-0.0024447208728739954,0.007683176151382078
2026-06-12,-0.0008886948624284629,0.010574102136783338,0.015041220814928535,0.013248415464310973,-0.006926860033063289
2026-06-15,-0.0024423387850800457,-0.0018330606185451128,0.007298344980673522,-0.0034276099909190116,0.0007571085775170569
2026-06-16,0.005660127466316524,0.007540685136990134,-0.002710622135978169,-0.0021429702401330017,-0.0038949830618906483
2026-06-17,0.007861129894067197,-0.013837475331598716,0.008249212853026131,0.01776174640134115,0.004213299057887665
2026-06-18,0.0029055938649743982,-0.0064686077386862505,0.00026272478892212965,0.006494556773945412,0.008001527247384918
2026-06-22,0.011444143912529327,0.025759124198278707,-0.023469685914573504,0.007865708786497061,0.008472535167912791
2026-06-23,-0.016824841366706922,0.04901359101753722,-0.05938097673700349,-0.05544554722396354,-0.02829463450612356
2026-06-24,0.0008186406903813778,-0.010306543350921314,0.0019478328125825733,-0.00511583710744227,-0.005298815861686477
2026-06-25,0.01429656530777348,0.004331102103903663,0.015013009309986882,0.01944901472678312,-0.00966933734712078
2026-06-26,-0.014016072127384694,0.01795997891324195,-0.005830739532374363,-0.010576937464042804,0.0003242937765818691
2026-06-29,-0.001113761092970455,0.009122207138307425,0.004852083135385765,0.004633912685210018,0.0035989873894519946
2026-06-30,0.004541442399819151,0.005189157612564244,-0.0036709769638240573,0.004753617652177447,-0.002906700696138657
2026-07-01,0.008229870503520843,0.0009609787511549281,-0.010129967428243725,0.008459752398364051,-0.004451617863722122
2026-07-02,-0.0027853467715292617,0.023635286642053544,-0.017306510075051153,-0.01401401674973125,0.005701417635297288
2026-07-06,-0.0053515949906218765,0.009945872083982035,0.001524524142116213,-0.00454808497621991,0.009053783215210397
2026-07-07,-0.01268903431452224,-0.024825225104250073,-0.020112688679154035,-0.019826614073913888,-0.007091379305048029
2026-07-08,0.01392867383193308,-0.0017321934292803044,0.006880458270563428,0.02732499121347672,-0.0008370280018430301
2026-07-09,0.004296010488508451,-0.0065629326602273386,-0.004935761842096986,-0.0014682766974144128,-0.0025883341553949836
2026-07-10,0.00026322398267295596,0.015828503015628305,0.010907414596065944,0.0061845452440176755,-0.0010686861087987462
2026-07-13,0.009556631727293043,-0.01089034064961749,-0.006139720532971271,-0.0021163012344224026,-0.010058472613475863
2026-07-14,0.00795820813046757,-0.007269308858960778,-0.00027672539996039794,0.0045400096318207826,0.0070931511532398885
2026-07-15,-0.00881433818859061,-0.002034567836945045,0.008459849238719052,-0.0012611109370545106,0.005459053163841066
2026-07-16,-0.00819773923362157,-0.01631856444249342,-0.021416697184654845,-0.020142153159680376,-0.004103678421048085
2026-07-17,-0.006100938111608968,0.011806865770019792,0.015037808595393078,0.012593931551822276,-0.011933504949656929
2026-07-21,-0.004384413993946845,-0.00557556441875089,0.02300264482782073,0.004962026767631366,0.012724237635466902
2026-07-22,0.0023326707267961704,-0.00786100036520505,0.010716387841986186,0.003834629267123367,-0.0037608730912136847
2026-07-23,0.003661004015278957,-0.013503846554560363,-0.019054679098775874,-0.012774824494871181,0.0022949984878903283
2026-07-24,0.0038699658551708525,0.011104664816911615,0.0137438727430804,0.013857512437587254,0.0061888568098889445
2026-07-27,0.00033327108518170934,-0.006066531088137373,-0.009781586638333506,-0.011586183378800186,0.008566865767814527
2026-07-28,-0.01154130006492564,-0.02528758453675537,0.024264288294313752,0.019805975133013673,-0.01127503181172903
2026-07-29,-0.00918909048886698,-0.005475554339245471,0.012335023090541063,0.004422342302449615,0.00927732780325891
2026-07-30,-0.0158782973404086,-0.023677522145549544,-0.012491911802797562,-0.0120512220860958,-0.004464947419425204
2026-07-31,-0.005000002715177842,0.012043065508867981,0.01293656113338222,0.014304097465194399,-0.0051855939569721635
2026-08-03,-0.0006483929731294635,0.015417860573095712,-0.004984910983844438,-0.011943045018638056,-0.004835289920658227
2026-08-04,-0.017445481014069664,0.022653235785307937,0.005814196806331507,0.0050661044813995,-0.004214221231070775
2026-08-05,0.012531679271023567,0.0025025298232350885,0.011931486482028554,0.013638458124342176,0.0025965804492093284
2026-08-06,-0.0030664690113519693,-0.012311647268535331,0.006504632229918949,-0.0018357970084205988,0.009368839179987001
2026-08-07,-0.0036722650987027977,0.01018940944779441,0.009009169569659827,0.006600109732590287,0.007450390996729297
2026-08-10,0.004197342019519756,-0.00024189418645377287,-0.0061426308678430575,0.0003413920147582192,-0.001406542005787564
2026-08-12,0.005588271858259497,-0.006341605982165666,2.513583874919111e-05,0.009197541159059946,0.001672556233993891
2026-08-13,-0.011240012810345902,-0.017230303991953376,-0.01151687970152242,-0.013916042270661684,-0.0014833792573339028
2026-08-14,0.0070034173035665725,0.00897638181248035,0.004786203942131406,0.004649746428677105,0.0035105376267255636
2026-08-17,-0.006402934842297192,-0.005313284538480078,0.0013267928225396684,-0.007034805889238567,-0.002409368389606951
2026-08-18,-0.012581145930450009,-0.0010406737972951095,-0.003263952975940554,-0.006080658058166467,-0.0016456255854627993
2026-08-19,0.004845292356834795,-0.0002961034063030388,-0.0060127302779880544,-0.002144338256000444,-0.012923424202045442
2026-08-20,-0.008535630257956806,0.007479426875036265,0.005209166697491474,-0.00971506659673167,0.005897283045256711
2026-08-21,0.008899941527465873,0.005949636421727412,0.004335348311136576,0.009045239586837337,0.00909368847315899
2026-08-24,-0.0018230730725137924,-0.006050138815391981,-0.0065384165077136515,-0.007102268737640249,-0.0014042671992111882
2026-08-25,-0.005184351083437266,-0.019879455661623524,-0.018625669784887736,-0.014556621673232246,0.0029215869073276235
2026-08-26,0.00011251487495034219,0.0018001093805890549,-0.0007894203524551058,0.0002113252939390112,-0.0007972740288486405
2026-08-27,0.005029696880137902,-0.010569895791566532,-0.003610587925123498,0.002029307299880656,-0.0015579960070286809
2026-08-28,0.011313229203998732,8.696573088331529e-05,-0.0010247832389068236,0.005999066300299652,0.006641380210639876
