,us_ew_cc,jp_ew_cc_prev,exec_date,jp_ew_oc_next,pred,pred_up,actual_up,correct,timed_return,beta_const,beta_us_ew_cc,beta_jp_ew_cc_prev
2015-07-07,0.008472366889191237,0.011112987687189739,2015-07-08 00:00:00,-0.026962434928885386,0.0005999105539854115,True,False,False,-0.026962434928885386,3.493132670664198e-05,-0.011800454609833269,0.0598360249205567
2015-07-08,-0.016290929525589328,-0.03043109220276523,2015-07-09 00:00:00,0.0085112132905087,-0.0006650479885163033,False,True,False,-0.0085112132905087,-0.00016930443793466353,-0.03943598134332492,0.037402283685196665
2015-07-09,0.00153224424244405,-0.008339988593439148,2015-07-10 00:00:00,0.00875509447344494,-0.0003031994958749073,False,True,False,-0.00875509447344494,-8.298420230424961e-05,-0.05464751861708549,0.016364764325114453
2015-07-10,0.011429047177300497,0.009954754611125742,2015-07-13 00:00:00,0.0011803684753950374,-0.0004986958172936913,False,True,False,-0.0011803684753950374,-7.850395289073429e-06,-0.051031830711393486,0.00928197452869825
2015-07-13,0.009908005565350233,-0.015741532986365575,2015-07-14 00:00:00,0.00028912317622919364,-0.0006389980245654006,False,True,False,-0.00028912317622919364,4.646355308785168e-06,-0.04874258859436922,0.010208824067566367
2015-07-14,0.0036893370020214655,0.013564110020266258,2015-07-15 00:00:00,0.0015394223950470141,-4.321847159877615e-05,False,True,False,-0.0015394223950470141,1.1865265895147453e-05,-0.04717392905740414,0.008769966059738434
2015-07-15,-0.002043999140356788,-0.022904057643326252,2015-07-16 00:00:00,0.0025466549425582157,-0.00011824702368197626,False,True,False,-0.0025466549425582157,2.3720299906738512e-05,-0.04690205637129591,0.010383971704765127
2015-07-16,0.006893671215218642,0.004901438841795208,2015-07-17 00:00:00,-0.0010745898981475318,-0.00024732387145220546,False,False,True,0.0010745898981475318,4.542630664944053e-05,-0.04647354094229745,0.005635719276145791
2015-07-17,-0.0023432459955578955,0.0032538483447787027,2015-07-21 00:00:00,0.0013968358553239602,0.00016746370022264828,True,True,True,0.0013968358553239602,3.929197907851115e-05,-0.04713657268904147,0.005445593669001228
2015-07-21,-0.004808083034378173,0.00635589396406252,2015-07-22 00:00:00,-4.012272747306083e-06,0.0003151987041589549,True,False,False,-4.012272747306083e-06,4.895839039513666e-05,-0.047689894922617625,0.005812453650735461
2015-07-22,-0.0013079190845268023,-0.00450255136408559,2015-07-23 00:00:00,0.0011925752225327533,8.315349803292497e-05,True,True,True,0.0011925752225327533,4.6457927653211705e-05,-0.04741906467339321,0.0056245286792350815
2015-07-23,-0.00706569153086847,1.0303248239539125e-05,2015-07-24 00:00:00,-0.005411578896096316,0.0003911961748792517,True,False,False,-0.005411578896096316,5.507524148751701e-05,-0.04756319526803043,0.005247607755518722
2015-07-24,-0.010966255795444944,-0.006537254173205955,2015-07-27 00:00:00,-0.007372325954201029,0.00043770658775846457,True,False,False,-0.007372325954201029,9.552084550208595e-06,-0.04169846527677573,0.004454704149902143
2015-07-27,-0.004754911441892144,-0.010167085724331148,2015-07-28 00:00:00,0.0054262430852230125,2.698423434615595e-05,True,True,True,0.0054262430852230125,-5.1954175077293454e-05,-0.030960307769741627,0.00671530801319066
2015-07-28,0.013744418084742435,-0.0031329866816217893,2015-07-29 00:00:00,3.2570389471738915e-06,-0.00047851277343914693,False,True,False,-3.2570389471738915e-06,-1.07534381216553e-05,-0.03336015977796015,0.0029503323488800012
2015-07-29,0.007649624321052379,0.0033829029731401645,2015-07-30 00:00:00,0.005240835040793972,-0.0002466781701313784,False,True,False,-0.005240835040793972,-7.407348346241458e-06,-0.03246988528610571,0.002693427057643423
2015-07-30,0.0005776182338003514,0.009367231338433242,2015-07-31 00:00:00,0.004538940456814094,4.570081959066898e-05,True,True,True,0.004538940456814094,3.123588709482643e-05,-0.02756871790187187,0.0032441951672290796
2015-07-31,-0.0012022320994652886,0.005482698135703522,2015-08-03 00:00:00,-0.00161099799581766,0.00013282232490856722,True,False,False,-0.00161099799581766,6.365804915677379e-05,-0.028285240818080398,0.006412691421078918
2015-08-03,-0.00419939891377462,-0.0005787793122185678,2015-08-04 00:00:00,-0.0004978036220655682,0.00016427040307459106,True,False,False,-0.0004978036220655682,5.102403409221858e-05,-0.027746052786505125,0.005650469672584623
2015-08-04,-0.00215248296080808,0.0013389148124118126,2015-08-05 00:00:00,0.006191776916668664,0.00011260172367127959,True,True,True,0.006191776916668664,4.6155059014212036e-05,-0.02736765722962681,0.005630118304151848
2015-08-05,0.002840110687474029,0.006526940783543159,2015-08-06 00:00:00,0.0006623223615635401,4.846760713450298e-05,True,True,True,0.0006623223615635401,8.995248366878212e-05,-0.029436778172835014,0.006453073983050225
2015-08-06,-0.004860459138560764,0.006035394648243196,2015-08-07 00:00:00,0.003294468849438606,0.0002771986632308692,True,True,True,0.003294468849438606,9.419600656053604e-05,-0.029311763720282245,0.0067160524192982525
2015-08-07,-0.003297087240766482,-0.001219666056567445,2015-08-10 00:00:00,0.004493669996840846,0.00020976323580604056,True,True,True,0.004493669996840846,0.00011552588633680731,-0.031671882287703484,0.008352785959529974
2015-08-10,0.013011233348143754,0.0033892081362636244,2015-08-11 00:00:00,-0.0028320886377668627,-0.0002623112465486212,False,False,True,0.0028320886377668627,0.00014596779978213358,-0.03350387272311335,0.008157557348089355
2015-08-11,-0.007660936510113619,0.0035708990067193375,2015-08-12 00:00:00,-0.008083661289387135,0.00044603042540868607,True,False,False,-0.008083661289387135,0.00012938356252055624,-0.037502928066261,0.008216225654642882
2015-08-12,0.0035762798623989824,-0.012186435052051544,2015-08-13 00:00:00,0.0035365233280852163,-9.04173409181454e-05,False,True,False,-0.0035365233280852163,6.936288276750897e-05,-0.028415191575149705,0.004772482356064114
2015-08-13,-0.002024914153943137,0.0008664136326393695,2015-08-14 00:00:00,-0.0017814565609749413,0.00014821855788489904,True,False,False,-0.0017814565609749413,9.44950024678438e-05,-0.026046870815996763,0.0011321128833429
2015-08-14,0.003894639145309372,-0.00018381532334308,2015-08-17 00:00:00,0.00024108834905970313,-1.8105003814016354e-05,False,True,False,-0.00024108834905970313,8.125669142275057e-05,-0.025467096920560484,0.0009604349047374824
2015-08-17,0.005103529110493967,0.002234531125438712,2015-08-18 00:00:00,-0.002888710004462767,-4.429651843630701e-05,False,False,True,0.002888710004462767,8.297972667346803e-05,-0.025347712072533477,0.000933771435566496
2015-08-18,-0.002887246428264767,0.0011430224224140745,2015-08-19 00:00:00,-0.008274990304661344,0.00014313546317611778,True,False,False,-0.008274990304661344,6.445932065621572e-05,-0.02694305248224365,0.0007741847024531484
2015-08-19,-0.00842077461642099,-0.010556180444588007,2015-08-20 00:00:00,-0.00956480215143407,0.00020794110519901094,True,False,False,-0.00956480215143407,7.564899718596435e-06,-0.02344042650807481,-0.0002832138915045898
2015-08-20,-0.019337764002770135,-0.01467127070500636,2015-08-21 00:00:00,-0.012507542194997265,0.0001415500586318903,True,False,False,-0.012507542194997265,-6.061159416538414e-05,-0.01497184182004256,0.005954514285916802
2015-08-21,-0.029217621731923993,-0.03051458010482652,2015-08-24 00:00:00,-0.03033017052842543,-0.0009067373473562912,False,False,True,0.03033017052842543,-0.00014794576885016918,0.01061610071299195,0.014701639742863674
2015-08-24,-0.04090163174506805,-0.057373582226241296,2015-08-25 00:00:00,0.006579578342479777,-0.007098296820433822,False,True,False,-0.006579578342479777,-0.00033144258049915015,0.08466907610609989,0.057583137406692686
2015-08-25,-0.012980225924697806,-0.024731962139735112,2015-08-26 00:00:00,0.018669264051416144,-0.001566396044420475,False,True,False,-0.018669264051416144,-0.0002683621298306327,0.05180543535076664,0.025294703916939814
2015-08-26,0.03425533976273917,0.015678337197458134,2015-08-27 00:00:00,-0.005417314089501113,0.0013060914012974396,True,False,False,-0.005417314089501113,-0.00015592995021623154,0.04141488512624056,0.0027643486508578605
2015-08-27,0.02522930258843228,0.021804526772508607,2015-08-28 00:00:00,0.0016197129401714588,0.0004467001022441013,True,True,True,0.0016197129401714588,-0.00020231188075700785,0.022698595325446262,0.003501211193416221
2015-08-28,0.0017581259896613706,0.031397064224825744,2015-08-31 00:00:00,-0.00937802522313785,-2.137048071423328e-05,False,False,True,0.00937802522313785,-0.00019454447877053708,0.024588123340021986,0.004138762097141042
2015-08-31,-0.0078296001739619,-0.011372023430924465,2015-09-01 00:00:00,-0.024218613302003228,-0.00036431370393294157,False,False,True,0.024218613302003228,-0.0002563897337369159,0.03257925704470032,-0.012940404785707207
2015-09-01,-0.028428726235369246,-0.032700503470724486,2015-09-02 00:00:00,0.00629076867323544,-0.0014694462875493597,False,True,False,-0.00629076867323544,-0.00040351059679621606,0.041107664909472395,-0.0031407119228451033
2015-09-02,0.015495580408850178,-0.011573869077671217,2015-09-03 00:00:00,0.006350179622858704,0.00022150433099274577,True,True,True,0.006350179622858704,-0.00036097763040033334,0.029835891986822804,-0.010381791709853573
2015-09-03,0.0022834407839836196,0.0063607937166287876,2015-09-04 00:00:00,-0.022978016864881018,-0.0003428201570020792,False,False,True,0.022978016864881018,-0.0003248391048804624,0.04036666253905806,-0.01731795442267357
2015-09-04,-0.015404093903427748,-0.023398508340796296,2015-09-08 00:00:00,-0.013189469408526892,-0.00052108597559053,False,False,True,0.013189469408526892,-0.00046782819034100944,0.04051165908020814,-0.024394188171835914
2015-09-08,0.023894109106453114,-0.011107495732092812,2015-09-09 00:00:00,0.01860650077256416,0.0007652942772211774,True,True,True,0.01860650077256416,-0.0005377603068347092,0.047880538702137855,-0.01431391666187004
2015-09-09,-0.013224789245778376,0.048177415402938406,2015-09-10 00:00:00,-0.003151477054622983,-0.0033899296951264797,False,False,True,0.003151477054622983,-0.0004408474807711447,0.08815837038360379,-0.037013325245175865
2015-09-10,0.0040049648318443275,-0.012110288631042146,2015-09-11 00:00:00,0.0017186384917100234,0.0003526224199712563,True,True,True,0.0017186384917100234,-0.00043925472353115673,0.08765689237695289,-0.036399988942791985
2015-09-11,0.003582190433682476,0.0056301743335762005,2015-09-14 00:00:00,-0.009323140802454307,-0.0003242998575451173,False,False,True,0.009323140802454307,-0.0004313027550143225,0.0884437265524185,-0.03726694082185251
2015-09-14,-0.004384823831562678,-0.008807625995191196,2015-09-15 00:00:00,-0.0007698863820536835,-0.0005243212165227762,False,False,True,0.0007698863820536835,-0.0004860589124248658,0.08714319833652197,-0.03903949474176101
2015-09-15,0.011677308941054553,0.0014381993300175292,2015-09-16 00:00:00,-0.005640225443897091,0.00047445428849955,True,False,False,-0.005640225443897091,-0.0004874833303286969,0.08717602695036841,-0.03896801990877005
2015-09-16,0.010670805924096848,-0.0015206720680895314,2015-09-17 00:00:00,-0.002383581820939007,0.0004095231301101891,True,False,False,-0.002383581820939007,-0.0005235452731049999,0.08204099685083852,-0.0378943292309212
2015-09-17,-0.0005619429978591661,0.011402583516732512,2015-09-18 00:00:00,-0.012696389332648788,-0.0010074434840622413,False,False,True,0.012696389332648788,-0.0005396298659250213,0.07975617819876551,-0.03709643447396805
2015-09-18,-0.016682706931409275,-0.012706483472791026,2015-09-24 00:00:00,-0.006444446161059984,-0.0014459740979323294,False,False,True,0.006444446161059984,-0.0006104267057175154,0.08326142718551983,-0.0435587546623167
2015-09-24,-0.0016361914953991381,-0.019665122420458057,2015-09-25 00:00:00,0.010710901425465177,5.497409952048935e-05,True,True,True,0.010710901425465177,-0.000638540223708196,0.08798542533546952,-0.04258683520883717
2015-09-25,0.00046585724123932644,0.008012005469891245,2015-09-28 00:00:00,-0.005723135257023746,-0.000951022918624524,False,False,True,0.005723135257023746,-0.0005815638677980612,0.09125372384063772,-0.051419118523551105
2015-09-28,-0.024883614228686728,0.002802698585082328,2015-09-29 00:00:00,-0.0344418667654284,-0.0030467116867389757,False,False,True,0.0344418667654284,-0.0006098273793997371,0.09194033431710186,-0.05319034195452341
2015-09-29,0.0013337950876995224,-0.04084803341262624,2015-09-30 00:00:00,0.011509810448602546,0.0024244430085484407,True,True,True,0.011509810448602546,-0.0007851793090638472,0.1481219728372826,-0.07373813880916291
2015-09-30,0.018840487318401773,0.019276395910503667,2015-10-01 00:00:00,0.013025965071610005,0.00047918842704169494,True,True,True,0.013025965071610005,-0.0007427968992846844,0.15604167941901165,-0.08912018428577387
2015-10-01,0.0019687453066605303,0.019204145911339565,2015-10-02 00:00:00,-0.004157927148071028,-0.0019399203792901747,False,False,True,0.004157927148071028,-0.0006668711037909931,0.1674365873198122,-0.08345537876807997
2015-10-02,0.01734551043488746,-0.0004545996390193864,2015-10-05 00:00:00,0.010131778187026525,0.002271966723864397,True,True,True,0.010131778187026525,-0.0006801138229825511,0.16796131213693963,-0.08514273042927158
2015-10-05,0.019224020736162646,0.01752131497538499,2015-10-06 00:00:00,-0.0022425785093235684,0.0012301623161781582,True,False,False,-0.0022425785093235684,-0.0006372370999170133,0.1770738621410886,-0.08770301679390687
2015-10-06,-0.0015402227570649031,0.012544266683470143,2015-10-07 00:00:00,0.00555926366004786,-0.0020403093663395426,False,True,False,-0.00555926366004786,-0.0006567756752089634,0.17388629659529686,-0.08894183200385572
2015-10-07,0.008505008695773482,0.007687524342465041,2015-10-08 00:00:00,-0.004792823855703193,0.00019122590785685734,True,False,False,-0.004792823855703193,-0.0006132280473110447,0.17122167544867253,-0.08478514725833883
2015-10-08,0.01079685210524486,-0.0014467755080764483,2015-10-09 00:00:00,0.01216610315695568,0.0013104178567275135,True,True,True,0.01216610315695568,-0.0006406092729878708,0.16923551751277807,-0.0855808489182692
2015-10-09,-0.0004098833742912422,0.01703794266011814,2015-10-13 00:00:00,-0.0036567109271837097,-0.002159743410867043,False,False,True,0.0036567109271837097,-0.000583428242440049,0.17698059632109098,-0.08826029024870552
2015-10-13,-0.006738409319175354,-0.002236949602875238,2015-10-14 00:00:00,-0.011176043442399216,-0.001588299566322658,False,False,True,0.011176043442399216,-0.0005918620644547131,0.17751805396261439,-0.08929651656830379
2015-10-14,-0.002819345833906484,-0.018959266982966218,2015-10-15 00:00:00,0.008720840162966618,0.0005458721695068896,True,True,True,0.008720840162966618,-0.000644309353234764,0.18142735351789163,-0.08975494556661216
2015-10-15,0.012326398792945902,0.005505516523061664,2015-10-16 00:00:00,0.0039288611619357,0.001125241449667796,True,True,True,0.0039288611619357,-0.0006022188140899404,0.18269322244751857,-0.09526613001736683
2015-10-16,0.004869012972739839,0.01215728522913964,2015-10-19 00:00:00,-0.005366704586310278,-0.0008469714259966754,False,False,True,0.005366704586310278,-0.0005875726714399886,0.1845830779731298,-0.0952627279797782
2015-10-19,0.0002570501001917136,-0.006731607393630643,2015-10-20 00:00:00,-0.004707889040968135,8.872403789881233e-05,True,False,False,-0.004707889040968135,-0.0006119278416401217,0.1842647115208732,-0.09704764089462903
2015-10-20,0.0001119138530901842,0.0006919525414188956,2015-10-21 00:00:00,0.012008043130864801,-0.0006826408554680967,False,True,False,-0.012008043130864801,-0.0006368830795644404,0.1836742666487553,-0.09583528757890278
2015-10-21,-0.005029450396015889,0.010740432751485441,2015-10-22 00:00:00,-0.001989887869644628,-0.002516310782640113,False,False,True,0.001989887869644628,-0.0005699104614273035,0.18337590637026502,-0.09535186523629306
2015-10-22,0.016330993379752134,0.004093132583553163,2015-10-23 00:00:00,0.0028938174132604726,0.002033902292554566,True,True,True,0.0028938174132604726,-0.0005670531853930208,0.1830954506536338,-0.09508001673422604
2015-10-23,0.00434793512288627,0.013842016426535571,2015-10-26 00:00:00,0.0005133370330733767,-0.001080823553606015,False,True,False,-0.0005133370330733767,-0.0005628059368307339,0.18390131063291087,-0.0951890637765056
2015-10-26,-0.003624413382535552,0.008847570496520225,2015-10-27 00:00:00,-0.004269938467601923,-0.0020567345809074876,False,False,True,0.004269938467601923,-0.0005544815487694295,0.18390784134874572,-0.09445474225145994
2015-10-27,-0.00271297128263972,-0.007777587188381004,2015-10-28 00:00:00,-0.0023451829765777283,-0.00032585955759764315,False,False,True,0.0023451829765777283,-0.0005661682380652303,0.1848030830255651,-0.09536044015902795
2015-10-28,0.008151705749475546,-0.004665780926338181,2015-10-29 00:00:00,-0.007843716876057436,0.001373420245848719,True,False,False,-0.007843716876057436,-0.0005765076148131027,0.18490097739886327,-0.09487575758583197
2015-10-29,0.000911825290186763,0.0019059732353689223,2015-10-30 00:00:00,0.009410919199337068,-0.000633238417172392,False,True,False,-0.009410919199337068,-0.0006216853237027666,0.17961678386658136,-0.09199091376917812
2015-10-30,-0.0031346263529531625,0.00882304190583089,2015-11-02 00:00:00,-0.015676184100571842,-0.0019396382226140574,False,False,True,0.015676184100571842,-0.000570645269096326,0.17964762320164243,-0.09133638808310438
2015-11-02,0.009683638394547134,-0.019355406406410387,2015-11-04 00:00:00,-0.0073535209524626015,0.003020256092018555,True,False,False,-0.0073535209524626015,-0.0006417116671706148,0.18472486896653897,-0.0967770392574514
2015-11-04,-0.003400202030752697,0.006440084214707,2015-11-05 00:00:00,0.007707814898047766,-0.0018509900424695013,False,True,False,-0.007707814898047766,-0.0006894685868171678,0.17538791587851169,-0.08775772009659162
2015-11-05,-0.0023350927670866884,0.0055648846207718115,2015-11-06 00:00:00,-0.0008187139358754689,-0.001514531005410815,False,False,True,0.0008187139358754689,-0.0006403500874072144,0.17216046649383887,-0.08484816669030604
2015-11-06,-0.007569635137312447,0.0050725448201421755,2015-11-09 00:00:00,0.005624430289702028,-0.00236817144745218,False,True,False,-0.005624430289702028,-0.0006368208392839067,0.1719825840538247,-0.08467252870850185
2015-11-09,-0.007853728051255882,0.013470090334503604,2015-11-10 00:00:00,0.004168719395224896,-0.0030176439863747024,False,True,False,-0.004168719395224896,-0.0005959539107802239,0.16748288600677716,-0.08213196854544565
2015-11-10,0.0031157781798303195,-0.0005103540913600213,2015-11-11 00:00:00,0.004890757593696876,-1.379295394241753e-05,False,True,False,-0.004890757593696876,-0.0005594897758718529,0.16241633160968857,-0.07767853833842672
2015-11-11,-0.002766949395366358,0.006016530105468243,2015-11-12 00:00:00,-0.0017252702350455396,-0.0014568066527389741,False,False,True,0.0017252702350455396,-0.0005356521216669621,0.1633150529769424,-0.0779967914656874
2015-11-12,-0.013598474219685398,-0.0020602099928977206,2015-11-13 00:00:00,-0.00026441612477965656,-0.0025979813311212663,False,False,True,0.00026441612477965656,-0.00053697527683726,0.16338909654488043,-0.07806794618689328
2015-11-13,-0.007794159270089673,-0.004785465707126287,2015-11-16 00:00:00,0.005923943787890309,-0.0014124820123554104,False,True,False,-0.005923943787890309,-0.0005253844579421364,0.1615446318025402,-0.07773685109262038
2015-11-16,0.014419113661942063,-0.005732098307547937,2015-11-17 00:00:00,0.003271394203019682,0.002245413306491786,True,True,True,0.003271394203019682,-0.0004896298094417272,0.15863706715212256,-0.0780930803438037
2015-11-17,-0.0012672469816471187,0.01195881113889522,2015-11-18 00:00:00,-0.0022870716735301304,-0.0016262419744127706,False,False,True,0.0022870716735301304,-0.00048487818216214144,0.15958759406262268,-0.07853012180383037
2015-11-18,0.014964420899607523,0.0008595473666191825,2015-11-19 00:00:00,0.0029489747178644047,0.001834960595199565,True,True,True,0.0029489747178644047,-0.0004880618105940634,0.15976420385798312,-0.0788279832610438
2015-11-19,-6.316836959288085e-05,0.006851262099608533,2015-11-20 00:00:00,-0.00011384772772422427,-0.0010346741814543626,False,False,True,0.00011384772772422427,-0.0004829756825275527,0.1607027968385522,-0.07904341672937099
2015-11-20,0.0026127981185537275,-0.003017117516602268,2015-11-24 00:00:00,0.0013594590603605932,0.00017878999006755566,True,True,True,0.0013594590603605932,-0.00047859972777967834,0.16059213768146938,-0.07881525374800871
2015-11-24,0.0012478932960536039,0.004459653856795633,2015-11-25 00:00:00,0.0001754771089573324,-0.0006246589201073102,False,True,False,-0.0001754771089573324,-0.000473076189103189,0.1608086604269477,-0.07898702267251143
2015-11-25,-0.0009764022975980224,-0.0018969540824387615,2015-11-27 00:00:00,-0.0016304545406331528,-0.0004767140532229564,False,False,True,0.0016304545406331528,-0.00046932589166365994,0.16080175689766982,-0.07887330785626281
2015-11-27,0.0009579603661927672,-0.0036518000332892756,2015-11-30 00:00:00,-0.006746060193720704,-3.2832863078353794e-05,False,False,True,0.006746060193720704,-0.0004747327564939052,0.16084968587469775,-0.07881380875441693
2015-11-30,-0.0029060400573996726,-0.010560266790091432,2015-12-01 00:00:00,0.005362326692886329,-0.0001492151437987953,False,True,False,-0.005362326692886329,-0.0005058351716658674,0.16020067046664463,-0.07785500213279249
2015-12-01,0.009969167738242413,0.008831497862438132,2015-12-02 00:00:00,0.0014038707810880503,0.0004119121993548039,True,True,True,0.0014038707810880503,-0.00048029845830819466,0.16007335555835964,-0.0796679663269902
2015-12-02,-0.013739679851097508,0.004902460249770303,2015-12-03 00:00:00,0.0023158976333687935,-0.0030707853507280585,False,True,False,-0.0023158976333687935,-0.00047585263315898073,0.1604967262046961,-0.07950275219173127
2015-12-03,-0.01402716644719516,-0.0026041984369584454,2015-12-04 00:00:00,-0.004197420230475163,-0.0024342212964315784,False,False,True,0.004197420230475163,-0.0004502402511599568,0.15581957897736176,-0.07746188689495875
2015-12-04,0.017700942268863384,-0.01449708197071911,2015-12-07 00:00:00,-0.001114499023859497,0.0034493503947852296,True,False,False,-0.001114499023859497,-0.0004584878092926618,0.15716266810726104,-0.07766465633324127
2015-12-07,-0.0077595392213730355,0.007192606568871231,2015-12-08 00:00:00,-0.004401068644902639,-0.002190370973091209,False,False,True,0.004401068644902639,-0.0004779268154532091,0.15185809855041618,-0.07425615188858184
2015-12-08,-0.006173886034088682,-0.011535581833552614,2015-12-09 00:00:00,-0.0009068159413574026,-0.0005672712000787801,False,False,True,0.0009068159413574026,-0.0004881526457436435,0.15303825376027066,-0.07504798593848662
2015-12-09,-0.0023616454691752775,-0.006952494815207727,2015-12-10 00:00:00,0.0012780691824342467,-0.0003302277228631062,False,True,False,-0.0012780691824342467,-0.0004896887069911928,0.15310265194226175,-0.07494218726586437
2015-12-10,-0.0005321458718817063,-0.007429590464982052,2015-12-11 00:00:00,0.0023076900199454175,-4.70054579935434e-06,False,True,False,-0.0023076900199454175,-0.00048248893721529126,0.15303269319964974,-0.07526984293425938
2015-12-11,-0.018043976637190928,0.0033108506722733114,2015-12-14 00:00:00,0.003963618580392723,-0.0034872593966827946,False,True,False,-0.003963618580392723,-0.0004722466551656275,0.15317792560675705,-0.07583363171226312
2015-12-14,0.003522656062634422,-0.015378500503870038,2015-12-15 00:00:00,-0.008795520716553703,0.0011996730333739387,True,False,False,-0.008795520716553703,-0.00043834329344751336,0.14559457891739494,-0.07316296542879727
2015-12-15,0.010299538498521143,-0.007985976597565177,2015-12-16 00:00:00,0.003946240824756253,0.0015179841603225447,True,True,True,0.003946240824756253,-0.0004813507841895358,0.14176309955684124,-0.06752341887917829
2015-12-16,0.014363377441557069,0.014147464565276158,2015-12-17 00:00:00,0.004577463059272685,0.0006186160867877855,True,True,True,0.004577463059272685,-0.00047104349968591025,0.14331752056869154,-0.06848322898935125
2015-12-17,-0.013041225350213504,0.020065913262487543,2015-12-18 00:00:00,-0.00394844765137494,-0.003702453864557736,False,False,True,0.00394844765137494,-0.0004539634441664603,0.14554288933903106,-0.06729984251075018
2015-12-18,-0.016577157071934932,-0.009441632307870658,2015-12-21 00:00:00,0.0013177377705743773,-0.0022342132204337104,False,True,False,-0.0013177377705743773,-0.0004550772203363682,0.14577159167886106,-0.06750343065762096
2015-12-21,0.006422323695560161,-0.012626673151733296,2015-12-22 00:00:00,0.0010112616932841966,0.0013369092237535388,True,True,True,0.0010112616932841966,-0.00043949377548840114,0.14314568365412458,-0.06787813962502418
2015-12-22,0.009961608266220412,0.005017255321317027,2015-12-24 00:00:00,-0.0066786290470105866,0.0006437891337274088,True,False,False,-0.0066786290470105866,-0.00044086780542590875,0.14299123063131766,-0.06771943306474142
2015-12-24,-0.0015349878351531565,0.0006207645309648497,2015-12-28 00:00:00,0.003036493674932776,-0.0007288656799230926,False,True,False,-0.003036493674932776,-0.000472038022127458,0.13978139306314938,-0.06808526865613031
2015-12-28,-0.003334606376761462,0.0026095998102928964,2015-12-29 00:00:00,0.005668260080309021,-0.001097998396136455,False,True,False,-0.005668260080309021,-0.00045581448392916543,0.1394293978760564,-0.0679191316012119
2015-12-29,0.010447135934764162,0.011944974878921615,2015-12-30 00:00:00,-0.0006023618689354618,0.00021454253104883573,True,False,False,-0.0006023618689354618,-0.00042665319027241505,0.13802186099628055,-0.0670355049376467
2015-12-30,-0.006327553062456104,0.005129950132849827,2016-01-04 00:00:00,-0.01602722736864612,-0.0016465007238822458,False,False,True,0.01602722736864612,-0.0004300913967877814,0.13771458538598141,-0.06725464607954403
2016-01-04,-0.013492867791720287,-0.020220155158055225,2016-01-05 00:00:00,-0.0007986388779843962,-0.00099380287597611,False,False,True,0.0007986388779843962,-0.0004918387060307007,0.14330490663893297,-0.07080212679120837
2016-01-05,0.005467524134494172,-0.0010225365848763684,2016-01-06 00:00:00,-0.005562467662539839,0.0003645327542943164,True,False,False,-0.005562467662539839,-0.0004910195561522956,0.14321973415649217,-0.0708971771595995
2016-01-06,-0.01406555369787762,-0.01223949206925179,2016-01-07 00:00:00,-0.007966831125198588,-0.0016458800316467516,False,False,True,0.007966831125198588,-0.0005157006396241387,0.14155198292861731,-0.07033197293076339
2016-01-07,-0.021419366408212116,-0.014222643985064409,2016-01-08 00:00:00,0.0016934187357356574,-0.0026684220599001995,False,True,False,-0.0016934187357356574,-0.0005420464790611547,0.14506270439589625,-0.06895874197601787
2016-01-08,-0.010372877221195065,-0.005206387237853161,2016-01-12 00:00:00,-0.01876474705022819,-0.00162611811760963,False,False,True,0.01876474705022819,-0.0005242590279002898,0.14124362393195974,-0.06976885564188456
2016-01-12,0.004599832654517555,-0.03789882610016294,2016-01-13 00:00:00,0.008876751556544497,0.0027134832053573132,True,True,True,0.008876751556544497,-0.0005945089614547787,0.14880591355095138,-0.06922404033152442
2016-01-13,-0.021666519177505884,0.018236675869326948,2016-01-14 00:00:00,-0.014760334211525764,-0.00528337132193799,False,False,True,0.014760334211525764,-0.000571707123961169,0.1529102829042086,-0.07669328725348201
2016-01-14,0.015314004519958813,-0.028518818007755825,2016-01-15 00:00:00,-0.010949021161957381,0.004306853324812239,True,False,False,-0.010949021161957381,-0.0006112209011852262,0.16437036643178585,-0.08418671807719637
2016-01-15,-0.019348413291530732,0.008449279893071785,2016-01-19 00:00:00,-0.004645246556009195,-0.0041456340553796414,False,False,True,0.004645246556009195,-0.0006687970663702914,0.14939515920381913,-0.06938789013967453
2016-01-19,0.00039754204539204084,-0.0008012308053626319,2016-01-20 00:00:00,-0.02824657805263884,-0.0005554893913955597,False,False,True,0.02824657805263884,-0.0006708379364300335,0.1498678466690886,-0.06960513045414246
2016-01-20,-0.014297518418168776,-0.0252296084708897,2016-01-21 00:00:00,-0.015660013154307272,-0.001170040135348962,False,False,True,0.015660013154307272,-0.0007833616099091361,0.14904609967212848,-0.06913745141115693
2016-01-21,0.006610779500462927,-0.026777098251049264,2016-01-22 00:00:00,0.018795351110572654,0.0018148512482812022,True,True,True,0.018795351110572654,-0.0008364660936115911,0.15478759365661374,-0.060800116411339325
2016-01-22,0.020597650319760442,0.035714433087382945,2016-01-25 00:00:00,-0.0025784482167939436,-5.041870759699965e-05,False,False,True,0.0025784482167939436,-0.0007743189657876258,0.16398454074929245,-0.07430598054060474
2016-01-25,-0.016088512340122228,0.023483232095233692,2016-01-26 00:00:00,-0.0017949064377004035,-0.005192581409859918,False,False,True,0.0017949064377004035,-0.0007855825190127346,0.16253864346799154,-0.07630950937240827
2016-01-26,0.01477152636886978,-0.01669920467705588,2016-01-27 00:00:00,0.0056582216606975225,0.0028142946159681525,True,True,True,0.0056582216606975225,-0.000771595538501529,0.1594779867768424,-0.07366559613653219
2016-01-27,-0.008277676763864594,0.022390352142239694,2016-01-28 00:00:00,-0.00246845384983617,-0.004235355906945268,False,False,True,0.00246845384983617,-0.000712660715925858,0.15807444108895335,-0.09889107813000264
2016-01-28,0.00560188772087693,-0.0005877074233014456,2016-01-29 00:00:00,0.017666970818762895,0.00020720553489654242,True,True,True,0.017666970818762895,-0.0007347862342115091,0.15843064619107808,-0.0927010199966618
2016-01-29,0.02130388602918769,0.022922767966452665,2016-02-01 00:00:00,-0.0014154585638625843,0.0006629792912130131,True,False,False,-0.0014154585638625843,-0.0006614318248328504,0.1631646812989975,-0.09386434751185416
2016-02-01,0.0026189704035266548,0.02961223830406848,2016-02-02 00:00:00,-0.00890225774171632,-0.0029944037745242656,False,False,True,0.00890225774171632,-0.0006430451453396201,0.1661502997294394,-0.09409965292391582
2016-02-02,-0.016073327623293776,-0.009842594421931453,2016-02-03 00:00:00,-0.007129110431190277,-0.002392615124450154,False,False,True,0.007129110431190277,-0.0006740405321119098,0.16757332563575744,-0.09904770325168724
2016-02-03,0.010027218263461446,-0.02281728156670479,2016-02-04 00:00:00,-0.009836236234351325,0.003279094267292079,True,False,False,-0.009836236234351325,-0.0006845611847001662,0.17033575214589833,-0.09885759969083854
2016-02-04,0.0035441561063116354,-0.012194181766036665,2016-02-05 00:00:00,-0.012594070019957637,0.0009061297254683904,True,False,False,-0.012594070019957637,-0.0007584486796197428,0.16338646416745006,-0.08901878709433156
2016-02-05,-0.015373603366273258,-0.02056700925944328,2016-02-08 00:00:00,0.009732698383001922,-0.001559176659347199,False,True,False,-0.009732698383001922,-0.0008261465376442941,0.16128520480057887,-0.08491777407779619
2016-02-08,-0.017175148365435787,0.008557228735052857,2016-02-09 00:00:00,-0.014057297447304565,-0.004192244889893028,False,False,True,0.014057297447304565,-0.000794222973487599,0.15363542804917013,-0.08873324168177762
2016-02-09,-0.0003657018899419495,-0.04149464374995059,2016-02-10 00:00:00,-0.029907228595958905,0.002927547976685113,True,False,False,-0.029907228595958905,-0.0008281414954703054,0.16125715405089477,-0.09193141989953903
2016-02-10,0.00034982807159105177,-0.03867448021876724,2016-02-12 00:00:00,-0.007214444932376688,0.0012835102922130197,True,False,False,-0.007214444932376688,-0.0009446044907014448,0.15249713369741796,-0.05623261107603983
2016-02-12,0.018509993902148126,-0.04374644761441798,2016-02-16 00:00:00,0.0031345798209775604,0.003938347222960747,True,True,True,0.0031345798209775604,-0.0009670654414077774,0.15123712362426178,-0.04814138160125522
2016-02-16,0.013665334454850875,0.008090432128547745,2016-02-17 00:00:00,-0.015772584279270255,0.0006922573947479942,True,False,False,-0.015772584279270255,-0.000989853223505663,0.15200471710061092,-0.04883356950082965
2016-02-17,0.0175690242366905,-0.01972169699847044,2016-02-18 00:00:00,-0.007852467412213023,0.002392382187323494,True,False,False,-0.007852467412213023,-0.0010866605478390438,0.14227177737399763,-0.04966440922186886
2016-02-18,-0.0014103361880513864,0.03163309940334202,2016-02-19 00:00:00,-0.0007015558380124446,-0.00289241148368508,False,False,True,0.0007015558380124446,-0.0011656865687353563,0.1385603492567304,-0.048408416154192474
2016-02-19,-0.001991984892900411,-0.013983835401466919,2016-02-22 00:00:00,0.002260814459178532,-0.0007844406561619215,False,True,False,-0.002260814459178532,-0.001170555300909397,0.14028274579190073,-0.04759465025093995
2016-02-22,0.015622691875449912,-0.0010764111366649467,2016-02-23 00:00:00,-0.006129153975542818,0.0011015035336024493,True,False,False,-0.006129153975542818,-0.001152820271749483,0.14093764336656467,-0.04877172633748611
2016-02-23,-0.011979022004189021,0.0004748493298853766,2016-02-24 00:00:00,-0.0010508726692623842,-0.002871407769511135,False,False,True,0.0010508726692623842,-0.0011946289971398179,0.1380514052595721,-0.048558457612760175
2016-02-24,0.004414353444064834,-0.009551616142381987,2016-02-25 00:00:00,0.011075439033946347,4.730545401534841e-05,True,True,True,0.011075439033946347,-0.0011144735623351454,0.14761942865641273,-0.053408206050767626
2016-02-25,0.010374633448410142,0.01243023886733825,2016-02-26 00:00:00,-0.0012013208236906997,-0.00025297965742078086,False,False,True,0.0012013208236906997,-0.0010937851416212014,0.146502735380078,-0.054633438810394896
2016-02-26,-0.0011112285079914685,0.007166705221817471,2016-02-29 00:00:00,-0.008077928152673837,-0.0016938486608569206,False,False,True,0.008077928152673837,-0.0011201074412594857,0.14790584130617046,-0.05712304602584681
2016-02-29,-0.0064633567533748494,-0.0008197853469904733,2016-03-01 00:00:00,0.0013066311831533871,-0.0020587243953562864,False,True,False,-0.0013066311831533871,-0.0011480962148042878,0.1482848490906563,-0.058295382342105684
2016-03-01,0.021119590511156937,-0.00827819783087439,2016-03-02 00:00:00,0.0014358874665582055,0.00245547535980718,True,True,True,0.0014358874665582055,-0.0011291826156514843,0.1470096505135439,-0.05796845705167672
2016-03-02,0.005492508829731768,0.032271802386487414,2016-03-03 00:00:00,0.017298608251844233,-0.0022243962129594964,False,True,False,-0.017298608251844233,-0.0011555504197850615,0.14723760657557816,-0.05817926203419993
2016-03-03,0.005073425290034262,0.017065850543513623,2016-03-04 00:00:00,0.003232575894110425,-0.0010892579449069224,False,True,False,-0.003232575894110425,-0.0010811655662144287,0.14660736576880914,-0.04405838982195076
2016-03-04,0.0047028644845073745,0.007806363044700687,2016-03-07 00:00:00,-0.004114653815351255,-0.0007166128863923697,False,False,True,0.004114653815351255,-0.0010708035690872536,0.1465198982715654,-0.042897382717477006
2016-03-07,0.0033782893221224186,-0.0035399120074101065,2016-03-08 00:00:00,-0.004289070571454543,-0.0004616636140702208,False,False,True,0.004289070571454543,-0.001107940503543174,0.1453987931832511,-0.043808348537439756
2016-03-08,-0.010673539013437006,-0.010791637561175032,2016-03-09 00:00:00,-0.0019470439335289515,-0.0022090107426419345,False,False,True,0.0019470439335289515,-0.0011356452588488,0.14468024682164782,-0.04363422811988393
2016-03-09,0.004847936503563521,-0.01328812190850183,2016-03-10 00:00:00,-0.0018293988364481053,0.00013401019643584594,True,False,False,-0.0018293988364481053,-0.0011625243057522385,0.14429664839673478,-0.04492685401250893
2016-03-10,0.00023664264700614667,0.0071193123413299956,2016-03-11 00:00:00,0.0062754398427156,-0.0014597968178605696,False,True,False,-0.0062754398427156,-0.0011761516643004157,0.1439420468944958,-0.044626217437932714
2016-03-11,0.01624125564015997,0.007678139202171798,2016-03-14 00:00:00,0.0063652405691619115,0.0008891586738963128,True,True,True,0.0063652405691619115,-0.001125554157367005,0.14438594139287142,-0.04301773451177285
2016-03-14,-0.001091859525112937,0.016237818919676128,2016-03-15 00:00:00,-0.00374090253038649,-0.0019721763979630765,False,False,True,0.00374090253038649,-0.0011182836413132105,0.14769363608996722,-0.042655485734428095
2016-03-15,-0.00017565167619487676,-0.001944881453449294,2016-03-16 00:00:00,-0.004160753344361514,-0.001054895257659441,False,False,True,0.004160753344361514,-0.0011128839628814172,0.14836911701274969,-0.04321599610698887
2016-03-16,0.005437991941104869,-0.0061321294008255455,2016-03-17 00:00:00,-0.009686325717694573,-7.654454994995792e-05,False,False,True,0.009686325717694573,-0.0011549683580729304,0.14911054121413558,-0.04363278547753688
2016-03-17,0.01045751645420101,-0.002022029389976702,2016-03-18 00:00:00,-0.007651066706626369,0.0004307983061001553,True,False,False,-0.007651066706626369,-0.0011842011882185772,0.1463660170308668,-0.041727614495034565
2016-03-18,0.002440566071877004,-0.010136440113326184,2016-03-22 00:00:00,0.005030730058610936,-0.00044746081161223836,False,True,False,-0.005030730058610936,-0.0012104559362237305,0.14281925304592086,-0.04088568536718834
2016-03-22,-0.0028136035709669382,0.011167863827706547,2016-03-23 00:00:00,-0.00031145202989097824,-0.002038686381015734,False,False,True,0.00031145202989097824,-0.0011657373593115933,0.14420854041457307,-0.04183462161050669
2016-03-23,-0.006422061732294771,-0.0003085597881572085,2016-03-24 00:00:00,-0.0001869130274690672,-0.0020582332584177417,False,False,True,0.0001869130274690672,-0.0011489186616139425,0.14357542407954865,-0.04127446402372548
2016-03-24,0.0002475992789770842,-0.007073993978295961,2016-03-28 00:00:00,-0.0002618285750729728,-0.0008447924056760375,False,False,True,0.0002618285750729728,-0.0011667177580303456,0.14391677634380529,-0.040471007351329386
2016-03-28,0.0009683058665948208,0.003541181090674492,2016-03-29 00:00:00,-0.0021615927973420517,-0.0011921120730254734,False,False,True,0.0021615927973420517,-0.0011853973003601297,0.14395611110892906,-0.04125977063671321
2016-03-29,0.009984855470811894,0.007503464441330778,2016-03-30 00:00:00,-0.0040588368808591145,-6.169601044246056e-05,False,False,True,0.0040588368808591145,-0.0011953546201551133,0.1449498412529317,-0.041799972288450185
2016-03-30,0.0028367544140639354,-0.005949010727374121,2016-03-31 00:00:00,-0.0009903022231501015,-0.0005188046075088456,False,False,True,0.0009903022231501015,-0.001183672560551823,0.14461735505068046,-0.04280107137495426
2016-03-31,-0.0014069932882122104,-0.003538055596684474,2016-04-01 00:00:00,-0.021101614461266172,-0.0012813305381696644,False,False,True,0.021101614461266172,-0.0012206145557745662,0.14939206851893738,-0.04224853206469155
2016-04-01,0.004942559734201079,-0.030464241451781157,2016-04-04 00:00:00,-0.002786171895990123,0.0006824795420071369,True,False,False,-0.002786171895990123,-0.0013371739277081357,0.1514982627811613,-0.04171658954000927
2016-04-04,-0.0041510066439161665,-0.0036483201422305334,2016-04-05 00:00:00,-0.011188378663573688,-0.0018314738934584079,False,False,True,0.011188378663573688,-0.0013553490726750785,0.14952490417601308,-0.039622084753190207
2016-04-05,-0.009891460697978171,-0.022563144572109454,2016-04-06 00:00:00,0.0022117633480139187,-0.0019997477475549833,False,True,False,-0.0022117633480139187,-0.001387079875424701,0.1505816308683996,-0.03886002718458739
2016-04-06,0.009891176637125621,-0.0027068091638676414,2016-04-07 00:00:00,0.0021581414940143023,0.00020350456629198013,True,True,True,0.0021581414940143023,-0.001376588439179546,0.14867775648208076,-0.04045170806916576
2016-04-07,-0.010467519795322067,0.0013229428054659848,2016-04-08 00:00:00,0.004134028916528058,-0.003026209066879107,False,True,False,-0.004134028916528058,-0.0013933300478426328,0.15074085615367633,-0.04157105133860986
2016-04-08,0.0050165994136674216,0.0006150802016536186,2016-04-11 00:00:00,-0.007215139107926398,-0.000612931770897394,False,False,True,0.007215139107926398,-0.0013427013650322253,0.1504475053508546,-0.04058864669822573
2016-04-11,-0.0021368858011687197,0.0026015648096895253,2016-04-12 00:00:00,0.0023846504836805937,-0.0018037207537701183,False,True,False,-0.0023846504836805937,-0.0013778410790600182,0.14982195727425854,-0.040639872246753
2016-04-12,0.01023278847124227,0.01563676213881813,2016-04-13 00:00:00,0.008598562491283343,-0.0004924768293614006,False,True,False,-0.008598562491283343,-0.0013755498026765914,0.14794465492973405,-0.040341688415514027
2016-04-13,0.00682749924478806,0.019992397593447665,2016-04-14 00:00:00,0.009689645866321803,-0.001072651624503331,False,True,False,-0.009689645866321803,-0.0013456632682107186,0.15107181428641814,-0.03793597294655962
2016-04-14,-0.00024247833834373234,0.02436554607394205,2016-04-15 00:00:00,-0.0018540768297786595,-0.0021670454728548927,False,False,True,0.0018540768297786595,-0.0013116628284501406,0.15340785233193932,-0.033579570135612
2016-04-15,0.0005978165126865997,0.0008197223874396913,2016-04-18 00:00:00,-0.007439980508234121,-0.0012458282286226295,False,False,True,0.007439980508234121,-0.0013101116964057877,0.15333429856881697,-0.03340436748107306
2016-04-18,0.006568507669268153,-0.0213267962158696,2016-04-19 00:00:00,-0.002347549207581192,0.0004212573841523771,True,False,False,-0.002347549207581192,-0.0013159571785844979,0.15297251401600498,-0.03434240304179002
2016-04-19,0.005117778257832717,0.02313240257586733,2016-04-20 00:00:00,-0.0031377459883399285,-0.0013081015574076859,False,False,True,0.0031377459883399285,-0.0013181753964882155,0.15211394415203833,-0.033217976148123524
2016-04-20,-0.002548923195738051,0.0027213497139768877,2016-04-21 00:00:00,0.004390573434344628,-0.0017868482433729012,False,True,False,-0.004390573434344628,-0.0012944383456796895,0.15638324731806763,-0.034468561941005116
2016-04-21,-0.008479120548102603,0.016004459040802638,2016-04-22 00:00:00,0.011546054747901876,-0.0031090002711976665,False,True,False,-0.011546054747901876,-0.001258187297480096,0.15457462026543678,-0.03375035253816733
2016-04-22,0.004151751164016682,0.012559619448681239,2016-04-25 00:00:00,-0.0047873108223429935,-0.0009375268134883929,False,False,True,0.0047873108223429935,-0.0012295258456574841,0.1480978737690662,-0.025706709423741814
2016-04-25,-0.0008165481310266953,-0.0008643499758573879,2016-04-26 00:00:00,-0.0028730095618482426,-0.0013379025806295759,False,False,True,0.0028730095618482426,-0.0012399579159249074,0.147835140425972,-0.026343314104499832
2016-04-26,0.003341072190337946,-0.00818862570985103,2016-04-27 00:00:00,-0.0024938112752349454,-0.0005606513082596614,False,False,True,0.0024938112752349454,-0.0012665949825587802,0.14631789326690214,-0.0265105571860587
2016-04-27,0.0044985252921419415,-0.003154381976351121,2016-04-28 00:00:00,-0.018205438860273176,-0.0005504771730378835,False,False,True,0.018205438860273176,-0.0013023795332993602,0.14748011439941192,-0.028043317585165095
2016-04-28,-0.007206745618493748,-0.018672614257486342,2016-05-02 00:00:00,-0.005242039370809307,-0.0019129267388510842,False,False,True,0.005242039370809307,-0.0013802056178681907,0.1440778870999524,-0.02707770607930876
2016-05-02,0.007389384574447555,-0.03568123259704259,2016-05-06 00:00:00,-0.007759112195445607,0.0006039836786433479,True,False,False,-0.007759112195445607,-0.0013920881103773794,0.14478631302579908,-0.025957344338870147
2016-05-06,0.00295336091423033,0.0013620169062461421,2016-05-09 00:00:00,0.005747444206137401,-0.0009971681785537322,False,True,False,-0.005747444206137401,-0.001390203861965242,0.1420279030448903,-0.019400621277302077
2016-05-09,0.0001686044953884913,0.00147362966410191,2016-05-10 00:00:00,0.0033185080643378466,-0.0013732335043453092,False,True,False,-0.0033185080643378466,-0.001369302877180789,0.1429832279026014,-0.019026654278939042
2016-05-10,0.011460139448517292,0.014560530245264916,2016-05-11 00:00:00,-0.0015556689538574443,1.779734779394545e-05,True,False,False,-0.0015556689538574443,-0.0013475486329817062,0.14296419254596615,-0.018752311718496006
2016-05-11,-0.008131522787382772,0.003646472893752306,2016-05-12 00:00:00,0.0035143496202281253,-0.00259591740142604,False,True,False,-0.0035143496202281253,-0.001379998123787436,0.14097537590383707,-0.019080025560016478
2016-05-12,0.001323249438468621,-1.155385094501128e-05,2016-05-13 00:00:00,-0.0035644407731423235,-0.001175462892851197,False,False,True,0.0035644407731423235,-0.0013593659422982633,0.13881779999737154,-0.018389846996142212
2016-05-13,-0.009696249616544061,-0.010097830927066039,2016-05-16 00:00:00,-0.0017597020058028226,-0.0025393052419992942,False,False,True,0.0017597020058028226,-0.001375141090309731,0.139389181780293,-0.018557267402420197
2016-05-16,0.010681006805627979,-7.575468352127857e-05,2016-05-17 00:00:00,-0.000338219503806525,3.1905213223702455e-05,True,False,False,-0.000338219503806525,-0.0014117295018511713,0.13503867472880815,-0.016972036760337192
2016-05-17,-0.009588592008828922,0.005967655515193215,2016-05-18 00:00:00,0.002267360518966059,-0.0028456313629553207,False,True,False,-0.002267360518966059,-0.0014343318057412203,0.13582593993344533,-0.01825172962804021
2016-05-18,-0.006555350956457273,0.005653243051028277,2016-05-19 00:00:00,-0.003808331963068316,-0.0023900048833017063,False,False,True,0.003808331963068316,-0.0014167126293403985,0.13345442321988754,-0.01741507877420144
2016-05-19,-0.0012150197645810156,-0.0027939742611195768,2016-05-20 00:00:00,0.0019419741401186976,-0.0015374703758970632,False,True,False,-0.0019419741401186976,-0.0014242470251122968,0.13387097221552308,-0.017692548943153835
2016-05-20,0.0057079125203736035,0.007430060570326828,2016-05-23 00:00:00,-0.0035881796365111658,-0.0007716803481467529,False,False,True,0.0035881796365111658,-0.001403657159182869,0.13388157019648583,-0.017793593805099706
2016-05-23,-0.0007757523076757144,-0.005717455426441427,2016-05-24 00:00:00,0.0005156510061519769,-0.0014237398356358956,False,True,False,-0.0005156510061519769,-0.0014237897189058942,0.13375255845716963,-0.01815645797090014
2016-05-24,0.010741435861704484,-0.005831953706892222,2016-05-25 00:00:00,-0.0014922208391794432,0.00018571914401854258,True,False,False,-0.0014922208391794432,-0.0013639721698633265,0.1348500260349395,-0.017354117224692295
2016-05-25,0.006964455718680096,0.005380382433946986,2016-05-26 00:00:00,-0.0017828657999212367,-0.0005290992066044611,False,False,True,0.0017828657999212367,-0.0013795669545043846,0.13479619343484442,-0.016414144051633994
2016-05-26,-0.00035827244779848,0.00377462844629498,2016-05-27 00:00:00,-0.001220468281687713,-0.001488462576268015,False,False,True,0.001220468281687713,-0.0013761594677255235,0.13550201075985288,-0.016890793987557592
2016-05-27,0.003140093066546079,0.002067348639557487,2016-05-31 00:00:00,0.0042976853343017615,-0.0010257299487010506,False,True,False,-0.0042976853343017615,-0.0014129212971137905,0.13434922340318972,-0.01677400503617474
2016-05-31,-0.0007629888914190586,0.008948278042687477,2016-06-01 00:00:00,-0.006345273686347695,-0.0016411933189251912,False,False,True,0.006345273686347695,-0.0013902252055958114,0.1350671417010863,-0.016529815447185583
2016-06-01,0.001424041755930694,-0.00852014864846831,2016-06-02 00:00:00,-0.01571997849057391,-0.0010756782939258746,False,False,True,0.01571997849057391,-0.001426151385608714,0.1365837909557991,-0.018306261617455702
2016-06-02,0.00289617189228345,-0.012985424721753765,2016-06-03 00:00:00,-0.0005311684900114727,-0.0008898183966420823,False,False,True,0.0005311684900114727,-0.0014905859422508492,0.13557960497764587,-0.016026099181568373
2016-06-03,0.0004038010620693866,-0.006945576926449972,2016-06-06 00:00:00,0.0005022216868549476,-0.001312380238669762,False,True,False,-0.0005022216868549476,-0.001478032905172925,0.13541801870970133,-0.01597717913140627
2016-06-06,0.0057758926705716255,-0.003678902663481737,2016-06-07 00:00:00,0.0010109759691306962,-0.0006277923345561124,False,True,False,-0.0010109759691306962,-0.0014704251382394442,0.13555460787931572,-0.016223298910141903
2016-06-07,0.002377228880182591,0.009888450393209161,2016-06-08 00:00:00,0.004277484910284535,-0.0013439703782571072,False,True,False,-0.004277484910284535,-0.0014951398986036341,0.13538081135812619,-0.01725868538044778
2016-06-08,0.0034108273727897044,0.004323341415617142,2016-06-09 00:00:00,0.0015825848803161383,-0.0010992053060131972,False,True,False,-0.0015825848803161383,-0.0014878895262083105,0.13549441473438517,-0.016992374966195378
2016-06-09,-0.001136922662297668,-0.005686698270931032,2016-06-10 00:00:00,-0.0019139164562600975,-0.001550401015702351,False,False,True,0.0019139164562600975,-0.0014944040861823563,0.13625688979939882,-0.017394384522346568
2016-06-10,-0.00860826892999772,-0.004594686075782597,2016-06-13 00:00:00,-0.021769792516897014,-0.0025973962489874857,False,False,True,0.021769792516897014,-0.0015042606661850914,0.1364226882786526,-0.01767859756113141
2016-06-13,-0.006615816700961219,-0.032597343268345,2016-06-14 00:00:00,-0.010638243885162324,-0.0019668960726477633,False,False,True,0.010638243885162324,-0.0015833297985000936,0.14303310161734678,-0.017262588048674005
2016-06-14,-0.0016739446913152322,-0.014915817353395873,2016-06-15 00:00:00,0.0012225238748994583,-0.0016748955218199126,False,True,False,-0.0012225238748994583,-0.0016148160996818366,0.1440284830832761,-0.012135861430091044
2016-06-15,-0.00017447935621184296,0.0019550316540385805,2016-06-16 00:00:00,-0.019870611516536314,-0.0016632984158474803,False,False,True,0.019870611516536314,-0.0016124649020385264,0.14492347694551963,-0.013067491157364941
2016-06-16,0.0028545973486359564,-0.024913643796940395,2016-06-17 00:00:00,-0.00027763179552900256,-0.0009146038773344506,False,False,True,0.00027763179552900256,-0.0016860982504658052,0.14562980054707225,-0.014280525703389557
2016-06-17,-0.0006030573713718734,0.007742777862240633,2016-06-20 00:00:00,0.002966327451956424,-0.0018903456667845625,False,True,False,-0.002966327451956424,-0.0016882700874486776,0.1458763149175183,-0.014736803037158436
2016-06-20,0.004909059155055839,0.021765146896066546,2016-06-21 00:00:00,0.0005930321934781648,-0.0012870988280991218,False,True,False,-0.0005930321934781648,-0.001695445533905561,0.14720852226721295,-0.014440915084679096
2016-06-21,0.0027443364055780963,0.0022903325563624817,2016-06-22 00:00:00,-0.0049059275026032394,-0.001307323998523069,False,False,True,0.0049059275026032394,-0.0016807109676458924,0.147392254615195,-0.013581853443718456
2016-06-22,-0.0015359247136137234,-1.972604854564885e-05,2016-06-23 00:00:00,0.003652954773490604,-0.0019240585412960297,False,True,False,-0.003652954773490604,-0.001698324620737292,0.14714694817386714,-0.013825053391284342
2016-06-23,0.011423380219694157,0.007891787574384952,2016-06-24 00:00:00,-0.0543491975503868,-0.00010820908318666676,False,False,True,0.0543491975503868,-0.0016762722320603613,0.14668239405835884,-0.013627534823544368
2016-06-24,-0.030509009333081528,-0.06106576339885946,2016-06-27 00:00:00,0.0006799493323728155,-0.00448652761428037,False,True,False,-0.0006799493323728155,-0.0018986494774376546,0.12511460589327775,-0.020129848111963042
2016-06-27,-0.016102487517649332,0.003338290334812862,2016-06-28 00:00:00,0.005782568283474389,-0.0038976999081042183,False,True,False,-0.005782568283474389,-0.0018748236762301306,0.12044017141605905,-0.025009770466274076
2016-06-28,0.01664771309041082,0.006851847199948319,2016-06-29 00:00:00,-0.0006059642984931988,-9.586049378361046e-05,False,False,True,0.0006059642984931988,-0.0018253391153081856,0.1133835553060453,-0.023073818164302734
2016-06-29,0.016032865747850965,0.014471099267312897,2016-06-30 00:00:00,-0.0043520926582763745,-0.000351148639078848,False,False,True,0.0043520926582763745,-0.0018319099789371092,0.11300600020416807,-0.02287654061392226
2016-06-30,0.013897742903287469,0.00722644861796317,2016-07-01 00:00:00,-0.004213092440284188,-0.0005293511018019401,False,False,True,0.004213092440284188,-0.001869418891695119,0.10837669411608052,-0.0229882824085116
2016-07-01,0.0017509458554663016,0.0025727466108869373,2016-07-05 00:00:00,-6.444150734762801e-05,-0.0017546675254216243,False,False,True,6.444150734762801e-05,-0.0018817827692261576,0.10661967619408777,-0.023154257044430526
2016-07-05,-0.005833209512273452,-0.0037326958078272346,2016-07-06 00:00:00,-0.014889114512633488,-0.0024348105955710993,False,False,True,0.014889114512633488,-0.001892284270040584,0.10797271030223209,-0.023388221211957744
2016-07-06,0.0044384262163224,-0.019345387699078048,2016-07-07 00:00:00,-0.0014687753190360433,-0.0009970847716657672,False,False,True,0.0014687753190360433,-0.0019391973047571882,0.11066465986322667,-0.023309721808034117
2016-07-07,-0.0033703753263886306,-0.0015514158193816545,2016-07-08 00:00:00,-0.00791954276952338,-0.0022710937152426096,False,False,True,0.00791954276952338,-0.0019331215818018624,0.11102251539710407,-0.023343460002675898
2016-07-08,0.016039987845973026,-0.008885249730908396,2016-07-11 00:00:00,0.016427744495934368,8.54567065363952e-05,True,True,True,0.016427744495934368,-0.0019278927461990351,0.11247296240299116,-0.02355414975707998
2016-07-11,0.0034927075237103367,0.03029064872227878,2016-07-12 00:00:00,0.013934678084588325,-0.0022668194369438502,False,True,False,-0.013934678084588325,-0.00188293202743652,0.1220283094250898,-0.026744115366078902
2016-07-12,0.006467595067829656,0.033728302071085146,2016-07-13 00:00:00,-0.008630795217899053,-0.0017074448189304398,False,False,True,0.008630795217899053,-0.0018486116808705652,0.12392409166372824,-0.01957774158621406
2016-07-13,0.0009571771577524424,-0.019147457927253336,2016-07-14 00:00:00,0.0029617938798930507,-0.0013282246002286893,False,True,False,-0.0029617938798930507,-0.001922982799076452,0.12184813591399395,-0.02497083154603172
2016-07-14,0.0033625200489642904,0.005814901862970355,2016-07-15 00:00:00,0.0033867964823060637,-0.0016760572920619635,False,True,False,-0.0033867964823060637,-0.0019298104477291596,0.12320089721144743,-0.027603618262044438
2016-07-15,-0.00036387960639585606,0.025953627405493347,2016-07-19 00:00:00,0.0005502118345666901,-0.0026676773942560265,False,True,False,-0.0005502118345666901,-0.0019140914293608077,0.12398812809938185,-0.027297502679517624
2016-07-19,-0.0016390191041785295,0.0015475657086852404,2016-07-20 00:00:00,-0.0005277550980945903,-0.002146458448077256,False,False,True,0.0005277550980945903,-0.0019043022357704026,0.12348786759076771,-0.025690177785790233
2016-07-20,0.0018069063853503264,0.0042822080079444255,2016-07-21 00:00:00,0.003183072393552174,-0.0018138061129087978,False,True,False,-0.003183072393552174,-0.001928175062641901,0.1231177694558135,-0.02524242957048302
2016-07-21,-0.003028096787726353,0.009650714310095291,2016-07-22 00:00:00,-0.0005857402578378699,-0.00253710273071464,False,False,True,0.0005857402578378699,-0.0019267666280003075,0.1262694475023971,-0.02362312125495833
2016-07-22,0.005167151105926804,-0.007343440340946772,2016-07-25 00:00:00,-0.00033287163722355424,-0.001103368733149313,False,False,True,0.00033287163722355424,-0.001923923670119665,0.12578460982404482,-0.023232550860142392
2016-07-25,-0.0033995431250432363,0.0008523994507395931,2016-07-26 00:00:00,-0.007004577840825081,-0.002374053659427141,False,False,True,0.007004577840825081,-0.0019269041999856412,0.12565099379632422,-0.023455537552268035
2016-07-26,-3.4174204158055053e-05,-0.014201544708857568,2016-07-27 00:00:00,-0.003633758002449818,-0.001609836087122125,False,False,True,0.003633758002449818,-0.0019373764232396608,0.12627975041890585,-0.02336758802599831
2016-07-27,-0.0036983001105955647,0.006823482302568749,2016-07-28 00:00:00,-0.007689034183605102,-0.002582865944911126,False,False,True,0.007689034183605102,-0.001967600646133709,0.12662380509232757,-0.02153921705711792
2016-07-28,0.0016515442672091374,-0.01023404213371637,2016-07-29 00:00:00,0.004617410580453494,-0.0014783720996152444,False,True,False,-0.004617410580453494,-0.0018844727941905782,0.13406251132141372,-0.018046683816780887
2016-07-29,0.0028923200296074093,0.005237383287558902,2016-08-01 00:00:00,0.003430101293450149,-0.0015736986955560593,False,True,False,-0.003430101293450149,-0.0019077483503494275,0.14074180442083423,-0.013942207611490925
2016-08-01,-0.0027419646591886893,0.003322528188605678,2016-08-02 00:00:00,-0.013901652511696852,-0.002351206586817021,False,False,True,0.013901652511696852,-0.0019269019150996538,0.14017177491855087,-0.012026570252130192
2016-08-02,-0.0060915733109260465,-0.011916309638910523,2016-08-03 00:00:00,-0.005482794252636307,-0.0026835016997546314,False,False,True,0.005482794252636307,-0.00198151057306556,0.14136423651577804,-0.013354762372927778
2016-08-03,0.0021413571586727186,-0.025641229059346907,2016-08-04 00:00:00,-0.003134664522335423,-0.0013659651503117112,False,False,True,0.003134664522335423,-0.001994817850577591,0.14160872961630694,-0.012698994756366988
2016-08-04,0.0003740529431767836,0.004326508028710204,2016-08-05 00:00:00,-0.002655100518749522,-0.0020164718796284687,False,False,True,0.002655100518749522,-0.002014382373492387,0.14108562962239068,-0.012680665509510608
2016-08-05,0.0051404336263461085,0.0005422493436940809,2016-08-08 00:00:00,0.003266387461351831,-0.0013147253280917778,False,True,False,-0.003266387461351831,-0.0020334247267706947,0.140974546623865,-0.011011357256090246
2016-08-08,0.00041841432874784035,0.014772306599821408,2016-08-09 00:00:00,0.002251613056998986,-0.0021189587401023746,False,True,False,-0.002251613056998986,-0.0020156217956291216,0.1417972881205073,-0.01101161558631783
2016-08-09,0.00034445158061229274,0.011299537919668652,2016-08-10 00:00:00,-0.0011038496940258564,-0.0020779530010652373,False,False,True,0.0011038496940258564,-0.0020124333704807603,0.14190807266033006,-0.010124315819573515
2016-08-10,-0.002169724288156738,-0.001973226657502808,2016-08-12 00:00:00,0.0013182095475440508,-0.0023089199417438977,False,True,False,-0.0013182095475440508,-0.0020200790484329652,0.14254277311767152,-0.01035746377436407
2016-08-12,-0.0006699765444486249,0.006509284795098054,2016-08-15 00:00:00,-0.004053218147095296,-0.0021804202986338847,False,False,True,0.004053218147095296,-0.0020187282647214254,0.14234731033775616,-0.010188934254460533
2016-08-15,0.0021015719059776393,-0.0021918151932441387,2016-08-16 00:00:00,-0.010716591437336654,-0.0016959716442232502,False,False,True,0.010716591437336654,-0.0020164976363417205,0.14177064424415825,-0.010304148430127724
2016-08-16,-0.006094817497751615,-0.0122796815833446,2016-08-17 00:00:00,0.004601580654630351,-0.002760994245641397,False,True,False,-0.004601580654630351,-0.0020356933953960426,0.1394337630633943,-0.010140530746307663
2016-08-17,0.002957938066056864,0.0053836118950075585,2016-08-18 00:00:00,-0.010225800339741664,-0.0016818128425403795,False,False,True,0.010225800339741664,-0.0020383425531136797,0.13922906019469805,-0.010272142115073837
2016-08-18,0.004308550865561744,-0.007864847521277774,2016-08-19 00:00:00,-0.0003371945921494322,-0.0013887910172471535,False,False,True,0.0003371945921494322,-0.0020733387723210384,0.13862926247098328,-0.011094496876929594
2016-08-19,-0.0029493499113377843,-0.002984256176822611,2016-08-22 00:00:00,0.0004333728232939531,-0.0024641905233035227,False,True,False,-0.0004333728232939531,-0.0020939322402286306,0.1371404948961955,-0.011465846549559067
2016-08-22,-0.00038874621453603985,0.004952967239412409,2016-08-23 00:00:00,0.0017742804746060316,-0.002226675739483755,False,True,False,-0.0017742804746060316,-0.0021102470452662656,0.13714871028876174,-0.012742392431354069
2016-08-23,0.0020349229768196198,0.00018777019054282222,2016-08-24 00:00:00,0.0029255470580774666,-0.0018203894014467566,False,True,False,-0.0029255470580774666,-0.0020967339980583898,0.13694411727234013,-0.012388197292699854
2016-08-24,-0.004971058594017941,0.005104167318344197,2016-08-25 00:00:00,-0.0018178041479478024,-0.0028343225531617167,False,False,True,0.0018178041479478024,-0.0020867797944514824,0.13763767038397529,-0.01240904353972315
2016-08-25,-0.0004549141329486139,-0.0027935977863060048,2016-08-26 00:00:00,-0.008527062335707233,-0.0021451300623612523,False,False,True,0.008527062335707233,-0.002117793280398812,0.13842327857059417,-0.012755567019375663
2016-08-26,-0.004508712504230983,-0.007601377967453167,2016-08-29 00:00:00,0.002184403620619505,-0.0026797201724811552,False,True,False,-0.002184403620619505,-0.002153352695681565,0.13846749027911737,-0.012884851729608696
2016-08-29,0.006514846428925547,0.013408613034713072,2016-08-30 00:00:00,0.0007497455068496188,-0.00144486056327641,False,True,False,-0.0007497455068496188,-0.0021605747806351916,0.13928747394992727,-0.014298442680210036
2016-08-30,-0.003122540655744288,0.0008314757400369988,2016-08-31 00:00:00,0.005343338889691276,-0.0026316490556097913,False,True,False,-0.005343338889691276,-0.0021805708438100307,0.14074461549463185,-0.013948005073676578
2016-08-31,-0.0031021997517207576,0.0106331587680451,2016-09-01 00:00:00,0.0007469302207766015,-0.002718484704470726,False,True,False,-0.0007469302207766015,-0.002138453097200037,0.1406806003733699,-0.013506079129757667
2016-09-01,-0.0004463241747376445,0.004886128008642306,2016-09-02 00:00:00,-0.0004570579254275672,-0.002223460459185966,False,False,True,0.0004570579254275672,-0.002102751260712342,0.13816450080257076,-0.012083809832744083
2016-09-02,0.0065887371975051675,0.004625600132665893,2016-09-06 00:00:00,0.0012200037544470332,-0.0012609439384615694,False,True,False,-0.0012200037544470332,-0.0021139899746488245,0.13704373040853618,-0.010787592227860493
2016-09-06,0.004021654916843276,0.002872684121432052,2016-09-07 00:00:00,0.0014742798207877644,-0.00158373716653908,False,True,False,-0.0014742798207877644,-0.002106728933365309,0.13766101224725735,-0.010663657624948045
2016-09-07,0.0004528071825537605,-0.002327754547532071,2016-09-08 00:00:00,-0.0005620999025815182,-0.002014805742990145,False,False,True,0.0005620999025815182,-0.0021016613386933385,0.1377918150148364,-0.010509042799762572
2016-09-08,-0.0018033466364000272,-0.0022190553235963352,2016-09-09 00:00:00,0.0006537374810219973,-0.002315759993241251,False,True,False,-0.0006537374810219973,-0.002090103206135506,0.1380587965181297,-0.010504956308561311
2016-09-09,-0.027719779184112857,0.0012250499880145894,2016-09-12 00:00:00,-0.006249875594869976,-0.005862298003497038,False,False,True,0.006249875594869976,-0.002054318302931268,0.13692326190836718,-0.010201310493161586
2016-09-12,0.012950478577424419,-0.014177761896504293,2016-09-13 00:00:00,-0.0010055695833987937,-0.00011934812378116554,False,False,True,0.0010055695833987937,-0.0020301822776519008,0.1354347296416425,-0.011065892497888488
2016-09-13,-0.015807710445579472,0.0006862807749025342,2016-09-14 00:00:00,-0.0003119897919277483,-0.004047732247027297,False,False,True,0.0003119897919277483,-0.001999056394574518,0.1290840462144535,-0.011879433387970414
2016-09-14,-0.0009945350260939455,-0.00705508358015867,2016-09-15 00:00:00,-0.0026524836355278814,-0.001825518296225479,False,False,True,0.0026524836355278814,-0.0018744133742553213,0.09973338510339858,-0.0209896057365713
2016-09-15,0.008992745140583102,-0.009030288595247049,2016-09-16 00:00:00,0.00208192779063797,-0.0007746003033452363,False,True,False,-0.00208192779063797,-0.0019306694570504707,0.11781208812051097,-0.01069900144812791
2016-09-16,-0.003200723635569358,0.006229391622467528,2016-09-20 00:00:00,0.0006576526705305221,-0.0024442207657810475,False,True,False,-0.0006576526705305221,-0.00201282918795571,0.13018329977707832,-0.002361516848511269
2016-09-20,-0.0006683994973729623,0.001705563971270288,2016-09-21 00:00:00,0.014175138645293113,-0.002070458316958119,False,True,False,-0.014175138645293113,-0.0019754394153726857,0.14114014412255363,-0.0003992229000145675
2016-09-21,0.012583490553062626,0.02102536782994914,2016-09-23 00:00:00,0.00019171202935157095,-0.00013988637197904775,False,True,False,-0.00019171202935157095,-0.001909560302778735,0.14004886158182703,0.00035054816530215305
2016-09-23,-0.004481394193081067,0.0014103384847626854,2016-09-26 00:00:00,-0.006875514597409636,-0.0024935996498046866,False,False,True,0.006875514597409636,-0.001874119036560389,0.1398639192031746,0.0051794247787243924
2016-09-26,-0.006686812048473656,-0.005228355442136858,2016-09-27 00:00:00,0.005665661892247232,-0.002702172977829888,False,True,False,-0.005665661892247232,-0.0018051833969070868,0.13327754289992952,0.0011069831293303856
2016-09-27,0.002182769802008722,-0.0013524770270045316,2016-09-28 00:00:00,-0.002701609630894262,-0.0015161950321019304,False,False,True,0.002701609630894262,-0.0018256855823120808,0.1462111314138338,0.007138525804669629
2016-09-28,0.0077482174870679875,0.00257754607037096,2016-09-29 00:00:00,-0.00035124912849564667,-0.0007309479528182931,False,False,True,0.00035124912849564667,-0.0018507052710784815,0.14162814933853757,0.008687183190107833
2016-09-29,-0.00972049198384065,0.012433317068824183,2016-09-30 00:00:00,-0.0028504190414709208,-0.0030108203957553707,False,False,True,0.0028504190414709208,-0.0017628677491115516,0.14306291956693237,0.011476367521356931
2016-09-30,0.00658232341208671,-0.013447399875428541,2016-10-03 00:00:00,-0.0002514803977583132,-0.0009296503653791176,False,False,True,0.0002514803977583132,-0.001722866971368197,0.13636713826761407,0.007763285232549488
2016-10-03,-0.0049856781186793375,0.007062544432400175,2016-10-04 00:00:00,-0.0023198718654760565,-0.002268360821695115,False,False,True,0.0023198718654760565,-0.0017746241100747497,0.11619339075692961,0.012115482604126739
2016-10-04,-0.008173603499110537,0.0019435535273620525,2016-10-05 00:00:00,0.0010182265542671594,-0.002695197865289765,False,True,False,-0.0010182265542671594,-0.0017726937924561208,0.11584791043438092,0.012549596866807539
2016-10-05,0.0034485849015629235,0.002817536481956889,2016-10-06 00:00:00,0.0009187853857235744,-0.0013387777227163384,False,True,False,-0.0009187853857235744,-0.00176865336777712,0.11351477187114033,0.01363258893987055
2016-10-06,0.0014264757116841276,0.0077577640233003325,2016-10-07 00:00:00,-0.0019111692797374588,-0.0014499380381248121,False,False,True,0.0019111692797374588,-0.0017278354605714656,0.11486832374142196,0.014700182713102194
2016-10-07,-0.005220677663857332,-0.0025672073439694048,2016-10-11 00:00:00,0.001228063394574649,-0.0023759484401921355,False,True,False,-0.001228063394574649,-0.001736206508355441,0.11522454362721224,0.014876761194871364
2016-10-11,-0.011725404452200305,0.004535169552366416,2016-10-12 00:00:00,-6.189267794649436e-05,-0.0030081130166768827,False,False,True,6.189267794649436e-05,-0.0017018271695744874,0.11713047670566545,0.014799086379369872
2016-10-12,0.0026021922955424825,-0.00752019548490368,2016-10-13 00:00:00,-0.0034888584331311027,-0.0014929117907124204,False,False,True,0.0034888584331311027,-0.0016818743366961168,0.11625792422075545,0.01510106073004161
2016-10-13,-0.0014508298005772914,-0.002320784051580799,2016-10-14 00:00:00,0.0031856429645161256,-0.0018524281558461534,False,True,False,-0.0031856429645161256,-0.0016434029438097651,0.11501426922876216,0.018165879207487606
2016-10-14,-0.0006566502319394929,-0.0007654988917757105,2016-10-17 00:00:00,0.0014727186418952104,-0.0016984839117802721,False,True,False,-0.0014727186418952104,-0.0016114068436305982,0.11226958484437215,0.017446425285981407
2016-10-17,-0.0023290874892126223,0.0060397295936966185,2016-10-18 00:00:00,0.0011424746813924436,-0.001775437571669774,False,True,False,-0.0011424746813924436,-0.001648777953053767,0.11282829703336109,0.022538650832254085
2016-10-18,0.006427564705063937,0.0031782423641226417,2016-10-19 00:00:00,0.001247690101016232,-0.0008224758983026963,False,True,False,-0.001247690101016232,-0.0016191598288989172,0.1122278517433265,0.02370245663327905
2016-10-19,0.00317536802027536,-0.0004031355069808549,2016-10-20 00:00:00,0.004476595072515763,-0.0012451286959969715,False,True,False,-0.004476595072515763,-0.001461796695671338,0.07179941614131063,0.02808378329158544
2016-10-20,-0.0013845677211970053,0.008268634465501308,2016-10-21 00:00:00,-0.0003186011367954933,-0.0012552211535226355,False,False,True,0.0003186011367954933,-0.0014918945432453995,0.07029706049750692,0.04039414633410033
2016-10-21,-0.0007418713912710762,0.0038538363879391637,2016-10-24 00:00:00,-0.0019011228160382438,-0.0014368135069192842,False,False,True,0.0019011228160382438,-0.0015317697370843878,0.05865568787921628,0.035930743549823355
2016-10-24,0.0030828421706591167,-0.0010474378716928722,2016-10-25 00:00:00,0.00121403040098003,-0.0013775234778287061,False,True,False,-0.00121403040098003,-0.001519578239496179,0.058765879785775944,0.037339847821990506
2016-10-25,-0.002689696375553452,0.006224951182987114,2016-10-26 00:00:00,-0.0003247034099197204,-0.0014439859108871863,False,False,True,0.0003247034099197204,-0.0015466611462640466,0.04934861695108954,0.037816847812743526
2016-10-26,-0.0017411990885060735,0.0012011828456226243,2016-10-27 00:00:00,0.0012485318278583869,-0.0015765548337617627,False,True,False,-0.0012485318278583869,-0.0015335739143783635,0.05144357217893289,0.03878891691955876
2016-10-27,-0.004854569421906185,0.004616480536073984,2016-10-28 00:00:00,0.002794617033751527,-0.0016319433571358336,False,True,False,-0.002794617033751527,-0.001549951460256402,0.05203810146737324,0.03696120409147011
2016-10-28,-0.0013776954461609647,0.005195085870845991,2016-10-31 00:00:00,0.0005618319417488256,-0.0013901451548157602,False,True,False,-0.0005618319417488256,-0.0015160658347806296,0.05241168802849487,0.03813758401939024
2016-10-31,0.0020418230284455995,0.0004318820157354598,2016-11-01 00:00:00,0.002763681908770227,-0.0014502825316327385,False,True,False,-0.002763681908770227,-0.0015579090826291647,0.04445593499872737,0.039027786642703184
2016-11-01,-0.008155329120878952,0.0015479185555006205,2016-11-02 00:00:00,-0.015079038569764284,-0.0018313276082972754,False,False,True,0.015079038569764284,-0.001529650599018523,0.04461437650589362,0.04016226462865394
2016-11-02,-0.007496644005562903,-0.01839672043540043,2016-11-04 00:00:00,-0.006747642568949167,-0.002621211199761159,False,False,True,0.006747642568949167,-0.0015469930475744509,0.04734509665371832,0.03909875239397029
2016-11-04,-0.0006283455356407619,-0.01380701646015102,2016-11-07 00:00:00,0.0026855709223859324,-0.0022622649106047127,False,True,False,-0.0026855709223859324,-0.0016066214378608462,0.05041248196201787,0.04519202367602865
2016-11-07,0.02096397608155882,0.010922288373524413,2016-11-08 00:00:00,-0.0011858759950736277,-0.0001430712511312578,False,False,True,0.0011858759950736277,-0.0016055428705149448,0.04722586594333038,0.04325372844595218
2016-11-08,0.004098478193170885,0.0015708703586414976,2016-11-09 00:00:00,-0.03689255144110691,-0.0013287259952089957,False,False,True,0.03689255144110691,-0.0015910992996052613,0.04705278941974238,0.04426111464202465
2016-11-09,0.006811319109677416,-0.03949306756532856,2016-11-10 00:00:00,0.003716560917823836,-0.003130834688971771,False,True,False,-0.003716560917823836,-0.0017202546003615505,0.03995235719466416,0.04260768905488022
2016-11-10,0.0006919117174650768,0.053960619948136654,2016-11-11 00:00:00,0.0021366956807978843,0.00024128018163050596,True,True,True,0.0021366956807978843,-0.0017526774975544748,0.04318317530103164,0.03639837229602977
2016-11-11,-0.003772893008324396,0.002136329116288948,2016-11-14 00:00:00,0.013504337449977796,-0.001821639071998616,False,True,False,-0.013504337449977796,-0.0017423611152171219,0.04286007801141689,0.038584191572133206
2016-11-14,0.003560761621435193,0.01870350839293898,2016-11-15 00:00:00,0.0022050625520311884,-0.0008306036377208588,False,True,False,-0.0022050625520311884,-0.0016936154332266272,0.035965844466038205,0.03929455273354233
2016-11-15,0.007165492123666806,-0.00023466944167251663,2016-11-16 00:00:00,0.005351069654221718,-0.001437953111823634,False,True,False,-0.005351069654221718,-0.0016872298008557011,0.036099324246340325,0.040025384037373754
2016-11-16,-0.002579655922354718,0.01129408847404125,2016-11-17 00:00:00,-3.209922831451874e-05,-0.0012897488763067284,False,False,True,3.209922831451874e-05,-0.0016493102951567837,0.0379813695005247,0.04051148392124378
2016-11-17,0.0021031370070777934,-0.0006380778319543664,2016-11-18 00:00:00,-0.0021174902308553835,-0.0015896888961343053,False,False,True,0.0021174902308553835,-0.0016429643769528114,0.037702621735959466,0.04077605726961966
2016-11-18,-0.0016781968104470969,0.007013953635386555,2016-11-21 00:00:00,0.005392611662199613,-0.0014074062111359773,False,True,False,-0.005392611662199613,-0.0016209823213383723,0.040453822831804355,0.040129376565747554
2016-11-21,0.007942292584122402,0.007325529880979068,2016-11-22 00:00:00,0.005129992421891494,-0.0010268059717673853,False,True,False,-0.005129992421891494,-0.0016368761896631493,0.039287942383688955,0.04068427667331148
2016-11-22,0.0037320205271566655,0.005020736843669229,2016-11-25 00:00:00,-0.0005706724514758346,-0.0011867969785621494,False,False,True,0.0005706724514758346,-0.001553641238843538,0.0387061896717322,0.04429468678066331
2016-11-25,0.004202869169655854,0.00014736269990887324,2016-11-28 00:00:00,0.0032585510513381184,-0.001349537804707774,False,True,False,-0.0032585510513381184,-0.0015315554787452364,0.041829413639699324,0.04216888717586416
2016-11-28,-0.002588311699849666,0.0026268066452873346,2016-11-29 00:00:00,0.0017188300376995637,-0.001560009685707835,False,True,False,-0.0017188300376995637,-0.001551107209954914,0.04488025848071915,0.040833466961657086
2016-11-29,0.0014558972434871587,0.0034181236149676665,2016-11-30 00:00:00,-0.0014398166214297204,-0.001335488556366544,False,False,True,0.0014398166214297204,-0.0015402123389902519,0.044414661278633374,0.04097587316164236
2016-11-30,-0.001300440588102314,-0.0019431821903979401,2016-12-01 00:00:00,0.006032348332706442,-0.0017113815623241435,False,True,False,-0.006032348332706442,-0.0015714889876821615,0.04777114094738239,0.04002148866860664
2016-12-01,-0.003046832605641403,0.016867592514035357,2016-12-02 00:00:00,-0.002581118053921733,-0.0010736427783500505,False,False,True,0.002581118053921733,-0.001564441389765173,0.04985378107160046,0.0381023395344536
2016-12-02,0.0017675483522184509,-0.0032240438320979624,2016-12-05 00:00:00,-0.005754514569389834,-0.0016299124221000145,False,False,True,0.005754514569389834,-0.0015956354817554177,0.04925249527017747,0.037633826809076475
2016-12-05,0.0057074512971393545,-0.008481137165470146,2016-12-06 00:00:00,0.004447028905807791,-0.0016536912044147218,False,True,False,-0.004447028905807791,-0.001610991964725333,0.04886914947812092,0.03792151028730101
2016-12-06,0.002339930490294062,0.009548554531082028,2016-12-07 00:00:00,0.005374012116161162,-0.001122762858382775,False,True,False,-0.005374012116161162,-0.0015971809112972687,0.05246023925692429,0.03682910731717263
2016-12-07,0.013450623902895198,0.005752688907249938,2016-12-08 00:00:00,0.00602492973901139,-0.0006200343097805464,False,True,False,-0.00602492973901139,-0.0016054283452459684,0.05672314303250587,0.03866580924699939
2016-12-08,0.0023001388580995096,0.014819162414365605,2016-12-09 00:00:00,0.009228049714513005,-0.0008718400085467261,False,True,False,-0.009228049714513005,-0.0015963942997531129,0.05805604229251682,0.03988196605558299
2016-12-09,0.005602216199927035,0.009368485917715122,2016-12-12 00:00:00,-0.0012106680152706144,-0.000818715708648609,False,False,True,0.0012106680152706144,-0.0015510535520636124,0.05848380899716875,0.04319789822732936
2016-12-12,0.000515598899950509,0.004350808331498668,2016-12-13 00:00:00,0.006556957145917164,-0.0013488422968237117,False,True,False,-0.006556957145917164,-0.001565347127406181,0.05539927331570997,0.043196806635261285
2016-12-13,0.005799219868474148,0.006323939329297097,2016-12-14 00:00:00,-0.002932770375804717,-0.000940460521251618,False,False,True,0.002932770375804717,-0.001538211941828315,0.055353207175904,0.043761647183479385
2016-12-14,-0.011107898526799664,0.0007995928766507741,2016-12-15 00:00:00,-0.002133701557893105,-0.0021267432427662957,False,False,True,0.002133701557893105,-0.0015572236957136249,0.05441817138432635,0.04371221870412551
2016-12-15,0.0030195578960862226,-0.00030743332382209736,2016-12-16 00:00:00,0.0033858468257364264,-0.0014123352047270634,False,True,False,-0.0033858468257364264,-0.0015631382313760712,0.054378761539582744,0.04357625247216655
2016-12-16,0.0013080165771755191,0.0015183639891057448,2016-12-19 00:00:00,0.002212916437350789,-0.0014064440113439583,False,True,False,-0.002212916437350789,-0.001544581772191165,0.055075270572884125,0.0435326406709477
2016-12-19,0.001966917622654896,0.0007041825287983361,2016-12-20 00:00:00,-0.0010620340003566094,-0.001370479413821122,False,False,True,0.0010620340003566094,-0.0015099335334977655,0.055404317018872745,0.04328194880533952
2016-12-20,0.0027578085630577177,0.00186276197386286,2016-12-21 00:00:00,-0.003318779749433339,-0.001299375551486938,False,False,True,0.003318779749433339,-0.0015391485074793985,0.056681874664305416,0.04480185758785466
2016-12-21,-0.0029492656306851052,-0.002631961253363794,2016-12-22 00:00:00,-0.003060675966928057,-0.0018348764317813674,False,False,True,0.003060675966928057,-0.001554571847450143,0.055400580627952674,0.04442069799309634
2016-12-22,-0.001539558800246199,-0.006154520830842218,2016-12-27 00:00:00,0.00011918289315328862,-0.00194056809792373,False,True,False,-0.00011918289315328862,-0.0015793975991637095,0.05937219144469303,0.04383176633013776
2016-12-27,0.0024183199606596538,-0.0039820748051011285,2016-12-28 00:00:00,0.0009079972651689786,-0.0015975039253401067,False,True,False,-0.0009079972651689786,-0.0015635435821705458,0.05772207259691503,0.0435830043370867
2016-12-28,-0.00881761530099301,0.0014245540427250255,2016-12-29 00:00:00,-0.00643092536122421,-0.0020032885108584434,False,False,True,0.00643092536122421,-0.0015539211392424728,0.05797279963348662,0.0433921575593006
2016-12-29,0.001843373113837521,-0.01269347166839984,2016-12-30 00:00:00,0.00046358437781195545,-0.0020058130076135573,False,True,False,-0.00046358437781195545,-0.001561335178490188,0.05906472837404037,0.043593760307651795
2016-12-30,-0.0031702279753444305,-0.0014423419877944187,2017-01-04 00:00:00,0.011868396825929368,-0.0018104342958954157,False,True,False,-0.011868396825929368,-0.001558080189695378,0.059913794079021004,0.04327248366189533
2017-01-04,0.006752427269703732,0.024445012551952038,2017-01-05 00:00:00,-0.003788666487579473,-6.400877650245473e-05,False,False,True,0.003788666487579473,-0.0015150487551254769,0.05741264033383361,0.043500296763899084
2017-01-05,-0.00029926699188865814,0.0011980244447961086,2017-01-06 00:00:00,0.0006600033753668166,-0.001512354950898099,False,True,False,-0.0006600033753668166,-0.0015461646774766408,0.05651455129881344,0.042338590472006
2017-01-06,0.003021159296934206,-0.0052589857828183465,2017-01-10 00:00:00,-0.003319228458144925,-0.0015937088955555133,False,False,True,0.003319228458144925,-0.001567833921548666,0.06376998977981391,0.0415544518506792
2017-01-10,-0.001553757767516617,-0.002535903654162498,2017-01-11 00:00:00,4.7590520354843493e-05,-0.0017496935925697312,False,True,False,-4.7590520354843493e-05,-0.0015483239960399934,0.06505162121203266,0.03955005728130336
2017-01-11,0.003411481530701377,0.002191980340321139,2017-01-12 00:00:00,-0.006743253488455438,-0.0012606909640439,False,False,True,0.006743253488455438,-0.00155962339292814,0.0616084897528852,0.04049133211881991
2017-01-12,-0.0017304805180747174,-0.008641398226388555,2017-01-13 00:00:00,0.0024229431317561462,-0.002034481257279555,False,True,False,-0.0024229431317561462,-0.0015976426671765879,0.056886110572103736,0.039160130703792595
2017-01-13,0.0009440958402846978,0.0048665791011458254,2017-01-17 00:00:00,-0.007724230274400632,-0.0013249503533839877,False,False,True,0.007724230274400632,-0.0015684966614220282,0.054124041916944664,0.03954482629482934
2017-01-17,-0.00039011353887847823,-0.012820961803354276,2017-01-18 00:00:00,0.002207334264165208,-0.0021421712743112447,False,True,False,-0.002207334264165208,-0.0016137688776874705,0.058595908457553705,0.03943099957441072
2017-01-18,0.002020522192650487,-0.0008254447055153181,2017-01-19 00:00:00,0.0016637672168991775,-0.001522933999334947,False,True,False,-0.0016637672168991775,-0.0016065841638690144,0.05736434483597483,0.03907683586599319
2017-01-19,-0.004175923242404933,0.00761699548103959,2017-01-20 00:00:00,0.0015121535122418043,-0.0015275258690547497,False,True,False,-0.0015121535122418043,-0.0015727460703421111,0.06107869411018224,0.03942238647578006
2017-01-20,0.0037887650585791246,0.0070717425899665155,2017-01-23 00:00:00,-0.002957743093897076,-0.001067179218814969,False,False,True,0.002957743093897076,-0.0015790424263284314,0.06071098748823821,0.039854892321176165
2017-01-23,-0.002163907874287041,-0.00846390898370998,2017-01-24 00:00:00,-0.0032115420851223883,-0.002082765984808292,False,False,True,0.0032115420851223883,-0.001617075803899662,0.06233999528125076,0.039082671478766116
2017-01-24,0.007366520568014856,-0.00645455186361694,2017-01-25 00:00:00,-0.0028637964836958026,-0.0014139499397107784,False,False,True,0.0028637964836958026,-0.001621282232075965,0.0625686444162164,0.039287144792974085
2017-01-25,0.005797097442506294,0.004883114865255735,2017-01-26 00:00:00,0.002553019711563716,-0.0010428389575357206,False,True,False,-0.002553019711563716,-0.0015650765001292693,0.055179582422563316,0.041439968552233516
2017-01-26,-0.0005251213683647116,0.012473969488000359,2017-01-27 00:00:00,-0.0001947857667017393,-0.0010612975322375395,False,False,True,0.0001947857667017393,-0.0015622622516313878,0.058346671739823004,0.04261705177399867
2017-01-27,-0.0023646703277634294,0.006214064818871578,2017-01-30 00:00:00,-0.0002565595990111309,-0.0014182163261155958,False,False,True,0.0002565595990111309,-0.0015425602141259619,0.05959572767282074,0.04268834404400784
2017-01-30,-0.006472644284594753,-0.002951209923169231,2017-01-31 00:00:00,-0.0022949751794535465,-0.001990239143108601,False,False,True,0.0022949751794535465,-0.0015138706954821648,0.05453920830175343,0.041798298303802425
2017-01-31,0.0017292923414933936,-0.010048421047498361,2017-02-01 00:00:00,0.0034204524211207937,-0.0018655980737767735,False,True,False,-0.0034204524211207937,-0.0015410889940311572,0.06204432119941872,0.04297210946752953
2017-02-01,-0.0024650526122735107,-0.0027711352392210315,2017-02-02 00:00:00,-0.011684162530193998,-0.0016800911416235541,False,False,True,0.011684162530193998,-0.0014441918961062238,0.050084971213983503,0.040574402432363016
2017-02-02,0.0024024525033021884,-0.005593748174513393,2017-02-03 00:00:00,0.003918422929829109,-0.0016997444368436793,False,True,False,-0.003918422929829109,-0.0015309577887054392,0.047855670740189614,0.05072763650642858
2017-02-03,0.006185123920210023,0.001322723428612818,2017-02-06 00:00:00,-0.0014167433226576014,-0.0011992441405457032,False,False,True,0.0014167433226576014,-0.0014368900621250715,0.0263857392957726,0.056283008751674045
2017-02-06,-0.0029263908796078207,0.003698629894603436,2017-02-07 00:00:00,0.0011861286586122616,-0.0013310889809499968,False,True,False,-0.0011861286586122616,-0.0014118234839981263,0.036174831847232594,0.0504500872902895
2017-02-07,-0.0010223502347995184,-0.0034964618427052907,2017-02-08 00:00:00,0.00021058805800459635,-0.001596634759900947,False,True,False,-0.00021058805800459635,-0.0013849980496677993,0.03074792102308243,0.05153826183790877
2017-02-08,0.0025329002966187454,0.0035870840008933786,2017-02-09 00:00:00,-0.003682930032797163,-0.0010117922719361907,False,False,True,0.003682930032797163,-0.0012691812451027758,0.02954965035962938,0.05088887100503832
2017-02-09,0.004510155731638754,-0.004249285775479711,2017-02-10 00:00:00,0.008326117724676181,-0.0013299181969039535,False,True,False,-0.008326117724676181,-0.0012133287274735702,0.015932218514025067,0.04434774831256449
2017-02-10,0.005238053537872611,0.02070098579466145,2017-02-13 00:00:00,0.0049620838627941035,-4.3316344084785895e-05,False,True,False,-0.0049620838627941035,-0.0012550295035048224,0.00688328110958715,0.05679237578893372
2017-02-13,0.0052994865846149874,0.007055191043994233,2017-02-14 00:00:00,-0.004845459826804334,-0.0007244722330323799,False,False,True,0.004845459826804334,-0.001228492926352363,0.013048877154633237,0.061638067797596924
2017-02-14,0.0019898036760677474,-0.005503135272561893,2017-02-15 00:00:00,0.0006356299142845243,-0.001558103106861215,False,True,False,-0.0006356299142845243,-0.001233849653608527,0.00908066666638354,0.062204939586600706
2017-02-15,0.003104904999564084,0.006334985310771956,2017-02-16 00:00:00,-0.0011985818077312079,-0.000833233000309561,False,False,True,0.0011985818077312079,-0.0012483187452548448,-0.00020352534060250407,0.06562251550701714
2017-02-16,-0.00044351265658639785,-0.0012898258561197169,2017-02-17 00:00:00,0.0009797578711921667,-0.0013223121819119137,False,True,False,-0.0009797578711921667,-0.001236885103042334,-0.002680453482088332,0.06715316916878222
2017-02-17,0.001021947512388044,-0.0032339830555265596,2017-02-21 00:00:00,0.0036277855256391313,-0.0015265787085974776,False,True,False,-0.0036277855256391313,-0.0012961821979268016,-0.010258301225070527,0.06800068567971562
2017-02-21,0.006858021093766697,0.004598443366122832,2017-02-22 00:00:00,-0.0013877188270720825,-0.0010115532747771978,False,False,True,0.0013877188270720825,-0.0012720455668134712,-0.007758649162931872,0.06821901384408958
2017-02-22,-0.0014154886284552526,0.0011999205973632517,2017-02-23 00:00:00,0.0008682311441568992,-0.0011334537844511269,False,True,False,-0.0008682311441568992,-0.00123506089577104,-0.008102409959334873,0.0751201724159625
2017-02-23,0.0011851715789512052,0.0005935477072529766,2017-02-24 00:00:00,0.0009951266650188144,-0.0011728635771176639,False,True,False,-0.0009951266650188144,-0.0011979217307611324,-0.016103698979444712,0.0743727916904875
2017-02-24,0.0024658598735302294,-0.0015919625598028796,2017-02-27 00:00:00,-0.00877412019579917,-0.001303096128901163,False,False,True,0.00877412019579917,-0.0011673834649203207,-0.009762352198456519,0.07012732223879835
2017-02-27,0.0015317809117881276,-0.011807555287499516,2017-02-28 00:00:00,0.0011060609537843786,-0.0019602154629131912,False,True,False,-0.0011060609537843786,-0.0011564066898397658,-0.007667633508133824,0.06708108657053038
2017-02-28,-0.0015405172307859094,0.0044985044161368615,2017-03-01 00:00:00,0.0018957234481773771,-0.0009036725333407686,False,True,False,-0.0018957234481773771,-0.0012110882429934976,0.009199210588687244,0.07148759283655354
2017-03-01,0.011364496638287258,0.0025238519109711337,2017-03-02 00:00:00,0.002400097185353141,-0.0010966033636515256,False,True,False,-0.002400097185353141,-0.0011220613982837462,-0.014643889680371119,0.07602604132285096
2017-03-02,-0.005463317905096221,0.01346599921820275,2017-03-03 00:00:00,-0.0031053314186762593,-0.00031011557076986716,False,False,True,0.0031053314186762593,-0.0010002807400701912,-0.00862026262873001,0.04775508476674183
2017-03-03,-0.00019388682867560458,-0.008023309939494327,2017-03-06 00:00:00,-0.00013947255545270995,-0.0013287572468553257,False,False,True,0.00013947255545270995,-0.000993172422147843,-0.006051082003693987,0.04197245929009437
2017-03-06,-0.0033187689890440742,-0.001899403279967032,2017-03-07 00:00:00,0.0009003151648386961,-0.0010411838519904517,False,True,False,-0.0009003151648386961,-0.0010065647402864363,-0.01847541720685237,0.050507838120314084
2017-03-07,-0.0035682174413588785,0.0032093949835116605,2017-03-08 00:00:00,-0.0027103877708509094,-0.0007822219016036607,False,False,True,0.0027103877708509094,-0.0009561715420188626,-0.001922537076943634,0.052062650731374345
2017-03-08,-0.00512424178322104,-0.0036254808998941635,2017-03-09 00:00:00,-0.0008143366691937597,-0.0011686178628054168,False,False,True,0.0008143366691937597,-0.0009468809810858158,0.009795218755157716,0.047316153976604686
2017-03-09,-0.0006424863509957634,0.0007492137598757279,2017-03-10 00:00:00,0.006195611311295953,-0.0009099829814282294,False,True,False,-0.006195611311295953,-0.000940581812953557,0.008930158997938184,0.04849929184396175
2017-03-10,0.0031034472019506043,0.010056442104276083,2017-03-13 00:00:00,0.0017551133467396053,-0.0003969905043824096,False,True,False,-0.0017551133467396053,-0.0009286048275139354,0.008387893334423802,0.050274533855027115
2017-03-13,0.0012606276266250772,0.003825322671376298,2017-03-14 00:00:00,-0.0023687277392352695,-0.0006940107570336213,False,False,True,0.0023687277392352695,-0.0009052410043024516,0.016705238802756164,0.0497137569982523
2017-03-14,-0.004349217087319235,-0.004697743582210625,2017-03-15 00:00:00,-0.0011243947694213885,-0.0012175583969629496,False,False,True,0.0011243947694213885,-0.0009119635739258529,0.016732631381130368,0.04956017131290748
2017-03-15,0.011536381021383013,-0.00016115491399177763,2017-03-16 00:00:00,-0.0001156684247127651,-0.0008448905087078786,False,False,True,0.0001156684247127651,-0.0009597955079491021,0.010714961793271902,0.054028030668470915
2017-03-16,-0.0037829548009144175,0.0008782052864553247,2017-03-17 00:00:00,-0.0006005288809132268,-0.000953637656883044,False,False,True,0.0006005288809132268,-0.0009543245543575977,0.012399378582709064,0.05419369132297924
2017-03-17,0.00023378108065296165,-0.00405743086204869,2017-03-21 00:00:00,-0.0019042569473986428,-0.0011466561828442847,False,False,True,0.0019042569473986428,-0.0009223753940366543,0.010233100962539703,0.05586616307606811
2017-03-21,-0.009050372658829376,-0.00246769643301498,2017-03-22 00:00:00,-0.00492070868980596,-0.0011825780084173338,False,False,True,0.00492070868980596,-0.0009362860215292265,0.01196984042128689,0.05590658095663109
2017-03-22,0.0015695475743953801,-0.017578285480464733,2017-03-23 00:00:00,0.0006449721678675452,-0.001951139312742683,False,True,False,-0.0006449721678675452,-0.0009609861240824997,0.009837414666155779,0.05720657342294931
2017-03-23,-3.7373796431394714e-05,-0.0014511163875273213,2017-03-24 00:00:00,0.004539704201889101,-0.0010635187075906825,False,True,False,-0.004539704201889101,-0.0010051958468754126,0.008168497349376913,0.039981336753452806
2017-03-24,-0.001220807747468411,0.00747434542420774,2017-03-27 00:00:00,-0.0046567841685442885,-0.0007194815020121052,False,False,True,0.0046567841685442885,-0.0009949498803726927,0.006859976655703984,0.03797564534414194
2017-03-27,-0.0020323546916542258,-0.012191786923504906,2017-03-28 00:00:00,0.003188450941141625,-0.0014761599128531146,False,True,False,-0.003188450941141625,-0.0009983163882492613,0.009171423699810288,0.03766502330622939
2017-03-28,0.007236032266056114,0.010481208373286817,2017-03-29 00:00:00,0.0009482589447354917,-0.0005257947431890753,False,True,False,-0.0009482589447354917,-0.0009661473304684594,0.009564743221810498,0.03541021068293436
2017-03-29,0.0018581931212234947,0.00893044430091455,2017-03-30 00:00:00,-0.0037666163136972483,-0.0006218309144042351,False,False,True,0.0037666163136972483,-0.0009586313584464858,0.009889267335834763,0.035656039584979336
2017-03-30,0.0015662651366808,-0.0050234821410328825,2017-03-31 00:00:00,-0.004262901865840728,-0.0011271401207710344,False,False,True,0.004262901865840728,-0.0009689212175822976,0.010067684409245905,0.03463485315591662
2017-03-31,-0.0015237829803591008,-0.005891258001869567,2017-04-03 00:00:00,0.0019441856297667782,-0.0012237906764741892,False,True,False,-0.0019441856297667782,-0.0010092054060535987,0.010467652127715558,0.033716880197917305
2017-04-03,-0.0014480488003351776,-0.002958616211506112,2017-04-04 00:00:00,-0.009919030795831419,-0.0011108177615168082,False,False,True,0.009919030795831419,-0.0010160586632620885,-0.0015178723624468954,0.03277108099764854
2017-04-04,0.0014124725903050916,-0.010178299070657423,2017-04-05 00:00:00,-0.002795137254583808,-0.0014001126958855998,False,False,True,0.002795137254583808,-0.0010396739781506719,-0.001041235174680591,0.03526797543466602
2017-04-05,-0.0018959579835383321,0.0009239791799372771,2017-04-06 00:00:00,-0.006354535704121961,-0.0009970976288069396,False,False,True,0.006354535704121961,-0.0010328442191402658,-0.001526893348458045,0.035554550808748316
2017-04-06,0.00307254306278818,-0.01343286082325985,2017-04-07 00:00:00,0.0036661963468767305,-0.0014516368265445213,False,True,False,-0.0036661963468767305,-0.001023635909397518,0.005167873867018315,0.03304429622153676
2017-04-07,-0.0009969676477780353,0.0065149674636734226,2017-04-10 00:00:00,-0.0012862199472093243,-0.0008048032776007668,False,False,True,0.0012862199472093243,-0.0009810498794413024,0.014939489066205996,0.029338717373440758
2017-04-10,0.0019120127364024686,0.0032883372450715847,2017-04-11 00:00:00,-0.001901200182444179,-0.0008794818851716543,False,False,True,0.001901200182444179,-0.0010079267207282643,0.012966853665538843,0.031521111878771525
2017-04-11,-0.0005391927014008257,0.00017227492648478273,2017-04-12 00:00:00,-0.0034739438806100317,-0.0010151303480198026,False,False,True,0.0034739438806100317,-0.0010134872535295955,0.013045897925827141,0.03129392398896452
2017-04-12,-0.0036264561049873857,-0.01063498872987596,2017-04-13 00:00:00,0.0001734261508952369,-0.0014107860520001171,False,True,False,-0.0001734261508952369,-0.001027621564458277,0.014088088596953374,0.03122473009387838
2017-04-13,-0.007153717491203071,-0.006616244569130445,2017-04-17 00:00:00,0.0031518754963530174,-0.0013261893942136602,False,True,False,-0.0031518754963530174,-0.0010247504736120823,0.013491776331253872,0.03097264046577102
2017-04-17,0.00839746976769844,0.0014676911656690207,2017-04-18 00:00:00,-0.003099194719080502,-0.0008709848235531111,False,False,True,0.003099194719080502,-0.0009996089216139834,0.009985743221085648,0.030503093771364825
2017-04-18,-0.002488537246652267,0.006719106201956756,2017-04-19 00:00:00,0.0008649262457829899,-0.000815667253025245,False,True,False,-0.0008649262457829899,-0.000995934770278489,0.011353946575174256,0.031034222400196432
2017-04-19,-0.0025128157233721194,-0.004186489052359221,2017-04-20 00:00:00,0.0007093011049957201,-0.0011480189714531143,False,True,False,-0.0007093011049957201,-0.000989609569181813,0.010598634475345814,0.031476730326362105
2017-04-20,0.006460098302605077,0.0012909318621416015,2017-04-21 00:00:00,0.000432613729416759,-0.0008187176047218356,False,True,False,-0.000432613729416759,-0.0008991631168328321,0.0066205257310887715,0.029185324321249102
2017-04-21,-0.002697884823988461,0.008608359916785331,2017-04-24 00:00:00,-0.0004871338374723683,-0.0006719939058873682,False,False,True,0.0004871338374723683,-0.0008903649660944522,0.008369243985044815,0.027990269792596285
2017-04-24,0.00866927907826449,0.007752915780795642,2017-04-25 00:00:00,0.002632510478613152,-0.0006050414618203714,False,True,False,-0.002632510478613152,-0.0008457983261455306,0.0034280977228250825,0.02722043350208661
2017-04-25,0.00604876241644815,0.009828660956123454,2017-04-26 00:00:00,0.0012731762157601417,-0.0005003549015820397,False,True,False,-0.0012731762157601417,-0.0008534697439962058,0.009440929215488579,0.030116910728795875
2017-04-26,-0.0014723017143873252,0.01102448283538265,2017-04-27 00:00:00,0.0004998118126825164,-0.0005236352551540458,False,True,False,-0.0004998118126825164,-0.0008577391572594105,0.0070305932134204115,0.031244554659845665
2017-04-27,-0.00037108269524093184,7.645248930320062e-05,2017-04-28 00:00:00,-0.002999791234109376,-0.0008798909994184662,False,False,True,0.002999791234109376,-0.0008773734637409956,0.013134724461591647,0.03082349964614147
2017-04-28,-0.003157637422987236,-0.0017374375556450318,2017-05-01 00:00:00,0.002769578708443299,-0.0009675155901381513,False,True,False,-0.002769578708443299,-0.0008620697371919242,0.016639060464696855,0.030450437063282782
2017-05-01,0.0008765626078087396,0.0020919038468130667,2017-05-02 00:00:00,-0.00046446136007026543,-0.0007823469186745462,False,False,True,0.00046446136007026543,-0.0008593309385849234,0.01622215031219413,0.030003429471232072
2017-05-02,0.00010655268342782965,0.0076432705844836305,2017-05-08 00:00:00,0.008535991244664368,-0.0006818483219308147,False,True,False,-0.008535991244664368,-0.0008860795292269095,0.007942805774178732,0.026609666343593203
2017-05-08,-0.0010477600110420204,0.022732743735553052,2017-05-09 00:00:00,-0.0013328787304932588,-0.0003618630518219322,False,False,True,0.0013328787304932588,-0.0008832931858326908,0.001702183160002986,0.023015858514209828
2017-05-09,-0.0024785009191551797,-0.001042863309751184,2017-05-10 00:00:00,0.0016636682594729894,-0.0009097056483994359,False,True,False,-0.0016636682594729894,-0.0008813062127602069,0.0015613030466865262,0.023521533813275326
2017-05-10,0.002290833891146993,0.0017286351217735173,2017-05-11 00:00:00,-0.001526798934903719,-0.0008019273736277935,False,False,True,0.001526798934903719,-0.0008442340222139459,0.0007344892297969988,0.02350065392873195
2017-05-11,-0.0018790351540695748,0.0001332931079619123,2017-05-12 00:00:00,-0.002056063754968467,-0.0008429010602546697,False,False,True,0.002056063754968467,-0.0008429186469235198,0.0015963643439777346,0.02263591445965487
2017-05-12,-0.0018125206092244994,-0.00393493288521234,2017-05-15 00:00:00,0.002183692893119097,-0.0009403901655198044,False,True,False,-0.002183692893119097,-0.0008383398178189566,0.0026526366376029044,0.024712591539197533
2017-05-15,0.005318631545688101,0.0010883551462370763,2017-05-16 00:00:00,-0.0013235079409269555,-0.0007995892673300226,False,False,True,0.0013235079409269555,-0.0008465595797095849,0.003979058903087945,0.023712079889247995
2017-05-16,-0.0018816750540290195,0.0019173657955777418,2017-05-17 00:00:00,-0.000465254756979097,-0.0009069688328189744,False,False,True,0.000465254756979097,-0.0009007160351963096,0.019177971968198954,0.015559844598027471
2017-05-17,-0.013155845787189613,-0.0048924699121871045,2017-05-18 00:00:00,0.0010853187397567936,-0.0012330245629490148,False,True,False,-0.0010853187397567936,-0.0008836788024897371,0.020157219851496808,0.017202044387613982
2017-05-18,0.0027752036120341716,-0.012958227504309305,2017-05-19 00:00:00,0.0011396599851154618,-0.00104104167428352,False,True,False,-0.0011396599851154618,-0.0008647034441552903,0.016378067629151883,0.017115821010013497
2017-05-19,0.007320837111080669,0.0027575527063844344,2017-05-22 00:00:00,-0.0009823588152650681,-0.0006750411082884101,False,False,True,0.0009823588152650681,-0.0008498040622689298,0.018051249988591568,0.015453083839153796
2017-05-22,0.004165167451977836,0.007122794451506509,2017-05-23 00:00:00,-0.0015744338497810585,-0.0005855441575935035,False,False,True,0.0015744338497810585,-0.0007841340466629235,0.026781725622170814,0.012219855253824416
2017-05-23,0.001923373473632395,-0.0008704063681189374,2017-05-24 00:00:00,-0.000354236601066136,-0.0007312992820251317,False,False,True,0.000354236601066136,-0.0007687656269370357,0.02383294514317719,0.009620000360423379
2017-05-24,0.0027655622661612147,0.00420121806754317,2017-05-25 00:00:00,0.0013779292570129404,-0.0006480412096998025,False,True,False,-0.0013779292570129404,-0.0007370726400108509,0.033217401087924744,-0.0006744141037448199
2017-05-25,0.0027803517616214026,0.0026997199872840476,2017-05-26 00:00:00,-0.002128539197391676,-0.000666486265806214,False,False,True,0.002128539197391676,-0.0007540412756723218,0.03186624674529957,-0.0003868421219116597
2017-05-26,0.00024412706950014407,-0.0023263421654420562,2017-05-30 00:00:00,-0.0007114750936637669,-0.0007668534470858895,False,False,True,0.0007114750936637669,-0.0007759447237456613,0.031734541230244245,-0.000577737930071584
2017-05-30,-0.0017027200932618891,-0.0012233932286647676,2017-05-31 00:00:00,-0.0019568573110155087,-0.0008280578301376778,False,False,True,0.0019568573110155087,-0.0007720791218417835,0.03299225636490767,-0.000161738298075597
2017-05-31,0.0003481373356594597,-0.0030009447542397056,2017-06-01 00:00:00,0.003422887228537929,-0.0007797391238740702,False,True,False,-0.003422887228537929,-0.0007967314982861142,0.03820981572999792,-0.0012296497503162009
2017-06-01,0.007829767979877,0.007293689148850679,2017-06-02 00:00:00,0.008952600692287127,-0.0004796589059254836,False,True,False,-0.008952600692287127,-0.0007684158467247969,0.03867126194123276,-0.0019235900246445115
2017-06-02,0.002314061580318283,0.018924620700637926,2017-06-05 00:00:00,0.0022440386631639884,-0.0006415628867802522,False,True,False,-0.0022440386631639884,-0.0007328597871371021,0.04535701961939863,-0.0007219186243284936
2017-06-05,-0.0012369526511295747,-0.0009962357038388488,2017-06-06 00:00:00,-0.0031469133136375173,-0.00077970744706325,False,False,True,0.0031469133136375173,-0.0007224826309412659,0.04531144488350907,0.00118115044690896
2017-06-06,-0.002095264937557917,-0.003686951235336323,2017-06-07 00:00:00,-0.00044785889056291457,-0.0008534016485710419,False,False,True,0.00044785889056291457,-0.0007476374527626084,0.05037575898662634,5.7943348650675575e-05
2017-06-07,0.0009645333289895697,-0.0020752230533047254,2017-06-08 00:00:00,-0.002084283620603742,-0.0006898385324468212,False,False,True,0.002084283620603742,-0.000734037113435756,0.04760978527551704,0.0008301005005678999
2017-06-08,-0.001275647799364643,-0.00320458935153371,2017-06-09 00:00:00,-0.0024883529035058887,-0.0008163889669064172,False,False,True,0.0024883529035058887,-0.0007511056303791794,0.04795208858154818,0.0012835841981684165
2017-06-09,0.0039706802119661155,-0.006708247031949597,2017-06-12 00:00:00,-0.0004962146301767618,-0.0005624396122840303,False,False,True,0.0004962146301767618,-0.000746972232294825,0.04991943878803804,0.002039505658059451
2017-06-12,0.0005724639254050534,0.005735113543927593,2017-06-13 00:00:00,0.004346078317850316,-0.000710313313243444,False,True,False,-0.004346078317850316,-0.0007522283641042841,0.05004865182077248,0.0023127708068367975
2017-06-13,0.005135265966468095,0.0027718859630816114,2017-06-14 00:00:00,-0.00010632626072497728,-0.0004562964656933804,False,False,True,0.00010632626072497728,-0.000728036606574657,0.05143054722969633,0.002752855693711073
2017-06-14,-0.0013787316471560618,0.002039861792844296,2017-06-15 00:00:00,-0.0024604474972851668,-0.0007884899366719427,False,False,True,0.0024604474972851668,-0.0007216874788693784,0.05268660768920489,0.0028620740975288522
2017-06-15,-0.0015754803635045112,-0.005098792737430759,2017-06-16 00:00:00,2.8528156053632322e-05,-0.0008243662126401496,False,True,False,-2.8528156053632322e-05,-0.000726555942494542,0.0530500963934844,0.00279103029452072
2017-06-16,0.0016165308963452252,0.005878121992173211,2017-06-19 00:00:00,0.0005098631374597945,-0.0006433061138420091,False,True,False,-0.0005098631374597945,-0.0007415392328308367,0.051387018747442795,0.002579806191961749
2017-06-19,0.005306993835430762,0.0018991595617726218,2017-06-20 00:00:00,-0.00011380664284000406,-0.0004420982177263633,False,False,True,0.00011380664284000406,-0.0007151867184318862,0.049781500416290585,0.004685432997251361
2017-06-20,-0.005999470354755521,0.007800654596317448,2017-06-21 00:00:00,-0.0027180398160951314,-0.0009825990275895767,False,False,True,0.0027180398160951314,-0.0006518629008049656,0.05392483816016072,-0.0009250068399572625
2017-06-21,-0.0032737412055091953,-0.0077369411960517345,2017-06-22 00:00:00,0.00012271582755636856,-0.0008284130177015217,False,True,False,-0.00012271582755636856,-0.0006588978746297346,0.05557757354578674,-0.001606765417012164
2017-06-22,-0.001002525132260157,0.002415575222873148,2017-06-23 00:00:00,-0.00010337724853464311,-0.0007183982887855841,False,False,True,0.00010337724853464311,-0.0006594465981121111,0.05512669233430072,-0.0015258461483882574
2017-06-23,0.0015431044313911734,-0.001989441112144268,2017-06-26 00:00:00,-0.0012051469060606285,-0.0005766509110999653,False,False,True,0.0012051469060606285,-0.0006621820690091171,0.053986632278898064,-0.0011179754907654285
2017-06-26,0.0019132979915217896,0.0014747904051699763,2017-06-27 00:00:00,0.0009179253144558854,-0.0005841723163715987,False,True,False,-0.0009179253144558854,-0.0006825510132682242,0.05342185438491953,-0.002599169202601913
2017-06-27,-0.0067379638536868795,0.004363415394595903,2017-06-28 00:00:00,-0.001077806888647905,-0.0010539685849276766,False,False,True,0.001077806888647905,-0.0006845916562813785,0.05301841797645682,-0.0027823949001750878
2017-06-28,0.006248126531612208,0.001206953802817062,2017-06-29 00:00:00,0.0028837992044855663,-0.00035265502261523434,False,True,False,-0.0028837992044855663,-0.0006796822812099013,0.052931015914919416,-0.003059293802224139
2017-06-29,-0.007690647770603742,0.005322089640650625,2017-06-30 00:00:00,-0.0037991688467579054,-0.0008535592376930891,False,False,True,0.0037991688467579054,-0.0005730359120080626,0.033238821061820245,-0.004677722900097294
2017-06-30,0.002002358105508373,-0.006363949211613422,2017-07-03 00:00:00,0.001405802932191646,-0.0003509305298623396,False,True,False,-0.001405802932191646,-0.0005312257966483436,0.032657752107315245,-0.018055259136348045
2017-07-03,0.004635328773334157,0.0027831281403580166,2017-07-05 00:00:00,0.004373603023486909,-0.0004261776944851736,False,True,False,-0.004373603023486909,-0.0005310374953863171,0.03323463639161153,-0.017675673901908003
2017-07-05,-0.002321100710387003,0.0005939589481614274,2017-07-06 00:00:00,-0.00016803526674044774,-0.0005238066448947502,False,False,True,0.00016803526674044774,-0.0004358476551196612,0.033620889235622946,-0.016704049862626746
2017-07-06,-0.008815212228908098,0.00046729575115693885,2017-07-07 00:00:00,-0.0021440713290848236,-0.0007381225374906941,False,False,True,0.0021440713290848236,-0.000432628583668021,0.03374905294326245,-0.017096003084513707
2017-07-07,0.0049782026724698005,-0.0048780415017577,2017-07-10 00:00:00,-0.0018760861393461743,-0.0001826639472605474,False,False,True,0.0018760861393461743,-0.00045226790688687176,0.03620926108774773,-0.018316145789031832
2017-07-10,0.0003153801578843707,0.0028584712209830583,2017-07-11 00:00:00,0.0019331673297022529,-0.0005057380079645413,False,True,False,-0.0019331673297022529,-0.0004629604129409207,0.03481685589695217,-0.01880660548156604
2017-07-11,-0.001161322920903074,0.004353300935383416,2017-07-12 00:00:00,-0.0025362323240503528,-0.0005583064799313984,False,False,True,0.0025362323240503528,-0.0004360036313566504,0.0358878852746832,-0.018520526381991878
2017-07-12,0.007770952440446455,-0.025981394876650705,2017-07-13 00:00:00,-0.004211920961367048,0.00031768675657625165,True,False,False,-0.004211920961367048,-0.0004608874560138984,0.037350830503234365,-0.01879509115875804
2017-07-13,0.0009778236520651684,-0.00064048635920218,2017-07-14 00:00:00,0.0013829583062135605,-0.00020017587666656728,False,True,False,-0.0013829583062135605,-0.00030189702686643716,0.10016974888379018,-0.005890524389264018
2017-07-14,0.005252196870992843,0.033748633496680794,2017-07-18 00:00:00,0.00011615530209907465,0.0004092216910653368,True,True,True,0.00011615530209907465,-0.0003297410246232587,0.11454990682291123,0.004069025595192927
2017-07-18,-0.00013215677383573431,-0.006732768426391667,2017-07-19 00:00:00,-0.00032329389779909223,-0.00040386077322207645,False,False,True,0.00032329389779909223,-0.0003725188948817845,0.13329590360202503,0.002038674269699406
2017-07-19,0.005900002593596909,0.0021154995615412426,2017-07-20 00:00:00,0.004499146752182032,0.00045896267656744393,True,True,True,0.004499146752182032,-0.00036611902111501955,0.138988261800725,0.0023874231271313884
2017-07-20,-0.0005197072569722682,0.004062694796277215,2017-07-21 00:00:00,-0.0016795068806059253,-0.0003964188105328398,False,False,True,0.0016795068806059253,-0.0003383231163709607,0.15633639543026237,0.005699041211102235
2017-07-21,-0.00025858557540147097,-0.001021080370013328,2017-07-24 00:00:00,-0.0011183253298366433,-0.00037725570670174357,False,False,True,0.0011183253298366433,-0.0003266058840220494,0.16897801935812506,0.006810966617330744
2017-07-24,-0.0015096667332105795,-0.005151648720978573,2017-07-25 00:00:00,-0.0015567925217871263,-0.0006201768921783146,False,False,True,0.0015567925217871263,-0.0003294877054506922,0.1690655024819134,0.006882577562550091
2017-07-25,0.0033649649201177635,-0.0004744568896295487,2017-07-26 00:00:00,-0.0004166671734520971,0.0002537229802641636,True,False,False,-0.0004166671734520971,-0.00027006597191726124,0.1563058664950611,0.00458377869644655
2017-07-26,0.0007245479771755936,0.0019894679676648076,2017-07-27 00:00:00,0.0020457044278900153,-0.00014428084982906679,False,True,False,-0.0020457044278900153,-0.00026404644692672424,0.15729843008607133,0.0029130088345681593
2017-07-27,0.00032498517959637094,0.0023807653503477412,2017-07-28 00:00:00,-0.002443308236367775,-0.00016875812421066435,False,False,True,0.002443308236367775,-0.00022384970100119847,0.15314860567933383,0.0022348064113604793
2017-07-28,-0.0016633385272456836,-0.0023530374159260606,2017-07-31 00:00:00,0.001647104165125747,-0.0005005147689744051,False,True,False,-0.001647104165125747,-0.00028304665397540255,0.11631799756840432,0.010196143958026954
2017-07-31,-0.00040386234414950816,0.0011093185316391441,2017-08-01 00:00:00,0.001120090781337712,-0.0003598833891299182,False,True,False,-0.001120090781337712,-0.00030521894330041256,0.11135484923093406,-0.008737269873571776
2017-08-01,0.0018247082198528997,0.0026667902670982034,2017-08-02 00:00:00,-0.0008739675538794081,-5.0543886221493035e-05,False,False,True,0.0008739675538794081,-0.00028109884590503647,0.1183977438444351,0.005442356475358387
2017-08-02,-3.6977674814198114e-05,0.005876976935334556,2017-08-03 00:00:00,0.0015934802468993343,-0.00025346675729589807,False,True,False,-0.0015934802468993343,-0.0003005421557935922,0.11759100459891965,0.008750015695595123
2017-08-03,-0.0021792220375818406,-0.0030043144675006737,2017-08-04 00:00:00,0.0012374299875163683,-0.0005832254294375668,False,True,False,-0.0012374299875163683,-0.00030515908752104737,0.11592470103655861,0.008468047866749706
2017-08-04,0.0012656613193075094,-0.0008586369727953647,2017-08-07 00:00:00,0.0007495673526762836,-0.0001593347773114459,False,True,False,-0.0007495673526762836,-0.00029917204388233825,0.11537633341784358,0.007209211803966789
2017-08-07,0.001187693259500988,0.0034709750438486797,2017-08-08 00:00:00,-0.0017400904660258107,-0.0001334092012650498,False,False,True,0.0017400904660258107,-0.0002952975973946458,0.11549665970015788,0.007120129530356983
2017-08-08,-0.002578115440445494,-0.002606035976114588,2017-08-09 00:00:00,-0.001498705012459875,-0.0006257142734636368,False,False,True,0.001498705012459875,-0.0003136204555794424,0.11462396148419329,0.006362158116284197
2017-08-09,-0.0005356308857596859,-0.0039632472053333055,2017-08-10 00:00:00,-0.001325558789564268,-0.00040485093807803084,False,False,True,0.001325558789564268,-0.0003174581373841728,0.11503887086508677,0.006503361274288702
2017-08-10,-0.010960751501142951,-0.0024383391240981878,2017-08-11 00:00:00,0.0,-0.0016021369020478807,False,False,True,-0.0,-0.00031908317104506717,0.11561883820675624,0.006473413157221886
2017-08-11,-0.0009280304954404573,0.0,2017-08-14 00:00:00,-0.007328553383822245,-0.0003862492051816428,False,False,True,0.007328553383822245,-0.0002851482770214083,0.10894138571626408,0.00643985180007528
2017-08-14,0.008764217657956475,-0.009826856269845233,2017-08-15 00:00:00,0.0005073564161918306,0.0006295932840779244,True,True,True,0.0005073564161918306,-0.00029817333115871074,0.11043687102953542,0.004083316050221747
2017-08-15,-0.00038308265839618325,0.006214743225632907,2017-08-16 00:00:00,0.0012034170467748592,-0.00027047278010874204,False,True,False,-0.0012034170467748592,-0.0002708650118834633,0.1054554050131652,0.006563484151874466
2017-08-16,0.002237631242879312,0.0020488958614299974,2017-08-17 00:00:00,-0.0010154747456587536,-3.378727810213245e-05,False,False,True,0.0010154747456587536,-0.0002867029624081052,0.1039485489161029,0.009916152393002725
2017-08-17,-0.013525574859188783,-0.0008384171995607599,2017-08-18 00:00:00,-0.004395773333010215,-0.0016954389734624299,False,False,True,0.004395773333010215,-0.0003027638864967501,0.10239985723850067,0.009134059177348247
2017-08-18,-0.0013065070654677212,-0.00875074968262937,2017-08-21 00:00:00,0.0008886004626748437,-0.0004920734764880251,False,True,False,-0.0008886004626748437,-0.00026176053253421143,0.10161302996114596,0.011148165117743442
2017-08-21,0.0018127553926624018,0.00035506819766557433,2017-08-22 00:00:00,0.0012724197347975252,-5.4582784567641737e-05,False,True,False,-0.0012724197347975252,-0.00023333570101582413,0.09714485312766083,0.007471973240805577
2017-08-22,0.008160570755735907,0.0004531748659147654,2017-08-23 00:00:00,-0.0029507476523622576,0.0005948203479868119,True,False,False,-0.0029507476523622576,-0.00021226060911633474,0.09873460201510956,0.0029795370859646564
2017-08-23,-0.0018040396038219609,-0.0007122830236431755,2017-08-24 00:00:00,-0.0008670012458203783,-0.0003885294743601764,False,False,True,0.0008670012458203783,-0.00021556032680375344,0.09440883917365178,0.0037230463850356083
2017-08-24,-0.002072241166875921,-0.0015220300484251898,2017-08-25 00:00:00,-0.0005705989393794311,-0.0004262442381836409,False,False,True,0.0005705989393794311,-0.0002289197429597387,0.09233623587694184,0.003929978945899887
2017-08-25,0.002923870417763297,-0.0005485237740396103,2017-08-28 00:00:00,-0.0016587217892027948,3.2171542778054525e-05,True,False,False,-0.0016587217892027948,-0.00023733896567773273,0.09256377241116244,0.002067307758484016
2017-08-28,-0.0008521556256053219,-0.0015821214603239473,2017-08-29 00:00:00,0.00020607619631309598,-0.0003234470074398624,False,True,False,-0.00020607619631309598,-0.00024079718004993447,0.09181719769599478,0.002785681097497772
2017-08-29,0.0003985002116200564,-0.001819217755923432,2017-08-30 00:00:00,0.001875557340666108,-0.00021471873845223358,False,True,False,-0.001875557340666108,-0.000246116153301715,0.0923865706724957,0.002978562130188142
2017-08-30,0.0037170597586109076,0.004739034094439811,2017-08-31 00:00:00,0.0021801043967057364,0.0001360709271257749,True,True,True,0.0021801043967057364,-0.00022324556703005549,0.09169510278173165,0.0038995958197150515
2017-08-31,0.00501973126649069,0.007608559851016677,2017-09-01 00:00:00,-0.00014660103979710135,0.000325701990337134,True,False,False,-0.00014660103979710135,-0.00017243737361505147,0.09576200897027187,0.002292130669093631
2017-09-01,0.0024579399811731407,0.002191177776106968,2017-09-05 00:00:00,-0.002698025070472748,5.8678299393056384e-05,True,False,False,-0.002698025070472748,-0.00020153174502808254,0.10046640472046257,0.006055944724653067
2017-09-05,-0.005149170334898612,-0.006987891832378697,2017-09-06 00:00:00,0.0007233904002611676,-0.0007658615937824468,False,True,False,-0.0007233904002611676,-0.00017463947442570297,0.10342921299392768,0.008392729231261956
2017-09-06,0.003539911033801213,-0.0033411618015588107,2017-09-07 00:00:00,0.001338005115177258,0.00017292709715706488,True,True,True,0.001338005115177258,-0.0001652955469454622,0.10259170068427925,0.007465322126736701
2017-09-07,0.0010659667596817247,0.004329020908693536,2017-09-08 00:00:00,-0.0005571551421914044,-2.2365615631416844e-05,False,False,True,0.0005571551421914044,-0.00016463886784503498,0.10364580601645126,0.007343523833719487
2017-09-08,-0.0005393497551566928,-0.0006732057540480171,2017-09-11 00:00:00,0.004682998178949068,-0.00023470740597552676,False,True,False,-0.004682998178949068,-0.0001741076096764155,0.10389253822396674,0.006781554105792453
2017-09-11,0.009767630629137103,0.006237835673664414,2017-09-12 00:00:00,0.0011819970729001858,0.000876419123685101,True,True,True,0.0011819970729001858,-0.0001651505727503856,0.1024817318993066,0.006503216040151347
2017-09-12,0.001495339272238183,0.006657435335008118,2017-09-13 00:00:00,0.0015161647508987741,3.8987037298464486e-05,True,True,True,0.0015161647508987741,-0.00015933924446989793,0.10189203980520041,0.006904026972292629
2017-09-13,0.0005881166265019333,0.00661352646026866,2017-09-14 00:00:00,0.0006124364607821417,-2.204350867335068e-05,False,True,False,-0.0006124364607821417,-0.00011854425927524451,0.10110818901488935,0.005600241231246653
2017-09-14,0.0016927488162853054,0.0015265607148393645,2017-09-15 00:00:00,0.002084341777577358,5.5586798236473956e-05,True,True,True,0.002084341777577358,-0.000129800692323646,0.10309385945397015,0.0071241725909819
2017-09-15,0.0014244377097355377,0.0015173741496564892,2017-09-18 00:00:00,0.0,3.577866730411166e-05,True,False,False,0.0,-0.0001222351051387914,0.10337534389684602,0.007092538344476526
2017-09-18,0.0009732661767011596,0.0,2017-09-19 00:00:00,0.009105807899966904,-4.326298889717303e-05,False,True,False,-0.009105807899966904,-0.00014701655147935847,0.10660348121194688,0.007029354352421524
2017-09-19,-0.0001680085610587856,0.012993905088590538,2017-09-20 00:00:00,0.0014315803944592897,-5.7401359212502884e-05,False,True,False,-0.0014315803944592897,-0.00011454135372587608,0.10804486117857343,0.005794444061000034
2017-09-20,0.00040462304696440297,0.0025431491390197885,2017-09-21 00:00:00,0.004178823277961374,-4.7080131956561275e-05,False,True,False,-0.004178823277961374,-0.0001082662905339972,0.10772130411993434,0.006920410608806243
2017-09-21,-0.0019953717637679834,0.006014953318949334,2017-09-22 00:00:00,-0.0013406928132884525,-0.00026403860832414325,False,False,True,0.0013406928132884525,-9.368407315643765e-05,0.10708411362153719,0.007201731950996895
2017-09-22,-0.0014677428052209396,-0.0028726399268813336,2017-09-25 00:00:00,0.0003125994594357427,-0.00027833399570090727,False,True,False,-0.0003125994594357427,-0.00010194810177095418,0.10691827008287527,0.006773341861284879
2017-09-25,0.0018344317333069183,0.002057431935803884,2017-09-26 00:00:00,0.00041037219941147626,0.0001120103577733038,True,True,True,0.00041037219941147626,-9.731893035374804e-05,0.10676512098704374,0.006549894528005848
2017-09-26,-0.00016383699643209848,0.0012682646649264204,2017-09-27 00:00:00,-4.846764010891334e-05,-0.00010933886401934579,False,False,True,4.846764010891334e-05,-0.00010032489561685758,0.10714874274692493,0.006734367058266258
2017-09-27,0.0003363305988242415,0.00253283892040925,2017-09-28 00:00:00,0.0012092822187507832,-2.942661541413061e-05,False,True,False,-0.0012092822187507832,-7.87557076210318e-05,0.09100266198611691,0.0073917501249883555
2017-09-28,0.0020574093270285033,0.003057683633584816,2017-09-29 00:00:00,-0.0016555714499104646,0.00014760878233040494,True,False,False,-0.0016555714499104646,-6.619090540943498e-05,0.09581377908155017,0.0054523381086566125
2017-09-29,0.0023120652719217593,-0.0018334935505702036,2017-10-02 00:00:00,0.0012004282563432686,0.0001401918466315427,True,True,True,0.0012004282563432686,-8.017808787704081e-05,0.09935657332818926,0.005098980696039604
2017-10-02,0.0035718460186550784,0.004515216023700066,2017-10-03 00:00:00,0.0028065734707126895,0.0003065623046845978,True,True,True,0.0028065734707126895,-6.454697469700559e-05,0.09916883679058341,0.00374145210945169
2017-10-03,0.0015258139900043543,0.003941114231238519,2017-10-04 00:00:00,0.0017277267210759192,0.00010918974269774896,True,True,True,0.0017277267210759192,-6.074375704706745e-05,0.09827471044650768,0.005070792296123741
2017-10-04,0.0025982487710426217,0.0016267540118186064,2017-10-05 00:00:00,0.0009324658535487284,0.00020737172924820515,True,True,True,0.0009324658535487284,-5.880147529992938e-05,0.09932723102001806,0.004976996251728816
2017-10-05,0.004586172396768851,0.0009255179168604633,2017-10-06 00:00:00,0.0016548757521588418,0.00036306298240725915,True,True,True,0.0016548757521588418,-0.00011475747412830621,0.10331644397651188,0.00431480900090804
2017-10-06,-0.0021763007449435825,0.0007418609926206942,2017-10-09 00:00:00,0.0,-0.0003368985639003149,False,False,True,-0.0,-0.00010854744885531048,0.10679170239999425,0.0054723815947714805
2017-10-09,-0.0010940854177649896,0.0,2017-10-10 00:00:00,0.0008674575819395451,-0.0001880385858417642,False,True,False,-0.0008674575819395451,-7.849227022129223e-05,0.10012592603990139,0.0058782427430859735
2017-10-10,0.003001372548768344,-0.00040939764200110347,2017-10-11 00:00:00,0.0014986967279312304,0.0002161681136950276,True,True,True,0.0014986967279312304,-0.00010783029040021373,0.10903364475787797,0.007943827319856211
2017-10-11,0.001804438339050618,0.0015206572901944864,2017-10-12 00:00:00,-0.0008231943933573444,0.00011904741477119203,True,False,False,-0.0008231943933573444,-9.172871579564163e-05,0.11062903525558765,0.007334235012309981
2017-10-12,0.00021240036783968242,0.0016901180527818854,2017-10-13 00:00:00,0.0045797070325616605,-5.559798354075193e-05,False,True,False,-0.0045797070325616605,-9.183050039624433e-05,0.11205688319598779,0.007355458765282236
2017-10-13,0.0007540346379631635,0.005470997954012853,2017-10-16 00:00:00,0.0033133236605985355,6.514007567465544e-05,True,True,True,0.0033133236605985355,-6.511857938140826e-05,0.107562800612146,0.008984206912767703
2017-10-16,0.00030195759936458845,0.007167227853333549,2017-10-17 00:00:00,-0.0012713246212163742,4.82235968903305e-05,True,False,False,-0.0012713246212163742,-4.980928279577463e-05,0.10861257994402213,0.009102052721132847
2017-10-17,0.0006648872429732,0.0014994294774920882,2017-10-18 00:00:00,0.0001065820827562223,3.7984144447293754e-05,True,True,True,0.0001065820827562223,-4.690673792391896e-05,0.10651192898262252,0.009385209359587102
2017-10-18,-0.000744070769894023,0.0016667138583697865,2017-10-19 00:00:00,0.0012830668131744388,-0.00012333273689604874,False,True,False,-0.0012830668131744388,-5.6448321052207984e-05,0.1102331497303936,0.009081852093497128
2017-10-19,0.0011960222171652156,0.0016319475991881595,2017-10-20 00:00:00,-5.512121769929761e-05,9.315562442827364e-05,True,False,False,-5.512121769929761e-05,-5.262899839192328e-05,0.10945815674845097,0.009111956478562389
2017-10-20,0.004012951697565226,0.0002844813389761313,2017-10-23 00:00:00,0.0015668384072682405,0.0003968231500482863,True,True,True,0.0015668384072682405,-4.5937308227900354e-05,0.10962634619031417,0.009966299526346548
2017-10-23,-0.0031991628722699227,0.005668221559550647,2017-10-24 00:00:00,0.005099432924047896,-0.00035455898415649614,False,True,False,-0.005099432924047896,-5.117928304012846e-05,0.11283952291617087,0.010164089479639982
2017-10-24,0.0009821025893329005,0.006091582696171716,2017-10-25 00:00:00,-0.002141880287838434,0.00014470047290739732,True,False,False,-0.002141880287838434,-3.4857571765364894e-05,0.1113062583863946,0.011531302061559848
2017-10-25,-0.004839478795822416,0.0015674961427529972,2017-10-26 00:00:00,0.0037426440410306535,-0.0005620750822582201,False,True,False,-0.0037426440410306535,-2.7473976039421035e-05,0.11328882968686876,0.008713120550556577
2017-10-26,0.001541319681240616,0.004535682582189008,2017-10-27 00:00:00,0.004609219514567615,0.00019059675683578994,True,True,True,0.004609219514567615,-2.238326451878923e-05,0.10938570701371413,0.009785005340144953
2017-10-27,0.003827139000097968,0.005635980650446315,2017-10-30 00:00:00,-0.00035356074240927246,0.000470837842134739,True,False,False,-0.00035356074240927246,-1.3065605537477926e-05,0.11047327327903037,0.01084227906863379
2017-10-30,-0.0025659668888548424,-0.00010272782294971344,2017-10-31 00:00:00,3.6667657313785134e-05,-0.00030707797604018325,False,True,False,-3.6667657313785134e-05,-2.130419266620376e-05,0.11096341817759713,0.01017568976053701
2017-10-31,0.0014719784790271362,0.00013548409776568715,2017-11-01 00:00:00,0.0031414493173528616,0.00014202817253242228,True,True,True,0.0031414493173528616,-2.1333262608622633e-05,0.11004799692846036,0.010135152574744954
2017-11-01,0.0016803635278644035,0.003938281865154018,2017-11-02 00:00:00,0.0009531377884101208,0.0001979478957794407,True,True,True,0.0009531377884101208,-2.505024149101347e-05,0.10819164017111568,0.010460615191510925
2017-11-02,0.0003214992193987909,0.005451704637596549,2017-11-03 00:00:00,1.3061447348531253e-17,7.169610735047324e-05,True,True,True,1.3061447348531253e-17,-2.1391069780584383e-05,0.10819975746126487,0.01069409358057688
2017-11-03,0.002143750494614216,0.0,2017-11-06 00:00:00,-0.0018108083875838117,0.0002162945858172876,True,False,False,-0.0018108083875838117,-1.4236022074356451e-05,0.10753611881177885,0.011022899593595675
2017-11-06,0.00252317317333004,0.00370360679715189,2017-11-07 00:00:00,0.002723600972862094,0.00028485639319462226,True,True,True,0.002723600972862094,-2.554204639325267e-05,0.10632023539216695,0.011376497606772326
2017-11-07,0.0016594292228274132,0.006784504186978134,2017-11-08 00:00:00,0.001844242431947983,0.00024098171422403351,True,True,True,0.001844242431947983,-1.649471622729179e-05,0.1071637565957978,0.011739363545705067
2017-11-08,0.0017577915914723241,0.002969686355075643,2017-11-09 00:00:00,-0.0020819982131991184,0.00020932969989962343,True,False,False,-0.0020819982131991184,-1.7198357621702858e-05,0.10819136423140273,0.012240412912063597
2017-11-09,-0.0026713924298186974,-0.00275687975331316,2017-11-10 00:00:00,-0.0003813357282370318,-0.00037103765888139845,False,False,True,0.0003813357282370318,-4.106053606974855e-05,0.11213651241193032,0.011032941285014322
2017-11-10,-0.0006021366612649848,-0.001325326713887886,2017-11-13 00:00:00,-0.004543791955376771,-0.00012608319650002505,False,False,True,0.004543791955376771,-4.3967682380906623e-05,0.11253017533892991,0.010832777984875322
2017-11-13,0.0022161234927346118,-0.0077145760269961006,2017-11-14 00:00:00,-0.004460257034751509,8.75356956151149e-05,True,False,False,-0.004460257034751509,-7.316052634529935e-05,0.11295220973312517,0.011616947356774918
2017-11-14,-0.0018496997548164474,-0.008562325190776925,2017-11-15 00:00:00,-0.0036721528521200548,-0.00030687569528393624,False,False,True,0.0036721528521200548,-1.527703192598201e-05,0.08118825308879847,0.016517098845762884
2017-11-15,-0.006148502763025277,-0.014332336846697442,2017-11-16 00:00:00,-0.0001668462178629841,-0.0006106770248331292,False,False,True,0.0001668462178629841,6.780755803109308e-06,0.07292269800000928,0.01179796234937689
2017-11-16,0.006518784491656005,0.005174828949967569,2017-11-17 00:00:00,-0.0035803487182411477,0.0005411873935836841,True,False,False,-0.0035803487182411477,-5.488316246653364e-06,0.07264190381971802,0.014133567403508275
2017-11-17,-0.0022627308014386504,-0.0008637930798261832,2017-11-20 00:00:00,0.005565531144777275,-0.00021337839718482452,False,True,False,-0.005565531144777275,-1.7177350394735452e-05,0.0812012890996266,0.01442983177215034
2017-11-20,0.00031260752970211356,0.003747719013952629,2017-11-21 00:00:00,0.0004183445278549936,0.00022037415322692107,True,True,True,0.0004183445278549936,0.0001363011361370381,0.10908524683272698,0.013334016601702067
2017-11-21,0.005465009088592843,0.005657972403868594,2017-11-22 00:00:00,0.0013834756579275131,0.0008021947154759762,True,True,True,0.0013834756579275131,0.00011551580354014998,0.10100494034786853,0.023804639776937808
2017-11-22,-0.0008355446150070777,0.0010421471921911746,2017-11-24 00:00:00,-0.00045288790608365896,5.344092388137632e-05,True,False,False,-0.00045288790608365896,0.00011749284534545624,0.10253564861868074,0.02074676950389022
2017-11-24,0.002249412216168789,-0.0010075293976181416,2017-11-27 00:00:00,0.0045327621112465355,0.0003020140024107885,True,True,True,0.0045327621112465355,5.173062989083821e-05,0.11928194763707779,0.017896150430870256
2017-11-27,-0.0011726925147736323,-0.0019346524117030777,2017-11-28 00:00:00,9.600725473530074e-05,-0.00010474950576595552,False,True,False,-9.600725473530074e-05,6.530949536632406e-05,0.120758099384526,0.014703872237552859
2017-11-28,0.009218200241647734,0.0016371198660381928,2017-11-29 00:00:00,0.0006374535016781633,0.001119400017433893,True,True,True,0.0006374535016781633,5.250555840443363e-05,0.11291485664396873,0.015895415337779967
2017-11-29,0.002346101774612597,0.005564353274726891,2017-11-30 00:00:00,0.0007212531474499413,0.000402363222464665,True,True,True,0.0007212531474499413,5.117091614341529e-05,0.11188199682609237,0.015941790652159366
2017-11-30,0.007937671616937637,0.0062398664586862905,2017-12-01 00:00:00,-0.001258636828652231,0.0010554983401097524,True,False,False,-0.001258636828652231,6.158840081384291e-05,0.11294598949200206,0.015606385954421598
2017-12-01,-0.0016685403915320362,-0.00010483102460122432,2017-12-04 00:00:00,0.000864927016526916,-0.00015557094455048652,False,True,False,-0.000864927016526916,3.46243954777429e-05,0.11327054345269356,0.011436147945572878
2017-12-04,0.000746644740869995,0.00021376268998189485,2017-12-05 00:00:00,-0.0017421304054768434,0.00011044146326224864,True,False,False,-0.0017421304054768434,2.954877438785983e-05,0.10557076204753316,0.009678183794074313
2017-12-05,-0.004846806785977087,-0.0005696759374173413,2017-12-06 00:00:00,-0.0010489693185465234,-0.0004952689948952614,False,False,True,0.0010489693185465234,2.5401041426883255e-05,0.10623415199119153,0.01013493316023048
2017-12-06,-0.001023773899614755,-0.0062914395534281135,2017-12-07 00:00:00,0.0041674773108605545,-0.0001607587063445347,False,True,False,-0.0041674773108605545,1.2846083524086646e-05,0.1043854055739174,0.010607705211914453
2017-12-07,0.002729019980678171,0.009856941985578006,2017-12-08 00:00:00,0.001762126487404879,0.0003839236170500794,True,True,True,0.001762126487404879,2.491147083893926e-05,0.10504002262159372,0.007340595674783304
2017-12-08,0.004858977325848923,0.00310267587769938,2017-12-11 00:00:00,0.001827264426519266,0.0005758948906343457,True,True,True,0.001827264426519266,3.520562459086196e-05,0.10566870266168558,0.008781914976786279
2017-12-11,0.0027398590404962286,0.005141221344350988,2017-12-12 00:00:00,-0.00021146534725248386,0.0003646325092638039,True,False,False,-0.00021146534725248386,1.130742153643884e-05,0.10970603495496759,0.010259433026931913
2017-12-12,2.0302674768735153e-05,0.00494528430123348,2017-12-13 00:00:00,-0.001452211100799399,8.989706936896135e-05,True,False,False,-0.001452211100799399,1.7997159339721512e-05,0.10591650390895302,0.014104249108658443
2017-12-13,0.0005402780454486167,-0.0019420549607236316,2017-12-14 00:00:00,-0.001962108371632119,7.408720643581119e-05,True,False,False,-0.001962108371632119,3.648713928490229e-05,0.10872718707719316,0.010886841720692111
2017-12-14,-0.004097684405958845,-0.004346318719935829,2017-12-15 00:00:00,-0.00018535216787401673,-0.0004748181880356789,False,False,True,0.00018535216787401673,1.2669614352547113e-05,0.10233396883201476,0.015681200228778183
2017-12-15,0.006599339517821989,-0.0006544807374403635,2017-12-18 00:00:00,0.000974594391012244,0.0006586412807456912,True,True,True,0.000974594391012244,-1.5129111202581185e-06,0.10118215728693161,0.01158356049687323
2017-12-18,0.004841072121338686,0.00861636708622587,2017-12-19 00:00:00,-0.0012270955783356097,0.0005049002999640066,True,False,False,-0.0012270955783356097,-8.471980615454863e-06,0.08635083963387893,0.011065178307701831
2017-12-19,-0.004826787237517227,-0.00048449181666852884,2017-12-20 00:00:00,0.0016099318728409423,-0.0004463474772807373,False,True,False,-0.0016099318728409423,-3.8449469662450665e-05,0.08470990020063998,-0.0020199671652864903
2017-12-20,-0.0009787608948965798,0.0034938264822448133,2017-12-21 00:00:00,-0.0005884754476555206,-0.00010853200399186112,False,False,True,0.0005884754476555206,-2.3991035006756497e-05,0.08353043693121977,-0.0007970183400214242
2017-12-21,0.0020307058276198497,4.6615257843016395e-05,2017-12-22 00:00:00,8.274809858107645e-05,0.00012104194711017177,True,True,True,8.274809858107645e-05,-5.070836328871497e-05,0.08465227938626502,-0.00329434350920986
2017-12-22,0.0007186663993535847,0.0013129388550452033,2017-12-26 00:00:00,-0.0005027747379969805,2.0241818693066934e-05,True,False,False,-0.0005027747379969805,-4.1052145168636666e-05,0.08882658575857585,-0.0019366619264207657
2017-12-26,0.0003554521230088703,0.0024592380703384975,2017-12-27 00:00:00,0.0021370939707613325,-1.0217270850883694e-05,False,True,False,-0.0021370939707613325,-3.664199352840514e-05,0.08515520652585681,-0.0015630354432599053
2017-12-27,0.001027564750744925,0.0037784630723793114,2017-12-28 00:00:00,-0.0013718540865657635,4.2771650990093525e-05,True,False,False,-0.0013718540865657635,-3.988658947346042e-05,0.08263128758389376,-0.0005956808160373916
2017-12-28,0.002755473648171236,-0.0024477581861775104,2017-12-29 00:00:00,-0.001544134752099227,0.00017587063663023416,True,False,False,-0.001544134752099227,-5.345943658715822e-05,0.0822432529483001,-0.0011075264680060898
2017-12-29,-0.002962870670062545,-0.001626209630535241,2018-01-02 00:00:00,-6.530723674265627e-18,-0.0002963070557058108,False,False,True,6.530723674265627e-18,-5.5674653867923337e-05,0.0814854738472852,-0.0004910305814138233
2018-01-02,0.005456055635406532,0.0,2018-01-03 00:00:00,-6.530723674265627e-18,0.00041225526210214006,True,False,False,-6.530723674265627e-18,-4.1685199581505936e-05,0.08319938285413447,-0.0003848798707807438
2018-01-03,0.004733516435935581,0.0,2018-01-04 00:00:00,0.0037899400313048002,0.0003494452339351969,True,True,True,0.0037899400313048002,-2.976775212012252e-05,0.08011232055231426,-0.0009515845468256526
2018-01-04,0.001853855471492638,0.01546173211592536,2018-01-05 00:00:00,0.005725697347831871,0.00011376104010432985,True,True,True,0.005725697347831871,-1.940395925145928e-05,0.08421413771500107,-0.0014846875144445132
2018-01-05,0.00504699469181148,0.013541702093730368,2018-01-08 00:00:00,-6.530723674265627e-18,0.000505532629223007,True,False,False,-6.530723674265627e-18,-6.673906132409048e-06,0.08317148884671437,0.006826355505102244
2018-01-08,0.003008983091767836,0.0,2018-01-09 00:00:00,-0.001007678852364485,0.0002262385860799431,True,False,False,-0.001007678852364485,2.450253369243175e-05,0.06704459487972313,0.00826139584087792
2018-01-09,-0.00013899761766291707,0.003988360021361126,2018-01-10 00:00:00,0.0008367446654215157,4.4947981837808533e-05,True,True,True,0.0008367446654215157,1.792850419081826e-05,0.06587603374195651,0.009070417215208716
2018-01-10,-0.0036266787420179748,0.005810407988421519,2018-01-11 00:00:00,-0.0003006855763870589,-0.00025933463412998746,False,False,True,0.0003006855763870589,-3.8191593594089444e-05,0.0782488291171014,0.010780710190354106
2018-01-11,0.0064410640000155395,-0.0006039390741330766,2018-01-12 00:00:00,-0.004181648836459139,0.0004887912523466774,True,False,False,-0.004181648836459139,-3.344640853886257e-05,0.08305925193015028,0.021115203728583658
2018-01-12,0.004327307301087735,-0.002596555443568927,2018-01-16 00:00:00,-0.0004740969501948728,0.0002171624202318869,True,False,False,-0.0004740969501948728,-5.0759105577650314e-05,0.07547665839244928,0.022602702075618326
2018-01-16,-0.0034919666926148452,-0.0012139852068048435,2018-01-17 00:00:00,-0.001211487275306609,-0.0003350089850847383,False,False,True,0.001211487275306609,-3.949560395216149e-05,0.0774971612238364,0.02050756074059766
2018-01-17,0.007927373868178078,-0.0024039227127241928,2018-01-18 00:00:00,-0.003079236155341597,0.0005285853269671476,True,False,False,-0.003079236155341597,-4.5031252950631926e-05,0.07862981893249264,0.020679280446126415
2018-01-18,-0.003321806155033047,-0.0027687889830082914,2018-01-19 00:00:00,0.0009390944224140022,-0.00034815843408573003,False,True,False,-0.0009390944224140022,-3.172705902966869e-05,0.07603990383915972,0.023057573129193716
2018-01-19,0.00443539229056894,0.001087031027172212,2018-01-22 00:00:00,0.001975046992823366,0.0003243466152372341,True,True,True,0.001975046992823366,-3.981119310960856e-05,0.0758955947410312,0.025326850711839544
2018-01-22,0.007325343530270478,0.004161480554792949,2018-01-23 00:00:00,0.002051909473232142,0.0006776796405627814,True,True,True,0.002051909473232142,-5.557191791835732e-06,0.07713770891522584,0.02839773341640904
2018-01-23,0.00295713664313767,0.0060796821915214535,2018-01-24 00:00:00,-0.0008841589645377447,0.0004152975300706643,True,False,False,-0.0008841589645377447,-1.630027857131489e-05,0.07931625343479717,0.032411037782261856
2018-01-24,4.492138062683893e-06,-0.0019413367685370928,2018-01-25 00:00:00,-0.0012592531374542892,-8.854178681849544e-05,False,False,True,0.0012592531374542892,-2.6473226397187654e-05,0.07812568896448645,0.03215285097052748
2018-01-25,0.0016682112222375922,-0.0032867291357564434,2018-01-26 00:00:00,-0.0027179316230675227,-6.1462288948078845e-06,False,False,True,0.0027179316230675227,-3.875602416911558e-05,0.08082916909659003,0.031103972208904096
2018-01-26,0.008412019092807688,-0.0025582088057616303,2018-01-29 00:00:00,-0.003681694085688303,0.0005624827257293787,True,False,False,-0.003681694085688303,-4.0016003440941885e-05,0.08208411890600369,0.03439689758126734
2018-01-29,-0.007990317091371813,-0.00470225027140992,2018-01-30 00:00:00,-0.0018816645667138509,-0.0007692900061414404,False,False,True,0.0018816645667138509,-3.7166098942461574e-05,0.07141253939041162,0.03434846378797304
2018-01-30,-0.00922890142018118,-0.00855713374046216,2018-01-31 00:00:00,0.00030349170992604495,-0.0010431243087521047,False,True,False,-0.00030349170992604495,-3.313274158691831e-05,0.08015978867708971,0.03157655212563926
2018-01-31,0.0024215750359135703,-0.0027367693314246247,2018-02-01 00:00:00,6.966300058146057e-05,6.809821612578415e-05,True,True,True,6.966300058146057e-05,-3.016386120040303e-05,0.07456034433220773,0.030068807857829276
2018-02-01,-0.004388793752640762,0.003968786114937757,2018-02-02 00:00:00,-0.00039437720080138334,-0.00023220469419695373,False,False,True,0.00039437720080138334,-2.8482976421051773e-05,0.07420758617972235,0.0307298174595955
2018-02-02,-0.02010188107840939,0.0005017944976059988,2018-02-05 00:00:00,-0.014176184446226965,-0.0015043767163449118,False,False,True,0.014176184446226965,-2.8229201955957796e-05,0.07420254526585501,0.030815854566612948
2018-02-05,-0.03743729616430565,-0.03809924520481458,2018-02-06 00:00:00,-0.011145305181511944,-0.006047928223068926,False,False,True,0.011145305181511944,-0.00010609175714713244,0.13482330271055626,0.023475965145468042
2018-02-06,0.01367270456603703,-0.022670847664394755,2018-02-07 00:00:00,-0.007777535463086362,0.0011420491619017611,True,False,False,-0.007777535463086362,-0.00016610824474183847,0.1607340720695853,0.0392359424591322
2018-02-07,-0.005394332934190305,0.008750454447998393,2018-02-08 00:00:00,0.0009004691802635934,-0.00030089631280548197,False,True,False,-0.0009004691802635934,-0.00015348375311189296,0.1266654648847434,0.06123831994591811
2018-02-08,-0.03280036362531948,-0.009445493685348789,2018-02-09 00:00:00,-0.0005250821856100733,-0.004805307790145905,False,False,True,0.0005250821856100733,-0.00016593231576862138,0.12266879083388174,0.06519453085897287
2018-02-09,0.013858550600777364,-0.014175292553073482,2018-02-12 00:00:00,-6.530723674265627e-18,0.0003742234986896549,True,False,False,-6.530723674265627e-18,-0.00013351529284760552,0.10388121034475423,0.06574144519461489
2018-02-12,0.01281888423771591,0.0,2018-02-13 00:00:00,-0.008831312981273076,0.0011898739064909567,True,False,False,-0.008831312981273076,-0.00014057723571992204,0.10378837327326865,0.06587464842163138
2018-02-13,0.002467203005503027,-0.009479532929683595,2018-02-14 00:00:00,0.00039706248434751994,-0.0006334638933031375,False,True,False,-0.00039706248434751994,-0.0001770819267044638,0.08558174238256179,0.0704179734985526
2018-02-14,0.009204739089525871,0.00011359826823099204,2018-02-15 00:00:00,0.00427222521091164,0.0006511854088754981,True,True,True,0.00427222521091164,-0.00015769121351897548,0.08700904341670705,0.07025705091056189
2018-02-15,0.011273523184393975,0.011759879171154697,2018-02-16 00:00:00,0.0008122363528442853,0.0016554450222243484,True,True,True,0.0008122363528442853,-0.00017826329994893706,0.08557280784686978,0.07389542667151242
2018-02-16,0.001302159241606704,0.002488234532856188,2018-02-20 00:00:00,0.0017762621175719348,8.836699387981054e-05,True,True,True,0.0017762621175719348,-0.00019000511553535242,0.08434892242554104,0.06773331787406657
2018-02-20,-0.008199525030248811,-0.0009244708057271525,2018-02-21 00:00:00,-0.0020820187603632456,-0.0009441930570611037,False,False,True,0.0020820187603632456,-0.00016409076812003447,0.08717730950635118,0.07062392578491518
2018-02-21,-0.0074182476248216165,-0.009734686992117384,2018-02-22 00:00:00,0.000543175587344572,-0.0015196140750190976,False,True,False,-0.000543175587344572,-0.0001734683237463579,0.08813533720325382,0.07112051943349237
2018-02-22,0.0036026348736150292,0.0004864184401159942,2018-02-23 00:00:00,0.0013827717425153579,0.00018978568108797615,True,True,True,0.0013827717425153579,-0.00015726724885480105,0.08682278201612934,0.0704376002254839
2018-02-23,0.016456078172023325,0.00405926453251483,2018-02-26 00:00:00,0.003244876867699273,0.0015673473692075085,True,True,True,0.003244876867699273,-0.0001578890518853625,0.08744814941004299,0.0705011551009044
2018-02-26,0.008283682130807758,0.011460375804896875,2018-02-27 00:00:00,-0.0002484359179062619,0.001400243644224771,True,False,False,-0.0002484359179062619,-0.00016903194933061725,0.09022596825302943,0.0717142584671407
2018-02-27,-0.014104644501568597,0.00623717139748477,2018-02-28 00:00:00,-0.004480963160659386,-0.0010033459254173574,False,False,True,0.004480963160659386,-0.00016665535149004487,0.09063646702312023,0.07081809111259434
2018-02-28,-0.01152904591832984,-0.009993736998333417,2018-03-01 00:00:00,-0.007611152813552023,-0.0019928415144256535,False,False,True,0.007611152813552023,-0.00018653180645961798,0.09823120327042904,0.06742199188960357
2018-03-01,-0.009890577917770472,-0.025148451872002844,2018-03-02 00:00:00,-0.002713993024616625,-0.0030431756212386204,False,False,True,0.002713993024616625,-0.0002181416523958578,0.10520750171056638,0.07095748814769165
2018-03-02,0.0028957186211606032,-0.006921212499260535,2018-03-05 00:00:00,-0.0009644144425636704,-0.00034100634579532795,False,False,True,0.0009644144425636704,-0.00018177109849807616,0.10794332538494944,0.06816851016998195
2018-03-05,0.012434019517686213,0.00015929325874212077,2018-03-06 00:00:00,-0.003180037654352022,0.001143727492496938,True,False,False,-0.003180037654352022,-0.0001927272889401984,0.10657649390044294,0.07081640642888218
2018-03-06,0.001923323965236312,0.001185821288036923,2018-03-07 00:00:00,-0.0007318581849611708,6.301937249113363e-05,True,False,False,-0.0007318581849611708,-0.000215490581582709,0.10060019822879156,0.07169982759681817
2018-03-07,-0.0021412368074023467,-0.0023580508118316154,2018-03-08 00:00:00,-0.0013673673760152174,-0.0006039694471531393,False,False,True,0.0013673673760152174,-0.00022313703068649316,0.09869695904236887,0.0718809171269663
2018-03-08,0.004746875402688133,0.0038206411409216602,2018-03-09 00:00:00,-0.0007137290804168264,0.000529959699567472,True,False,False,-0.0007137290804168264,-0.0002132327839735005,0.09492066508051229,0.07658817001402599
2018-03-09,0.014794064312313292,0.0007425615806176302,2018-03-12 00:00:00,0.0006732483747131516,0.0012301022882875185,True,True,True,0.0006732483747131516,-0.00022086705526311605,0.09421733631733557,0.07691215412682406
2018-03-12,-0.000906995093522145,0.006149732688715476,2018-03-13 00:00:00,0.0019652699254358343,0.0001608286013075823,True,True,True,0.0019652699254358343,-0.0002294081599989633,0.09386158472306642,0.07729909285209477
2018-03-13,-0.00398150119423194,0.0018300948858081174,2018-03-14 00:00:00,0.00030626949541890476,-0.0004326466277917658,False,True,False,-0.00030626949541890476,-0.00021240116794481165,0.0917347540720164,0.07922899198711555
2018-03-14,-0.0045243523004960375,0.0007626599745712233,2018-03-15 00:00:00,0.0004704920146096391,-0.0005627659215134593,False,True,False,-0.0004704920146096391,-0.00020998319448988986,0.09136775222341205,0.07945503233422645
2018-03-15,-0.002482629014341209,-0.0013259203043186488,2018-03-16 00:00:00,0.00011419584449884661,-0.0005642789310885061,False,True,False,-0.00011419584449884661,-0.0002315422532888624,0.09169423296585691,0.07926110962215774
2018-03-16,0.0027354396410841585,-0.0012489917631932177,2018-03-19 00:00:00,-0.001788856830667416,-7.987095990213927e-05,False,False,True,0.001788856830667416,-0.0002319780413443286,0.09144302496134231,0.07848714205055131
2018-03-19,-0.011909114640009544,-0.0018840900856219001,2018-03-20 00:00:00,-0.0005395372518623268,-0.0014606225298622974,False,False,True,0.0005395372518623268,-0.00022878324204220448,0.09084222139500045,0.07960811439883807
2018-03-20,0.0012469116896839383,-0.0019146170906922944,2018-03-21 00:00:00,-6.530723674265627e-18,-0.00026511488802533165,False,False,True,6.530723674265627e-18,-0.00022397236358068188,0.08941571807961099,0.0797214384545212
2018-03-21,0.0002463055418838289,0.0,2018-03-22 00:00:00,-0.001676931875191572,-0.0001973083436801181,False,False,True,0.001676931875191572,-0.00021966634905488488,0.09077345643043648,0.07929041191813589
2018-03-22,-0.020348894833460262,-0.002185710637947147,2018-03-23 00:00:00,-0.016405541249989542,-0.002244908976943953,False,False,True,0.016405541249989542,-0.00022516684749762563,0.09073160548750074,0.07935827748593453
2018-03-23,-0.018000094502942356,-0.02438448459988025,2018-03-26 00:00:00,0.002598010221281196,-0.0043324579854697315,False,True,False,-0.002598010221281196,-0.0002862548612713347,0.12552488112060006,0.07327378170485363
2018-03-26,0.022173399438318798,-0.002276714537145096,2018-03-27 00:00:00,0.0116774212610478,0.0021122740339277624,True,True,True,0.0116774212610478,-0.0002371497829057807,0.1123542971295512,0.06230596313994999
2018-03-27,-0.01009700289195652,0.016548377286290883,2018-03-28 00:00:00,0.002657575033095664,-0.0006503605059930267,False,True,False,-0.002657575033095664,-0.00021323686348378052,0.13572682975782355,0.05639891657804827
2018-03-28,-0.0015495881553981073,0.006437460724869785,2018-03-29 00:00:00,-0.0012772312897825538,-1.7734209828072713e-05,False,False,True,0.0012772312897825538,-0.00022046252353975516,0.13028766712417447,0.06285405950805846
2018-03-29,0.01217222386771547,0.005633814079434385,2018-04-02 00:00:00,-0.0005729022771491755,0.0017304947856555104,True,False,False,-0.0005729022771491755,-0.0002071841343188427,0.1289770849662949,0.06527389132375702
2018-04-02,-0.02037880811689049,-0.00012114350130652246,2018-04-03 00:00:00,-0.001535638668144121,-0.0028094146905769364,False,False,True,0.001535638668144121,-0.00023536831919062495,0.1258952015322952,0.06977028426002148
2018-04-03,0.012112583206036675,-0.002770720560912158,2018-04-04 00:00:00,-1.0424535135980354e-05,0.0010698616923559554,True,False,False,-1.0424535135980354e-05,-0.00022813127627785253,0.12334362673851842,0.07074584710422589
2018-04-04,0.009616046298398651,0.0013965546150910607,2018-04-05 00:00:00,0.003753908982828719,0.0010576746501665861,True,True,True,0.003753908982828719,-0.00021599862817156762,0.12162285952383703,0.07457082529243664
2018-04-05,0.00828389878088901,0.009816592316337318,2018-04-06 00:00:00,0.0014680031634460332,0.0015545479947179886,True,True,True,0.0014680031634460332,-0.0001899289404012423,0.12515895435933838,0.07208945863085464
2018-04-06,-0.019234931129632614,0.0006117984061893534,2018-04-09 00:00:00,0.0005315125660195698,-0.0025649761501738066,False,True,False,-0.0005315125660195698,-0.00020204647892819205,0.12518302699143355,0.07348373431302507
2018-04-09,0.002913436925207624,0.0009098448689956756,2018-04-10 00:00:00,0.0017238555137266622,0.0002614473658063937,True,True,True,0.0017238555137266622,-0.00014945394533666682,0.11837529391405474,0.07256441298001304
2018-04-10,0.0125405758844243,0.003926521682576737,2018-04-11 00:00:00,-0.0016359699506100795,0.0016411464367544592,True,False,False,-0.0016359699506100795,-0.0001344266006072779,0.11953790897807141,0.0704182584763873
2018-04-11,-0.00340101445203429,-0.0005607595745293707,2018-04-12 00:00:00,-0.0006967084069007714,-0.0005508821849806043,False,False,True,0.0006967084069007714,-0.00012157052798824425,0.1145209675679839,0.07101829918128436
2018-04-12,0.0039029582723513535,0.00011426131005585466,2018-04-13 00:00:00,0.00048538246047882,0.00030222053615079104,True,True,True,0.00048538246047882,-0.00014267186772105788,0.11173208871140382,0.07707529297778114
2018-04-13,0.00012564907250189883,0.004135887976811492,2018-04-16 00:00:00,0.0025892861009676276,0.0002001627559531309,True,True,True,0.0025892861009676276,-0.00013620004516984955,0.11133919185765187,0.07794532558434641
2018-04-16,0.009023492645020425,0.0038956517938414825,2018-04-17 00:00:00,9.849486409823213e-05,0.001193597228894314,True,True,True,9.849486409823213e-05,-0.00011846466396979413,0.11121515687782182,0.07919412696227326
2018-04-17,0.009435625539930737,-0.0005194126905366803,2018-04-18 00:00:00,0.0025038600513432874,0.0008889874135515258,True,True,True,0.0025038600513432874,-0.00010903578164206801,0.11012392691122824,0.07906033656017769
2018-04-18,0.001770363511258255,0.004680126962996846,2018-04-19 00:00:00,0.0020404770039571594,0.00046180841298226803,True,True,True,0.0020404770039571594,-0.00011006924515774415,0.11171365925382609,0.07993455627288128
2018-04-19,-0.006631472584890552,0.0037782141642441367,2018-04-20 00:00:00,2.364162664490825e-05,-0.0005707751328328304,False,True,False,-2.364162664490825e-05,-0.0001255282723594569,0.11425521336631039,0.08269342103550115
2018-04-20,-0.007817020253056806,0.0014826445554493566,2018-04-23 00:00:00,0.00015513867651469304,-0.0008990714843746423,False,True,False,-0.00015513867651469304,-0.0001079226950046265,0.11683604385375068,0.08239394349292453
2018-04-23,0.00047944698538975316,0.0035084642173463096,2018-04-24 00:00:00,0.0015909993026843202,0.00023811634196282372,True,True,True,0.0015909993026843202,-0.00010618925403473114,0.11628852742198548,0.08224436511651853
2018-04-24,-0.011149441848579434,0.0035598989073532504,2018-04-25 00:00:00,0.003213061182283359,-0.0011093387857317046,False,True,False,-0.003213061182283359,-0.00010734412740816303,0.11641977079175148,0.08315427315438194
2018-04-25,0.0023010802236596906,0.002786601512830748,2018-04-26 00:00:00,-0.0011866558744012938,0.00040628533397898785,True,False,False,-0.0011866558744012938,-8.870816679231983e-05,0.11153384961054336,0.08553256146112227
2018-04-26,0.009348375134046228,-0.00020348973384773535,2018-04-27 00:00:00,0.000611071928463266,0.0009275112727277003,True,True,True,0.000611071928463266,-9.18339462698921e-05,0.11091163994893302,0.08599155174282494
2018-04-27,0.002193076816603945,0.004922779272240026,2018-04-30 00:00:00,0.0,0.0005657364024842416,True,False,False,0.0,-9.68095572020842e-05,0.1099715355386171,0.08559594312635324
2018-04-30,-0.007425833309961849,0.0,2018-05-01 00:00:00,-0.0001606993640878149,-0.0009151309722283949,False,False,True,0.0001606993640878149,-9.84572489019213e-05,0.10997738425274042,0.08549383385518053
2018-05-01,-0.00024908369068387114,-0.0004339157028960098,2018-05-02 00:00:00,-0.0030906274923734977,-0.00015913070164483227,False,False,True,0.0030906274923734977,-9.466842002079426e-05,0.10935068473574544,0.08578811331972283
2018-05-02,-0.006495161952552742,-0.0010041141444737472,2018-05-03 00:00:00,0.0,-0.0008910829487211101,False,False,True,-0.0,-9.498540999815027e-05,0.10928149657580469,0.08594293838077359
2018-05-03,-0.0017722401401415234,0.0,2018-05-04 00:00:00,0.0,-0.00029964029172912875,False,False,True,-0.0,-0.00010530876098480576,0.1096530466400589,0.08642515895886431
2018-05-04,0.011234246239966184,0.0,2018-05-07 00:00:00,0.0013641512240266857,0.0011297391573061378,True,True,True,0.0013641512240266857,-0.00010159941135293694,0.10960580196992203,0.08650226147381532
2018-05-07,0.0013522042792242118,0.0017522543811322783,2018-05-08 00:00:00,0.0007798438219805251,0.0001628083923920476,True,True,True,0.0007798438219805251,-0.00012985043994567037,0.1114924074820198,0.08098043489999945
2018-05-08,-0.002576211438659459,0.0013496851756056305,2018-05-09 00:00:00,-3.761370220645155e-05,-0.0002817534697521687,False,False,True,3.761370220645155e-05,-0.00011842068608021775,0.1093623498035444,0.08772990545553358
2018-05-09,0.008403266968624434,0.0006839421423038545,2018-05-10 00:00:00,-0.0020460173459304165,0.0008563352666016087,True,False,False,-0.0020460173459304165,-0.00012630906930725735,0.10977803187424967,0.08794636718358645
2018-05-10,0.008891521166349036,-0.0014075509291451229,2018-05-11 00:00:00,0.0023703784097790503,0.0007041758486897524,True,True,True,0.0023703784097790503,-0.00013026947612715048,0.10788141948955238,0.08865370157939484
2018-05-11,0.0014776282844826349,0.008201539309767714,2018-05-14 00:00:00,0.00390342061702821,0.0007658040542799617,True,True,True,0.00390342061702821,-0.00011679804476264022,0.10890946611828747,0.08799255410491431
2018-05-14,0.0005601412871737432,0.00687256411423261,2018-05-15 00:00:00,0.0004899443027586159,0.0005717460783984954,True,True,True,0.0004899443027586159,-0.00011759179651283303,0.10883293624769849,0.09143254882312715
2018-05-15,-0.006521369073204697,0.0002656783886330322,2018-05-16 00:00:00,2.8834534577784456e-05,-0.0008016258238233816,False,True,False,-2.8834534577784456e-05,-0.0001106518402657928,0.10967208387601529,0.09123117823048701
2018-05-16,0.003581825368827107,0.00038743153974337763,2018-05-17 00:00:00,0.0009892449350115324,0.00032018341014133537,True,True,True,0.0009892449350115324,-0.00010587594797206826,0.1090619839938424,0.09141841444582194
2018-05-17,0.00011676220880288968,0.0033684036108873835,2018-05-18 00:00:00,0.002145549274603159,0.00020516323187269464,True,True,True,0.002145549274603159,-0.00011772888584139195,0.11275983168736906,0.09195039148542893
2018-05-18,-0.0016957199343116459,0.003347432255858749,2018-05-21 00:00:00,0.0008325102551147647,1.1013438688500495e-05,True,True,True,0.0008325102551147647,-0.00012028878905827214,0.11130863255764958,0.09561074590100813
2018-05-21,0.007256660813912541,0.00024176995275702312,2018-05-22 00:00:00,-0.0003688986566909531,0.0007277168114261491,True,False,False,-0.0003688986566909531,-0.00010989576475714027,0.11223045432164955,0.09593514791758995
2018-05-22,-0.0031833345528724634,-0.000652349829730392,2018-05-23 00:00:00,-0.0007797150756883292,-0.0005249987583690293,False,False,True,0.0007797150756883292,-0.00010483399931022615,0.11197714916861021,0.09765317330509651
2018-05-23,0.002890482045938081,-0.003565950670826859,2018-05-24 00:00:00,-0.0035295625263240945,-0.00012826374986845508,False,False,True,0.0035295625263240945,-0.00010435819581738767,0.11212316380243745,0.09758843519702853
2018-05-24,-0.0022236474420874843,-0.009423157866852478,2018-05-25 00:00:00,-0.0022369383950641077,-0.001301110017090146,False,False,True,0.0022369383950641077,-0.0001213488593961575,0.11087782275839991,0.0990334645687893
2018-05-25,-0.002628660475399647,-0.008255146374623252,2018-05-29 00:00:00,-0.0020013020613440006,-0.001236314698452984,False,False,True,0.0020013020613440006,-0.00011568599521281433,0.11128871409404612,0.1003117838938248
2018-05-29,-0.009281273044701421,-0.005112430079034907,2018-05-30 00:00:00,-0.0037435870210372167,-0.0016664235836584096,False,False,True,0.0037435870210372167,-0.0001174979021257476,0.11135331298031106,0.10081803982883981
2018-05-30,0.014103571611161292,-0.011446785565372446,2018-05-31 00:00:00,0.0010035967005817253,0.0003095247415358525,True,True,True,0.0010035967005817253,-0.00012048514546346921,0.1126901451385584,0.10127940618906627
2018-05-31,-0.007181546189050658,0.0010333494053894217,2018-06-01 00:00:00,0.0012566132276157869,-0.0008433576449859113,False,True,False,-0.0012566132276157869,-0.00013342541804295348,0.11346543254829733,0.10153876047735269
2018-06-01,0.006683230305572207,0.0018201100265887139,2018-06-04 00:00:00,0.0015499634902454201,0.000750746652608315,True,True,True,0.0015499634902454201,-0.00015122272369427775,0.10817693677453549,0.09834460086049301
2018-06-04,0.0031900423499106267,0.0032897820564605903,2018-06-05 00:00:00,0.0006878853795947046,0.0005193413330010278,True,True,True,0.0006878853795947046,-0.00014914907737775327,0.10868195150609378,0.09781510655742849
2018-06-05,-0.0005463136911829536,-0.0006000441089437321,2018-06-06 00:00:00,-0.00041832773595019886,-0.0002549350217679963,False,False,True,0.00041832773595019886,-0.00013717739467421043,0.10839156699419303,0.09756254442550234
2018-06-06,0.005722662932791523,0.0019151154618545023,2018-06-07 00:00:00,0.0007223420680189695,0.0006686048975615244,True,True,True,0.0007223420680189695,-0.00013900571006132147,0.10843744092678559,0.09767540789588748
2018-06-07,0.0026961625273061894,0.005038590183252641,2018-06-08 00:00:00,-8.314079131579183e-05,0.0006513202899697924,True,False,False,-8.314079131579183e-05,-0.00013127299139967716,0.10866010005380547,0.09717559348614867
2018-06-08,0.002716437066043653,0.001849805836198289,2018-06-11 00:00:00,0.00046600062228403387,0.00034663037117770024,True,True,True,0.00046600062228403387,-0.00012602713465979595,0.10846488914914573,0.09623683583694673
2018-06-11,0.001940420975696322,0.0004888043213391574,2018-06-12 00:00:00,0.0006219230066318337,0.00013272848312908408,True,True,True,0.0006219230066318337,-0.00012491091222023646,0.1085623818135851,0.09611754736122334
2018-06-12,0.0018323590156895443,0.0023714475139596466,2018-06-13 00:00:00,0.0009493235427850574,0.00028531357714448665,True,True,True,0.0009493235427850574,-0.00013757724988683966,0.10909298995825972,0.09403256956779298
2018-06-13,-0.0057614562207402575,0.003041484189112222,2018-06-14 00:00:00,-0.0010886992888748687,-0.0004759265705722356,False,False,True,0.0010886992888748687,-0.00013201929455663978,0.10943527182693039,0.09423006460004928
2018-06-14,0.003333828239171899,-0.00193503603133826,2018-06-15 00:00:00,0.00022846295199682894,5.667547090242687e-05,True,True,True,0.00022846295199682894,-0.00012506364685383698,0.10933818186547006,0.09445591586227285
2018-06-15,-0.001287139136433857,0.005212911506905073,2018-06-18 00:00:00,-0.003587149532496738,0.00022563282269362088,True,False,False,-0.003587149532496738,-0.00012784272125921926,0.10943023305192509,0.09482752181161329
2018-06-18,-0.002093172172083946,-0.004450418305080887,2018-06-19 00:00:00,-0.005754233076257194,-0.0007866953349852939,False,False,True,0.005754233076257194,-0.00014215435169311234,0.11045926361020644,0.09287457902160055
2018-06-19,-0.003159445313938014,-0.008377420847228655,2018-06-20 00:00:00,-0.0014576841459384329,-0.0013089447301761854,False,False,True,0.0014576841459384329,-0.00016053973988297158,0.11128580880849226,0.09511323087093237
2018-06-20,0.0030211296729766505,-0.006267601029104756,2018-06-21 00:00:00,-0.00028524622985996484,-0.0004327704953501965,False,False,True,0.00028524622985996484,-0.00015083548666214113,0.10927673428981732,0.09765685313642788
2018-06-21,-0.005457028230013422,-0.002958162568445003,2018-06-22 00:00:00,0.0003073778680719485,-0.001045612832025249,False,True,False,-0.0003073778680719485,-0.00015630904323257874,0.10952403874564928,0.09858417539434837
2018-06-22,0.0055460300441728064,-0.002095296429518073,2018-06-25 00:00:00,-0.003239009432177345,0.00024772278551937104,True,False,False,-0.003239009432177345,-0.00015021872066583536,0.10890214512250385,0.09833122399127812
2018-06-25,-0.010199886859220858,-0.000523573492663625,2018-06-26 00:00:00,0.0032875695333607867,-0.0013056691517887894,False,True,False,-0.0032875695333607867,-0.0001597417672378504,0.10724533708757486,0.09938830137091109
2018-06-26,0.0026200782948513257,0.0005141817991686422,2018-06-27 00:00:00,0.00184386519779529,0.00017831067562363553,True,True,True,0.00184386519779529,-0.00014280450939357516,0.10291649522383986,0.1000928266661144
2018-06-27,-0.0049066090697687074,0.003048479500304552,2018-06-28 00:00:00,-8.043015637983127e-05,-0.0003314045017762991,False,False,True,8.043015637983127e-05,-0.00013347640284603495,0.10273217163801879,0.10042334421316933
2018-06-28,0.004865971159045624,-0.001616399418492558,2018-06-29 00:00:00,-0.0011468285050513097,0.0001898926209702009,True,False,False,-0.0011468285050513097,-0.00014107709361561293,0.10145614630523231,0.10066383678552962
2018-06-29,0.0015759170948028195,-0.00311315585998723,2018-07-02 00:00:00,-0.011242171960045465,-0.00030026642523798533,False,False,True,0.011242171960045465,-0.00013224578985554554,0.09791683304374299,0.10353784421392576
2018-07-02,0.00019972235563620549,-0.011831564572972538,2018-07-03 00:00:00,-0.00581498374066927,-0.0014592288280603168,False,False,True,0.00581498374066927,-0.00018501077653878541,0.0952020658377479,0.10930355190101206
2018-07-03,-0.0021182654844866407,-0.011748746876756278,2018-07-05 00:00:00,-0.005940821464267117,-0.0017556298881611634,False,False,True,0.005940821464267117,-0.00021820186643806513,0.09275122064938804,0.11413611395700787
2018-07-05,0.008343874075854463,-0.007648739697288154,2018-07-06 00:00:00,0.003539381221801353,-0.0003747024897780899,False,True,False,-0.003539381221801353,-0.00023694719626509027,0.09251162632752935,0.11892948252179708
2018-07-06,0.007661216667580502,0.004791045958855874,2018-07-09 00:00:00,0.00402018264072652,0.0010639951323444482,True,True,True,0.00402018264072652,-0.0002171144080870997,0.09506571444708381,0.11537992103213099
2018-07-09,0.004898820619110905,0.010174813018947208,2018-07-10 00:00:00,-0.001040625660680436,0.0014495784736161046,True,False,False,-0.001040625660680436,-0.0002001934684009576,0.0974821913926569,0.115208424041181
2018-07-10,0.004506013364794978,0.009091099959783267,2018-07-11 00:00:00,-0.0025043645012201837,0.0012453345954673207,True,False,False,-0.0025043645012201837,-0.00021631069589725025,0.09725625585516165,0.11257243977060957
2018-07-11,-0.006539067085720829,-0.0221482852888443,2018-07-12 00:00:00,0.00044872416709974746,-0.0033031298183507016,False,True,False,-0.00044872416709974746,-0.0002193002101145684,0.09604980649095402,0.11087781505407107
2018-07-12,0.006253540661848154,-0.002162240569461904,2018-07-13 00:00:00,0.002669632366199117,0.0002130815131280779,True,True,True,0.002669632366199117,-0.000193583904468096,0.098745920190115,0.09751283575110889
2018-07-13,0.0009346211120494396,0.02434318604880395,2018-07-16 00:00:00,1.3061447348531253e-17,0.002255986789918981,True,True,True,1.3061447348531253e-17,-0.00019033651347354647,0.10011087682471509,0.09664953304179202
2018-07-16,-0.002346071064988954,0.0,2018-07-17 00:00:00,0.00518903529424435,-0.000421119429816029,False,True,False,-0.00518903529424435,-0.00018713414461590287,0.09973495206174746,0.10291579165648862
2018-07-17,0.002672940716848558,0.006750698744074713,2018-07-18 00:00:00,-0.001316322957366461,0.0007955406280982703,True,False,False,-0.001316322957366461,-0.0001664726289401253,0.09824444022572856,0.10360582201493522
2018-07-18,-0.00027372647214611454,0.005292936108598509,2018-07-19 00:00:00,0.0012773968340084368,0.00032521243861998036,True,True,True,0.0012773968340084368,-0.0001890455533138868,0.09648055969332817,0.10214883839067634
2018-07-19,-0.0009766120225620915,0.002011217272093302,2018-07-20 00:00:00,-0.0033126040174380478,-6.356166714146312e-05,False,False,True,0.0033126040174380478,-0.0001780090981589673,0.09590786763812559,0.10347574600658903
2018-07-20,-0.002367652042513647,-0.003945416122101125,2018-07-23 00:00:00,-2.856766211048957e-05,-0.0008211778305155287,False,False,True,2.856766211048957e-05,-0.00018773619117654238,0.09647450855951875,0.10265674381688458
2018-07-23,-0.0007403369245906142,-0.000342524186532284,2018-07-24 00:00:00,0.0011756289532823228,-0.000287743222402224,False,True,False,-0.0011756289532823228,-0.00018148019855299103,0.09635234871056333,0.1019776812884418
2018-07-24,0.004896971994884944,0.0015486362324471125,2018-07-25 00:00:00,0.00212326517755398,0.00045608453190941435,True,True,True,0.00212326517755398,-0.0001735353588690778,0.09637148435614112,0.10182599856377945
2018-07-25,0.00852356165782237,0.007146124939397069,2018-07-26 00:00:00,0.0009462133580981913,0.001377576897381859,True,True,True,0.0009462133580981913,-0.00017484649217652066,0.09703868302679056,0.10149671293696201
2018-07-26,-0.0016162795580494786,0.004688028791928906,2018-07-27 00:00:00,0.0003961170811115551,0.0001549618114689816,True,True,True,0.0003961170811115551,-0.0001663277973138614,0.09661708629153704,0.1018444748326105
2018-07-27,-0.005697280755209528,0.00273472370883266,2018-07-30 00:00:00,0.0005805640746325051,-0.00044579011095760606,False,True,False,-0.0005805640746325051,-0.00017457778224715483,0.09679987562698672,0.10249069728711187
2018-07-30,-0.004513797344136553,0.0025992884024474516,2018-07-31 00:00:00,-0.0028405673321093236,-0.00034257607759595536,False,False,True,0.0028405673321093236,-0.00017523403167858204,0.09627602846205002,0.10280830530656963
2018-07-31,0.007258975924973407,-0.0031823197543413497,2018-08-01 00:00:00,0.002629092215738123,0.00020282757532519665,True,True,True,0.002629092215738123,-0.00018095027501730104,0.09762905396972302,0.10209819473935863
2018-08-01,-0.004146564210820996,0.0026008561627506115,2018-08-02 00:00:00,-0.005076697592846856,-0.00032905284129409004,False,False,True,0.005076697592846856,-0.00017610273117693546,0.09960052777793507,0.09998625739867525
2018-08-02,0.0024559497015400208,-0.003704362734051673,2018-08-03 00:00:00,-0.0038687217606867682,-0.00031870446962380876,False,False,True,0.0038687217606867682,-0.000203556143888854,0.1021507018974154,0.09880925218456482
2018-08-03,0.0060610393189256435,-0.005532454900472768,2018-08-06 00:00:00,-0.0025492329111561304,-0.00016651615028287183,False,False,True,0.0025492329111561304,-0.00022159381588504422,0.10101398935101227,0.10070974018572422
2018-08-06,0.003056487363651989,-0.005329574315571082,2018-08-07 00:00:00,0.0019293356069869632,-0.0004694604213878584,False,True,False,-0.0019293356069869632,-0.00022325126611946234,0.09939043030382996,0.10319675024571867
2018-08-07,0.00205514472852482,0.0009570474188548349,2018-08-08 00:00:00,-0.0024661848662597585,9.24588510504236e-05,True,False,False,-0.0024661848662597585,-0.00021043534592340925,0.10015827639939812,0.10141027633678741
2018-08-08,-0.0025468662176738903,-0.0008601222307649781,2018-08-09 00:00:00,-0.0017699184437487087,-0.0005590291531298226,False,False,True,0.0017699184437487087,-0.0002177505638537729,0.09986596685342022,0.1010709046834149
2018-08-09,-0.00032066138573305647,-0.004111357859497403,2018-08-10 00:00:00,-0.0028279864012320977,-0.0006781379350633669,False,False,True,0.0028279864012320977,-0.0002298665763192244,0.1016705081096845,0.10110274194820905
2018-08-10,-0.006877154152312785,-0.004506936916495978,2018-08-13 00:00:00,-0.01334851367230148,-0.00136290765203937,False,False,True,0.01334851367230148,-0.00021024932693561167,0.10070076974071154,0.1020923116665374
2018-08-13,-0.003977194838472193,-0.019293251867023273,2018-08-14 00:00:00,0.002907116260065032,-0.002752678359402476,False,True,False,-0.002907116260065032,-0.00026619538926174404,0.10620371874720316,0.10698507967134459
2018-08-14,0.006169377217803771,0.004802821764728251,2018-08-15 00:00:00,-0.0042060121401751175,0.0008766476412524258,True,False,False,-0.0042060121401751175,-0.00024431403542123336,0.10728768871294991,0.09558203003669812
2018-08-15,-0.007100138536949332,-0.004891364376298544,2018-08-16 00:00:00,0.0022424964217819874,-0.0014678873053429182,False,True,False,-0.0022424964217819874,-0.00025847888423319814,0.10545761751528379,0.09417509952983219
2018-08-16,0.008266792369440702,-0.0009185976292578726,2018-08-17 00:00:00,0.001439125562607247,0.0005109982773114348,True,True,True,0.001439125562607247,-0.0002301217795402661,0.10007170898356377,0.09378642032868745
2018-08-17,0.0037497738565311104,0.0006537468114551033,2018-08-20 00:00:00,-1.4132583147164578e-05,0.00020399022618812382,True,False,False,-1.4132583147164578e-05,-0.00023543984354597783,0.1005707040634925,0.09531621693908598
2018-08-20,0.002849241558139724,0.001817957001533604,2018-08-21 00:00:00,-0.00045198201605154683,0.000217964589494341,True,False,False,-0.00045198201605154683,-0.00024137561578051883,0.10036548326338676,0.09536787680444851
2018-08-21,0.001148446833331858,-0.001061096209609356,2018-08-22 00:00:00,0.0012892527701100433,-0.00021319896689829065,False,True,False,-0.0012892527701100433,-0.00023085027338150895,0.10274149044315165,0.09456431184968189
2018-08-22,-0.0020349976194516143,0.0015891231597604657,2018-08-23 00:00:00,1.3061447348531253e-17,-0.0002826155984746912,False,True,False,-1.3061447348531253e-17,-0.0002232663427769062,0.10280915658086245,0.09430806686165744
2018-08-23,-0.00251972561676657,0.0005421472915321376,2018-08-24 00:00:00,0.0006455648956561738,-0.0004298446387395761,False,True,False,-0.0006455648956561738,-0.00022214841261287377,0.10273252534941432,0.09436835795444572
2018-08-24,0.006672898486281256,0.002498681771072068,2018-08-27 00:00:00,0.003500917286100704,0.0007105027453727475,True,True,True,0.003500917286100704,-0.00021111236604972014,0.10283315786970434,0.09421763533864831
2018-08-27,0.006272353966276345,0.005901069183656228,2018-08-28 00:00:00,-0.0022425081377438548,0.001007936502437919,True,False,False,-0.0022425081377438548,-0.00020348157365810817,0.10426905521932317,0.09445841705686572
2018-08-28,-0.00041007233659888384,0.004367020541519821,2018-08-29 00:00:00,0.0005796721642449723,0.0001423062769470105,True,True,True,0.0005796721642449723,-0.0002242410381988147,0.1030054651364618,0.09360775911865116
2018-08-29,0.004862227752638237,0.002038753129968269,2018-08-30 00:00:00,-0.0015072975174601488,0.00046077239540721806,True,False,False,-0.0015072975174601488,-0.0002284597404248658,0.10266272757277467,0.09322490784804252
2018-08-30,-0.004822599291237719,0.001329460088266882,2018-08-31 00:00:00,0.0016225110567609094,-0.000599869535001054,False,True,False,-0.0016225110567609094,-0.00023171245749794886,0.10221084196755398,0.09384625956622566
2018-08-31,-0.001573132234894495,-6.685428742665945e-05,2018-09-04 00:00:00,-0.002041724001364702,-0.0003768857611638124,False,False,True,0.002041724001364702,-0.00021102126626039992,0.10140575590217035,0.09483058953878709
2018-09-04,-0.002992181825985828,-0.0028406123775548864,2018-09-05 00:00:00,-0.0015360507208981105,-0.0008064949917467932,False,False,True,0.0015360507208981105,-0.00022718477178913232,0.1023713459980353,0.09610481919945019
2018-09-05,0.0011547429185229108,-0.0026016729329060295,2018-09-06 00:00:00,-0.001515624529086242,-0.00037096679387424133,False,False,True,0.001515624529086242,-0.0002363121675657127,0.10195727511733654,0.09701029846985815
2018-09-06,-0.00215745746644575,-0.009727551032981115,2018-09-07 00:00:00,0.0006772558828915483,-0.001407827331653272,False,True,False,-0.0006772558828915483,-0.00023762414235502653,0.1017378172455971,0.09773355828599378
2018-09-07,-0.0034229691682182606,-0.0035437177013936706,2018-09-10 00:00:00,0.0023850088986580096,-0.0009393595778166144,False,True,False,-0.0023850088986580096,-0.000249169813782974,0.10218353192844104,0.09606258551832753
2018-09-10,0.002280880236995898,0.001502504457735189,2018-09-11 00:00:00,0.001992164958869022,0.00013980400300258694,True,True,True,0.001992164958869022,-0.0002346147843618267,0.10146679547369067,0.09516456215557423
2018-09-11,0.0029187681499495436,0.002297003514122614,2018-09-12 00:00:00,-0.0011556829528237098,0.0002835067158709445,True,False,False,-0.0011556829528237098,-0.00023110830777489663,0.10179424751772145,0.09468910900909712
2018-09-12,0.000994794309396499,-0.0018583626852027007,2018-09-13 00:00:00,0.004876686347451799,-0.0003116316351384928,False,True,False,-0.004876686347451799,-0.0002373172369521662,0.1015880041752398,0.09436993544867378
2018-09-13,0.004922097226105118,0.008411624076486173,2018-09-14 00:00:00,0.002612603947076252,0.0010593770506588042,True,True,True,0.002612603947076252,-0.000224474035389235,0.10199359386390361,0.09294622459360122
2018-09-14,-0.000843685571080802,0.005637656806998204,2018-09-17 00:00:00,1.3061447348531253e-17,0.0002257330624094326,True,True,True,1.3061447348531253e-17,-0.0002184316807290556,0.10225749196855569,0.09408836539833713
2018-09-17,-0.0022175270655482205,0.0,2018-09-18 00:00:00,0.01286084851847333,-0.00048195134267245963,False,True,False,-0.01286084851847333,-0.0002560964219499549,0.10184990489244311,0.09433975602910978
2018-09-18,0.0037917393051495833,0.020251279173346327,2018-09-19 00:00:00,0.0036680297646773025,0.0020839288047666315,True,True,True,0.0036680297646773025,-0.00020316034625034377,0.09881673849430417,0.09443363173712194
2018-09-19,-0.000345162429762478,0.010883744030529281,2018-09-20 00:00:00,0.0033041262043855104,0.0008032190015924431,True,True,True,0.0033041262043855104,-0.00021378354917856557,0.09868575925064005,0.09657202193184992
2018-09-20,0.007529844870708079,0.007525932181068144,2018-09-21 00:00:00,0.003177070798435224,0.0012882919790069634,True,True,True,0.003177070798435224,-0.00019809303818933273,0.09712946515284301,0.10032181981652988
2018-09-21,0.00012748336829983907,0.008730538881420606,2018-09-24 00:00:00,1.3061447348531253e-17,0.0007040497728417376,True,True,True,1.3061447348531253e-17,-0.0001952396960963352,0.09803192194810315,0.10157357310605387
2018-09-24,-0.006445998317041583,0.0,2018-09-25 00:00:00,0.005098517546618615,-0.0008318624884958469,False,True,False,-0.005098517546618615,-0.00019878318223439021,0.09821276319414415,0.10094167225849626
2018-09-25,-0.002349520399406219,0.01252754077644785,2018-09-26 00:00:00,0.005329500325347991,0.0008808351495951951,True,True,True,0.005329500325347991,-0.00017364856037984354,0.0945091170559409,0.10189827606290976
2018-09-26,-0.004301576976132759,0.006753407252756155,2018-09-27 00:00:00,-0.0035297659546882354,0.00016854326168463756,True,False,False,-0.0035297659546882354,-0.0001611737199724195,0.09193146985480224,0.1073779869369742
2018-09-27,0.002210081691161961,-0.004027987182242954,2018-09-28 00:00:00,-0.0010094560945626584,-0.0003826133716871766,False,False,True,0.0010094560945626584,-0.00016806280257816874,0.09431690669521214,0.10501489171263541
2018-09-28,0.0009701788113380658,0.004667384815717856,2018-10-01 00:00:00,-7.627954902105347e-05,0.00040832346274775243,True,False,False,-7.627954902105347e-05,-0.00017599116610093074,0.09383757569066331,0.10568560782584682
2018-10-01,0.002491152028249576,-0.00012708002631249305,2018-10-02 00:00:00,-2.3395479497433172e-05,3.353759514071567e-05,True,False,False,-2.3395479497433172e-05,-0.00018608042792625073,0.09350507141474743,0.10479479447663502
2018-10-02,0.0007659818663699418,0.0011011410673702612,2018-10-03 00:00:00,-0.0035325832174237727,-5.0267158886169844e-06,False,False,True,0.0035325832174237727,-0.00019156323479594745,0.0934957252882288,0.10436491032697023
2018-10-03,-0.001586557741385063,-0.0021743329606023665,2018-10-04 00:00:00,-0.00184377028406979,-0.0005828183010007606,False,False,True,0.00184377028406979,-0.00020834834369842467,0.09335469157196821,0.10410427142285783
2018-10-04,-0.00588922478865222,-0.0007859912158399984,2018-10-05 00:00:00,0.0024571770239146936,-0.0008485981748504288,False,True,False,-0.0024571770239146936,-0.00021872433189220944,0.09301561791835786,0.10443368644253674
2018-10-05,-0.0030707776764118703,-0.000664024522250888,2018-10-08 00:00:00,1.3061447348531253e-17,-0.0005560651622346617,False,True,False,-1.3061447348531253e-17,-0.00020620480910366507,0.09131665374721296,0.10458531122316517
2018-10-08,0.0027921444622684474,0.0,2018-10-09 00:00:00,-0.005935095389221604,4.627154493178022e-05,True,False,False,-0.005935095389221604,-0.00020866679205148737,0.0913055683287052,0.10457642326873941
2018-10-09,-0.003322168628267205,-0.014828726239889027,2018-10-10 00:00:00,0.0014673927255790008,-0.002098769360203535,False,True,False,-0.0014673927255790008,-0.00023809019947574334,0.08958531942765888,0.10540767950569598
2018-10-10,-0.027215554655805184,-0.0018675552552792694,2018-10-11 00:00:00,-0.004896351972783969,-0.0028544500697029822,False,False,True,0.004896351972783969,-0.00021882494899582127,0.08993880760973488,0.100607779071242
2018-10-11,-0.021796551017772146,-0.029155957224742388,2018-10-12 00:00:00,-0.0024404162335494484,-0.005197298472876139,False,False,True,0.0024404162335494484,-0.00024633685784114826,0.09478452746103558,0.09895013236220698
2018-10-12,0.009577101895764389,-0.006540226941335218,2018-10-15 00:00:00,-0.0015541809485586171,3.798566348777008e-05,True,False,False,-0.0015541809485586171,-0.00024544145188357884,0.09230173953700149,0.09182495572672172
2018-10-15,-0.0024395692540448914,-0.001808212000176498,2018-10-16 00:00:00,0.002821859907052546,-0.000635999198398767,False,True,False,-0.002821859907052546,-0.00024479282021389574,0.09045417145795126,0.09431259309157469
2018-10-16,0.018383216386864645,-0.0020128265996981086,2018-10-17 00:00:00,0.002457234714816044,0.001231671194582158,True,True,True,0.002457234714816044,-0.0002313954857720427,0.08987342311679945,0.09394545176346933
2018-10-17,-0.0012292743661808407,0.008311693818888521,2018-10-18 00:00:00,-0.004083857666475141,0.00042626551297867023,True,False,False,-0.004083857666475141,-0.00023271838009279657,0.09190415650117433,0.09287629376451967
2018-10-18,-0.01073222935056629,-0.0002039990226675513,2018-10-19 00:00:00,-0.00032217680456983315,-0.0012714422489940064,False,False,True,0.00032217680456983315,-0.0002504922195911882,0.09343102334451327,0.08934777320522744
2018-10-19,0.0012005701009752553,-0.003354624951957146,2018-10-22 00:00:00,0.004003509928291911,-0.0004423741397080895,False,True,False,-0.004003509928291911,-0.00025211232518296007,0.09218947889077278,0.08970950577658646
2018-10-22,-0.006209534781786944,-0.0009326098814257519,2018-10-23 00:00:00,-0.012216136958693979,-0.0009252020557838532,False,False,True,0.012216136958693979,-0.00025529424590444854,0.09509760706081037,0.08513303660177438
2018-10-23,-0.00603968423626749,-0.024798568754256272,2018-10-24 00:00:00,-0.00036955448604633785,-0.003019275380211648,False,False,True,0.00036955448604633785,-0.00029164082331297874,0.10034046396480557,0.08555372124314743
2018-10-24,-0.02229049272974012,-0.0007866620819359483,2018-10-25 00:00:00,-0.010518217383514184,-0.0026506305480833844,False,False,True,0.010518217383514184,-0.0002995138850465373,0.10268548346756944,0.07907669859980154
2018-10-25,0.01427379557454604,-0.024955649969497774,2018-10-26 00:00:00,-0.005488715716981618,-0.0005275749380181233,False,False,True,0.005488715716981618,-0.00035065913764026807,0.11610967327903103,0.07350005081943328
2018-10-26,-0.017330854642528228,-0.0036130659711634963,2018-10-29 00:00:00,-0.0019385057724182753,-0.002551059903476531,False,False,True,0.0019385057724182753,-0.00036334510668128864,0.10844773193706457,0.08530785785316138
2018-10-29,-0.0023182053093369374,0.0009734002969972308,2018-10-30 00:00:00,0.004467468915814255,-0.0005305492187042524,False,True,False,-0.004467468915814255,-0.0003635785793113174,0.10785078201297331,0.08531907822698848
2018-10-30,0.017130865188162033,0.004430355352593181,2018-10-31 00:00:00,0.004873744477001507,0.0018497721428150824,True,True,True,0.004873744477001507,-0.00035664706915178735,0.1065416500455412,0.08605823636453935
2018-10-31,0.005938108051252631,0.010469916530492687,2018-11-01 00:00:00,-0.004686035324716035,0.0012034023806577,True,False,False,-0.004686035324716035,-0.00034826226613166494,0.10989136686819197,0.0858763137038961
2018-11-01,0.010520705194573952,-0.002943275298663006,2018-11-02 00:00:00,0.0029499744272286762,0.0005325787312805417,True,True,True,0.0029499744272286762,-0.0003718563501663635,0.10878998649622361,0.08157996457572848
2018-11-02,-0.005311032215801728,0.007120626161391328,2018-11-05 00:00:00,-0.0009826903528471487,-0.00037213164724879443,False,False,True,0.0009826903528471487,-0.0003561656543678684,0.11091316413407634,0.08048412906424486
2018-11-05,0.008102351362908428,-0.0017323119925988686,2018-11-06 00:00:00,0.0021569513751368875,0.00039320181317770196,True,True,True,0.0021569513751368875,-0.00036884855126116824,0.11102742028973936,0.07939263034228336
2018-11-06,0.006988878215500497,0.006586015038754119,2018-11-07 00:00:00,-0.004628638254585234,0.0009296606431465327,True,False,False,-0.004628638254585234,-0.0003682711295605814,0.11211894480783173,0.0780967123166569
2018-11-07,0.017806547752317714,-0.005200484688302528,2018-11-08 00:00:00,0.0006020878115293791,0.001186242357291773,True,True,True,0.0006020878115293791,-0.00038192631665162266,0.1103530055549808,0.07630776992301502
2018-11-08,-0.0030089121396522545,0.008479522542646403,2018-11-09 00:00:00,-0.002636357969059445,-6.463793211512335e-05,False,False,True,0.002636357969059445,-0.00038596681880378027,0.10967599838558942,0.07681261844446502
2018-11-09,-0.007371009078670821,-0.0031222312994828518,2018-11-12 00:00:00,0.0007624699573829516,-0.0014285308443961078,False,True,False,-0.0007624699573829516,-0.00038095673064483603,0.11052649600909538,0.0745884227965842
2018-11-12,-0.014789718703748244,0.0010709339456393505,2018-11-13 00:00:00,-0.00033709573931609493,-0.0019157707101746695,False,False,True,0.00033709573931609493,-0.0003576408210582251,0.11056557174702034,0.07199679836000482
2018-11-13,-0.001922399218573663,-0.006278417507802121,2018-11-14 00:00:00,-0.0001629399343835828,-0.0009965621112956195,False,False,True,0.0001629399343835828,-0.0003411597874571855,0.10900358057214307,0.07101374274182262
2018-11-14,-0.005419620506369258,-0.005112116422895604,2018-11-15 00:00:00,0.0005196447556110007,-0.0013082981881058471,False,True,False,-0.0005196447556110007,-0.00034518613313317016,0.10927439217854516,0.0725504443990577
2018-11-15,0.0071372816305658275,0.0014107947639500204,2018-11-16 00:00:00,-0.0003737460019958985,0.000569127687294052,True,False,False,-0.0003737460019958985,-0.0003206271253169862,0.11016472449950024,0.07334741434302336
2018-11-16,0.004961900853984443,-0.00031695707218075815,2018-11-19 00:00:00,0.0006216773415479241,0.00017668319657595494,True,True,True,0.0006216773415479241,-0.00034929439339187755,0.11069397724271982,0.07343250012885003
2018-11-19,-0.011902297094333124,0.0005756233792976249,2018-11-20 00:00:00,-0.0029233822234111333,-0.0016268237343684143,False,False,True,0.0029233822234111333,-0.00034941284725054675,0.11086694232516976,0.07324302641779858
2018-11-20,-0.01765556620092176,-0.011242282769523862,2018-11-21 00:00:00,0.0010124916644634625,-0.0031469153301866572,False,True,False,-0.0010124916644634625,-0.00035769456600457994,0.11174534594480008,0.07260922251676538
2018-11-21,0.0029270978624448577,0.0011955976170196143,2018-11-23 00:00:00,1.3061447348531253e-17,5.8759597207516754e-05,True,True,True,1.3061447348531253e-17,-0.0003408712107135038,0.10780316773833258,0.07032498632688677
2018-11-23,-0.007001650109299328,0.0,2018-11-26 00:00:00,0.000371418018341566,-0.001109350879523734,False,True,False,-0.000371418018341566,-0.00035974194516533143,0.10706175296631865,0.07081950834925811
2018-11-26,0.012827721650629599,0.0025315656130090263,2018-11-27 00:00:00,0.0011958980887669015,0.0011884755392335702,True,True,True,0.0011958980887669015,-0.0003565845491689724,0.106410125175774,0.0711261919950952
2018-11-27,0.002225044948820365,0.008481749210652818,2018-11-28 00:00:00,0.0015931695387026272,0.00048401052052503984,True,True,True,0.0015931695387026272,-0.0003561476160659067,0.10647326499578509,0.07112334038007145
2018-11-28,0.018268879653541462,0.008411570353668985,2018-11-29 00:00:00,-0.0009333942227836664,0.0021938482857159075,True,False,False,-0.0009333942227836664,-0.0003533346966777591,0.10642815225600027,0.07167031264466014
2018-11-29,4.923330145019515e-05,0.001451721172581071,2018-11-30 00:00:00,0.0022595360755910854,-0.0002480245949692368,False,True,False,-0.0022595360755910854,-0.0003568105099382985,0.10414815496810605,0.07140376500518836
2018-11-30,0.007459052620841031,0.0018940612870931035,2018-12-03 00:00:00,0.0011985950852845067,0.0005607885978257014,True,True,True,0.0011985950852845067,-0.00035235576374738554,0.10421969036816875,0.07167888806677428
2018-12-03,0.010084441057200107,0.010931501693241053,2018-12-04 00:00:00,-0.00633111501757461,0.0014943027223056804,True,False,False,-0.00633111501757461,-0.0003439166350217988,0.10453532384892839,0.07172290391377861
2018-12-04,-0.027225842832285584,-0.01702061387267373,2018-12-06 00:00:00,-0.004055144742600583,-0.004260487663120272,False,False,True,0.004055144742600583,-0.0003744863382223216,0.10126716030805556,0.06632648755938328
2018-12-06,-0.000665802199349318,-0.006594940589982432,2018-12-07 00:00:00,-0.0009435742639554679,-0.0009124320812262994,False,False,True,0.0009435742639554679,-0.00039350602061036423,0.1007072480395826,0.0685184266962392
2018-12-07,-0.018979756174924856,-0.0004121629458923941,2018-12-10 00:00:00,-0.004249286829654511,-0.0023389326011399427,False,False,True,0.004249286829654511,-0.000398656588518378,0.10076009412597996,0.06762857803152393
2018-12-10,-1.9196941838041003e-05,-0.010945942045298817,2018-12-11 00:00:00,0.0003964625962527067,-0.0011443425486178792,False,True,False,-0.0003964625962527067,-0.00041264548025987256,0.10259900799108757,0.06666648499955949
2018-12-11,0.00010524718668021697,-0.0032811121996032663,2018-12-12 00:00:00,0.003979476785047137,-0.0006093016674854146,False,True,False,-0.003979476785047137,-0.00040513410647747763,0.10294901865831646,0.06552737075532218
2018-12-12,0.0031875034752545483,0.012570797490891536,2018-12-13 00:00:00,-0.0025692350460051277,0.0007645449136774412,True,False,False,-0.0025692350460051277,-0.00038145556600028944,0.10310648032721956,0.06501959926613107
2018-12-13,-0.0003333564598924492,-0.002736127381303577,2018-12-14 00:00:00,-0.00249953507366161,-0.0005928657001402879,False,False,True,0.00249953507366161,-0.000389682644316663,0.10341925657445158,0.06165925596887935
2018-12-14,-0.014490941277507628,-0.004971095567663848,2018-12-17 00:00:00,-0.003486294330278126,-0.0022101380578559092,False,False,True,0.003486294330278126,-0.0004007422143803087,0.10351685015128925,0.06222757991476004
2018-12-17,-0.02185408086752386,-0.009738510973160181,2018-12-18 00:00:00,-0.007062729738912356,-0.003294065582588182,False,False,True,0.007062729738912356,-0.0004086726864032722,0.10420272600194211,0.062446722830430054
2018-12-18,-0.0012702048020251202,-0.015401661767917588,2018-12-19 00:00:00,-0.006105476816981762,-0.0015490258927745985,False,False,True,0.006105476816981762,-0.0004147647578826104,0.1084947107076345,0.0646976051916995
2018-12-19,-0.013765454185533745,-0.006995943436692128,2018-12-20 00:00:00,-0.009858291845731903,-0.002417025680848372,False,False,True,0.009858291845731903,-0.0004412817742801396,0.10813064331780595,0.06965129068497472
2018-12-20,-0.015532437177335556,-0.02161973396287546,2018-12-21 00:00:00,-0.011714806377952813,-0.003768296399781549,False,False,True,0.011714806377952813,-0.0004680645712932245,0.11299684202573868,0.07146783032295584
2018-12-21,-0.016881884511471604,-0.016236656908503518,2018-12-24 00:00:00,-6.530723674265627e-18,-0.00378701827205094,False,False,True,6.530723674265627e-18,-0.0004945670920850318,0.11651912628154476,0.08162941140975619
2018-12-24,-0.02876285395680377,0.0,2018-12-26 00:00:00,6.264779195709532e-05,-0.003765203920345508,False,True,False,-6.264779195709532e-05,-0.0004813451086212686,0.11417013126221616,0.07854965853867658
2018-12-26,0.04469648938551963,0.006574216997551746,2018-12-27 00:00:00,0.00561115272388766,0.0048872716924330244,True,True,True,0.00561115272388766,-0.0004771650394458366,0.10819050541101077,0.08042036874634698
2018-12-27,0.008785130113219696,0.029631596205092273,2018-12-28 00:00:00,-0.0009967355388425558,0.0028826105212832447,True,False,False,-0.0009967355388425558,-0.0004685035364456627,0.10969681916241975,0.08056984888213461
2018-12-28,-0.0012912833343123472,0.0009361834779847357,2018-12-31 00:00:00,0.0,-0.0005573944136335652,False,False,True,-0.0,-0.0004829352370200995,0.11041317313314372,0.0727587223484595
2018-12-31,0.007056766839737257,0.0,2019-01-04 00:00:00,0.0025854126700754062,0.0002952348553506174,True,True,True,0.0025854126700754062,-0.0004843585095423977,0.11047458171680807,0.07285234931033646
2019-01-04,0.031006598361185134,-0.003227784861712164,2019-01-07 00:00:00,0.0055661136587318505,0.002742862690882965,True,True,True,0.0055661136587318505,-0.0004746320875555759,0.11132556174330593,0.07259845742791013
2019-01-07,0.006803134935819552,0.027629977777813796,2019-01-08 00:00:00,0.0009780771943023311,0.002255043202917643,True,True,True,0.0009780771943023311,-0.00047872771493609267,0.1148246211244142,0.07066974653732379
2019-01-08,0.010525805773704565,0.006752286368130999,2019-01-09 00:00:00,-0.0016586952027963133,0.0011415094522578822,True,False,False,-0.0016586952027963133,-0.0005065651408460079,0.11598100490218546,0.06327946398734835
2019-01-09,0.0029409452688910136,-0.006471533732380075,2019-01-10 00:00:00,0.001468189443765693,-0.0005854458625429548,False,True,False,-0.001468189443765693,-0.0005141512394335185,0.11492258938761687,0.06324245311584446
2019-01-10,0.006011199948439996,0.00222247207845159,2019-01-11 00:00:00,-0.00039222581196379455,0.0003300422390618905,True,False,False,-0.00039222581196379455,-0.0005029943946104844,0.11555689207821869,0.062273470749889204
2019-01-11,-0.0009128015464980473,0.0019564917056195314,2019-01-15 00:00:00,0.0009642042246342405,-0.0004948658109512048,False,True,False,-0.0009642042246342405,-0.0005105197919535709,0.11547602478539867,0.061876405947548105
2019-01-15,0.008643543915427572,0.002900295210878658,2019-01-16 00:00:00,-0.0009108122629321689,0.0006718723241408203,True,False,False,-0.0009108122629321689,-0.000505692600185776,0.1154284342769998,0.06201237132333701
2019-01-16,0.0018517091437448942,0.002123313354264692,2019-01-17 00:00:00,0.0022304134523339052,-0.00014929776488427216,False,True,False,-0.0022304134523339052,-0.0004947837935745544,0.11623364838614786,0.06134521732329562
2019-01-17,0.00807950884407676,0.007873495906128292,2019-01-18 00:00:00,0.0012703414454243917,0.0009419013746775108,True,True,True,0.0012703414454243917,-0.0004838284543512919,0.11641804210007846,0.06161547983958694
2019-01-18,0.012627105654377897,0.002653072490737756,2019-01-22 00:00:00,-0.0020767695213595744,0.001152898492371365,True,False,False,-0.0020767695213595744,-0.0004814648727328315,0.11645728747423074,0.06175665855977569
2019-01-22,-0.012389210763509729,-0.003464810615395125,2019-01-23 00:00:00,0.0012331516798687308,-0.0021305582770796624,False,True,False,-0.0012331516798687308,-0.0004812737321373659,0.11609765703860996,0.06087669028837678
2019-01-23,0.0009303024529976535,-0.0026015971751916535,2019-01-24 00:00:00,0.002684326710804639,-0.0005281653110340584,False,True,False,-0.002684326710804639,-0.0004756679563113982,0.11454719021511084,0.0611397061315032
2019-01-24,0.001180275096708594,0.005443849823270528,2019-01-25 00:00:00,0.0005000937675814221,-5.7606101859710855e-06,False,True,False,-0.0005000937675814221,-0.0004705837527173873,0.11447944651996564,0.0605648416878698
2019-01-25,0.0077813388696163855,0.0005263478199881058,2019-01-28 00:00:00,0.0001931354155170533,0.0004451499593731222,True,True,True,0.0001931354155170533,-0.0004743487534226066,0.11407477722995807,0.060500325990037476
2019-01-28,-0.004897621240584743,-0.0025103642349167433,2019-01-29 00:00:00,-0.002085899588709162,-0.001182099086984871,False,False,True,0.002085899588709162,-0.00047068812642843074,0.11401121131058986,0.060958178199178786
2019-01-29,0.0011428090411739504,-0.002146337590993207,2019-01-30 00:00:00,-0.0001816084157901537,-0.0004718923608776958,False,False,True,0.0001816084157901537,-0.00047161516805050243,0.11420323225297925,0.06093621046662298
2019-01-30,0.013432763933701762,0.0040249881085353215,2019-01-31 00:00:00,-0.0013738912309992782,0.001319784319053198,True,False,False,-0.0013738912309992782,-0.0004617329754997013,0.11452928668076037,0.06039084253678573
2019-01-31,0.009543157443940227,-0.0014388766409358215,2019-02-01 00:00:00,-0.003279735409540845,0.0005537187411172952,True,False,False,-0.003279735409540845,-0.0004569729663753677,0.11480605237044696,0.059018628407594836
2019-02-01,0.00015655952249628923,-0.0019057780267193573,2019-02-04 00:00:00,0.002319429672909552,-0.0005675068492310876,False,True,False,-0.002319429672909552,-0.0004709910558076833,0.11295343851370925,0.05992289144922623
2019-02-04,0.005523508977093134,0.012112180047581045,2019-02-05 00:00:00,-0.00013326085125098253,0.000892722489286335,True,False,False,-0.00013326085125098253,-0.00046855526659673834,0.11371561955775025,0.06053150692443308
2019-02-05,0.004640670741795578,0.0005721311273830602,2019-02-06 00:00:00,-0.0028913895235218655,8.69155601692271e-05,True,False,False,-0.0028913895235218655,-0.0004745970499933757,0.11361939125123596,0.05985065982861877
2019-02-06,-0.0037254687455671883,-0.0032595687596350086,2019-02-07 00:00:00,-0.004981601922002006,-0.0011041904878002105,False,False,True,0.004981601922002006,-0.00048785384012355905,0.11313231473473609,0.059782676601840445
2019-02-07,-0.006763198466744346,-0.009427489678985728,2019-02-08 00:00:00,-0.00250527311779195,-0.001761749145466611,False,False,True,0.00250527311779195,-0.00045384681650378417,0.10233864987521117,0.06531598018194387
2019-02-08,0.000947639547252935,-0.013197022130160255,2019-02-12 00:00:00,0.002189367370101891,-0.0010936774343052698,False,True,False,-0.002189367370101891,-0.0004400716722388234,0.09710991365004978,0.05649993985897005
2019-02-12,0.011116623229393803,0.00866456260487323,2019-02-13 00:00:00,0.0012744658696380274,0.0011137919644596333,True,True,True,0.0012744658696380274,-0.0004031892699455888,0.10605025049480712,0.039016459536166476
2019-02-13,0.0035426422586298297,0.01524756014700244,2019-02-14 00:00:00,-0.0012892487686470065,0.0005469772343503659,True,False,False,-0.0012892487686470065,-0.00040914978368041595,0.10681055806842094,0.03789035201565262
2019-02-14,-0.0021342126804428023,-0.004632114683915889,2019-02-15 00:00:00,0.0003377164819415987,-0.0008430078496155808,False,True,False,-0.0003377164819415987,-0.0004343875315565043,0.11294801078977063,0.03617467455687032
2019-02-15,0.010653507737152608,-0.0010560995020341265,2019-02-19 00:00:00,0.002208503509067741,0.000744897366779677,True,True,True,0.002208503509067741,-0.0004274972253361459,0.1135173368652998,0.03499976508692003
2019-02-19,0.0023354161605598374,0.009591627967161398,2019-02-20 00:00:00,0.0009499274986908541,0.0002061427649763927,True,True,True,0.0009499274986908541,-0.0003851777665781437,0.12094347993652096,0.03220174667469393
2019-02-20,0.0024903092692820953,0.0015071753254993704,2019-02-21 00:00:00,-0.0009429693120946534,-3.4603582732551273e-05,False,False,True,0.0009429693120946534,-0.0003852418884905348,0.12063893498868061,0.03331400592211533
2019-02-21,-0.003313401200806355,-0.002558305507230835,2019-02-22 00:00:00,-0.000530244055465619,-0.0008829170201084474,False,False,True,0.000530244055465619,-0.0004024434495974109,0.11887003142932939,0.03385423100892881
2019-02-22,0.005112343211620382,3.264105127738748e-05,2019-02-25 00:00:00,-2.5378445298530813e-05,0.000210560699710814,True,False,False,-2.5378445298530813e-05,-0.00039895996365876406,0.11900713957764891,0.03416927984173186
2019-02-25,-6.432202344984862e-06,0.0004826897662970424,2019-02-26 00:00:00,0.0002683449173478468,-0.000392070567774238,False,True,False,-0.0002683449173478468,-0.0004076453722741287,0.11893970823063325,0.033851657754078536
2019-02-26,-0.0015844263423119287,0.0031684329600664076,2019-02-27 00:00:00,8.215313190033036e-05,-0.00048259000690165565,False,True,False,-8.215313190033036e-05,-0.00040222089960577454,0.11862232027443279,0.0339534473630895
2019-02-27,-0.00044145492345320554,3.7839757025302215e-05,2019-02-28 00:00:00,-8.94921012925118e-05,-0.00045991953354640236,False,False,True,8.94921012925118e-05,-0.00040871547528660595,0.11902252096409444,0.03538658085780316
2019-02-28,-0.0022941968560282037,-0.002971198089444212,2019-03-01 00:00:00,0.0004047223279066572,-0.0007903082236297911,False,True,False,-0.0004047223279066572,-0.00041253328162667546,0.11878086221895576,0.03542956685320144
2019-03-01,0.005493846631756328,0.0005778028287336795,2019-03-04 00:00:00,-0.0005378994274616496,0.00025180865162067263,True,False,False,-0.0005378994274616496,-0.00041363690040925095,0.11741997268496869,0.035233871454568105
2019-03-04,-0.0017755049039385891,0.003159144147190083,2019-03-05 00:00:00,-8.462587742550637e-06,-0.0005062006971174719,False,False,True,8.462587742550637e-06,-0.00041188536663970597,0.11746240732202412,0.03616161353464389
2019-03-05,-0.001093533028449016,-0.0022653623055555183,2019-03-06 00:00:00,4.72895397200752e-05,-0.0006109610577540209,False,True,False,-4.72895397200752e-05,-0.00039836253674884446,0.11491051361814145,0.03837800197985488
2019-03-06,-0.005028859177691348,-0.0010967515856961292,2019-03-07 00:00:00,-0.004440914691076338,-0.0009766352221464592,False,False,True,0.004440914691076338,-0.0003730142406413266,0.11232375967085144,0.03534128631961078
2019-03-07,-0.006611130973470395,-0.009961984612838592,2019-03-08 00:00:00,-0.004599032997973674,-0.0014799158429602284,False,False,True,0.004599032997973674,-0.00038582671944324936,0.1132667899985521,0.03465850965549756
2019-03-08,-0.002223165779084758,-0.007581608454853084,2019-03-11 00:00:00,0.002161983249271043,-0.0009249058699981576,False,True,False,-0.002161983249271043,-0.00039592166868180874,0.11403695120805886,0.03633281189337968
2019-03-11,0.013551158590439498,0.006024005810915367,2019-03-12 00:00:00,-0.0008049706579593305,0.0014198403274638892,True,False,False,-0.0008049706579593305,-0.00036754984837001725,0.11695669086124506,0.033614096021165586
2019-03-12,0.003398572142682667,0.004794031953577566,2019-03-13 00:00:00,-0.0016849499195400006,0.0001784963035623928,True,False,False,-0.0016849499195400006,-0.00037351035824076953,0.11562168340794209,0.03317834153444845
2019-03-13,0.005987862491104077,-0.003002092297642465,2019-03-14 00:00:00,0.0005220060308337568,0.00021541730847499373,True,True,True,0.0005220060308337568,-0.0003781995519999171,0.11542399749479652,0.03248606472694369
2019-03-14,-0.001048745970483393,0.0028784846696248666,2019-03-15 00:00:00,0.000845898347799572,-0.0004005674904448496,False,True,False,-0.000845898347799572,-0.000373041478037456,0.11570992605353518,0.032595034212362234
2019-03-15,0.0028938997582060363,0.001723643822501936,2019-03-18 00:00:00,-0.0007561098503557383,2.7023000339139356e-05,True,False,False,-0.0007561098503557383,-0.00036540758195791653,0.11609953336530016,0.032750484773263935
2019-03-18,0.0029641180322567432,0.006697282393499276,2019-03-19 00:00:00,0.000892286112833697,0.00017867116478019972,True,True,True,0.000892286112833697,-0.0003775786713681141,0.11644767333025742,0.03151803603513049
2019-03-19,-0.0012377086066975144,-3.157341362535008e-05,2019-03-20 00:00:00,0.0008544989767987246,-0.0005247019658711905,False,True,False,-0.0008544989767987246,-0.0003791860456324826,0.11676252624804492,0.031606863090565665
2019-03-20,-0.001441547537986986,0.0006518241695003682,2019-03-22 00:00:00,-0.00034863740521557155,-0.0005273984649699053,False,False,True,0.00034863740521557155,-0.00037917238989599916,0.11703524873822968,0.03142841361357607
2019-03-22,-0.016694603116970907,0.0012473104127888046,2019-03-25 00:00:00,-0.0009867802980448152,-0.00229785558214794,False,False,True,0.0009867802980448152,-0.0003817910896013767,0.11712389286206565,0.03148567822218197
2019-03-25,-3.746751456498468e-05,-0.0075130357603897194,2019-03-26 00:00:00,0.001011335163831098,-0.0006128600434744005,False,True,False,-0.001011335163831098,-0.0003695469782046489,0.11612783599227709,0.03180632323662936
2019-03-26,0.007487505497074987,0.003187162745847353,2019-03-27 00:00:00,-0.0019000067221520243,0.0006067609047419253,True,False,False,-0.0019000067221520243,-0.000368448001911603,0.11717024697509679,0.030715732499511934
2019-03-27,-0.004416940968749117,-0.00037445421990726024,2019-03-28 00:00:00,-0.0007061903137976271,-0.0009044084128598861,False,False,True,0.0007061903137976271,-0.0003793030315622755,0.11629897363473247,0.030496865624095704
2019-03-28,0.003752220423921073,-0.0015579193353970557,2019-03-29 00:00:00,-0.0023220135565152574,1.545570119951224e-05,True,False,False,-0.0023220135565152574,-0.0003731881539666985,0.11624390870786257,0.030507942333057002
2019-03-29,0.005603661353388553,-0.0012774004672265421,2019-04-01 00:00:00,-0.0020346699675292254,0.0001957340961726404,True,False,False,-0.0020346699675292254,-0.0003216801544859499,0.10016820528048193,0.03436232507824268
2019-04-01,0.009210106792559887,0.012861031185209648,2019-04-02 00:00:00,-0.0037253834382406795,0.0011577133102443466,True,False,False,-0.0037253834382406795,-0.0003553541708353757,0.10269708366485539,0.04410349100888994
2019-04-02,0.0003064344100203479,0.0024171652434146337,2019-04-03 00:00:00,0.0037004708945402994,-0.0002691996650869738,False,True,False,-0.0037004708945402994,-0.0004082005919478579,0.08827715489426993,0.04631448730598023
2019-04-03,0.0012354213220429169,0.003461246184528973,2019-04-04 00:00:00,0.0008627951306037741,-0.00014822344964260178,False,True,False,-0.0008627951306037741,-0.0004059651348398169,0.09122679527141304,0.04190345021557752
2019-04-04,0.0032245750752019076,-0.0010421174506512379,2019-04-05 00:00:00,0.0012065124409263211,-0.00014922114232765026,False,True,False,-0.0012065124409263211,-0.00039787448825059576,0.09093068399693487,0.04275858852261388
2019-04-05,0.00569420447841009,-4.005217498603177e-05,2019-04-08 00:00:00,-0.0008097295537325052,0.00013570300937526308,True,False,False,-0.0008097295537325052,-0.0003869107749012172,0.09208147014957482,0.0428674704535377
2019-04-08,-8.22082210623581e-05,-0.003368761945782787,2019-04-09 00:00:00,-0.002532813787999476,-0.0005452832337133721,False,False,True,0.002532813787999476,-0.0003939750395826384,0.0927273385481159,0.04265224046618068
2019-04-09,-0.0051622321751100065,-0.007288180755135663,2019-04-10 00:00:00,-0.0010273820007953034,-0.0011930825078581425,False,False,True,0.0010273820007953034,-0.0003996756942404455,0.09313604902714769,0.04289368158807595
2019-04-10,0.0027429400688120994,-0.004639755786650494,2019-04-11 00:00:00,-0.0018605939941666954,-0.00036048407949043073,False,False,True,0.0018605939941666954,-0.0004109931447283206,0.09136494886629919,0.04312716511247793
2019-04-11,0.0007961603998559517,-0.001659778087183258,2019-04-12 00:00:00,-0.0019656892386532825,-0.000419181613607764,False,False,True,0.0019656892386532825,-0.00041953802825699766,0.09080113469099702,0.043340645119495515
2019-04-12,0.006685687635556598,-0.00022204567335111746,2019-04-15 00:00:00,0.003420349863807054,0.00018196650556512247,True,True,True,0.003420349863807054,-0.00043818017299650035,0.09415819018385195,0.04217857162266425
2019-04-15,-0.0016234334016890126,0.011762208224677995,2019-04-16 00:00:00,-0.0006482312827710409,-9.836238771115783e-05,False,False,True,0.0006482312827710409,-0.000433201557712111,0.09521302411827043,0.041608783340831665
2019-04-16,-0.0013224752081673367,-0.0028923245937967227,2019-04-17 00:00:00,-0.00019931474860028253,-0.0006737365118344332,False,False,True,0.00019931474860028253,-0.0004261129093644976,0.09720236323189317,0.04116961394162577
2019-04-17,-0.002941551576822955,0.0030515747498698538,2019-04-18 00:00:00,-0.006584415871668503,-0.0005851316569906698,False,False,True,0.006584415871668503,-0.000424544958340311,0.09719832342330804,0.041069674890108966
2019-04-18,0.0017400241791288749,-0.004761044994514345,2019-04-22 00:00:00,0.0020827470276992637,-0.0004655576685848162,False,True,False,-0.0020827470276992637,-0.00045136331196302663,0.0988232388284226,0.03909838740393183
2019-04-22,4.5364895172382944e-05,0.000894323470861047,2019-04-23 00:00:00,0.0021712385649661947,-0.00041547338598441394,False,True,False,-0.0021712385649661947,-0.0004530616567742134,0.09964825199349721,0.03697514306782754
2019-04-23,0.007356477616503407,0.0030896380625847243,2019-04-24 00:00:00,-0.0057281999017356625,0.00040821957431839745,True,False,False,-0.0057281999017356625,-0.0004407870507982594,0.09975799852669637,0.037266223277788176
2019-04-24,-0.0015112475063826817,-0.006376590741491798,2019-04-25 00:00:00,0.002574128132084953,-0.0008542044702535845,False,True,False,-0.002574128132084953,-0.0004719205266067326,0.0962199994741146,0.037147077330234514
2019-04-25,-0.0019432208512472576,0.0004192332217798421,2019-04-26 00:00:00,-0.00014905390211202916,-0.0006397450408428788,False,False,True,0.00014905390211202916,-0.0004670761374224168,0.09633736299750446,0.03467251247110868
2019-04-26,0.004667014136448423,-0.0021744513871272473,2019-05-07 00:00:00,-0.0054451280048224415,-9.197631560076801e-05,False,False,True,0.0054451280048224415,-0.000469342233597285,0.0968064639235182,0.034229883489122606
2019-05-07,-0.015016589134602909,-0.006887286809754987,2019-05-08 00:00:00,-0.015885147018684865,-0.0021777115552193897,False,False,True,0.015885147018684865,-0.0004955246428786309,0.09584755118376427,0.03526550053242063
2019-05-08,-0.0015697167269290108,-0.021334345316499203,2019-05-09 00:00:00,-0.01062826855571087,-0.0015317971382342583,False,False,True,0.01062826855571087,-0.0005626293793449681,0.1075403309411489,0.03751509084145732
2019-05-09,-0.0025018417480464124,-0.012769039124278951,2019-05-10 00:00:00,-0.0008484242380450327,-0.001525574474912058,False,False,True,0.0008484242380450327,-0.0006158831903313372,0.10833857442450444,0.05001514287377718
2019-05-10,0.007113037914584306,-0.0009097767843248725,2019-05-13 00:00:00,-0.0019238459360449729,0.00011682104475094603,True,False,False,-0.0019238459360449729,-0.0006095160340245472,0.10845405314315085,0.049573383272852184
2019-05-13,-0.019374009737714706,-0.0030901176472210613,2019-05-14 00:00:00,0.0033559263198206235,-0.002853424051591469,False,True,False,-0.0033559263198206235,-0.0006179582565630455,0.10740363011973324,0.050039136652890545
2019-05-14,0.007058683503650132,-0.0083861399368821,2019-05-15 00:00:00,-0.0014960139630973326,-0.00031640091378899054,False,False,True,0.0014960139630973326,-0.0005906581050593145,0.0999531843251357,0.05142779697319945
2019-05-15,0.00509054613745439,0.0024529379515642177,2019-05-16 00:00:00,-0.0018059054605299048,3.62991607642081e-05,True,False,False,-0.0018059054605299048,-0.0005997648272254892,0.09983158312111173,0.05212798312123041
2019-05-16,0.008554871455357422,0.005360079833407021,2019-05-17 00:00:00,0.0035274543937860088,0.00053062751132818,True,True,True,0.0035274543937860088,-0.000597205005006707,0.09929936628375313,0.051928182196869586
2019-05-17,-0.005313150090841787,0.007237846503565966,2019-05-20 00:00:00,-0.0019442556257579055,-0.0007469187947512668,False,False,True,0.0019442556257579055,-0.0005910017634906214,0.10101329490028475,0.052609815022662626
2019-05-20,-0.006711617605271755,0.0015966226458564126,2019-05-21 00:00:00,-0.0007262586138696047,-0.0012000573785231295,False,False,True,0.0007262586138696047,-0.0005995015044892013,0.10177278004810061,0.05167414384887393
2019-05-21,0.008812567391520284,-0.0035021527001566615,2019-05-22 00:00:00,-0.0007271449417419555,0.00010724393588753606,True,False,False,-0.0007271449417419555,-0.000600476542425469,0.1009744644485027,0.05200338479071657
2019-05-22,-0.002787432227106847,0.0014984155812380034,2019-05-23 00:00:00,-0.0017687365877358692,-0.0008099270730354639,False,False,True,0.0017687365877358692,-0.0006081409708003586,0.10045550796167427,0.052206356518945424
2019-05-23,-0.010208636634878315,-0.0044582932373096185,2019-05-24 00:00:00,-0.0006131385147888554,-0.0018761189396418025,False,False,True,0.0006131385147888554,-0.0006152950217003701,0.10086259801908809,0.05184816081192906
2019-05-24,0.0015187743012113593,-0.005417491091702929,2019-05-28 00:00:00,-0.000980581267363197,-0.000726448351085558,False,False,True,0.000980581267363197,-0.0006012427929102914,0.10126284208700553,0.051500031228834675
2019-05-28,-0.009421625881174012,9.597426324237102e-05,2019-05-29 00:00:00,-0.001548350455277563,-0.001547265164832661,False,False,True,0.001548350455277563,-0.0006101834408559454,0.09999250698749852,0.052204284887512664
2019-05-29,-0.00716296384881008,-0.008224701390364679,2019-05-30 00:00:00,-0.0005426170887664159,-0.0017545360326373743,False,False,True,0.0005426170887664159,-0.0006270455519274198,0.10045004632162838,0.04960306896670729
2019-05-30,0.0017091687043417297,-0.005090001174984724,2019-05-31 00:00:00,-0.005500826527164111,-0.0007017159624914484,False,False,True,0.005500826527164111,-0.0006254400282976928,0.10019978188157787,0.04863147513288325
2019-05-31,-0.010115222537045382,-0.006969624178265162,2019-06-03 00:00:00,-0.0044447043709301155,-0.002009401334909522,False,False,True,0.0044447043709301155,-0.0006489534408879805,0.09984176728761802,0.05029341474516039
2019-06-03,0.00263800489013685,-0.011480864044197943,2019-06-04 00:00:00,-0.0028374210795699163,-0.000983055640337319,False,False,True,0.0028374210795699163,-0.0006636211669262911,0.10083187971457198,0.05099176010847516
2019-06-04,0.01812726917676244,0.001714592091476018,2019-06-05 00:00:00,0.010813980677644523,0.0012270116585412173,True,True,True,0.010813980677644523,-0.0006809424466390898,0.10034639444949904,0.05187706307456836
2019-06-05,0.008531738277335039,0.018726904751156924,2019-06-06 00:00:00,-0.0011241062624864513,0.0012142596477273974,True,False,False,-0.0011241062624864513,-0.0006533569902504102,0.11076508241446816,0.04926590682280918
2019-06-06,0.00731750620314782,-0.0010542006989912034,2019-06-07 00:00:00,3.250878127439784e-05,0.0001000226977253444,True,True,True,3.250878127439784e-05,-0.000662087979003102,0.11079868243526958,0.0461575953599801
2019-06-07,0.007744092942965125,0.0010102790485617033,2019-06-10 00:00:00,0.002988384097165489,0.00024144403305368785,True,True,True,0.002988384097165489,-0.0006634305965667224,0.11082597008389194,0.04615360168347654
2019-06-10,0.0023041870449481998,0.010905010826107064,2019-06-11 00:00:00,0.002083418848781656,0.00011007202726304535,True,True,True,0.002083418848781656,-0.0006415360984675126,0.11266548780049232,0.045117403015319454
2019-06-11,-0.00013167179433735333,0.005280284352428294,2019-06-12 00:00:00,-0.0008607455682177435,-0.00040050020916977555,False,False,True,0.0008607455682177435,-0.0006294719076225217,0.11243765073782701,0.046167317781733594
2019-06-12,-0.0005583720113245312,0.0024460317951234367,2019-06-13 00:00:00,-0.0027679146465646536,-0.0005800741044308945,False,False,True,0.0027679146465646536,-0.0006287506132734102,0.11250225758283242,0.04558183622546323
2019-06-13,0.004855157719428612,-0.009422876731530567,2019-06-14 00:00:00,3.5292256084386214e-05,-0.0005089592374201996,False,True,False,-3.5292256084386214e-05,-0.0006301043104741515,0.11185777449099417,0.044778476495634566
2019-06-14,-0.0003894289814371434,-0.00041881297553484286,2019-06-17 00:00:00,2.720337006396492e-05,-0.0006922516626204763,False,True,False,-2.720337006396492e-05,-0.0006299845617515603,0.11148774620578422,0.04500944937821403
2019-06-17,0.0008095978845336385,-5.182575874438639e-06,2019-06-18 00:00:00,-0.008930277560174485,-0.0005473603684155945,False,False,True,0.008930277560174485,-0.0006384588615998094,0.11280656492957876,0.04427588709513411
2019-06-18,0.007432928076895601,-0.009661488624962508,2019-06-19 00:00:00,0.00546828777351626,-0.000269728190918534,False,True,False,-0.00546828777351626,-0.0006771930985087335,0.11218015136173713,0.044130061700353065
2019-06-19,0.002243141278572462,0.014590079255875684,2019-06-20 00:00:00,0.0020114716709925557,0.0001662082702569572,True,True,True,0.0020114716709925557,-0.000661108417654394,0.11583762363887633,0.038894684721243966
2019-06-20,0.009957700666852047,0.004385711411159543,2019-06-21 00:00:00,-0.0034304169220972626,0.0006748059804939218,True,False,False,-0.0034304169220972626,-0.0006542826748448344,0.11545270458818933,0.040915866332305546
2019-06-21,-0.0013091731011382864,-0.0035587090006372157,2019-06-24 00:00:00,0.0004267412785394383,-0.0009640917724272591,False,True,False,-0.0004267412785394383,-0.0006724275203333849,0.11325276221796153,0.040294607438493064
2019-06-24,-0.0017750809413041857,-0.0031739305867025344,2019-06-25 00:00:00,-0.003642015176413141,-0.0009950838590823778,False,False,True,0.003642015176413141,-0.0006672656060785888,0.11319907652831505,0.039975899352279874
2019-06-25,-0.008092794614097771,-0.001884800291479971,2019-06-26 00:00:00,-0.002420593162224042,-0.001673924732377711,False,False,True,0.002420593162224042,-0.0006807932578328011,0.11332476862986741,0.04033180474179192
2019-06-26,-0.003972480690019279,-0.005552309129224631,2019-06-27 00:00:00,0.003093412743413094,-0.0013629541505433631,False,True,False,-0.003093412743413094,-0.0006881710231659211,0.11361112033567414,0.04024724496990069
2019-06-27,0.0036388323737623404,0.007303606823376522,2019-06-28 00:00:00,-0.002087212760611301,1.7276783149853332e-05,True,False,False,-0.002087212760611301,-0.0006760114650908104,0.11287924357114698,0.038684941459862024
2019-06-28,0.006103056901043361,0.0021517000251292497,2019-07-01 00:00:00,0.008312975026968561,8.436712207986227e-05,True,True,True,0.008312975026968561,-0.0006853128120926827,0.11287079435083264,0.037562417083949654
2019-07-01,0.005535637613334613,0.017186388360284535,2019-07-02 00:00:00,-0.0006729280411124671,0.0006383972441821383,True,False,False,-0.0006729280411124671,-0.000655576981065508,0.11521025529763,0.03818207693343072
2019-07-02,0.003592640439919258,0.004249621676449006,2019-07-03 00:00:00,-0.0017684095445868497,-7.559840623158409e-05,False,False,True,0.0017684095445868497,-0.0006486998702296641,0.11461544022270007,0.037963237835718755
2019-07-03,0.007859769549113584,-0.005797030031326713,2019-07-05 00:00:00,-0.0003700838920127168,4.980012633082681e-05,True,False,False,-0.0003700838920127168,-0.0006369071317906873,0.11414954204009299,0.03630856409455215
2019-07-05,-0.0018977048632409738,0.0028039878200480143,2019-07-08 00:00:00,-0.008934316310927462,-0.0007516793151118946,False,False,True,0.008934316310927462,-0.0006377957859900544,0.11389748889924338,0.03646959118083396
2019-07-08,-0.0035991526831929462,-0.006587771863936227,2019-07-09 00:00:00,-0.0011592806898797524,-0.0013147709738208554,False,False,True,0.0011592806898797524,-0.0006727626340631884,0.11559639169288011,0.03429980289174783
2019-07-09,0.00027835203755585425,-0.0022158573448647877,2019-07-10 00:00:00,-0.0005852190274432727,-0.0007230486254403005,False,False,True,0.0005852190274432727,-0.0006792275038699753,0.1161107490915558,0.03436177213237632
2019-07-10,0.004123670047729036,-0.026474288887716878,2019-07-11 00:00:00,0.0007197186958359606,-0.001071524414881386,False,True,False,-0.0007197186958359606,-0.000666867690310303,0.11724277014577542,0.033546782990120524
2019-07-11,0.0014106028592614935,0.0011966972411020123,2019-07-12 00:00:00,-0.0013611084912954093,-0.00047755592657474635,False,False,True,0.0013611084912954093,-0.0006844396027983033,0.12207148597236359,0.0289875232307688
2019-07-12,0.0041486680046051464,0.027909002902397617,2019-07-16 00:00:00,-0.0037522937082994303,0.000614488055287031,True,False,False,-0.0037522937082994303,-0.0006966460380431964,0.12180217538803208,0.02887302381330749
2019-07-16,-0.002661026966530316,-0.0048384527664788665,2019-07-17 00:00:00,0.0008221779786186558,-0.0011503495416506733,False,True,False,-0.0008221779786186558,-0.0007216811870313692,0.12380206694056947,0.020508150180924313
2019-07-17,-0.006724275179952686,-0.0001914377325221183,2019-07-18 00:00:00,-0.019391483462919457,-0.0015469156890269167,False,False,True,0.019391483462919457,-0.0007100248263725459,0.12389319138286554,0.019844316078082597
2019-07-18,0.0029699873808204584,-0.021365049446481165,2019-07-19 00:00:00,0.01190082594607071,-0.0006655711726809884,False,True,False,-0.01190082594607071,-0.000744553555665233,0.1332956875208307,0.014832829086787062
2019-07-19,-0.0057530292447916164,0.014408626761587731,2019-07-22 00:00:00,-0.002075357320642829,-0.0016001182725727116,False,False,True,0.002075357320642829,-0.0006847098875447761,0.1415214122584507,-0.007025760554137839
2019-07-22,0.000886792423515576,-0.0008951356331219155,2019-07-23 00:00:00,0.002933807259442563,-0.0005314556618206612,False,True,False,-0.002933807259442563,-0.0006674459041888863,0.14214613859339342,-0.011100131939732062
2019-07-23,0.007212865250426314,0.004275045662942796,2019-07-24 00:00:00,-0.0005862785475868604,0.0003083712393841853,True,False,False,-0.0005862785475868604,-0.0006642948475413254,0.14042121843615726,-0.009397148737708909
2019-07-24,0.0031103871810185865,0.0014851046914084944,2019-07-25 00:00:00,-0.00031408238013996836,-0.0002651897498720977,False,False,True,0.00031408238013996836,-0.0006818815874746311,0.1388430423770379,-0.010210580889246361
2019-07-25,-0.0045662224042067575,0.0014363866667203998,2019-07-26 00:00:00,-0.0021347137221157764,-0.0013264067854845472,False,False,True,0.0021347137221157764,-0.0006782662919693099,0.13890551045806065,-0.009654113279627077
2019-07-26,0.005634428390141933,-0.003837440741518535,2019-07-29 00:00:00,-0.0021381234953156266,0.00014597867560028893,True,False,False,-0.0021381234953156266,-0.0006719974866607406,0.13935269340497802,-0.008548246737041736
2019-07-29,-0.001182919194905016,-0.001217871076432649,2019-07-30 00:00:00,0.0015184537881251286,-0.0008450830637351094,False,True,False,-0.0015184537881251286,-0.0006876491621559304,0.1384749571050031,-0.005231081776438107
2019-07-30,0.00023073758958026445,0.004360738775262166,2019-07-31 00:00:00,0.0019324707728878483,-0.0006763904124446778,False,True,False,-0.0019324707728878483,-0.000687535389499707,0.13729650032581442,-0.004708946705187747
2019-07-31,-0.009825592975389793,-0.0016307501482928889,2019-08-01 00:00:00,0.001522758900122336,-0.002021099408134256,False,True,False,-0.001522758900122336,-0.0006798778703169022,0.1373358910203909,-0.005019179835773754
2019-08-01,-0.007574375224723595,-0.0050697680595197985,2019-08-02 00:00:00,-0.015439886974087713,-0.0016964780924897552,False,False,True,0.015439886974087713,-0.0006900556129738551,0.13627486964484456,-0.005083963718231617
2019-08-02,-0.0056051614317088,-0.021695316324637295,2019-08-05 00:00:00,-0.01622224662056504,-0.0014897229172032083,False,False,True,0.01622224662056504,-0.0007423683568475082,0.1416675888414213,-0.0021532363963905204
2019-08-05,-0.026679997021007037,-0.020038929905368583,2019-08-06 00:00:00,0.008278357271163791,-0.004907063570080421,False,True,False,-0.008278357271163791,-0.000802214673498737,0.14106209320443985,0.017032479864045602
2019-08-06,0.01130694439420103,-0.004362924963603889,2019-08-07 00:00:00,-0.00025292947958435567,0.0006397136685503878,True,False,False,-0.00025292947958435567,-0.0007405385983845025,0.12487008734368879,0.007253589604044805
2019-08-07,0.0025308731185580816,0.0007229141961404104,2019-08-08 00:00:00,-0.004684591972032128,-0.00042750437317419304,False,False,True,0.004684591972032128,-0.0007477958772916025,0.12430111333713946,0.007886354696089615
2019-08-08,0.018198963977386476,-0.0010224484960815543,2019-08-09 00:00:00,-0.0023215181167233006,0.001475398417719193,True,False,False,-0.0023215181167233006,-0.0007728919095968771,0.12397086041751715,0.007678524344276877
2019-08-09,-0.005997814455117146,0.005750688540371797,2019-08-13 00:00:00,-0.0070276683528404365,-0.0014590759845374915,False,False,True,0.0070276683528404365,-0.0007949127537175535,0.11945310880174476,0.009093580967343945
2019-08-13,0.011463584240565624,-0.012078357052546628,2019-08-14 00:00:00,0.0002248475848865463,0.0005061055509029283,True,True,True,0.0002248475848865463,-0.0008221365952111102,0.12197404448445412,0.005796946363763725
2019-08-14,-0.02758964240097459,0.004585264122670241,2019-08-15 00:00:00,0.000648827229455238,-0.004170312292480963,False,True,False,-0.000648827229455238,-0.0008289758699816463,0.12202810050948176,0.005534083260768333
2019-08-15,0.0037905058293403434,-0.01064688936811495,2019-08-16 00:00:00,0.0027266752348732892,-0.0004731808690022611,False,True,False,-0.0027266752348732892,-0.0008144126773849963,0.11500819323867055,0.008895313479444403
2019-08-16,0.013344307091274977,0.0029775582284471414,2019-08-19 00:00:00,0.0025027587728710093,0.0007680361675280991,True,True,True,0.0025027587728710093,-0.0007968004706121544,0.1157003093798464,0.00701789104253997
2019-08-19,0.011636506901528045,0.008769226676149341,2019-08-20 00:00:00,0.0006507095237410221,0.0006150571007223688,True,True,True,0.0006507095237410221,-0.0007998605915252154,0.11571577436220476,0.007798895819643423
2019-08-20,-0.007210003897529016,0.004539078534151122,2019-08-21 00:00:00,-0.002106483736508216,-0.0015689699770310356,False,False,True,0.002106483736508216,-0.0007834057553284274,0.11457028762393567,0.008919871798287876
2019-08-21,0.007087133776188395,-0.0053358735738076426,2019-08-22 00:00:00,-0.0013181427462646473,3.0696821887282846e-06,True,False,False,-0.0013181427462646473,-0.0007730589731329663,0.11541308555162871,0.007837389871951567
2019-08-22,-9.658789472216151e-05,-0.0004257239783682969,2019-08-23 00:00:00,0.0003861145845312987,-0.0007833034417667469,False,True,False,-0.0003861145845312987,-0.0007689855126654529,0.11578872000396362,0.00736190715766083
2019-08-23,-0.023618237354271095,0.002907701105742096,2019-08-26 00:00:00,0.00029142682825137255,-0.0034700257975958998,False,True,False,-0.00029142682825137255,-0.0007732105287831447,0.1152000965258081,0.008256678831710329
2019-08-26,0.00973338559668193,-0.013712586304933288,2019-08-27 00:00:00,-0.00015374017989009653,0.00017906715963831728,True,False,False,-0.00015374017989009653,-0.0007481016065613601,0.11039816730735147,0.010747729282604965
2019-08-27,-0.002876544666966831,0.0074107084102160645,2019-08-28 00:00:00,0.0006909450510594361,-0.0009805429423821509,False,True,False,-0.0006909450510594361,-0.0007462241576438676,0.11005852535289684,0.01110143253058142
2019-08-28,0.006947940199453662,0.0013403733799096128,2019-08-29 00:00:00,-6.930747574423043e-05,4.6030209187209186e-05,True,False,False,-6.930747574423043e-05,-0.0007311821391882505,0.10962666285856426,0.011588450502900013
2019-08-29,0.011802961701533287,-0.0006273036628191368,2019-08-30 00:00:00,0.005290752944699547,0.0005601323748995727,True,True,True,0.005290752944699547,-0.0006839712041848246,0.10593082713594279,0.009873872862534785
2019-08-30,0.0006581766739386879,0.012543164927146943,2019-09-03 00:00:00,0.002421374867753525,-0.00043601443258749456,False,True,False,-0.002421374867753525,-0.0006812981056542359,0.10841057495533209,0.013866545041309769
2019-09-03,-0.0028235749660555946,0.003588339840987021,2019-09-04 00:00:00,-0.00032770801092026313,-0.0008968929274209758,False,False,True,0.00032770801092026313,-0.0006517600231287257,0.10879677032523724,0.017295723241396985
2019-09-04,0.010361452783031577,-0.0030762118580640006,2019-09-05 00:00:00,0.009231830312041596,0.000417772382261859,True,True,True,0.009231830312041596,-0.0006646253714093067,0.10985068330539563,0.01814404116385307
2019-09-05,0.008508655160969133,0.015873245680160162,2019-09-06 00:00:00,-0.0014448215997298521,0.0005796335329245472,True,False,False,-0.0014448215997298521,-0.0006368632002741036,0.11426085239637776,0.015390081315557011
2019-09-06,0.0012348001033624907,0.001359709115845369,2019-09-09 00:00:00,0.0038739322080742324,-0.00048697110147028643,False,True,False,-0.0038739322080742324,-0.0006460404113610437,0.1139017387658267,0.013549538555599608
2019-09-09,0.0007793463501197302,0.008165415558837423,2019-09-10 00:00:00,0.005972721337786526,-0.0004250462506766498,False,True,False,-0.005972721337786526,-0.0006279012764997423,0.11399036581566885,0.01396341061324645
2019-09-10,0.0009084239495994865,0.008694376524916558,2019-09-11 00:00:00,0.012028243848502025,-0.00035360561317115643,False,True,False,-0.012028243848502025,-0.0006083693204133267,0.11317632706146386,0.01747700030891984
2019-09-11,0.005850179816521594,0.017522417628651758,2019-09-12 00:00:00,0.004369032660267911,0.0005196547778147428,True,True,True,0.004369032660267911,-0.0005601653806338758,0.11188744696247845,0.024269394984127987
2019-09-12,0.002956494425630497,0.010648359691385596,2019-09-13 00:00:00,0.007818758494501662,8.011980296033312e-05,True,True,True,0.007818758494501662,-0.0005502636551873055,0.11213580377596248,0.028065785532412124
2019-09-13,-0.00032866813104255724,0.004352669772958921,2019-09-17 00:00:00,0.0064135141851750154,-0.0004252430374355097,False,True,False,-0.0064135141851750154,-0.0005312345662165973,0.110930574112656,0.03272724113718711
2019-09-17,0.0032409990167820675,0.009447076253873572,2019-09-18 00:00:00,-0.005122552537392166,0.00020058685050422325,True,False,False,-0.005122552537392166,-0.0004931048795671133,0.1107398186609537,0.035437851635344866
2019-09-18,-0.00012175917579577094,-0.0060129395835026266,2019-09-19 00:00:00,0.00507534169905125,-0.0007259884415124997,False,True,False,-0.00507534169905125,-0.0005185870232946408,0.1108639688953191,0.03224757376104646
2019-09-19,0.0002313197463402245,0.00762287835914008,2019-09-20 00:00:00,-0.0017361259236786794,-0.0002328725018069555,False,False,True,0.0017361259236786794,-0.0004895238473796572,0.11155217268320755,0.030283459135502008
2019-09-20,-0.0037460745286384193,0.000130554701586614,2019-09-24 00:00:00,0.002836409634335676,-0.0009241888383872468,False,True,False,-0.002836409634335676,-0.0005064968484152025,0.1125161616776909,0.0291214127313023
2019-09-24,-0.006334178963011795,0.0032687461300462926,2019-09-25 00:00:00,0.0015811934049251755,-0.001095877317295887,False,True,False,-0.0015811934049251755,-0.00048559520854851745,0.11155088106147519,0.02946118528216614
2019-09-25,0.0043859958192595805,-0.0017145482458101814,2019-09-26 00:00:00,0.00022521340577994747,-3.9441849726582585e-05,False,True,False,-0.00022521340577994747,-0.00047183670240259507,0.1103965429589462,0.030214328076931522
2019-09-26,-0.001495364426131094,0.005852883323681044,2019-09-27 00:00:00,-0.006412488952500572,-0.0004562644403100205,False,False,True,0.006412488952500572,-0.00046648299019847025,0.11054180755355476,0.029988439337942627
2019-09-27,-0.004255138022378132,-0.008674435398489385,2019-09-30 00:00:00,-0.0037062280870576335,-0.0012205852542153395,False,False,True,0.0037062280870576335,-0.0004974688705711584,0.1116378254538219,0.02859921325406523
2019-09-30,0.003652776767925606,-0.005047374524783354,2019-10-01 00:00:00,0.0038766101781210335,-0.00026340682361195673,False,True,False,-0.0038766101781210335,-0.0005211465751141229,0.11239297272209083,0.030274489714381243
2019-10-01,-0.012983431728639331,0.004923763481028011,2019-10-02 00:00:00,-0.000973087115099149,-0.0018430207470367822,False,False,True,0.000973087115099149,-0.0005138715266693105,0.113238620710917,0.028652205009763836
2019-10-02,-0.0170708878431892,-0.0029886043959385885,2019-10-03 00:00:00,-0.0029944135299851764,-0.0025168623070848484,False,False,True,0.0029944135299851764,-0.0005060182068968287,0.11268212933205989,0.029197610947527507
2019-10-03,0.0074666877048123826,-0.018656411890650697,2019-10-04 00:00:00,-0.0006694752082810569,-0.00024348297713344018,False,False,True,0.0006694752082810569,-0.0005292181932237699,0.11274534217603524,0.029807395300326528
2019-10-04,0.011818967561962596,-0.0009175989811077897,2019-10-07 00:00:00,-0.0032772470924847677,0.0007592972702892524,True,False,False,-0.0032772470924847677,-0.0005401943493976547,0.11222252852342492,0.029275102965397246
2019-10-07,-0.004386762809290673,0.00189398313906576,2019-10-08 00:00:00,0.0022566279730035026,-0.0009829591040262657,False,True,False,-0.0022566279730035026,-0.0005573170336574285,0.10994924893686706,0.029925929438216252
2019-10-08,-0.014313307696350015,0.007157318981417269,2019-10-09 00:00:00,0.001637314918759664,-0.0019719861475614732,False,True,False,-0.001637314918759664,-0.0005993155808580791,0.11086026565661651,0.029914347466523772
2019-10-09,0.00821399460875613,-0.00319012338462967,2019-10-10 00:00:00,8.259488676252408e-05,0.0002013054495822478,True,True,True,8.259488676252408e-05,-0.0005975061239015202,0.10826313057170772,0.028356645324488422
2019-10-10,0.0062603079303995965,4.72914026161283e-05,2019-10-11 00:00:00,0.004363353129074145,6.941553333686232e-05,True,True,True,0.004363353129074145,-0.0006133821205191982,0.10887228635097555,0.02587396745756919
2019-10-11,0.009210921360195573,0.010918327417718358,2019-10-15 00:00:00,0.00711434889743743,0.0006680350149885367,True,True,True,0.00711434889743743,-0.0006078778174279076,0.10941180093489555,0.02455773012381239
2019-10-15,0.00747491670737711,0.01529301856893976,2019-10-16 00:00:00,-0.003662775915778323,0.0006769160457562662,True,False,False,-0.003662775915778323,-0.0005831785783909133,0.11126558126602867,0.028012368510150584
2019-10-16,-0.0013868912171533772,0.007484360092283364,2019-10-17 00:00:00,-0.0025993885275438678,-0.0006073113726476603,False,False,True,0.0025993885275438678,-0.0006277938620603341,0.11284415388901146,0.023647319632699892
2019-10-17,0.0033418316329287116,-0.00312153074697554,2019-10-18 00:00:00,-0.0021322663284025377,-0.00033284676803207146,False,False,True,0.0021322663284025377,-0.0006618649851184181,0.11507658200818213,0.01779522592616855
2019-10-18,-0.0022731584066135835,-0.001393566665849274,2019-10-21 00:00:00,0.0034736639105732697,-0.0009441588426713724,False,True,False,-0.0034736639105732697,-0.0006581173809352865,0.1139263698156987,0.019424098694314024
2019-10-21,0.006157238562766742,0.003354587945950397,2019-10-23 00:00:00,0.003982699370543068,0.0001248057905581374,True,True,True,0.003982699370543068,-0.0006382488863987617,0.11349091753832649,0.01915705416032193
2019-10-23,0.0035794019666566053,0.00545869762678657,2019-10-24 00:00:00,0.0014423695622562242,-0.0001080653320377149,False,True,False,-0.0014423695622562242,-0.0006245150905560346,0.11438865718519096,0.019602986159435218
2019-10-24,-2.1037401392769034e-05,0.006289080306233332,2019-10-25 00:00:00,0.0008858406978191624,-0.0004955775890418937,False,True,False,-0.0008858406978191624,-0.0006194910413849363,0.1144704071706577,0.020085864084305544
2019-10-25,0.001979714134072305,0.0019607622191153353,2019-10-28 00:00:00,-0.0005114230459440405,-0.0003343616657110387,False,False,True,0.0005114230459440405,-0.0006016027951483361,0.11430601616159518,0.020883661075010475
2019-10-28,0.0013236628436430677,0.0012828615711792685,2019-10-29 00:00:00,0.003163857699085442,-0.0004203966258292715,False,True,False,-0.003163857699085442,-0.0005982403819664389,0.11422544436845544,0.020772139587538437
2019-10-29,0.0008959479947054018,0.006620145316641601,2019-10-30 00:00:00,-0.0013424783236606864,-0.00035795614671003267,False,False,True,0.0013424783236606864,-0.000599427780556002,0.11543453916971506,0.02085275826349276
2019-10-30,0.0022647223636425725,-0.0011617567943829393,2019-10-31 00:00:00,0.0022382336477356443,-0.00036920464115044376,False,True,False,-0.0022382336477356443,-0.0006074354448125187,0.11567111458443942,0.020427818007617317
2019-10-31,-0.0031360005516519033,0.002143557127809918,2019-11-01 00:00:00,0.0005544273278118637,-0.000897342730609342,False,True,False,-0.0005544273278118637,-0.0005748967095268495,0.11655717586365462,0.02009619718832905
2019-11-01,0.008585607529920143,-0.003164559866504605,2019-11-05 00:00:00,0.0012193866485735597,0.00034632016705583884,True,True,True,0.0012193866485735597,-0.0005794749611300882,0.11619870234744888,0.02270183807097044
2019-11-05,-0.0019821632245793264,0.014855409874687501,2019-11-06 00:00:00,0.0023790409352714343,-0.0004606932644131487,False,True,False,-0.0023790409352714343,-0.0005708078335089028,0.11504998637558397,0.022763587402188916
2019-11-06,-0.0002957091793036503,0.002791729810187297,2019-11-07 00:00:00,-0.0014774117329405616,-0.000522053284694986,False,False,True,0.0014774117329405616,-0.0005648803127986585,0.1151261936162793,0.027535222088393436
2019-11-07,0.0013901754392046208,0.0017389304170501278,2019-11-08 00:00:00,0.0031967267036149077,-0.00035431362709861206,False,True,False,-0.0031967267036149077,-0.0005617118826990767,0.11624694826977773,0.02633492564412911
2019-11-08,0.0009329384572924457,0.0012262827098557037,2019-11-11 00:00:00,-0.002689164846655581,-0.000420761330533534,False,False,True,0.002689164846655581,-0.0005627992866315363,0.1168016972262145,0.02696699595685377
2019-11-11,-0.002311403056545556,-0.000554184668396446,2019-11-12 00:00:00,-0.0013030987210860072,-0.0008580275842817859,False,False,True,0.0013030987210860072,-0.0005750575043139768,0.11591140914602807,0.02716079212860772
2019-11-12,0.000933810543447211,0.0008758110636160904,2019-11-13 00:00:00,-0.0024202268126505343,-0.0004290624013623164,False,False,True,0.0024202268126505343,-0.0005621842748390202,0.11522928126670925,0.029138197467659464
2019-11-13,0.001056310169583105,-0.007817089190421992,2019-11-14 00:00:00,-0.0018585314975654234,-0.0006794237056415651,False,False,True,0.0018585314975654234,-0.0005766292977141317,0.11610358454865746,0.028838842633067407
2019-11-14,0.0026954318892628004,-0.003046107492925828,2019-11-15 00:00:00,0.0025910230053820343,-0.0003803911064346607,False,True,False,-0.0025910230053820343,-0.0005992573147372434,0.11561131201079534,0.03045073395021032
2019-11-15,0.005901358919796434,0.0022470637540537805,2019-11-18 00:00:00,-0.0027542990681324827,0.00018855048827230264,True,False,False,-0.0027542990681324827,-0.0005415615075595715,0.11224598192144793,0.030131841647252
2019-11-18,0.0002605478927331095,-0.0005835646457316353,2019-11-19 00:00:00,-0.0011642156327264018,-0.0005494048375398523,False,False,True,0.0011642156327264018,-0.0005595594670426057,0.11155847564353165,0.032407200095160675
2019-11-19,-0.0017536959758015502,-0.0019232742191549075,2019-11-20 00:00:00,-0.0018684264912186227,-0.0007705265916188983,False,False,True,0.0018684264912186227,-0.000524934068686547,0.1023588265005937,0.03436133035648422
2019-11-20,-0.0020004932452099,-0.004085439236448074,2019-11-21 00:00:00,-0.00022750492931600252,-0.0008233363623971405,False,False,True,0.00022750492931600252,-0.0005093811364012272,0.10888007959925675,0.023532686855788472
2019-11-21,-0.0012704728007295303,0.0022363354086741578,2019-11-22 00:00:00,7.647731527991945e-05,-0.000596178243631307,False,True,False,-7.647731527991945e-05,-0.0005095138047330916,0.1093472040281976,0.02336778707377092
2019-11-22,0.0012216159853038326,0.0007805169874355311,2019-11-25 00:00:00,0.0020193614951768838,-0.000375705929851478,False,True,False,-0.0020193614951768838,-0.000528281152277333,0.11022785441544174,0.02295800569963615
2019-11-25,0.005262275943493569,0.010856077320959338,2019-11-26 00:00:00,0.0011168188476265342,0.00028357467210301737,True,True,True,0.0011168188476265342,-0.0005301220956654495,0.10731852719477722,0.022932506508550755
2019-11-26,0.0030315580434273526,0.001983046167070516,2019-11-27 00:00:00,-4.379613869197411e-05,-0.00012768815435271357,False,False,True,4.379613869197411e-05,-0.0005080808119914876,0.10805067710722756,0.026641214528369546
2019-11-27,0.003925725447742793,-0.0025449861998183554,2019-11-29 00:00:00,-0.003441012941523214,-0.00016821931862354172,False,False,True,0.003441012941523214,-0.0005165091688241546,0.1065882386278426,0.027562550482905075
2019-11-29,-0.003771993247837411,-0.0023787772772193637,2019-12-02 00:00:00,-0.0016056242708119136,-0.0009954767139071644,False,False,True,0.0016056242708119136,-0.0005287946875557629,0.10580098518902714,0.028418559926243658
2019-12-02,-0.008349177000676632,-0.00023802773846739848,2019-12-03 00:00:00,0.0006946430095284055,-0.0014225087786876,False,True,False,-0.0006946430095284055,-0.0005383388940027891,0.10507318679753595,0.02896826282273296
2019-12-03,-0.005457663269575419,-0.002844581734264025,2019-12-04 00:00:00,0.0018870572839505878,-0.001172958979933778,False,True,False,-0.0018870572839505878,-0.000510315683823887,0.1052883628108364,0.030941232808777305
2019-12-04,0.0067439084298823926,0.0008293046228028661,2019-12-05 00:00:00,0.0023102473639575348,0.00023799084266050113,True,True,True,0.0023102473639575348,-0.000495379956050867,0.10503224505820338,0.030197535580155505
2019-12-05,0.0013777748611973895,0.006243936573767683,2019-12-06 00:00:00,-0.00012208655091694443,-0.00013803455333461035,False,False,True,0.00012208655091694443,-0.00047895632083152107,0.10501155201601683,0.03142880916157464
2019-12-06,0.007958873746810763,0.0011238589866648745,2019-12-09 00:00:00,-0.0006370303451699833,0.0003903168614806289,True,False,False,-0.0006370303451699833,-0.0004879463044001201,0.10588268366592296,0.031637647633784995
2019-12-09,-0.0023138595346309143,0.006529204931654868,2019-12-10 00:00:00,-0.001390007540290486,-0.0005438892287365003,False,False,True,0.001390007540290486,-0.0004995291027988721,0.10703551502105116,0.031137791379820038
2019-12-10,-0.0015804789774882936,-0.0016495510686280353,2019-12-11 00:00:00,-0.0014310678197951385,-0.0007268197676352572,False,False,True,0.0014310678197951385,-0.000506038426036818,0.10731285383466918,0.031023975596605417
2019-12-11,0.0019303601942253627,-0.0015759876570990003,2019-12-12 00:00:00,-0.0011316494847571847,-0.00035801338475051895,False,False,True,0.0011316494847571847,-0.0005164784215336658,0.10786766371834831,0.031572840865031176
2019-12-12,0.006683828471398115,0.001891373669555261,2019-12-13 00:00:00,0.007875061466445924,0.0002649255731655423,True,True,True,0.007875061466445924,-0.0005170284162224477,0.10803028659274713,0.03166909059285631
2019-12-13,-0.0004188196717833154,0.010949760032049224,2019-12-16 00:00:00,0.0024935415231352224,-0.00018850913258512464,False,True,False,-0.0024935415231352224,-0.0004907730767549139,0.11034777125624182,0.031825333202679475
2019-12-16,0.007139376699828145,0.0026607651163345265,2019-12-17 00:00:00,0.0004734873845974237,0.0003925659234389883,True,True,True,0.0004734873845974237,-0.0004749947978190654,0.1087881155080288,0.034156109317540304
2019-12-17,-0.0003625069516939104,0.0028980305080926294,2019-12-18 00:00:00,-0.0018890525146594741,-0.0004298401812130792,False,False,True,0.0018890525146594741,-0.0004936333384299945,0.11233388856598682,0.03606413819352173
2019-12-18,0.0017897369355657222,-0.004217413462929626,2019-12-19 00:00:00,0.000234574463514394,-0.00044951750858057183,False,True,False,-0.000234574463514394,-0.0004999852527001361,0.11249143308607903,0.03577129203369944
2019-12-19,0.0040150647434833535,-0.0026284339529802324,2019-12-20 00:00:00,0.0003618948208307758,-0.00014228391178123368,False,True,False,-0.0003618948208307758,-0.0005045293374203723,0.1133698029493035,0.0353600945737608
2019-12-20,0.0054444706770599574,0.0004726401014938375,2019-12-23 00:00:00,-0.0021517958877182476,0.00013085676487168194,True,False,False,-0.0021517958877182476,-0.0005031099762798004,0.11338343162722109,0.035236054537073
2019-12-23,0.00012262039685003017,-0.0047625619028124275,2019-12-24 00:00:00,-0.001146270409311792,-0.0006683426677971219,False,False,True,0.001146270409311792,-0.0005177328344095764,0.11283789183415653,0.03452890772230395
2019-12-24,0.00036917906609508624,-0.0015059306061727803,2019-12-26 00:00:00,0.0015997590545203666,-0.0005217081340543595,False,True,False,-0.0015997590545203666,-0.0005108999394650692,0.11544458141276064,0.035478339521085096
2019-12-26,0.004297673102951311,0.0035694120075752712,2019-12-27 00:00:00,0.0018538097823515662,0.0001084584311213292,True,True,True,0.0018538097823515662,-0.000513297630605114,0.11563111110793943,0.034966920430758205
2019-12-27,-0.00018825723231625184,0.0032312086288767074,2019-12-30 00:00:00,-0.0021378557920699055,-0.00041730687301945647,False,False,True,0.0021378557920699055,-0.000509506200523153,0.11561161459693577,0.035269790094286525
2019-12-30,-0.0044117865687762665,-0.00423390575211692,2020-01-06 00:00:00,0.0016473308736920395,-0.0011807658712372473,False,True,False,-0.0016473308736920395,-0.0004901349063392676,0.11879368070293893,0.039334508056536086
2020-01-06,0.0028330752688881574,-0.008395419164989766,2020-01-07 00:00:00,-0.0014099230878086028,-0.0004708147186841452,False,False,True,0.0014099230878086028,-0.00047986911002029524,0.11855313001542624,0.038927841831020084
2020-01-07,-0.0031869004822640394,-0.0003130379881095938,2020-01-08 00:00:00,0.0016474369905477473,-0.0008724464452720043,False,True,False,-0.0016474369905477473,-0.00048304445182311415,0.11831094674101438,0.03947374022385511
2020-01-08,0.0029604581213301976,0.0002347850922626473,2020-01-09 00:00:00,0.004347197878290097,-0.00011279476464388374,False,True,False,-0.004347197878290097,-0.00046464876690535244,0.11568492301221867,0.03992430832874713
2020-01-09,0.0054499164591121614,0.006996432424415977,2020-01-10 00:00:00,-0.000541212439620719,0.0004656738523517814,True,False,False,-0.000541212439620719,-0.0004526948177505991,0.11614207422019533,0.04079279994448537
2020-01-10,-0.00217684561226998,-0.0002314744314724814,2020-01-14 00:00:00,-0.0018621938630825259,-0.00073699177397793,False,False,True,0.0018621938630825259,-0.0004749911139044401,0.11594459734587145,0.04150424741776356
2020-01-14,-0.0008085445589526689,-0.0003992329236725577,2020-01-15 00:00:00,-0.001970208083706319,-0.0005797689896212561,False,False,True,0.001970208083706319,-0.0004683662984272582,0.11603662951634654,0.04403921800239489
2020-01-15,0.00326856563556166,-0.0009896706380607297,2020-01-16 00:00:00,-0.00021506084299124437,-0.00013013017467239168,False,False,True,0.00021506084299124437,-0.0004664101266974619,0.1161139304631182,0.04369741733615056
2020-01-16,0.0072256822208651905,0.0014620976788319012,2020-01-17 00:00:00,-0.0008252757397458115,0.0004337065608005946,True,False,False,-0.0008252757397458115,-0.0004611399082038465,0.11503045009124872,0.04354906778379832
2020-01-17,0.002645049699581721,0.00036048759511887003,2020-01-21 00:00:00,-0.0011532805577108203,-0.00014033241683104338,False,False,True,0.0011532805577108203,-0.00044461652673737355,0.10929587104292617,0.0421404210419683
2020-01-21,-0.00261111379120135,0.0002566454304775423,2020-01-22 00:00:00,0.0005157327589286756,-0.0007037785337287347,False,True,False,-0.0005157327589286756,-0.00042714769418531796,0.10954638891671944,0.03665464573373446
2020-01-22,-0.0014740452808502972,-0.0019911546741585118,2020-01-23 00:00:00,-0.0025491076863993897,-0.0006003084672256201,False,False,True,0.0025491076863993897,-0.0003817412881610818,0.10211259049229769,0.03417544494012062
2020-01-23,0.0016241071244415086,-0.005063501265977413,2020-01-24 00:00:00,2.092251441758861e-06,-0.00029213831841223305,False,True,False,-2.092251441758861e-06,-0.00033737998018409997,0.09452139880071771,0.02138267766615361
2020-01-24,-0.00810109983143928,4.320721067701114e-05,2020-01-27 00:00:00,-0.00538279162071454,-0.0011349568398254307,False,False,True,0.00538279162071454,-0.0003499230561322162,0.09703091022201933,0.023683703130842178
2020-01-27,-0.01414134669029653,-0.018118767594243274,2020-01-28 00:00:00,-0.0011644666568982037,-0.0023134969387597457,False,False,True,0.0011644666568982037,-0.0003932025198954469,0.10734018965821417,0.022206785368401566
2020-01-28,0.007924867600679059,-0.0009568265842752185,2020-01-29 00:00:00,0.0008809795811772117,0.000403669760076666,True,True,True,0.0008809795811772117,-0.00038641059392564695,0.10223760222284019,0.02104781342362226
2020-01-29,-0.0012370699348443028,-0.0002531616586818135,2020-01-30 00:00:00,-0.0010844971942816476,-0.0005125372428718455,False,False,True,0.0010844971942816476,-0.00037855090317649243,0.10304549720714057,0.025722114530389542
2020-01-30,0.0025923151675863103,-0.0019976950489372747,2020-01-31 00:00:00,0.00013230595396341403,-0.00016665684579845384,False,True,False,-0.00013230595396341403,-0.0003830304112517179,0.1032649762859654,0.025690507107472005
2020-01-31,-0.017130659217918585,0.0012283078951257026,2020-02-03 00:00:00,0.003593932921030124,-0.002107800189600516,False,True,False,-0.003593932921030124,-0.0003895998748459593,0.10215519224154476,0.025877445714093113
2020-02-03,0.005455772155853447,-0.0059909817768348675,2020-02-04 00:00:00,0.004807330594494426,-8.15566572417417e-05,False,True,False,-0.004807330594494426,-0.00036332558712416304,0.08465762735837248,0.030062484405545296
2020-02-04,0.011931834097471995,0.009460771067135982,2020-02-05 00:00:00,0.0076247258269232605,0.0009526951530729078,True,True,True,0.0076247258269232605,-0.0003452051227704212,0.08713211550576772,0.027297386992466522
2020-02-05,0.012365251123814026,0.01218468267957824,2020-02-06 00:00:00,0.002009885432604928,0.0012482727656622534,True,True,True,0.002009885432604928,-0.00031716790410482587,0.09470684858749023,0.03236577547470293
2020-02-06,0.0016154648331712601,0.007874340149590386,2020-02-07 00:00:00,-0.002291729315445053,9.950456381485354e-05,True,False,False,-0.002291729315445053,-0.0003216394561935452,0.09485082836517106,0.03402391023217845
2020-02-07,-0.005045582399153476,-0.0016265038801338103,2020-02-10 00:00:00,-0.0008945457232095722,-0.0008621743793148043,False,False,True,0.0008945457232095722,-0.000328299578566318,0.09530431756406871,0.032590769767808274
2020-02-10,0.0053296950931360975,-0.0013939526521110307,2020-02-12 00:00:00,-0.0022512326179333826,0.00013038457874980686,True,False,False,-0.0022512326179333826,-0.0003338789107412515,0.09557564906249155,0.032372389601799896
2020-02-12,0.006440265760519522,-0.008364225906313824,2020-02-13 00:00:00,-0.0025091628269519246,1.56337054079092e-06,True,False,False,-0.0025091628269519246,-0.0003375838807575521,0.09554544178964582,0.03302048379931233
2020-02-13,0.00014052850312256722,-0.0037726346067805216,2020-02-14 00:00:00,-0.0052936450129852245,-0.0004734903026445744,False,False,True,0.0052936450129852245,-0.00035573618754066686,0.09384933454725505,0.03470853534862357
2020-02-14,0.0018475661213991357,-0.0051831136114417545,2020-02-18 00:00:00,-0.0012678271808785173,-0.00039078726923438183,False,False,True,0.0012678271808785173,-0.00037740827329539687,0.0935803823875523,0.035938810921412156
2020-02-18,-0.001988134731765391,-0.0022292649057507772,2020-02-19 00:00:00,0.0002506210614422074,-0.0006447476476774517,False,True,False,-0.0002506210614422074,-0.00037166180691569384,0.09651164892779815,0.03642800785988464
2020-02-19,0.002051590506614591,-0.0005460561493046314,2020-02-20 00:00:00,-0.002648722658265023,-0.00019812244335161373,False,False,True,0.002648722658265023,-0.0003827803155354471,0.09974652171566237,0.0365917403572699
2020-02-20,-0.001275013282890329,0.0012317771567184185,2020-02-21 00:00:00,-0.0007738233205627041,-0.00048511202323484547,False,False,True,0.0007738233205627041,-0.0004046538385595484,0.09933126290266919,0.03749906765192314
2020-02-21,-0.007124454206795911,0.0006851803500049181,2020-02-25 00:00:00,-0.00100028286733664,-0.00109103583671534,False,False,True,0.00100028286733664,-0.0004081772457284042,0.09942575165107166,0.037210091660106706
2020-02-25,-0.031086797809525692,-0.030740832453059867,2020-02-26 00:00:00,-0.004871571751116632,-0.004643489953777971,False,False,True,0.004871571751116632,-0.0004070927503319413,0.09948004656380245,0.03721047930571063
2020-02-26,-0.007115984267881333,-0.016476405976643668,2020-02-27 00:00:00,-0.018056424637595523,-0.0017298777044081107,False,False,True,0.018056424637595523,-0.0004036406061388186,0.09949099180990523,0.03752400654794008
2020-02-27,-0.04456400269270571,-0.02094884138933175,2020-02-28 00:00:00,-0.021614673746846134,-0.006339312477829829,False,False,True,0.021614673746846134,-0.00047393408804499444,0.10525007796542518,0.056089671504435515
2020-02-28,-0.01306286587512594,-0.03688589153756237,2020-03-02 00:00:00,0.013284871757533692,-0.004982472676615305,False,True,False,-0.013284871757533692,-0.0005472944583535006,0.15372150409637245,0.06580117022945267
2020-03-02,0.045944467258720874,0.00561434820223967,2020-03-03 00:00:00,-0.023690538091366644,0.00668154510281251,True,False,False,-0.023690538091366644,-0.0004677773942154737,0.15291655880781324,0.022024403031649473
2020-03-03,-0.02254274412006171,-0.0008092704951386809,2020-03-04 00:00:00,0.00014197798149895955,-0.0020034384448663514,False,True,False,-0.00014197798149895955,-0.0005456495264990196,0.06328169018757782,0.03861004345449541
2020-03-04,0.04140225430456761,-0.01111374310550447,2020-03-05 00:00:00,-0.003322929023756886,0.0015122007417944514,True,False,False,-0.003322929023756886,-0.0005336678980619876,0.060109956496771075,0.03984427758097552
2020-03-05,-0.031925279449765816,0.006134419720335205,2020-03-06 00:00:00,-0.021996744870885966,-0.0017917791326763377,False,False,True,0.021996744870885966,-0.000533167481866168,0.04839140222116227,0.04667065527280381
2020-03-06,-0.019755657887008303,-0.0301670379884041,2020-03-09 00:00:00,-0.037196389716342024,-0.003140241312759995,False,False,True,0.037196389716342024,-0.0006207642594309186,0.08513135224292,0.027767100743584322
2020-03-09,-0.08368616142317901,-0.054296685774516885,2020-03-10 00:00:00,0.01301286217053433,-0.0142136546107983,False,True,False,-0.01301286217053433,-0.0007426908892433016,0.10649630013929345,0.0839590316075296
2020-03-10,0.0447764744494131,0.004794584611029087,2020-03-11 00:00:00,-0.01112315327514124,0.0011179129087390183,True,False,False,-0.01112315327514124,-0.0006627559577976816,0.03510515216713852,0.04354577808509059
2020-03-11,-0.049941185630343395,-0.005257981894589344,2020-03-12 00:00:00,-0.02866209273577039,-0.0016486972645492865,False,False,True,0.02866209273577039,-0.0007077710782210157,0.013567075816584007,0.05008962369808157
2020-03-12,-0.09823876889493982,-0.04776892629994934,2020-03-13 00:00:00,0.00021098230892394534,-0.008511239404992176,False,True,False,-0.00021098230892394534,-0.0008216494357964332,0.06199039035956768,0.03348893225922818
2020-03-13,0.08527156915134605,-0.0560686290295618,2020-03-16 00:00:00,-0.011914975334265868,0.001421548836413969,True,False,False,-0.011914975334265868,-0.000804623340441964,0.04353960438056495,0.026512476488767082
2020-03-16,-0.11948523253109622,0.0013500018445102586,2020-03-17 00:00:00,0.024767096422048912,-0.002022055844463637,False,True,False,-0.024767096422048912,-0.0008265194210404628,0.01079767597974611,0.07009353520294592
2020-03-17,0.05952594415473406,-0.0004152776269620752,2020-03-18 00:00:00,-0.008396321614059187,-0.0033751995658350296,False,False,True,0.008396321614059187,-0.000729794233751522,-0.043792276273116645,0.09301907382746608
2020-03-18,-0.06063839651596201,0.019633998542869964,2020-03-19 00:00:00,0.0002981301648466733,0.004057566760773452,True,True,True,0.0002981301648466733,-0.0007486364099995398,-0.048585074049617705,0.09473781826628389
2020-03-19,0.004067419035654521,0.008120499121476995,2020-03-23 00:00:00,0.010165390160120406,-0.00021570791961315514,False,True,False,-0.010165390160120406,-0.0007670096428744161,-0.04482480660475727,0.09034210630904524
2020-03-23,-0.03740220415501871,0.003546456133364854,2020-03-24 00:00:00,0.00920542269460051,0.001277585148223287,True,True,True,0.00920542269460051,-0.00072577242587603,-0.04463862411303041,0.09411497824108978
2020-03-24,0.10081494688502261,0.03409398644604561,2020-03-25 00:00:00,0.021127552845627676,-0.0023405468615651155,False,True,False,-0.021127552845627676,-0.0006984123389178744,-0.049063598112216306,0.0969147307034018
2020-03-25,0.02106153973307834,0.06473682396487324,2020-03-26 00:00:00,-0.0025891806273233187,0.006537807086707873,True,False,False,-0.0025891806273233187,-0.0005823136774422265,-0.022596072573333903,0.11733706381064608
2020-03-26,0.06158293660900072,-0.01373653365897178,2020-03-27 00:00:00,0.007744533706799885,-0.003307659167903756,False,True,False,-0.007744533706799885,-0.0006313248234436252,-0.021827075803922798,0.09697926361482204
2020-03-27,-0.028479357693425397,0.025885632237070567,2020-03-30 00:00:00,0.016969165409590696,0.0020566612748051795,True,True,True,0.016969165409590696,-0.0005974439040900622,-0.012658469124676788,0.08860514156412015
2020-03-30,0.029461977418428983,0.0027931695744362376,2020-03-31 00:00:00,-0.010580319785721153,-0.0008171491423040814,False,False,True,0.010580319785721153,-0.0005315075070766688,-0.01954778793956373,0.10392310380469483
2020-03-31,-0.015995001194841117,-0.007199413205320987,2020-04-01 00:00:00,-0.022587537972974428,-0.0009544695485476779,False,False,True,0.022587537972974428,-0.0005710042608913391,-0.022868591502748545,0.10407076447749604
2020-04-01,-0.04622472957773141,-0.029639909346942384,2020-04-02 00:00:00,-0.005959617106439722,-0.0029529784635226966,False,False,True,0.005959617106439722,-0.0006590631864363483,-0.01934418950718951,0.10756089597438168
2020-04-02,0.025842125691701693,-0.01533294090621086,2020-04-03 00:00:00,-0.025794401101085968,-0.002812511675797007,False,False,True,0.025794401101085968,-0.0006544599800141924,-0.018322380447421974,0.10986557944712347
2020-04-03,-0.015130859110572416,-0.00245081452372412,2020-04-06 00:00:00,0.020881536398384304,-0.0006207042331560567,False,True,False,-0.020881536398384304,-0.0007267726076977166,-0.026929186972232164,0.12297681304722591
2020-04-06,0.06746438530602615,0.019464275367831765,2020-04-07 00:00:00,-0.0031118371630612734,-0.00030450908387150404,False,False,True,0.0031118371630612734,-0.0006556129759829307,-0.030555766616115698,0.12394655638756576
2020-04-07,0.003360416102071374,0.017613266041713545,2020-04-08 00:00:00,0.01044237507323819,0.001393246410717507,True,True,True,0.01044237507323819,-0.000665218941935678,-0.03236024730656628,0.12304414431920659
2020-04-08,0.041909158192255574,0.017851157721714,2020-04-09 00:00:00,-0.007389708494656268,0.00030074703318172524,True,False,False,-0.007389708494656268,-0.0006202199981888924,-0.03278027007749515,0.12854967680005963
2020-04-09,0.02198566158974079,-0.004932721832613494,2020-04-13 00:00:00,-0.006744685890858422,-0.002065169771427968,False,False,True,0.006744685890858422,-0.0006583191877391532,-0.03578998950593959,0.12568800900381766
2020-04-13,-0.016467302217419825,-0.0013563296637547236,2020-04-14 00:00:00,0.004565835216555423,-0.00024360114690455704,False,True,False,-0.004565835216555423,-0.0006805810330023744,-0.03697460097067275,0.12673323237575362
2020-04-14,0.02551502910240772,0.0032785031870430164,2020-04-15 00:00:00,-0.0037446254895827057,-0.0012093264070968585,False,False,True,0.0037446254895827057,-0.000660248700830047,-0.037836859926285576,0.12698809552526039
2020-04-15,-0.02813121956576937,0.002847927841484864,2020-04-16 00:00:00,-0.004264570082874717,0.0007702356379012422,True,False,False,-0.004264570082874717,-0.0006735057004653389,-0.03848484952874877,0.12679941572166858
2020-04-16,-0.0022448019107855263,-0.006487857899414346,2020-04-17 00:00:00,0.00022169548632252034,-0.0014324421001396439,False,True,False,-0.00022169548632252034,-0.0007005726056070646,-0.03683048515082432,0.12554939559447445
2020-04-17,0.03663234244414468,0.007478497804260301,2020-04-20 00:00:00,-0.0019925338826622756,-0.0011073410011280347,False,False,True,0.0019925338826622756,-0.0006949808569741934,-0.03682332121420617,0.12523429076386983
2020-04-20,-0.02227179855888303,-0.006979249747278351,2020-04-21 00:00:00,-0.002701003564563147,-0.0007369206594944371,False,False,True,0.002701003564563147,-0.0006940021368513115,-0.037338827514441064,0.12530306252626466
2020-04-21,-0.025490733209024306,-0.008030146861860144,2020-04-22 00:00:00,-0.0031630646249890407,-0.0007817098432113976,False,False,True,0.0031630646249890407,-0.0007121866964046438,-0.03700178875013749,0.12611548574574794
2020-04-22,0.0213628706354087,-0.007634664415223333,2020-04-23 00:00:00,0.00513213255508496,-0.0024590446797933844,False,True,False,-0.00513213255508496,-0.0007164079204005503,-0.036357239564018234,0.12652052551256676
2020-04-23,0.001036519242845222,0.009993062626395178,2020-04-24 00:00:00,0.0018794336377713152,0.000515904139429616,True,True,True,0.0018794336377713152,-0.0006876457638458691,-0.03441742237337378,0.12400845168140884
2020-04-24,0.0113901966930414,0.002490767053085897,2020-04-27 00:00:00,0.004421833801622382,-0.0007589472493460544,False,True,False,-0.004421833801622382,-0.0006767483023063537,-0.03442056091931571,0.12440264605725587
2020-04-27,0.017997070528181558,0.016178692863813956,2020-04-28 00:00:00,-0.0017955078577954035,0.0007546336631515829,True,False,False,-0.0017955078577954035,-0.0006521242130310072,-0.03382836468580337,0.12458171733973387
2020-04-28,0.0030323570048703674,-0.000611308130837096,2020-04-30 00:00:00,0.0024906230523311255,-0.0008240631230368926,False,True,False,-0.0024906230523311255,-0.0006445624478957105,-0.03397097055106377,0.1251227666867102
2020-04-30,-0.014410261422958476,0.018013871710663456,2020-05-01 00:00:00,-0.017706000239505585,0.00208555524599192,True,False,False,-0.017706000239505585,-0.0006477864876658488,-0.033816684288055066,0.12468360542834803
2020-05-01,-0.027582278767079818,-0.021729271244976825,2020-05-07 00:00:00,-0.010266768074045265,-0.00235991338160422,False,False,True,0.010266768074045265,-0.0007385493708724801,-0.0290581559437372,0.1115018603759788
2020-05-07,0.012835085833405343,-0.012150788357244454,2020-05-08 00:00:00,0.0071500544773818505,-0.0025393047629618023,False,True,False,-0.0071500544773818505,-0.0007769164729258433,-0.027620115192969766,0.11586752228848199
2020-05-08,0.021302956120294304,0.017554268269008938,2020-05-11 00:00:00,0.009251001672016574,0.0006700578323226339,True,True,True,0.009251001672016574,-0.000741369202937777,-0.02583152942985166,0.11175145230564398
2020-05-11,-0.005456612543742745,0.027697343274268277,2020-05-12 00:00:00,-0.0037529070276632426,0.002637347229746061,True,False,False,-0.0037529070276632426,-0.0006999509511901169,-0.02466796060215666,0.11563183681451876
2020-05-12,-0.02035841382976084,-0.004249762107870582,2020-05-13 00:00:00,0.0027442409177231776,-0.0007192972352142201,False,True,False,-0.0027442409177231776,-0.0007292729109733428,-0.023463846561653054,0.11005581270415536
2020-05-13,-0.019716565799829975,-0.004977717670746709,2020-05-14 00:00:00,-0.006305714764816359,-0.0007845898016627768,False,False,True,0.006305714764816359,-0.00071309714019022,-0.024115440207188393,0.10988295465688828
2020-05-14,0.01078197612103375,-0.009720112124145435,2020-05-15 00:00:00,-0.003717623855878737,-0.0020503804452543365,False,False,True,0.003717623855878737,-0.0007310526227871811,-0.023086316143151556,0.11012339152241694
2020-05-15,0.002331037473813297,-0.0016081049281492297,2020-05-18 00:00:00,0.00010042599289165654,-0.0009879315108126925,False,True,False,-0.00010042599289165654,-0.0007547031562359372,-0.023626505942991205,0.11078511154953563
2020-05-18,0.040168877487296584,0.002868337029746341,2020-05-19 00:00:00,-0.0018050278795763315,-0.0013777480665657766,False,False,True,0.0018050278795763315,-0.0007452176945990257,-0.023687725069170384,0.11120692965349568
2020-05-19,-0.013497255484034153,0.011634477391839145,2020-05-20 00:00:00,0.007451722041312288,0.0008666155184304024,True,True,True,0.007451722041312288,-0.0007501782246219654,-0.023849328329895517,0.11129793129938442
2020-05-20,0.01704418593048862,0.011353958727156369,2020-05-21 00:00:00,-0.003953088835410241,0.0001737311268262883,True,False,False,-0.003953088835410241,-0.0006970589064808516,-0.025417813961926924,0.11485121725005482
2020-05-21,-0.007030559411795766,-0.0011318847904057128,2020-05-22 00:00:00,-0.002983647111141264,-0.0006733845732821721,False,False,True,0.002983647111141264,-0.0007270391712332535,-0.02601252466929814,0.11417063227866314
2020-05-22,0.0031458431083589903,-0.004799806791150728,2020-05-26 00:00:00,0.008198179382397341,-0.0013762125420723986,False,True,False,-0.008198179382397341,-0.0007475727385460537,-0.02582551272703308,0.11404558893982798
2020-05-26,0.01897490664918403,0.022283705742521736,2020-05-27 00:00:00,0.007187508668545809,0.0013530582225713072,True,True,True,0.007187508668545809,-0.0006893062770904972,-0.025076356744955716,0.1130057117561814
2020-05-27,0.01712362710169667,0.016641805770752503,2020-05-28 00:00:00,0.0009874216476164228,0.00084754706933086,True,True,True,0.0009874216476164228,-0.0006809780821226855,-0.024605862367672426,0.1171667780536217
2020-05-28,-0.0004226293663383007,0.010675031293351749,2020-05-29 00:00:00,-0.0017128126930883235,0.0005794906314279134,True,False,False,-0.0017128126930883235,-0.0006821624879251355,-0.024581250348267934,0.11721411644702401
2020-05-29,0.0013416260387273192,-0.002539734860810664,2020-06-01 00:00:00,-7.21107902650995e-05,-0.0010014485754115728,False,False,True,7.21107902650995e-05,-0.0006740514954004967,-0.024221773903269843,0.11611468661108724
2020-06-01,0.007968051377033077,-0.002050844995133122,2020-06-02 00:00:00,0.005999765977016941,-0.0010521764771267489,False,True,False,-0.005999765977016941,-0.0006104580923415308,-0.026072071046234283,0.11408701473705438
2020-06-02,0.01003341264210838,0.013836867875805004,2020-06-03 00:00:00,-0.005399123973860142,0.0007000363231297043,True,False,False,-0.005399123973860142,-0.0005525273524804849,-0.024906228236497407,0.10858368775007825
2020-06-03,0.01758428871190997,0.006448180252487586,2020-06-04 00:00:00,-0.008920279093278683,-0.0003346540336033484,False,False,True,0.008920279093278683,-0.0005807379749931806,-0.025131523903139278,0.1066973760864518
2020-06-04,-0.0030657623992465977,0.00019005871837937834,2020-06-05 00:00:00,0.00778758335023967,-0.0005093132590020475,False,True,False,-0.00778758335023967,-0.0006099418525423103,-0.02627323920383088,0.10565726662779265
2020-06-05,0.029066210252088606,0.00831179888811893,2020-06-08 00:00:00,-0.003533333136843884,-0.0004647439131539242,False,False,True,0.003533333136843884,-0.0005921944690325283,-0.025880133650084722,0.105836049902695
2020-06-08,0.01734555947378702,0.01308855536983006,2020-06-09 00:00:00,-0.0019397048401426347,0.0003144862530977822,True,False,False,-0.0019397048401426347,-0.000604447909426995,-0.02665447565444011,0.10553272811263742
2020-06-09,-0.013799204446376601,0.0015553163943535656,2020-06-10 00:00:00,-0.00021552635782233896,-7.419060707188275e-05,False,False,True,0.00021552635782233896,-0.0006078467103100292,-0.026850200978806547,0.10489485682628674
2020-06-10,-0.013320958621974214,-0.00479724803951187,2020-06-11 00:00:00,-0.014189104048730972,-0.0007642122244181054,False,False,True,0.014189104048730972,-0.0006233772343790315,-0.027034915756968488,0.10442778444226207
2020-06-11,-0.06124079450692579,-0.023063795525819688,2020-06-12 00:00:00,0.012523252112174258,-0.0015449286668401904,False,True,False,-0.012523252112174258,-0.0006694984133557981,-0.025662328047789507,0.10609752455050091
2020-06-12,0.014701768354741856,-0.016132024337516156,2020-06-15 00:00:00,-0.013094434282870571,-0.0027097127899120828,False,False,True,0.013094434282870571,-0.0006076101082997576,-0.032603657337057154,0.1005931574347841
2020-06-15,0.009615245292852242,-0.01765760727361819,2020-06-16 00:00:00,0.012867159223455781,-0.0028638131606140917,False,True,False,-0.012867159223455781,-0.0006501279471244707,-0.03489043689277685,0.10636804156342132
2020-06-16,0.017909204114059486,0.029564662100628174,2020-06-17 00:00:00,-0.0028703539147355507,0.0017247321033426282,True,False,False,-0.0028703539147355507,-0.0005837145880185982,-0.032267075677941036,0.09762750969441825
2020-06-17,-0.0075889450455393585,-0.001409051212426868,2020-06-18 00:00:00,-0.0027052732027749355,-0.0004887816923773814,False,False,True,0.0027052732027749355,-0.0006020160084223858,-0.03239195083398759,0.09409623836424023
2020-06-18,0.0001266568055813973,-0.0039841679911609895,2020-06-19 00:00:00,-0.0032298889041137064,-0.0009908487828448951,False,False,True,0.0032298889041137064,-0.0006117119398794066,-0.03223593702464103,0.09413607633741701
2020-06-19,-0.008015837608724274,-0.0004126811861359495,2020-06-22 00:00:00,0.0012222956459281222,-0.000394938841401734,False,True,False,-0.0012222956459281222,-0.0006155884813164957,-0.03238945821519125,0.09445305161047708
2020-06-22,0.0033267175380913283,-0.0015212061417935513,2020-06-23 00:00:00,0.0005544447938772943,-0.0008635872908120448,False,True,False,-0.0005544447938772943,-0.0006115325742464043,-0.03249957425241727,0.09462084655398201
2020-06-23,0.001697678113613523,0.0038639140252620155,2020-06-24 00:00:00,-0.0032356641277611915,-0.0002806743890386433,False,False,True,0.0032356641277611915,-0.000588492848507918,-0.03230323112331604,0.09385792374656561
2020-06-24,-0.027215732532734068,-0.0058683328286467515,2020-06-25 00:00:00,-0.004418889644890959,-0.00024622696534638356,False,False,True,0.004418889644890959,-0.0005858756655727819,-0.032534035458063194,0.09300578596129078
2020-06-25,0.009353672829256122,-0.013518618057869325,2020-06-26 00:00:00,0.004892876369212227,-0.0021476118059413282,False,True,False,-0.004892876369212227,-0.000598829810416318,-0.031447007906119394,0.09280807895758263
2020-06-26,-0.02339174882408559,0.01096389436938993,2020-06-29 00:00:00,-0.0026868156947767352,0.0011275882938910145,True,False,False,-0.0026868156947767352,-0.0006170829755529543,-0.03232005841876022,0.09017312166858907
2020-06-29,0.01719405367020393,-0.014588819753497084,2020-06-30 00:00:00,-0.0027431363138592122,-0.0024688138272358235,False,False,True,0.0027431363138592122,-0.0006250925005526871,-0.03127135924223712,0.08952334181925946
2020-06-30,0.012850261054463791,0.0053606249181350355,2020-07-01 00:00:00,-0.015069702394035319,-0.0005526198118010767,False,False,True,0.015069702394035319,-0.0006300555681851848,-0.03140154537467495,0.08971972844718172
2020-07-01,0.00549294615610379,-0.012824641031969805,2020-07-02 00:00:00,-0.0043253816116427994,-0.0020163888877147047,False,False,True,0.0043253816116427994,-0.0007022544614388099,-0.03301030083285105,0.08833078589726899
2020-07-02,0.005293541220599127,0.0004254385058589007,2020-07-06 00:00:00,0.010795584983692394,-0.0008569552487279388,False,True,False,-0.010795584983692394,-0.0007189767982799994,-0.03319000068142096,0.08864779692363756
2020-07-06,0.010537600195553831,0.01662994240681608,2020-07-07 00:00:00,-0.0033506123793945563,0.0004595239879858063,True,False,False,-0.0033506123793945563,-0.0006701840020102185,-0.0327078722822666,0.08865758132448431
2020-07-07,-0.010901436164940386,-0.004773551733976918,2020-07-08 00:00:00,-0.00408360246630474,-0.0007342481427730338,False,False,True,0.00408360246630474,-0.0006760002125566744,-0.032838541203474444,0.0871961202249355
2020-07-08,0.003388515207535621,-0.007338203096002834,2020-07-09 00:00:00,-0.004025817269742454,-0.00145259114275302,False,False,True,0.004025817269742454,-0.0006962725655273527,-0.032685615766060924,0.08797288146553835
2020-07-09,-0.011862635977042835,-0.0030455292199095263,2020-07-10 00:00:00,-0.011946784640122901,-0.000589656571218439,False,False,True,0.011946784640122901,-0.0007094717212526617,-0.03283372541028163,0.08854926773158364
2020-07-10,0.014693127325987104,-0.012103900860234398,2020-07-13 00:00:00,0.00979273573216157,-0.0022633906400173695,False,True,False,-0.00979273573216157,-0.0007227437470154356,-0.03162562899181499,0.08889427564593673
2020-07-13,-0.005543679219271236,0.01995240676761784,2020-07-14 00:00:00,-0.00017031584321733513,0.0011828429144328078,True,False,False,-0.00017031584321733513,-0.0007045237225436886,-0.030147925324752363,0.08621697772528464
2020-07-14,0.01564316493539382,-0.03746102519340358,2020-07-15 00:00:00,0.002189212298077232,-0.004360348662111276,False,True,False,-0.002189212298077232,-0.0007161777142088278,-0.02988064400796323,0.08480128584066295
2020-07-15,0.011262440474645662,0.05232134075040514,2020-07-16 00:00:00,-0.005634246426087766,0.0030889547274553374,True,False,False,-0.005634246426087766,-0.0006810944137884159,-0.027772426352996524,0.07803382675833363
2020-07-16,-0.0011588045053544686,0.0023297550905863836,2020-07-17 00:00:00,-0.007170338546201579,-0.0005341240638182463,False,False,True,0.007170338546201579,-0.0007213009476822717,-0.026872508658621338,0.06697566640833673
2020-07-17,0.00415188835452637,-0.003899774683649653,2020-07-20 00:00:00,-0.005556898928600627,-0.0011066000782874814,False,False,True,0.005556898928600627,-0.0007368569241142909,-0.026732070844228767,0.06635116167801382
2020-07-20,-0.0019403948174885938,-0.0018516077356540706,2020-07-21 00:00:00,-0.0017431107448012814,-0.0008185689494445048,False,False,True,0.0017431107448012814,-0.00074736964200084,-0.02707940299049706,0.06683059175241483
2020-07-21,0.009240380197169551,-0.0007271271555445255,2020-07-22 00:00:00,-0.002736969558387693,-0.0010658534831947612,False,False,True,0.002736969558387693,-0.0007675981458200818,-0.02697536335185633,0.06737848211712519
2020-07-22,0.0063169872871436435,-0.0028014296661013267,2020-07-27 00:00:00,0.0068450239660799665,-0.0011284704426512621,False,True,False,-0.0068450239660799665,-0.0007673548473755826,-0.027115076728634696,0.06776182982139652
2020-07-27,0.00477232198435119,-0.003585080203806389,2020-07-28 00:00:00,-0.006049167172668496,-0.0011399278335850467,False,False,True,0.006049167172668496,-0.0007719078808338943,-0.026994948226136364,0.06671855419334355
2020-07-28,-0.0038647948110550915,-0.0024394814707578657,2020-07-29 00:00:00,-0.006685651395798183,-0.0008472792116983043,False,False,True,0.006685651395798183,-0.0007877229972312772,-0.027269735591233454,0.0676160688474615
2020-07-29,0.012029243754470372,-0.011141723458761618,2020-07-30 00:00:00,-0.014486424393842831,-0.0018894876548455055,False,False,True,0.014486424393842831,-0.0008064989992588273,-0.027063615518340474,0.06798174720838757
2020-07-30,-0.008562176137484183,-0.01363467729218835,2020-07-31 00:00:00,-0.02191120144897658,-0.0015958196083983211,False,False,True,0.02191120144897658,-0.0008593517603195317,-0.02903113187008391,0.07224501845638337
2020-07-31,0.0028126135038528373,-0.026029591298291625,2020-08-03 00:00:00,0.003357642548451148,-0.0030475490738571115,False,True,False,-0.003357642548451148,-0.0009063951603225927,-0.02862624402780544,0.0791652596232877
2020-08-03,0.0008379056164984557,0.011103783838240478,2020-08-04 00:00:00,0.010897572342389547,-7.326412066942104e-05,False,True,False,-0.010897572342389547,-0.0008829336495605889,-0.02787298095283544,0.07502167444139524
2020-08-04,0.007973220855178174,0.02503875587214815,2020-08-05 00:00:00,0.0022115480515930382,0.0008900236512714012,True,True,True,0.0022115480515930382,-0.0008400583745559844,-0.0283206891451194,0.07811446963017447
2020-08-05,0.004968252103503803,-0.00037496965396015025,2020-08-06 00:00:00,-0.0030505317567729516,-0.0010233470638419926,False,False,True,0.0030505317567729516,-0.0008494464923791969,-0.028857019203911465,0.08142425601554869
2020-08-06,0.003519289830597047,0.002027316980113387,2020-08-07 00:00:00,0.0033594057438608633,-0.0007918635234644681,False,True,False,-0.0033594057438608633,-0.0008552255626743646,-0.028940037478128896,0.08149214968570564
2020-08-07,0.0062614252324149884,-0.0001062996388246656,2020-08-11 00:00:00,0.017119517916560332,-0.001010048599316517,False,True,False,-0.017119517916560332,-0.0008178603207191211,-0.02924765692956826,0.08519560000121519
2020-08-11,-0.007014010135706198,0.028355825988004315,2020-08-12 00:00:00,0.0014485688314247458,0.0018547769991660067,True,True,True,0.0014485688314247458,-0.0007539494240708007,-0.028277881138613008,0.0850049326489016
2020-08-12,0.011001797550374903,0.015595921837896643,2020-08-13 00:00:00,0.0009474029882291382,0.0003235875649014162,True,True,True,0.0009474029882291382,-0.0006794608457515707,-0.02949634817261651,0.08512233361529381
2020-08-13,-0.0037717008403072923,0.009027193682792752,2020-08-14 00:00:00,-0.002377067683822581,0.00022348535517054873,True,False,False,-0.002377067683822581,-0.0007353462868268083,-0.03096291700142017,0.09327913098062943
2020-08-14,0.0008421989924457126,-0.0025617913308169944,2020-08-17 00:00:00,-0.006791449327154645,-0.0010006362677630067,False,False,True,0.006791449327154645,-0.000734278387664728,-0.031094984201404562,0.09375069422892712
2020-08-17,0.00156567247573016,-0.006874416401019523,2020-08-18 00:00:00,-0.0008579646842323165,-0.001469310922514993,False,False,True,0.0008579646842323165,-0.0007725755027802819,-0.031179969990906165,0.09425058959619706
2020-08-18,-0.001050674968170795,-0.002598293499400158,2020-08-19 00:00:00,0.006626264618766423,-0.000982032802726282,False,True,False,-0.006626264618766423,-0.0007701657581112094,-0.031159242519734606,0.09414074307394077
2020-08-19,-0.005518674534596424,0.0037059702052837764,2020-08-20 00:00:00,-0.0015685247458684512,-0.00022191576131548753,False,False,True,0.0015685247458684512,-0.0007412995506898085,-0.031213665653529784,0.09366662665173765
2020-08-20,-0.0017174791688047747,-0.004793695495952001,2020-08-21 00:00:00,-0.0020029463286953867,-0.001135104301574685,False,False,True,0.0020029463286953867,-0.0007400014262928361,-0.031207636124516828,0.09360238684585792
2020-08-21,0.0010816971421101092,0.0015621068326589133,2020-08-24 00:00:00,-0.003500569867616011,-0.000627542734232122,False,False,True,0.003500569867616011,-0.0007400585509850878,-0.031151397819337154,0.09359935677254884
2020-08-24,0.012465947093557105,-0.003435647804679819,2020-08-25 00:00:00,0.003831163428164886,-0.0014702556243001534,False,True,False,-0.003831163428164886,-0.0007609127361786095,-0.03111687601548193,0.09356068382734788
2020-08-25,-4.9765440093910406e-05,0.018268530327520908,2020-08-26 00:00:00,0.0012328892578997131,0.0009439639271234745,True,True,True,0.0012328892578997131,-0.0007493163645529717,-0.030416734849941705,0.09260551117961752
2020-08-26,0.0028597273321981313,-0.004102045741697656,2020-08-27 00:00:00,-0.005021364473504999,-0.0012237513405704784,False,False,True,0.005021364473504999,-0.0007568165376928143,-0.03024255987046217,0.09274624218671285
2020-08-27,0.003067064543870038,-0.006156205967016715,2020-08-28 00:00:00,-0.008770278722899523,-0.0013738927816952097,False,False,True,0.008770278722899523,-0.0007132656843912258,-0.031224682137259794,0.09175439952034478
2020-08-28,0.007508152670175017,-0.0031492505227364346,2020-08-31 00:00:00,0.0009091064953079412,-0.001191516940755406,False,True,False,-0.0009091064953079412,-0.0006866881733369292,-0.031250712226516784,0.08579617500080879
2020-08-31,-0.006538953624157199,0.013348053550100662,2020-09-01 00:00:00,-0.002695729871258415,0.0006669140425113394,True,False,False,-0.002695729871258415,-0.0007207829017851918,-0.02927893407717451,0.08961931023958994
2020-09-01,0.0046427887772517015,-0.005471861889362367,2020-09-02 00:00:00,-0.002085748443290785,-0.0013584917338108516,False,False,True,0.002085748443290785,-0.0007388625193759099,-0.029020318861121164,0.08861590689211764
2020-09-02,0.016768270986284407,0.0017769778655612304,2020-09-03 00:00:00,-0.00452285193928662,-0.0010547879238549081,False,False,True,0.00452285193928662,-0.0007260829511538442,-0.029007511979254684,0.08874665906722617
2020-09-03,-0.024859608676879884,0.00595278360853744,2020-09-04 00:00:00,0.004670890010876838,0.0005218668627428361,True,True,True,0.004670890010876838,-0.000735732587688772,-0.02934151772190956,0.08872837257542626
2020-09-04,-0.005008550661181524,-0.005714180063012758,2020-09-08 00:00:00,0.0003096908190763065,-0.001054228858974318,False,True,False,-0.0003096908190763065,-0.0006905555763874219,-0.03100081866377348,0.09081660845123926
2020-09-08,-0.021829907769934057,0.0036001971493974695,2020-09-09 00:00:00,0.0022546507642725263,0.00032001276756687003,True,True,True,0.0022546507642725263,-0.0006945166423719523,-0.03138852112395113,0.09147301525513891
2020-09-09,0.016180722634895138,-0.0075741492945199124,2020-09-10 00:00:00,0.004626254846832029,-0.001896580192881244,False,True,False,-0.004626254846832029,-0.0006867890755901067,-0.031805425527189374,0.09178012229754119
2020-09-10,-0.01668162689022067,0.011515746820026651,2020-09-11 00:00:00,0.0028812815152090294,0.0008902456540134004,True,True,True,0.0028812815152090294,-0.000679297895992699,-0.03098749540647773,0.09140716011073044
2020-09-11,0.0030402851499871904,0.00623460389857917,2020-09-14 00:00:00,0.0028739474797263185,-0.0002071171954537962,False,True,False,-0.0028739474797263185,-0.0006843276197326113,-0.03174945915891285,0.09202474492574166
2020-09-14,0.013081297093382804,0.009381474292223161,2020-09-15 00:00:00,-0.0061617692090318405,-0.0002259157022222746,False,False,True,0.0061617692090318405,-0.0006756623086293852,-0.03181121520289977,0.09229664084839569
2020-09-15,0.0036666268566736067,-0.0036224315986687463,2020-09-16 00:00:00,-0.000994611698050792,-0.001140779620609139,False,False,True,0.000994611698050792,-0.0006902171912688608,-0.03248501047665074,0.09149986920638518
2020-09-16,0.002688652633294683,-0.003304734056696512,2020-09-17 00:00:00,-0.006272928342116901,-0.0010797157951120571,False,False,True,0.006272928342116901,-0.0006899932331617766,-0.032486137688784826,0.09149862503914163
2020-09-17,-0.007283805375318495,-0.005559118951015907,2020-09-18 00:00:00,-0.0011229570943930942,-0.0009892319461035225,False,False,True,0.0011229570943930942,-0.0007153237897895321,-0.03264301866260273,0.09204220230289761
2020-09-18,-0.011860981363682037,0.0034735850733827816,2020-09-23 00:00:00,0.0014520410384658827,-8.76813304967613e-06,False,True,False,-0.0014520410384658827,-0.0007157392462079099,-0.03264334138949987,0.0920631113196361
2020-09-23,-0.023235361233410797,-0.0032022640138662387,2020-09-24 00:00:00,-0.0036527394452541863,-0.0002469695558492824,False,False,True,0.0036527394452541863,-0.000718569870792063,-0.0331250353228251,0.09308159644609607
2020-09-24,0.0032588254257337264,-0.009175921871727045,2020-09-25 00:00:00,-0.0017514044565173686,-0.0016937670098741355,False,False,True,0.0017514044565173686,-0.0007351544566776962,-0.03237366270946416,0.09297294048059951
2020-09-25,0.012816986155355153,0.0013069180377955575,2020-09-28 00:00:00,0.006407167895571105,-0.0010324165738088335,False,True,False,-0.006407167895571105,-0.000738424518973229,-0.032419313406920836,0.09298657815757379
2020-09-28,0.01591852231488845,0.01377236886988546,2020-09-29 00:00:00,-0.001574988415628616,3.551083648806468e-05,True,False,False,-0.001574988415628616,-0.0007347323811651481,-0.03229777249292454,0.09325745207212884
2020-09-29,-0.007240427070935923,0.005036239989102997,2020-09-30 00:00:00,-0.012899528351291685,-5.0224146856732476e-05,False,False,True,0.012899528351291685,-0.0007487465987403325,-0.032352716279434965,0.09218682392424306
2020-09-30,0.007049708298782426,-0.018234598933571437,2020-10-02 00:00:00,-0.016783508297197467,-0.0026665907039895506,False,False,True,0.016783508297197467,-0.0008002258824566527,-0.031177981183107356,0.09029916999246915
2020-10-02,0.0001471543198729593,-0.013984448252162085,2020-10-05 00:00:00,0.007128556483673877,-0.0022821727209190335,False,True,False,-0.007128556483673877,-0.0008999561811966072,-0.03406929548276305,0.09848104629399196
2020-10-05,0.01623098840017454,0.01922254065847132,2020-10-06 00:00:00,0.0015816852100833617,0.0004416711110008468,True,True,True,0.0015816852100833617,-0.0008547767166256852,-0.03359688430457139,0.09581243706431589
2020-10-06,-0.011320047101152924,0.005759961414017539,2020-10-07 00:00:00,0.00358570658305734,6.439235156109071e-05,True,True,True,0.00358570658305734,-0.000868937767071432,-0.03351571754989138,0.09616915418751934
2020-10-07,0.015067832414289358,-0.002497955246985131,2020-10-08 00:00:00,0.0012776727027453759,-0.0016270920107612466,False,True,False,-0.0012776727027453759,-0.0008788299749472013,-0.03380873577664395,0.09561327060636768
2020-10-08,0.012950202250983351,0.005683941350827053,2020-10-09 00:00:00,-0.006535873505206504,-0.0008163668177524114,False,False,True,0.006535873505206504,-0.0009155254037947247,-0.03303839780299041,0.0927195562218106
2020-10-09,0.0038512505414878676,-0.004468722787763328,2020-10-12 00:00:00,-0.0019098788444470896,-0.0014868974307031008,False,False,True,0.0019098788444470896,-0.0009530642187896579,-0.03350464431572989,0.09058481619369775
2020-10-12,0.01041132090634715,-0.0036133547773585795,2020-10-13 00:00:00,-0.00022624671384618988,-0.0016539329410116905,False,False,True,0.00022624671384618988,-0.0009862298345978539,-0.033378639329152554,0.0886122179164681
2020-10-13,-0.008415730563322272,0.002043366699485343,2020-10-14 00:00:00,-0.00210042305014744,-0.0005514684514642342,False,False,True,0.00210042305014744,-0.0010087069035325197,-0.03304950727638628,0.08765078907509345
2020-10-14,-0.004439374346541221,-0.006110777441373142,2020-10-15 00:00:00,-0.003709138996659295,-0.0013908929321969211,False,False,True,0.003709138996659295,-0.000995692207474041,-0.03296209634517622,0.08861913477316709
2020-10-15,0.0008610193240200615,-0.004695926207152214,2020-10-16 00:00:00,-0.005279156870416951,-0.001482107669691297,False,False,True,0.005279156870416951,-0.0010314213742828508,-0.03299775749371994,0.08992359971795826
2020-10-16,-0.00018241360919252718,-0.008427189822270904,2020-10-19 00:00:00,0.005735372036834764,-0.0017988317985688624,False,True,False,-0.005735372036834764,-0.001041004145910306,-0.03311260420707457,0.09064324625547478
2020-10-19,-0.01472983773614694,0.009597676279465603,2020-10-20 00:00:00,-0.007008638134523113,0.00031105057723567625,True,False,False,-0.007008638134523113,-0.0010261125368108493,-0.03278813579818885,0.08900062569270305
2020-10-20,0.005375178035652391,-0.008129749616238429,2020-10-21 00:00:00,0.00661375013195243,-0.0019373440889411432,False,True,False,-0.00661375013195243,-0.0010648728991491819,-0.031328790735189724,0.08660455674333409
2020-10-21,-0.0035232529759861926,0.008120876854914569,2020-10-22 00:00:00,-0.006223802979333383,-0.00024022163026161253,False,False,True,0.006223802979333383,-0.0010374126755525962,-0.03077535730511341,0.08481370772934227
2020-10-22,0.00913792102982771,-0.008753605911407947,2020-10-23 00:00:00,-0.00010667435520663476,-0.002056513867220444,False,False,True,0.00010667435520663476,-0.001037799325053199,-0.03061199604969661,0.08442058589097026
2020-10-23,0.0034382775569951163,0.003584234338999629,2020-10-26 00:00:00,-0.0006700702572003783,-0.0008271411464405629,False,False,True,0.0006700702572003783,-0.0010218835094187514,-0.030432911374763408,0.0835266700880994
2020-10-26,-0.018874199313920346,-0.0019896025850027247,2020-10-27 00:00:00,-0.001489412421851613,-0.0006315661607512659,False,False,True,0.001489412421851613,-0.001042811401424221,-0.03067336996164792,0.0842831924711112
2020-10-27,-0.006783633290499247,-0.007544338619470106,2020-10-28 00:00:00,0.0010555030806704247,-0.001472198863963546,False,True,False,-0.0010555030806704247,-0.0010432994937786956,-0.03063178495570345,0.08439363587347753
2020-10-28,-0.03217426154433241,-0.007587524030861799,2020-10-29 00:00:00,0.005389905582792535,-0.0006610147441165575,False,True,False,-0.005389905582792535,-0.0010239545392368744,-0.031081742504815026,0.08396577261460528
2020-10-29,0.01158215203544901,-0.0032764628297673004,2020-10-30 00:00:00,-0.012309491389408551,-0.0016667145003073705,False,False,True,0.012309491389408551,-0.001007152622713623,-0.03301266437254477,0.08460470761860307
2020-10-30,-0.006705616747661943,-0.01375841999814887,2020-11-02 00:00:00,0.013293591458709439,-0.0019942518473347113,False,True,False,-0.013293591458709439,-0.001041892962200256,-0.03401749747606282,0.08579961842146965
2020-11-02,0.018441403253052657,0.018523111969118673,2020-11-04 00:00:00,-0.00229837512667261,-0.00012627321937702185,False,False,True,0.00229837512667261,-0.0009928845780154043,-0.034112311744980486,0.08074724473484769
2020-11-04,0.008932682749779451,0.015043376999351557,2020-11-05 00:00:00,0.003868613571962488,-0.00011589036045154557,False,True,False,-0.003868613571962488,-0.001007878475404084,-0.03405493592250427,0.07951605903806694
2020-11-05,0.016416906045843872,0.00441698620206169,2020-11-06 00:00:00,0.005683330494099068,-0.0012004913612644538,False,True,False,-0.005683330494099068,-0.0009984969788544326,-0.034112509221945406,0.08105696058265358
2020-11-06,-0.0026366131017470096,0.00919933166911074,2020-11-09 00:00:00,0.0029756059254079158,-0.00015551606847932623,False,True,False,-0.0029756059254079158,-0.000993760355380122,-0.03351949576337801,0.08151313292953663
2020-11-09,0.02858740555543714,0.011393748739020038,2020-11-10 00:00:00,0.006276001890488446,-0.0010660217753330125,False,True,False,-0.006276001890488446,-0.001010900097971488,-0.03400082797116425,0.08047165178663207
2020-11-10,0.007639769968250786,0.024192613042861102,2020-11-11 00:00:00,0.0031994612064971018,0.0007932517734289695,True,True,True,0.0031994612064971018,-0.0009684786073675334,-0.032448592702261546,0.08306792496018763
2020-11-11,0.0020578467476908783,0.016797964486084314,2020-11-12 00:00:00,-0.005403809609913268,0.0004088255959332021,True,False,False,-0.005403809609913268,-0.0009497388152502575,-0.032630883408763384,0.08487419827929428
2020-11-12,-0.01291838256274468,-0.005890648799161216,2020-11-13 00:00:00,-0.005767973727433938,-0.0010379832142789224,False,False,True,0.005767973727433938,-0.0009695343535795285,-0.03230187747838088,0.0824589765951061
2020-11-13,0.017386800318674647,-0.014176127170277955,2020-11-16 00:00:00,0.005367382979153878,-0.002735677466258206,False,True,False,-0.005367382979153878,-0.001006984822364039,-0.031718839778000885,0.08304126339965313
2020-11-16,0.016842370955748646,0.016891996004456428,2020-11-17 00:00:00,-0.0037388447209109645,-0.0001628186134939528,False,False,True,0.0037388447209109645,-0.0009950332444584695,-0.030253385823376572,0.07943131038600958
2020-11-17,-0.003958151810984406,0.007017353728468776,2020-11-18 00:00:00,-0.008700814687251465,-0.0003493717182992632,False,False,True,0.008700814687251465,-0.001017257933233585,-0.030555931418278292,0.07794123266664708
2020-11-18,-0.013427743595615686,-0.012471088695611872,2020-11-19 00:00:00,0.0029094578579772295,-0.0016048204634237816,False,True,False,-0.0029094578579772295,-0.0010565806284719916,-0.02993144929475411,0.07618834928671821
2020-11-19,0.0035541865918797015,0.0031464445493294088,2020-11-20 00:00:00,0.0030051533763629855,-0.0009115091036919578,False,True,False,-0.0030051533763629855,-0.0010398997006926028,-0.030303991838270088,0.07503600803102506
2020-11-20,-0.005176554709611738,0.0011508009830116012,2020-11-24 00:00:00,-0.0002944216697896051,-0.0007977720631612533,False,False,True,0.0002944216697896051,-0.001040884213977478,-0.030252164173126785,0.07517387382089648
2020-11-24,0.017992108960143985,0.018591821984943885,2020-11-25 00:00:00,-0.007570057968011677,-0.00018058324691677978,False,False,True,0.007570057968011677,-0.001035756940608991,-0.03029986070459919,0.07531978792076259
2020-11-25,-0.0037082024689162633,0.006916495321750819,2020-11-27 00:00:00,0.0021490053753026495,-0.0004605598306095254,False,True,False,-0.0021490053753026495,-0.0010779480944634948,-0.030989193989178748,0.0726486514945516
2020-11-27,-1.6023636480738173e-05,0.0027012198256436935,2020-11-30 00:00:00,-0.023309985623283597,-0.0008752323720925979,False,False,True,0.023309985623283597,-0.0010730008852445666,-0.03110333262880198,0.07303001510052085
2020-11-30,-0.010757203041976632,-0.021299445175505045,2020-12-01 00:00:00,0.002712512482283194,-0.0023728588550232617,False,True,False,-0.002712512482283194,-0.001173793109378493,-0.030947340708934592,0.07192546851041069
2020-12-01,0.009447848897981266,0.005852187651548876,2020-12-02 00:00:00,-0.0010211357766608596,-0.0010527862120980553,False,False,True,0.0010211357766608596,-0.0011629644754451317,-0.030868132837401505,0.06866077133588028
2020-12-02,0.002620287710862262,0.005951664343613409,2020-12-03 00:00:00,0.005104469279853889,-0.0008328014249196734,False,True,False,-0.005104469279853889,-0.001160772554442986,-0.030877075548715032,0.0686997665736532
2020-12-03,0.0002305111841966215,0.01253060876268565,2020-12-04 00:00:00,-0.0021641058889069393,-0.00029253506765740563,False,False,True,0.0021641058889069393,-0.0011541855020500427,-0.030908913303928257,0.069332248819997
2020-12-04,0.012038774282827685,-0.008451050406601083,2020-12-07 00:00:00,-0.01234742218231784,-0.0021078555743531107,False,False,True,0.01234742218231784,-0.0011553104210944368,-0.030815620461089224,0.06881545206357759
2020-12-07,-0.004461918067305196,-0.008587262945947386,2020-12-08 00:00:00,0.0035537058733364313,-0.0016635484794319828,False,True,False,-0.0035537058733364313,-0.0011945881228633787,-0.0321793240988439,0.07133144379234177
2020-12-08,0.0027368743360272163,-0.0013331273353739338,2020-12-09 00:00:00,0.004832922925231122,-0.0013506730211153167,False,True,False,-0.004832922925231122,-0.0011685350715156615,-0.032264601462284874,0.07038621698433759
2020-12-09,-0.004349786146810828,0.006661460154492819,2020-12-10 00:00:00,-0.0018953888359538923,-0.0005366898071096836,False,False,True,0.0018953888359538923,-0.001143474772336156,-0.03212533074101167,0.0701117526451771
2020-12-10,0.00011238065569464283,-0.00013681402496654334,2020-12-11 00:00:00,0.0010060911713907282,-0.0011782646274165621,False,True,False,-0.0010060911713907282,-0.001165046952340435,-0.03214265687813078,0.07020816924831975
2020-12-11,-0.0023077743653187347,0.0016011265989791328,2020-12-14 00:00:00,0.0035861744770653487,-0.0009635766962087317,False,True,False,-0.0035861744770653487,-0.001150125097321859,-0.03209641873637091,0.07024872911767832
2020-12-14,-0.008545639724235015,0.009153603828978445,2020-12-15 00:00:00,-0.006776359247807787,-0.00021139501625553182,False,False,True,0.006776359247807787,-0.0011319677413703325,-0.03225064527333918,0.0704608088557314
2020-12-15,0.014326649713549104,-0.008951759313937513,2020-12-16 00:00:00,0.0001859042753345899,-0.0022229788272638525,False,True,False,-0.0001859042753345899,-0.0011559095041185495,-0.031487086880926406,0.0688093633106457
2020-12-16,-0.0010953865525767028,0.0054502713163166365,2020-12-17 00:00:00,-0.0028968426208053296,-0.0007449289188828445,False,False,True,0.0028968426208053296,-0.001151107774164005,-0.031103159042437607,0.06827345860919375
2020-12-17,0.00577489173133044,-0.0039421953657923356,2020-12-18 00:00:00,-0.003142058331082929,-0.0016106828660743787,False,False,True,0.003142058331082929,-0.001163890010103035,-0.030995249337600936,0.0679313484016747
2020-12-18,-0.004650381220686153,0.0005997007607866497,2020-12-21 00:00:00,-0.008943260128239872,-0.000997239709946739,False,False,True,0.008943260128239872,-0.0011826266697562212,-0.03108743993236078,0.06806480101055669
2020-12-21,-0.007081358940294592,-0.00448096757478321,2020-12-22 00:00:00,-0.007647360224950724,-0.0013063517485412137,False,False,True,0.007647360224950724,-0.0012215769003123469,-0.030680295182257726,0.06740352965469454
2020-12-22,-0.00430776068107733,-0.012931075863622913,2020-12-23 00:00:00,-0.0035536178734017912,-0.0019986112551231183,False,False,True,0.0035536178734017912,-0.0012518023120731277,-0.030352059122031184,0.06786429522034718
2020-12-23,0.003480339108987172,-0.0013053653646346846,2020-12-24 00:00:00,0.00031620877182014133,-0.0014448917289410703,False,True,False,-0.00031620877182014133,-0.0012505034031057613,-0.030283677206497158,0.06817314301463655
2020-12-24,0.0033776017138432905,0.009326298845497216,2020-12-28 00:00:00,0.0004445450823922748,-0.0007094088946876068,False,True,False,-0.0004445450823922748,-0.0012422587384132704,-0.030242577301105644,0.06808673356585568
2020-12-28,0.005408539436335155,0.0026295725448158315,2020-12-29 00:00:00,0.01002586388799317,-0.0012279077553488662,False,True,False,-0.01002586388799317,-0.0012445724859613389,-0.030117032553901277,0.06828253863527194
2020-12-29,-0.0027175719558885595,0.017293819878119294,2020-12-30 00:00:00,-0.002211279178792269,5.9444813030764534e-05,True,False,False,-0.002211279178792269,-0.0012127281813609269,-0.02961928314931616,0.06890787978307443
2020-12-30,0.00441083485700092,-0.004286130375010192,2021-01-04 00:00:00,-0.010635447236415296,-0.0016582731304307157,False,False,True,0.010635447236415296,-0.0012363306889782231,-0.029589479999922848,0.0679932960899745
2021-01-04,-0.014353111016377566,-0.010447807520137513,2021-01-05 00:00:00,0.0027532673659079548,-0.001564473703878943,False,True,False,-0.0027532673659079548,-0.0012749288495216122,-0.030005861748062967,0.06893525917099554
2021-01-05,0.009552310065232515,0.00029378627982842365,2021-01-06 00:00:00,0.005670421210539459,-0.0015314962909297731,False,True,False,-0.005670421210539459,-0.0012604055707143803,-0.030474465218354008,0.06811353012861951
2021-01-06,0.014738580778920733,0.006289639490601997,2021-01-07 00:00:00,0.004561395910970221,-0.0012430266286421832,False,True,False,-0.004561395910970221,-0.0012294510935657319,-0.02995086624030221,0.06802579496713591
2021-01-07,0.009236934480944122,0.02084877175435969,2021-01-08 00:00:00,0.006762390316028342,-4.801357574210044e-05,False,True,False,-0.006762390316028342,-0.0012062707079739925,-0.029365406106305794,0.0685653563329567
2021-01-08,0.004547826704501701,0.011712216195801383,2021-01-12 00:00:00,0.002913107972984699,-0.0004752702738716289,False,True,False,-0.002913107972984699,-0.0011805627045495789,-0.02937917945376518,0.07162639704814044
2021-01-12,0.003960494212687586,0.00444802703431866,2021-01-13 00:00:00,0.0034377862072760834,-0.0009996575447789968,False,True,False,-0.0034377862072760834,-0.0012032229032312755,-0.029826999614409357,0.07232308062090237
2021-01-13,0.0018206529572721538,0.004786726890424965,2021-01-14 00:00:00,0.003265924568299935,-0.0009065719497428802,False,True,False,-0.003265924568299935,-0.0011971598418205052,-0.02962648537909814,0.07197557917620682
2021-01-14,0.000661404841171407,0.002225951730395186,2021-01-15 00:00:00,-0.009082380154581888,-0.0010458376915741755,False,False,True,0.009082380154581888,-0.0011872054741916818,-0.02974210256060181,0.07234629171815628
2021-01-15,-0.006608178312402679,-0.008059776255544052,2021-01-19 00:00:00,0.0016708348745618708,-0.0016000060177097232,False,True,False,-0.0016708348745618708,-0.0012156489920641404,-0.02968329489454826,0.0720255144563196
2021-01-19,0.005352713725204133,0.005197183092139496,2021-01-20 00:00:00,-0.005035953426157722,-0.0009968015969842087,False,False,True,0.005035953426157722,-0.00120958037611361,-0.02984754617374826,0.07168193665540544
2021-01-20,0.01028606740429268,-0.0030080435609092433,2021-01-21 00:00:00,-0.0014243477715290456,-0.0017565762629895571,False,False,True,0.0014243477715290456,-0.001233055554890221,-0.030007185317622684,0.07143007504991723
2021-01-21,-0.005720957983688112,0.004573700254671448,2021-01-22 00:00:00,0.0010730363307317142,-0.000730814113280768,False,True,False,-0.0010730363307317142,-0.0012286183657843194,-0.02994407569171973,0.07138540687649417
2021-01-22,-0.0028058434548414823,-0.0017656894011412493,2021-01-25 00:00:00,-0.0028026151061489803,-0.0012651627652042205,False,False,True,0.0028026151061489803,-0.0012230499827552135,-0.03008450141801334,0.07165766740352514
2021-01-25,0.003084370391703385,0.000578611654018258,2021-01-26 00:00:00,-0.0031162833894646212,-0.0012921683132296627,False,False,True,0.0031162833894646212,-0.0012410379173835896,-0.030050739923729003,0.07182229451283068
2021-01-26,-0.0030212742625789313,-0.0032027530405635976,2021-01-27 00:00:00,-0.0018570838551542166,-0.0013984418784082793,False,False,True,0.0018570838551542166,-0.0012600822376532947,-0.030139137136963853,0.07163157357985332
2021-01-27,-0.02375549818454694,0.00017881577430081512,2021-01-28 00:00:00,0.011922077259501628,-0.000528369133280216,False,True,False,-0.011922077259501628,-0.0012574699362637065,-0.030151839142487216,0.07174335163408241
2021-01-28,0.009665803085960899,-0.004989499522339833,2021-01-29 00:00:00,-0.014804167025051392,-0.0018998129913807124,False,False,True,0.014804167025051392,-0.0012182190067505437,-0.0327787933970531,0.07310565330764941
2021-01-29,-0.018610780577599725,-0.01339401824426238,2021-02-01 00:00:00,0.007309459730670731,-0.0016444539855033774,False,True,False,-0.007309459730670731,-0.0012713558341026486,-0.034067745696880404,0.07519218452388336
2021-02-01,0.013115742515247638,0.003263542530018253,2021-02-02 00:00:00,0.004723753347467865,-0.001467337561854863,False,True,False,-0.004723753347467865,-0.0012457091125983853,-0.03506613302365628,0.07301572456783256
2021-02-02,0.012863432382646785,0.012156273989829854,2021-02-03 00:00:00,0.00843178131520311,-0.0007987576208572575,False,True,False,-0.00843178131520311,-0.001244098137594222,-0.034567414284451786,0.07321290337586456
2021-02-03,0.0038843270366739928,0.015583540681453682,2021-02-04 00:00:00,-0.0016684527938170773,-0.0001684354515161517,False,False,True,0.0016684527938170773,-0.0012096269940585513,-0.033994743375470815,0.0752870138643673
2021-02-04,0.008890772806101389,0.0002541777843481804,2021-02-05 00:00:00,0.004548106796919468,-0.0014956633675734152,False,True,False,-0.004548106796919468,-0.0012126666171248478,-0.033968191162694575,0.07477726608528086
2021-02-05,0.006531302324794799,0.0123726067729605,2021-02-08 00:00:00,0.01273885916204242,-0.00048206598556709793,False,True,False,-0.01273885916204242,-0.00118578771091952,-0.033547758659625504,0.07458672989547174
2021-02-08,0.0082845072108981,0.02063375902593525,2021-02-09 00:00:00,-0.0049346769419892226,0.0001929987517141252,True,False,False,-0.0049346769419892226,-0.001138729025376361,-0.03350397870834548,0.0779931435794505
2021-02-09,-0.0010950266696811276,-0.0009861279275228919,2021-02-10 00:00:00,0.005797354180375525,-0.0011981671644838935,False,True,False,-0.005797354180375525,-0.0011600984594149967,-0.033480855564753643,0.07578239369385358
2021-02-10,0.0023761651981664034,0.0027935071551258035,2021-02-12 00:00:00,-0.003877555272412638,-0.0010007826346830923,False,False,True,0.003877555272412638,-0.001132239903569246,-0.033568819081143085,0.07561188026411121
2021-02-12,0.0049882513028883906,0.0006232943979105147,2021-02-16 00:00:00,0.0026547148456059766,-0.0012701204118621624,False,True,False,-0.0026547148456059766,-0.0011498772124074656,-0.03353405147060913,0.07545884680235483
2021-02-16,0.00026787796720941577,0.009103074788510787,2021-02-17 00:00:00,0.0017988965618624495,-0.0004520236326830357,False,True,False,-0.0017988965618624495,-0.0011290540752692032,-0.03341169729883426,0.07535703222007892
2021-02-17,0.0022923777987547763,0.0005561635053467531,2021-02-18 00:00:00,-0.013693322223728288,-0.0011611304373350601,False,False,True,0.013693322223728288,-0.0011265187200823507,-0.0335379497017597,0.07600271080894583
2021-02-18,-0.0046018011280859975,-0.011123002447560659,2021-02-19 00:00:00,-0.0026702764884944286,-0.0018484966254631674,False,False,True,0.0026702764884944286,-0.0011581097449564243,-0.03403954238154293,0.07615120908504495
2021-02-19,0.00088772553300614,-0.008809830215777454,2021-02-22 00:00:00,-0.00018017014659868982,-0.0018710064227973925,False,False,True,0.00018017014659868982,-0.0011653065663187396,-0.03397450810471299,0.07668023124361197
2021-02-22,-0.0010367876354993436,0.009617216857933061,2021-02-24 00:00:00,-0.007080022447873783,-0.00039719549919149124,False,False,True,0.007080022447873783,-0.001167890663666973,-0.03407841428618702,0.07646319062666779
2021-02-24,0.009942429169565881,-0.0044136419372253245,2021-02-25 00:00:00,-0.0025285262718175504,-0.0018610645474886277,False,False,True,0.0025285262718175504,-0.0011944454386507255,-0.03373626157999616,0.07503977947088628
2021-02-25,-0.01992836439001183,0.010613499498631832,2021-02-26 00:00:00,-0.021417652616518703,0.0002694498768492504,True,False,False,-0.021417652616518703,-0.00120337069827543,-0.033837408834145356,0.07523403208969474
2021-02-26,-0.010293116954660437,-0.03328910962493575,2021-03-01 00:00:00,0.00556713081930494,-0.003292037252012126,False,True,False,-0.00556713081930494,-0.0013082469585062387,-0.028368695186438003,0.06836447764905933
2021-03-01,0.021426508415477927,0.013101180829424457,2021-03-02 00:00:00,-0.013578071132435018,-0.0010820324432309686,False,False,True,0.013578071132435018,-0.0012969887139209577,-0.028602010959412272,0.0631849533251419
2021-03-02,-0.00499328678478659,-0.0029759488388963833,2021-03-03 00:00:00,0.004512164351069668,-0.0013998732252212757,False,True,False,-0.004512164351069668,-0.0013776191726149957,-0.0308530898483902,0.0592457693195642
2021-03-03,-0.008251109014097636,0.008734121470920002,2021-03-04 00:00:00,-0.003652839899564579,-0.0005985087614988593,False,False,True,0.003652839899564579,-0.0013653868792476084,-0.031269945926628455,0.05826188549557674
2021-03-04,-0.008476222659669025,-0.006735700209390046,2021-03-05 00:00:00,0.006395969152915757,-0.0014993716865059257,False,True,False,-0.006395969152915757,-0.0013723532614277312,-0.03096019454570526,0.05781788314915652
2021-03-05,0.020162825412961247,0.005338621784764323,2021-03-08 00:00:00,-0.006231209552939399,-0.0016711230847367045,False,False,True,0.006231209552939399,-0.0013416952484921563,-0.03139104579919162,0.05685069142769801
2021-03-08,0.002092144943502981,0.00862162558749268,2021-03-09 00:00:00,0.00809141709709665,-0.0009353882100849451,False,True,False,-0.00809141709709665,-0.0013565906922740642,-0.03205382156258242,0.056632443375822634
2021-03-09,0.007989385848914045,0.015172725240891631,2021-03-10 00:00:00,-0.0013845372811462984,-0.0006945813143404201,False,False,True,0.0013845372811462984,-0.0013191887453945493,-0.03218407698107594,0.058113386108828116
2021-03-10,0.010408546235194403,-0.0012597991137473213,2021-03-11 00:00:00,0.0033390071493216646,-0.0017139027218870298,False,True,False,-0.0033390071493216646,-0.0013066634145294344,-0.03215835063296173,0.05756285042232927
2021-03-11,0.006823563184064619,0.005224714617361325,2021-03-12 00:00:00,0.0020617522039007474,-0.0012056336525476604,False,True,False,-0.0020617522039007474,-0.0012882770373519373,-0.03171593706108243,0.05723931490700741
2021-03-12,0.005669881237739967,0.007074392343250684,2021-03-15 00:00:00,0.008910399329908624,-0.001053620189148137,False,True,False,-0.008910399329908624,-0.0012819679634910345,-0.03157669148834335,0.05758570421263433
2021-03-15,0.005356843196929912,0.013166768457882764,2021-03-16 00:00:00,0.0016998442487081123,-0.0006319975032473192,False,True,False,-0.0016998442487081123,-0.0012379888584222165,-0.031381400207530497,0.05879169196776608
2021-03-16,-0.004716421501186724,0.0019793959265440716,2021-03-17 00:00:00,0.0036867561279975668,-0.0009648695960875963,False,True,False,-0.0036867561279975668,-0.001230464303019539,-0.03138944031740764,0.0593862370495723
2021-03-17,0.002310602460244403,0.0012594825500918362,2021-03-18 00:00:00,0.005833859390198805,-0.001209651597861959,False,True,False,-0.005833859390198805,-0.0012116067428598538,-0.03164951087016813,0.05961542117003724
2021-03-18,-0.011927309974696204,0.01245579822455369,2021-03-19 00:00:00,0.01104249225976607,-6.526946214304526e-05,False,True,False,-0.01104249225976607,-0.0011703665444813237,-0.03208162861776884,0.0580010642671559
2021-03-19,-0.0014315615134151592,0.004567482504170554,2021-03-22 00:00:00,-0.006481292718835927,-0.0007543786234297361,False,False,True,0.006481292718835927,-0.0010567845832502429,-0.03401359684516939,0.05554775599303951
2021-03-22,0.0037350189326193143,-0.005601974889071731,2021-03-23 00:00:00,-0.012630044376298555,-0.0014002586971551872,False,False,True,0.012630044376298555,-0.0009791354380471484,-0.04083768755821106,0.04794625613865172
2021-03-23,-0.00707260418384796,-0.009733390440220865,2021-03-24 00:00:00,-0.015023221974749538,-0.001419841651555058,False,False,True,0.015023221974749538,-0.0011023834440918926,-0.04128062156667854,0.06261124610281964
2021-03-24,-0.0016336372605871236,-0.027092113463976913,2021-03-25 00:00:00,0.011708127839777522,-0.0027837410741074547,False,True,False,-0.011708127839777522,-0.001085236588478999,-0.03253223922043952,0.06465536053945681
2021-03-25,0.007943685995442828,0.016905965016476114,2021-03-26 00:00:00,0.0035913040024581457,-0.000331980754487504,False,True,False,-0.0035913040024581457,-0.0010218493780006883,-0.03145355097138224,0.055585454894510215
2021-03-26,0.015419193083473958,0.014804288742455318,2021-03-29 00:00:00,-0.01046430416082289,-0.0006482148817195907,False,False,True,0.01046430416082289,-0.0010061168753238473,-0.031263096462058694,0.056737188050866354
2021-03-29,-9.409758662468828e-05,0.0002029663729190948,2021-03-30 00:00:00,0.0016859097846256114,-0.0009324347645456198,False,True,False,-0.0016859097846256114,-0.0009481983908398105,-0.039442779909056064,0.05938006242927687
2021-03-30,-0.00297992940263952,0.004184862357987266,2021-03-31 00:00:00,-0.0056519682645390385,-0.00048416671402912593,False,False,True,0.0056519682645390385,-0.0007635662001803258,-0.04256503042810007,0.036454890843203885
2021-03-31,0.0006520434038757926,-0.011770951087292692,2021-04-01 00:00:00,-0.009797397996797201,-0.0014716906595371696,False,False,True,0.009797397996797201,-0.0008671562166015703,-0.03403528616172991,0.04947280425992802
2021-04-01,0.009311966572355466,-0.006650570427246405,2021-04-05 00:00:00,0.003427451335304617,-0.001501118559487754,False,True,False,-0.003427451335304617,-0.0008732414082725852,-0.030500264815847312,0.051703791210640594
2021-04-05,0.009912365687586517,0.005480901817166467,2021-04-06 00:00:00,-0.01613607137290285,-0.0008782390256144726,False,False,True,0.01613607137290285,-0.0007097900193476315,-0.04478420763848906,0.050259691938265794
2021-04-06,0.0005308334563945163,-0.012352724694856945,2021-04-07 00:00:00,0.004942072636996564,-0.0013743957760908717,False,True,False,-0.004942072636996564,-0.0007575952448212064,-0.04707161260688788,0.04790953891313458
2021-04-07,-0.0007371207787210121,0.005283442463325931,2021-04-08 00:00:00,-0.006673403306087775,-0.0004806111175850137,False,False,True,0.006673403306087775,-0.0007054718863279447,-0.041204746270006046,0.03681082843910674
2021-04-08,0.0006452988035525136,-0.007846198502968572,2021-04-09 00:00:00,0.0006244205733604879,-0.001073556544981547,False,True,False,-0.0006244205733604879,-0.0008797627824213453,-0.0029771173715128236,0.024454215912296243
2021-04-09,0.004451931139947332,0.0011396834054509433,2021-04-12 00:00:00,-0.0050483290369861475,-0.0008110771446162521,False,False,True,0.0050483290369861475,-0.0008527186904199768,0.0038722591570072157,0.021411660961267193
2021-04-12,0.0013105652812557469,-0.0012492626348600854,2021-04-13 00:00:00,0.0022030903486525014,-0.0008940524554284637,False,True,False,-0.0022030903486525014,-0.0008746056681457657,0.004862249871786954,0.020667458093264594
2021-04-13,0.0020325755193193766,0.0016861678550967546,2021-04-14 00:00:00,-0.0032544236138393645,-0.0008609385615715854,False,False,True,0.0032544236138393645,-0.0009022556585324668,0.004966064833172194,0.01851725203943657
2021-04-14,0.0008118570033084663,-0.007795302042338392,2021-04-15 00:00:00,0.003485567428005353,-0.0010761363007862426,False,True,False,-0.003485567428005353,-0.0009662245081632241,0.012374817877664427,0.015388547426403866
2021-04-15,0.009003782265181857,0.00728210129757752,2021-04-16 00:00:00,0.0014596523423951032,-0.001116292611923266,False,True,False,-0.0014596523423951032,-0.0009357373635213884,-0.025180128085473617,0.0063389865648358305
2021-04-16,0.003915522143996264,0.0029844978389068763,2021-04-19 00:00:00,-0.004146870133495873,-0.0009925737815625988,False,False,True,0.004146870133495873,-0.0009243243243070033,-0.02484587526129303,0.009728644175397039
2021-04-19,-0.00393437360478495,-0.005185659110845786,2021-04-20 00:00:00,-0.012824362860799987,-0.0009040818217346634,False,False,True,0.012824362860799987,-0.0009628065441913812,-0.03993997786652917,0.0189781221891769
2021-04-20,-0.0054090938827859765,-0.016925084203170914,2021-04-21 00:00:00,-0.0049719858908079525,-0.0010145839618362251,False,False,True,0.0049719858908079525,-0.0010873525620762443,-0.024215270215456483,0.0034395143358583423
2021-04-21,0.00876864179680273,-0.020069353913222693,2021-04-22 00:00:00,0.002389432837748709,-0.0013257773904542841,False,True,False,-0.002389432837748709,-0.0010793289433383055,-0.01845159250518433,0.004218025264962493
2021-04-22,-0.008928408950506091,0.014265574442540108,2021-04-23 00:00:00,0.0024754254935252552,-0.0007575704816435895,False,True,False,-0.0024754254935252552,-0.0009582265706524107,-0.025135005771968828,-0.0016655145288644209
2021-04-23,0.009148420399189476,-0.0002496585043229811,2021-04-26 00:00:00,-0.0013871168572261972,-0.0011968842188506642,False,False,True,0.0013871168572261972,-0.0009021304196307418,-0.0323401516989219,-0.004436076785688683
2021-04-26,0.0006414680871015973,0.003471577636278785,2021-04-27 00:00:00,-0.005198587422271711,-0.0009040502199487997,False,False,True,0.005198587422271711,-0.0008170118798973877,-0.015104566726010352,-0.02228071805707652
2021-04-27,0.00034592083558693254,-0.004756394521461521,2021-04-28 00:00:00,0.0037609123339268948,-0.0008327456328976996,False,True,False,-0.0037609123339268948,-0.0009377230318783462,-0.006233366821397808,-0.022524130401004854
2021-04-28,0.0027809431998379246,0.0014579971945709199,2021-04-30 00:00:00,-0.00452600563432554,-0.0009621744042444034,False,False,True,0.00452600563432554,-0.0009172154249340033,-0.004000220640907732,-0.02320621263689996
2021-04-30,-0.005663243357775339,-0.0019208225881832686,2021-05-06 00:00:00,0.006222049746880075,-0.0008966866368822304,False,True,False,-0.006222049746880075,-0.0009721867275992158,-0.003246678304825539,-0.029733803487997923
2021-05-06,0.007818005245559504,0.020813900490462833,2021-05-07 00:00:00,0.002644609325005771,-0.0015091218811842256,False,True,False,-0.002644609325005771,-0.0009296362088111267,0.001418335638250624,-0.028374029562768122
2021-05-07,0.008258774019788443,0.006778442340381607,2021-05-10 00:00:00,0.007109364057736545,-0.0010400346306668016,False,True,False,-0.007109364057736545,-0.0008958129446640516,0.005424939200967279,-0.027886205036891813
2021-05-10,-0.0038678250210459897,0.01120757325048309,2021-05-11 00:00:00,-0.016262464943537194,-0.0012318249146370643,False,False,True,0.016262464943537194,-0.0008931261478243466,0.009514546388878402,-0.026936979083576205
2021-05-11,-0.010515328793250506,-0.019732311285037354,2021-05-12 00:00:00,-0.01368870174809449,-0.00045164378511285,False,False,True,0.01368870174809449,-0.0009420547480483151,0.015069957654274265,-0.032883959369856094
2021-05-12,-0.018779216814018253,-0.016484862233748114,2021-05-13 00:00:00,-0.0010479301795847434,-0.0008877546025519169,False,False,True,0.0010479301795847434,-0.0009947812511551274,0.015334565232762176,-0.023961242032663824
2021-05-13,0.010956121984730081,-0.010848033588208895,2021-05-14 00:00:00,0.000878782476114164,-0.0005743895002260798,False,True,False,-0.000878782476114164,-0.0010003800758883398,0.015472999275556306,-0.02364175092602841
2021-05-14,0.014131080105478972,0.01589354302667998,2021-05-17 00:00:00,-0.008776978480553718,-0.0011316293776708918,False,False,True,0.008776978480553718,-0.0009910895446858363,0.01748724725862279,-0.024390629840698848
2021-05-17,0.0002418938617387138,-0.00306388443211954,2021-05-18 00:00:00,0.011371891057594286,-0.000919167432724488,False,True,False,-0.011371891057594286,-0.001007007678612263,0.014266755933121017,-0.0275432076732247
2021-05-18,-0.00816483480593987,0.015571256607045536,2021-05-19 00:00:00,-0.0003159780728607022,-0.0015035367620426351,False,False,True,0.0003159780728607022,-0.0009446471419662463,0.012466990195986497,-0.02935528686824566
2021-05-19,-0.005972034418593377,-0.009329923872766537,2021-05-20 00:00:00,0.00026549528212607535,-0.0007622970701999399,False,True,False,-0.00026549528212607535,-0.0009593034483430422,0.007988345818319576,-0.02622883719684307
2021-05-20,0.008111825308117574,-0.0018108050948503534,2021-05-21 00:00:00,-0.005430356847009576,-0.0008510533119750379,False,False,True,0.005430356847009576,-0.0009662420394678631,0.008074768883428495,-0.027439514638175823
2021-05-21,0.0008257380051227861,-0.0011338243934341959,2021-05-24 00:00:00,0.005885024706308525,-0.0009683277591279813,False,True,False,-0.005885024706308525,-0.0010028624063271934,0.005312925158650226,-0.026589270042099537
2021-05-24,0.00806604953377844,0.006074461536708333,2021-05-25 00:00:00,-0.000990482853994501,-0.0010926485377765124,False,False,True,0.000990482853994501,-0.0009735249947876265,0.005486880403661316,-0.02689637445614155
2021-05-25,-0.0046027345039187225,0.002059039523055443,2021-05-26 00:00:00,0.0022026473014795656,-0.001066014696662391,False,True,False,-0.0022026473014795656,-0.00098683093153183,0.005283875555554687,-0.02664518489435505
2021-05-26,0.0023602171885132935,-0.0018415076871758885,2021-05-27 00:00:00,-0.00443224066785224,-0.0008909004349255626,False,False,True,0.00443224066785224,-0.0009044910609501778,-0.006060498998578367,-0.015147761872667777
2021-05-27,0.0018324717350314268,-0.005889977861249118,2021-05-28 00:00:00,0.006931216579009172,-0.0007666276759099394,False,True,False,-0.006931216579009172,-0.0008600124604365013,-0.014266590539386573,-0.020293439340688044
2021-05-28,0.0017984286582755386,0.01731743177526993,2021-06-01 00:00:00,-0.0030597512645430536,-0.0011996415003329873,False,False,True,0.0030597512645430536,-0.0008585829121334121,-0.017632205903553074,-0.01786340652635188
2021-06-01,0.004309177512099058,0.0005829694602401093,2021-06-02 00:00:00,0.008155991327652264,-0.0010087436304086362,False,True,False,-0.008155991327652264,-0.0008940756333703406,-0.02345458126259687,-0.023325480721087106
2021-06-02,0.0026392103694580227,0.012471112396667447,2021-06-03 00:00:00,0.006361502639056033,-0.0011787355046061372,False,True,False,-0.006361502639056033,-0.0008499333587605092,-0.023592692700115103,-0.021372276838694193
2021-06-03,-0.0010943225428480252,0.007204592193697212,2021-06-04 00:00:00,0.0015465098287113478,-0.0009469098091570727,False,True,False,-0.0015465098287113478,-0.0008381694621641459,-0.021792050114635697,-0.01840324547505109
2021-06-04,0.005668589320666283,0.0003753674296279466,2021-06-07 00:00:00,-0.005000442349973518,-0.0009532471414941179,False,False,True,0.005000442349973518,-0.0007967122079021416,-0.026414195966476393,-0.018125452251319427
2021-06-07,-0.0010686333528611045,-0.0018418906571921565,2021-06-08 00:00:00,0.005728005996377095,-0.0007383918006182071,False,True,False,-0.005728005996377095,-0.0008013133103995498,-0.0258628736040126,-0.019156175373108923
2021-06-08,8.97399192984836e-05,0.00513265952514997,2021-06-09 00:00:00,0.0006820078852500864,-0.0008807904862675445,False,True,False,-0.0006820078852500864,-0.0007777528876674787,-0.026378396732486542,-0.019613692066030357
2021-06-09,-0.0022385775177221926,0.000967923793580624,2021-06-10 00:00:00,-0.0009439592398865232,-0.0007308837627730117,False,False,True,0.0009439592398865232,-0.0007717784618563307,-0.02663871042870202,-0.019359085196332847
2021-06-10,0.0030662186529142117,-0.0030435976577277506,2021-06-11 00:00:00,-0.0033033147333429796,-0.0008025717809119196,False,False,True,0.0033033147333429796,-0.0008085130143892954,-0.021272076744756556,-0.02338222064196921
2021-06-11,0.000973995186614189,-0.0022701590850624574,2021-06-14 00:00:00,-0.005520190729221438,-0.0007799673985905734,False,False,True,0.005520190729221438,-0.0008111161637866058,-0.020232695310836376,-0.02240165166205491
2021-06-14,-0.0005759176965715949,0.0005730847751840492,2021-06-15 00:00:00,0.005751539543017404,-0.0008206050321548242,False,True,False,-0.005751539543017404,-0.0008201578629851487,-0.020989490621668414,-0.02187353216056405
2021-06-15,-0.00021279888661627423,0.0070136268234511,2021-06-16 00:00:00,0.002158546239561955,-0.000964455041290453,False,True,False,-0.002158546239561955,-0.0008298069010822249,-0.02249418965432567,-0.019880567106276992
2021-06-16,-0.0074456822875031865,0.002392202093449291,2021-06-17 00:00:00,-0.00442517250171051,-0.0006962857352327979,False,False,True,0.00442517250171051,-0.0008407606147451046,-0.02731749196802953,-0.024631065550194165
2021-06-17,-0.0055664978444541465,-0.005408467930038809,2021-06-18 00:00:00,-0.009939904784141059,-0.0005707168771869919,False,False,True,0.009939904784141059,-0.0008648113531803716,-0.02733097458405217,-0.026247112254468654
2021-06-18,-0.016353494320863807,-0.013733877326533828,2021-06-21 00:00:00,-0.004529678713009133,-0.00015375825383062214,False,False,True,0.004529678713009133,-0.0009042986334078978,-0.02540096819455187,-0.02440285306871996
2021-06-21,0.01755842296231043,-0.023131368670181448,2021-06-22 00:00:00,0.009914775010418642,-0.0008099473980165495,False,True,False,-0.009914775010418642,-0.0009296404516435162,-0.023002805947702966,-0.022635325096505766
2021-06-22,0.003054909263959016,0.030761520158278658,2021-06-23 00:00:00,-0.002945396978187174,-0.001945076505325019,False,False,True,0.002945396978187174,-0.0009156976930431357,-0.016448467702313514,-0.03182970902875383
2021-06-23,-0.0020455081216355893,-0.0032992403458122783,2021-06-24 00:00:00,-0.00020520667176409887,-0.0007709886252963258,False,False,True,0.00020520667176409887,-0.0009059476089024969,-0.015377530758710681,-0.031372106515339226
2021-06-24,0.005053927287550336,-0.002204739507031516,2021-06-25 00:00:00,0.00045813439527215053,-0.0008666520197365381,False,True,False,-0.00045813439527215053,-0.0008790626147411042,-0.011021549885099746,-0.03089376613551804
2021-06-25,0.0050896862936199135,0.008937353098004456,2021-06-28 00:00:00,-0.0005068798810839078,-0.0012363112938221085,False,False,True,0.0005068798810839078,-0.0009100317867661406,-0.009434413504213365,-0.03113464343457137
2021-06-28,-0.0013795392204812547,0.003351340860248366,2021-06-29 00:00:00,-0.004069515229799455,-0.000994950853386349,False,False,True,0.004069515229799455,-0.0009015064983530647,-0.007189088932931416,-0.030841979221454374
2021-06-29,-0.00242246923749648,-0.011570038340466405,2021-06-30 00:00:00,-0.006796922521292916,-0.0005377016918931294,False,False,True,0.006796922521292916,-0.0009122889172279777,-0.0065582700767228205,-0.03100249171761465
2021-06-30,0.0020460498945313373,-0.002107804208681403,2021-07-01 00:00:00,-0.005126572017761318,-0.0008941533534653557,False,False,True,0.005126572017761318,-0.0009425549169089864,-0.0058366651294270745,-0.028628689167415296
2021-07-01,0.006688463453538493,-0.0026887625124087672,2021-07-02 00:00:00,0.002733420964186534,-0.0009067300331500251,False,True,False,-0.002733420964186534,-0.0008964493097845553,-0.013345624330306623,-0.02937447873062017
2021-07-02,0.004274817137799536,0.007907356215678018,2021-07-06 00:00:00,0.0012077176236041,-0.0010884570892429832,False,True,False,-0.0012077176236041,-0.0009818320569158537,0.02061456287469224,-0.02462877777100512
2021-07-06,-0.005642492510583958,0.0036005899192419542,2021-07-07 00:00:00,-0.002269880419267221,-0.0012153317267220203,False,False,True,0.002269880419267221,-0.0009268591330746931,0.03023422942202188,-0.03273801882862254
2021-07-07,0.002927409524032819,-0.013110499792906434,2021-07-08 00:00:00,-0.004720029727702272,-0.0006025438544114861,False,False,True,0.004720029727702272,-0.000983876957692295,0.023930582067235917,-0.023742686727317136
2021-07-08,-0.008118260895749458,-0.006191736911384383,2021-07-09 00:00:00,0.009538853224503097,-0.0010692374299088813,False,True,False,-0.009538853224503097,-0.0009973947086628714,0.024247254465677808,-0.02018865114926851
2021-07-09,0.012426455112057967,-0.004607971135867188,2021-07-12 00:00:00,0.002399380349381958,-0.0005976546137149259,False,True,False,-0.002399380349381958,-0.0009408653730331154,0.01936460421812859,-0.022260854335742684
2021-07-12,0.003634974946289454,0.018198996540836898,2021-07-13 00:00:00,0.0042497915870473284,-0.001270591451434128,False,True,False,-0.0042497915870473284,-0.0009204530922335824,0.020969541739327285,-0.023427781696724506
2021-07-13,-0.006301157152958859,0.009870255388089976,2021-07-14 00:00:00,0.0023238539708681605,-0.0012498462286815403,False,True,False,-0.0023238539708681605,-0.0009119556736605348,0.021995028682636072,-0.020191617630113255
2021-07-14,-0.0005799197477174177,-0.02162244598278975,2021-07-15 00:00:00,-0.009384406080436832,-0.0005078858849596934,False,False,True,0.009384406080436832,-0.0009023534159710907,0.020377837827952175,-0.01878996677374011
2021-07-15,-0.0014503844100513278,0.009706690339684194,2021-07-16 00:00:00,0.003684136304739307,-0.0010779755036741674,False,True,False,-0.003684136304739307,-0.0009342555286404836,0.020004807427464487,-0.01181713953991676
2021-07-16,-0.007177625891604241,-0.002752413176970895,2021-07-19 00:00:00,-0.004018669590786887,-0.0009761491509571356,False,False,True,0.004018669590786887,-0.0008973632476207814,0.015011778830973845,-0.01052277663913626
2021-07-19,-0.01736077507528544,-0.014036717538380728,2021-07-20 00:00:00,0.001523173826258165,-0.001066407544885917,False,True,False,-0.001523173826258165,-0.0009328100401832874,0.01357601041992515,-0.0072732501981513575
2021-07-20,0.014262234809742879,-0.009393630042421467,2021-07-21 00:00:00,-0.004618323311851916,-0.0007026726905198882,False,False,True,0.004618323311851916,-0.0009114274582853296,0.00965442143722085,-0.007564822326903602
2021-07-21,0.007715838477878661,0.006445469978094156,2021-07-26 00:00:00,-0.005742912613326895,-0.0008965952175353804,False,False,True,0.005742912613326895,-0.000917769141625309,0.008738148488845052,-0.007175305819885992
2021-07-26,0.004186961048076385,0.010172008756997968,2021-07-27 00:00:00,0.0013058510892342851,-0.0008953548094109332,False,True,False,-0.0013058510892342851,-0.0008890957980383215,0.015175853912241239,-0.006861940668940517
2021-07-27,-0.0012034617593156575,0.007283724625331112,2021-07-28 00:00:00,-0.0011064019156531893,-0.0009448870100931807,False,False,True,0.0011064019156531893,-0.000866394891450101,0.016472377288650898,-0.00805470353548706
2021-07-28,-0.0006481680255944704,-0.005864220572644992,2021-07-29 00:00:00,-0.003968476379927875,-0.0008759327784830097,False,False,True,0.003968476379927875,-0.0009108421306019873,0.014113341577966489,-0.007512877170688855
2021-07-29,0.00470010029120998,0.0002109813479642022,2021-07-30 00:00:00,-0.008564749656640185,-0.0008464266562149414,False,False,True,0.008564749656640185,-0.0009163972654461235,0.015139666012786717,-0.005627698447257964
2021-07-30,-0.004443606417883752,-0.010235902260011594,2021-08-02 00:00:00,0.012814907175138994,-0.0009272472253203535,False,True,False,-0.012814907175138994,-0.0009310700662623062,0.01200711000517641,-0.00558599628726095
2021-08-02,-0.002173398469813802,0.018339524404602372,2021-08-03 00:00:00,-0.0009588713414027052,-0.0010843003492939038,False,False,True,0.0009588713414027052,-0.0008549383118076204,0.009642116960665283,-0.01136375571363821
2021-08-03,0.0081181644413522,-0.005445134118481419,2021-08-04 00:00:00,-0.003509457141777005,-0.0007159794466478092,False,False,True,0.003509457141777005,-0.0008004401319843616,0.002478034217907681,-0.011816714641773581
2021-08-04,-0.007764953344542433,-0.0032517255845185508,2021-08-05 00:00:00,0.004024674887328233,-0.0007777437630884345,False,True,False,-0.004024674887328233,-0.0008480549871395548,-0.006859746151892649,-0.005242021438532044
2021-08-05,0.006501251689006757,0.0019564388076947,2021-08-06 00:00:00,0.0032543263402168942,-0.0008965637211123811,False,True,False,-0.0032543263402168942,-0.0008287260116191171,-0.008580863655169297,-0.006159842625570371
2021-08-06,0.0034306116506062885,0.0015781759025700272,2021-08-10 00:00:00,0.0027860510354122043,-0.0008655581815589013,False,True,False,-0.0027860510354122043,-0.00082619775674273,-0.010742910102599512,-0.0015877015057047224
2021-08-10,0.004295626255022283,0.0033258754524608082,2021-08-11 00:00:00,0.00501561427969614,-0.0008199035235001116,False,True,False,-0.00501561427969614,-0.0008025429542382817,-0.010096627627778167,0.007820728657770988
2021-08-11,0.005411691477017861,0.012602859566139287,2021-08-12 00:00:00,-0.002147302835515178,-0.0006991133935919066,False,False,True,0.002147302835515178,-0.0007543599107276596,-0.010182421423283548,0.008756000159203962
2021-08-12,0.001554399217925601,0.0030448981835880877,2021-08-13 00:00:00,-0.0007365171263351175,-0.0007337249890859398,False,False,True,0.0007365171263351175,-0.0007405349344508921,-0.00939996101528796,0.007035124370038676
2021-08-13,0.0009123311375447015,-0.0010982575967082102,2021-08-16 00:00:00,-0.01223157642820885,-0.000752580823457242,False,False,True,0.01223157642820885,-0.0007362449101132611,-0.009543606013374685,0.006946443563319374
2021-08-16,0.00030621544854710206,-0.01540866393522375,2021-08-17 00:00:00,-0.006053875994837721,-0.0008963951908351267,False,False,True,0.006053875994837721,-0.0007762025497146239,-0.008736504372009261,0.0076267085199290385
2021-08-17,-0.005915697271457435,-0.00412463228508251,2021-08-18 00:00:00,0.002092787578176162,-0.0008118119379254082,False,True,False,-0.002092787578176162,-0.0008288227669759605,-0.01165359733625618,0.012589807120991198
2021-08-18,-0.01061344887401145,0.0015450607162438485,2021-08-19 00:00:00,-0.008066702000478335,-0.0006574785005446014,False,False,True,0.008066702000478335,-0.0007955660946216843,-0.011401159652661008,0.011055856135317909
2021-08-19,-0.0018819414162635924,-0.013528300038907135,2021-08-20 00:00:00,-0.00652859255022866,-0.0009171772215319591,False,False,True,0.00652859255022866,-0.0008037933470661131,-0.008135390123700823,0.009512961843467272
2021-08-20,0.006589103867652637,-0.009506292292473004,2021-08-23 00:00:00,0.007053593684711466,-0.0008117004717057534,False,True,False,-0.007053593684711466,-0.0007778880468603732,0.0014178332246248294,0.004539590610275203
2021-08-23,0.00735248634839654,0.01494505820389616,2021-08-24 00:00:00,0.005491086009379387,-0.000816389917182599,False,True,False,-0.005491086009379387,-0.0006425858366243308,-0.0034743482681154104,-0.009920267979198878
2021-08-24,0.001634830382066193,0.008773930051682522,2021-08-25 00:00:00,-0.0007749396499058716,-0.0006669397990138052,False,False,True,0.0007749396499058716,-0.0006408444631608581,-0.003612129194947868,-0.00230114865085188
2021-08-25,0.0028828340280422156,0.002000779003974512,2021-08-26 00:00:00,-0.0015579776333149867,-0.0007045367948236469,False,False,True,0.0015579776333149867,-0.0006835769493768935,-0.0022490621301478157,-0.007235268152067528
2021-08-26,-0.005993206402149277,-0.00048720584545583316,2021-08-27 00:00:00,-0.0007784396754928088,-0.0006744939724411015,False,False,True,0.0007784396754928088,-0.0006957345925192602,-0.0027114529040590755,-0.010242740765469667
2021-08-27,0.009532787904860583,-0.0036033727306213773,2021-08-30 00:00:00,0.004046962583429814,-0.0006699554844929996,False,True,False,-0.004046962583429814,-0.0006871370965358943,-0.002157354796603202,-0.010475524064904977
2021-08-30,0.001892613133520707,0.011462210896268709,2021-08-31 00:00:00,0.008344246759298738,-0.0008220018964363426,False,True,False,-0.008344246759298738,-0.0006852132674028566,-0.00031760629543473376,-0.011881435825944404
2021-08-31,-0.0006569208053084061,0.005304705101876437,2021-09-01 00:00:00,0.006923926782705847,-0.0007480573398086467,False,True,False,-0.006923926782705847,-0.0007196764264577526,-0.005948651678555933,-0.006086805162957836
2021-09-01,0.0013005878111004086,0.008162178771059722,2021-09-02 00:00:00,-0.000718155841152084,-0.0007653641191182948,False,False,True,0.000718155841152084,-0.0006975261452687649,-0.005362601293393296,-0.007456763895854889
2021-09-02,0.006045604470051666,-0.0011397793178070986,2021-09-03 00:00:00,0.013079499618615391,-0.0007299333082772645,False,True,False,-0.013079499618615391,-0.0007029417380143156,-0.006056279052006286,-0.008442246051852786
2021-09-03,-0.002704522278768233,0.015879663130460728,2021-09-07 00:00:00,0.002243259285023022,-0.0007913247760569282,False,True,False,-0.002243259285023022,-0.0006438788343576399,-0.0026750416632572334,-0.009740801816978645
2021-09-07,-0.00654891582540546,0.008973391090368491,2021-09-08 00:00:00,0.00763312173317893,-0.000660227358181505,False,True,False,-0.00763312173317893,-0.0006071324110063703,-0.0036290430176394543,-0.008565462448965267
2021-09-08,8.268456432469762e-05,0.005501727144363621,2021-09-09 00:00:00,0.0009588147218844483,-0.0006007572248091152,False,True,False,-0.0009588147218844483,-0.0005719439118089645,-0.007644910339401765,-0.005122245465827374
2021-09-09,-0.0048653861737311425,-0.0035728730691063247,2021-09-10 00:00:00,0.00905170461115559,-0.0005474510306826108,False,True,False,-0.00905170461115559,-0.0005962586234412643,-0.0072442961621827645,-0.00379562724744319
2021-09-10,-0.006826547608328449,0.008713083585729087,2021-09-13 00:00:00,0.0028807567764310964,-0.0005229435924566636,False,True,False,-0.0028807567764310964,-0.000549391102916691,-0.010230428612276177,-0.004979981781231883
2021-09-13,0.0043577621453734835,0.003540329017243653,2021-09-14 00:00:00,0.003731935852801313,-0.0005953939095763808,False,True,False,-0.003731935852801313,-0.0005290051634923386,-0.01205441813157095,-0.003914455125012127
2021-09-14,-0.006755521899266658,0.0103235646409308,2021-09-15 00:00:00,-0.0031920807352004846,-0.00046028724159696886,False,False,True,0.0031920807352004846,-0.0005009950826610941,-0.011419566798780917,-0.003529526262732098
2021-09-15,0.009207279569304328,-0.011232341152306842,2021-09-16 00:00:00,-0.0037921295655179467,-0.000609199067408603,False,False,True,0.0037921295655179467,-0.0005283212928358245,-0.012972459118544239,-0.0034332364651432877
2021-09-16,-0.0036468430442356914,-0.0006433249270115009,2021-09-17 00:00:00,0.0010621225688154509,-0.0004934569166107781,False,True,False,-0.0010621225688154509,-0.0005475284403752802,-0.014321909940698534,-0.0028628862955012487
2021-09-17,-0.009301883987461528,0.0028988578144293797,2021-09-21 00:00:00,0.008888225314454434,-0.0004038090129645513,False,True,False,-0.008888225314454434,-0.0005226441082040479,-0.01402156524956062,-0.0039987742678645796
2021-09-21,-0.001010033523638578,-0.01293412351961346,2021-09-22 00:00:00,-0.0030024877768084555,-0.00036357240560065505,False,False,True,0.0030024877768084555,-0.0004477538812199874,-0.017731008186517495,-0.005123854186373207
2021-09-22,0.009546044052068714,-0.009427400268556381,2021-09-24 00:00:00,0.0002922808933435439,-0.0006111881511155541,False,True,False,-0.0002922808933435439,-0.0004656058058933401,-0.018397131099270117,-0.003186188962750117
2021-09-24,0.0008995167888068927,0.020450869524445858,2021-09-27 00:00:00,-0.0024759575164995384,-0.0005160289951174292,False,False,True,0.0024759575164995384,-0.000452958249130588,-0.019098713262596843,-0.002243969759215897
2021-09-27,0.0005737023743307928,0.0025017720204414265,2021-09-28 00:00:00,-0.0009396245991769711,-0.0004745684927056111,False,False,True,0.0009396245991769711,-0.0004530707842543252,-0.018316947985061605,-0.004392579264605994
2021-09-28,-0.014350020629335759,-0.001064801816005682,2021-09-29 00:00:00,-0.0026272426836886744,-0.00021989597824388058,False,False,True,0.0026272426836886744,-0.0004422988467763347,-0.015135228324595407,-0.00489483560833383
2021-09-29,0.0030130091901325266,-0.009455906953005766,2021-09-30 00:00:00,-0.0052035279991823795,-0.00042572972717468794,False,False,True,0.0052035279991823795,-0.00047706899286230884,-0.006129258726041963,-0.007382346178406044
2021-09-30,-0.013452943635426191,-0.0032111398626276134,2021-10-01 00:00:00,-0.011089844766753336,-0.00039069697599313966,False,False,True,0.011089844766753336,-0.0005006572362884126,-0.006993887469415535,-0.004942757729563542
2021-10-01,0.012075486139916986,-0.02206574139145272,2021-10-04 00:00:00,-0.010405352793735197,-0.0003849838885041076,False,False,True,0.010405352793735197,-0.0005652316362502105,0.004671412740335989,-0.005612236894714689
2021-10-04,-0.005301121934721542,-0.0015229142358532024,2021-10-05 00:00:00,-0.001475610587554162,-0.0005904852012341267,False,False,True,0.001475610587554162,-0.000624734884641872,-0.00876071255111614,0.008005652435139482
2021-10-05,0.007222974167012705,-0.006757022944300845,2021-10-06 00:00:00,-0.006118970244231659,-0.000717790240355375,False,False,True,0.006118970244231659,-0.0006437281009845112,-0.004740485159715335,0.00589338497906392
2021-10-06,0.0034048503555052863,0.0037575578530726545,2021-10-07 00:00:00,-0.0013778021498786388,-0.0006751783080493795,False,False,True,0.0013778021498786388,-0.0006777389268723488,-0.007281521112681804,0.007279490999649092
2021-10-07,0.006997115170085227,-0.002669098158427314,2021-10-08 00:00:00,-0.0020172713111954845,-0.0007142086336053591,False,False,True,0.0020172713111954845,-0.000663027636616532,-0.004068346520351915,0.008510105843200968
2021-10-08,-0.0006845287896880346,0.004554300017219439,2021-10-11 00:00:00,0.011403744420830645,-0.0006239869085555974,False,True,False,-0.011403744420830645,-0.0006668124099204098,-0.00450688103253999,0.008725909886499477
2021-10-11,-0.006052657889400025,0.015674792062077017,2021-10-12 00:00:00,-0.0034978221836223853,-0.0004104586645614564,False,False,True,0.0034978221836223853,-0.000596405226753115,-0.005397649529324781,0.009778530750312516
2021-10-12,0.0004602011632699667,-0.003970574207108492,2021-10-13 00:00:00,-0.00370745126390106,-0.0006378319723439863,False,False,True,0.00370745126390106,-0.000606191233322937,-0.003882112579631445,0.007518858668479309
2021-10-13,0.0035975329669661075,-0.005285967382021858,2021-10-14 00:00:00,0.0009764598000599576,-0.0006771466556921168,False,True,False,-0.0009764598000599576,-0.0006281586405937581,-0.002381405546946061,0.007646817926455598
2021-10-14,0.015565210901128834,-0.0011575901360894754,2021-10-15 00:00:00,0.00536351360211636,-0.000712213328050352,False,True,False,-0.00536351360211636,-0.0006043586647671483,-0.006376866932241828,0.007426967737880515
2021-10-15,0.004860890040688883,0.01514576978365575,2021-10-18 00:00:00,-0.0053322994233850505,-0.0005017091719460555,False,False,True,0.0053322994233850505,-0.0005809197060395024,-0.0008554642706581491,0.005504431470813723
2021-10-18,0.0007940980997755067,0.0023014796757761884,2021-10-19 00:00:00,-0.002199086079288204,-0.0006166691724495826,False,False,True,0.002199086079288204,-0.000620071430879436,-0.006003876159084187,0.0035498575829544013
2021-10-19,0.0072545532987813195,0.0002728579474325006,2021-10-20 00:00:00,-0.0054481198363187395,-0.0006609798427212257,False,False,True,0.0054481198363187395,-0.000623866076079378,-0.005259220602253284,0.003809782844989761
2021-10-20,0.00727856488263744,-0.0006726901488603018,2021-10-21 00:00:00,-0.011710244332183692,-0.0006925371119920103,False,False,True,0.011710244332183692,-0.0005866277095039973,-0.013859334184674898,0.00748240390204817
2021-10-21,0.00037996959984956923,-0.010078711135007553,2021-10-22 00:00:00,0.00204678302336977,-0.0005101816189173664,False,True,False,-0.00204678302336977,-0.0005600373315172567,-0.00914895329340764,-0.005291553255910315
2021-10-22,0.0019007251420647812,-0.0021293288848755246,2021-10-25 00:00:00,0.0014083932798162923,-0.000598233237306064,False,True,False,-0.0014083932798162923,-0.0005832323340062487,-0.009715433305019512,-0.001627491682334132
2021-10-25,0.005210891350011273,-0.002277847895683762,2021-10-26 00:00:00,0.0014361523916638886,-0.0006321410402203759,False,True,False,-0.0014361523916638886,-0.0005811722475189574,-0.011282266327116009,-0.003433886575962901
2021-10-26,0.0014195908973810038,0.009879996260801311,2021-10-27 00:00:00,-0.0028418669735409017,-0.0006543499824366807,False,False,True,0.0028418669735409017,-0.0005923573774919924,-0.007355515320522378,-0.005217692495963273
2021-10-27,-0.009129193060255584,-0.002457861186138378,2021-10-28 00:00:00,0.0003774656456272984,-0.0005115970380081203,False,True,False,-0.0003774656456272984,-0.0006068671108217221,-0.008960527635747707,-0.005479433167771731
2021-10-28,0.009233028901755803,-0.005948844506738447,2021-10-29 00:00:00,-0.0008236834677681966,-0.0006051077969724829,False,False,True,0.0008236834677681966,-0.0005843046400781392,-0.005498653207910719,-0.005037292042359591
2021-10-29,-0.001291120916080443,-0.0027747223633062647,2021-11-01 00:00:00,0.005514690299166605,-0.0005582425150716463,False,True,False,-0.005514690299166605,-0.0005798288782191559,-0.005322208408555396,-0.005303142666119214
2021-11-01,0.004323618384263075,0.018228544618858485,2021-11-02 00:00:00,-0.009793738232601186,-0.0006919644836216335,False,False,True,0.009793738232601186,-0.0005555225838246968,-0.006220469486289735,-0.0060096385014706075
2021-11-02,0.0030244525035787954,-0.008273220226360378,2021-11-04 00:00:00,-0.00014901810750551504,-0.0004990202695059331,False,False,True,0.00014901810750551504,-0.0005783898171082246,-0.007321502048053999,-0.012270081059614708
2021-11-04,0.00018952456236761864,0.008238615987978919,2021-11-05 00:00:00,-0.005846146240572454,-0.000672609294217969,False,False,True,0.005846146240572454,-0.0005622219435052108,-0.008136815087436723,-0.013211590945986935
2021-11-05,0.005227270641365653,-0.0073161770088117865,2021-11-08 00:00:00,-0.004840446418413433,-0.00048238614571633723,False,False,True,0.004840446418413433,-0.000562036307384141,-0.007217293113646765,-0.016043475428427753
2021-11-08,9.091693684034922e-05,0.00028792267052248646,2021-11-09 00:00:00,-0.009897903600229333,-0.0006106820762192682,False,False,True,0.009897903600229333,-0.000606464263039423,-0.008818789438495917,-0.011864421274150569
2021-11-09,-0.0009676923766480257,-0.008096260826262698,2021-11-10 00:00:00,-0.005113103445855269,-0.0005326670909179836,False,False,True,0.005113103445855269,-0.0006135592123483173,-0.015406953766376633,-0.00814980287062968
2021-11-10,-0.005738895774540292,-0.007536470103081437,2021-11-11 00:00:00,0.00197080187107191,-0.0005352059782044657,False,True,False,-0.00197080187107191,-0.0006625966213936874,-0.017947456528941374,-0.003236536524116396
2021-11-11,0.00010326640554434643,0.0006706705180704075,2021-11-12 00:00:00,0.006049562250595438,-0.0006312683660665148,False,True,False,-0.006049562250595438,-0.000627834784139938,-0.0209778118145555,-0.0018895697218779366
2021-11-12,0.004556889195307986,0.011742518644114555,2021-11-15 00:00:00,-0.0027700929987100184,-0.0007206886765617256,False,False,True,0.0027700929987100184,-0.0006032529189206085,-0.021845297512010885,-0.0015234514828139072
2021-11-15,0.002186434470920908,0.001147740536276884,2021-11-16 00:00:00,-0.002431813457175854,-0.0006613681864242627,False,False,True,0.002431813457175854,-0.0006104288318599164,-0.022035169833472156,-0.0024055085453391477
2021-11-16,0.0003415113379122501,-0.0008670024903628867,2021-11-17 00:00:00,-0.0068419504028265745,-0.000616447874876004,False,False,True,0.0068419504028265745,-0.0006102599626724127,-0.02383082717710195,-0.0022498037674609384
2021-11-17,-0.0030058551574274517,-0.006522502641650467,2021-11-18 00:00:00,-0.0015207581571974067,-0.0005650282379923656,False,False,True,0.0015207581571974067,-0.0006430880385630037,-0.022949547354694178,-0.001391610826792752
2021-11-18,-0.0010757133932560523,-0.005822561870309384,2021-11-19 00:00:00,0.0027874492110085904,-0.0006661046407308567,False,True,False,-0.0027874492110085904,-0.00068505581771307,-0.01064250208173871,-0.0012885899922146999
2021-11-19,-0.005256084975463926,0.0022824489100705015,2021-11-22 00:00:00,0.0023668707265604274,-0.0006359200653811205,False,True,False,-0.0023668707265604274,-0.0006322782150071765,-0.0018419235031647578,-0.005837220174391863
2021-11-22,0.0013500578705511821,-0.0002993800457864133,2021-11-24 00:00:00,-0.007730164008246188,-0.0006873417907126345,False,False,True,0.007730164008246188,-0.0006896335473707375,0.0021963398015520286,0.0022494123668738756
2021-11-24,0.0018748727295147185,-0.004265984592650367,2021-11-26 00:00:00,-0.014137020177211315,-0.0007228446833594676,False,False,True,0.014137020177211315,-0.0007144782450389481,0.0038228233147703508,0.003641303705104275
2021-11-26,-0.022473036172262584,-0.017727941961842738,2021-11-29 00:00:00,-0.008145642883766898,-0.0008741933169742176,False,False,True,0.008145642883766898,-0.0007828315291300662,0.0005944125075289224,0.00440003324859151
2021-11-29,0.00881124927035523,-0.02186495017155686,2021-11-30 00:00:00,-0.016207274669573626,-0.0009912411461010387,False,False,True,0.016207274669573626,-0.0008452087579301325,0.004456984753053219,0.008474933186231748
2021-11-30,-0.0224030181638965,-0.007732608582442128,2021-12-01 00:00:00,0.007674227380547819,-0.0009537507549704531,False,True,False,-0.007674227380547819,-0.0009192146306226903,-0.006442826974251063,0.023132542164995887
2021-12-01,-0.010766940025111955,0.003667231513892647,2021-12-02 00:00:00,-0.0011681562071231702,-0.00044772261236785625,False,False,True,0.0011681562071231702,-0.0008870058505482741,-0.03358671751459631,0.021175937424782784
2021-12-02,0.01862195653529832,-0.003475923418669405,2021-12-03 00:00:00,0.008491463294332317,-0.0015932077734196637,False,True,False,-0.008491463294332317,-0.0009028485396021217,-0.03384889408859021,0.017269252541495084
2021-12-03,-0.00424736543610352,0.015461510497875397,2021-12-06 00:00:00,-0.0031406171443587004,-0.0005010771570123525,False,False,True,0.0031406171443587004,-0.0008548873016650453,-0.02135578410561423,0.017016728437869756
2021-12-06,0.01382646293478767,0.00012955350153034788,2021-12-07 00:00:00,0.01377157754874401,-0.001179512122146797,False,True,False,-0.01377157754874401,-0.000840530693111206,-0.024651822348697394,0.01440392518612802
2021-12-07,0.015955598032244837,0.021622535110426562,2021-12-08 00:00:00,-0.005412507954209987,-0.0007492414952404488,False,False,True,0.005412507954209987,-0.0008145069955967437,-0.01993904310971084,0.01773172550787356
2021-12-08,0.0021075051902084948,0.002223281524129944,2021-12-09 00:00:00,-0.004127443801788494,-0.0008287696667076988,False,False,True,0.004127443801788494,-0.0008192687298276359,-0.02110817825076325,0.01573559531690774
2021-12-09,-0.005762110105194249,-0.004744791615410572,2021-12-10 00:00:00,-0.004012036293592317,-0.0007424133490967343,False,False,True,0.004012036293592317,-0.0007982498154680563,-0.024747191617648497,0.018285223789833688
2021-12-10,0.007007547242106404,-0.0061291077825507915,2021-12-13 00:00:00,-0.0019820922609130338,-0.0010973489173894007,False,False,True,0.0019820922609130338,-0.0008316627160926543,-0.020088055609302574,0.02038113980767852
2021-12-13,-0.0047729241289543286,0.002762100674610592,2021-12-14 00:00:00,-0.0021757732373025194,-0.0006923455933994536,False,False,True,0.0021757732373025194,-0.0008495223514873999,-0.02114169372568582,0.020371834558706295
2021-12-14,-0.00490652446773772,-0.004737883017958502,2021-12-15 00:00:00,0.006330040227005347,-0.0008534628434594379,False,True,False,-0.006330040227005347,-0.0008578215093096728,-0.020298707794836005,0.020101264688806728
2021-12-15,0.010937419071855374,0.005121500343942575,2021-12-16 00:00:00,0.0015302716552646348,-0.0008620587656273399,False,True,False,-0.0015302716552646348,-0.0008078589672322598,-0.01578598105415962,0.023129568270895177
2021-12-16,-2.5270797085777648e-05,0.011373315247336613,2021-12-17 00:00:00,-0.005828361756325571,-0.0005557396916858498,False,False,True,0.005828361756325571,-0.0008115471107219983,-0.013047336448923154,0.02246290522053939
2021-12-17,-0.012006673505605319,-0.008173785418456585,2021-12-20 00:00:00,-0.014818437708540366,-0.0007526732511924446,False,False,True,0.014818437708540366,-0.0007411809221284771,-0.014194683166938086,0.022256915988290833
2021-12-20,-0.01018895557003577,-0.02116868040681291,2021-12-21 00:00:00,0.004394487739777281,-0.0014552862507197116,False,True,False,-0.004394487739777281,-0.0008306505365576413,0.00022931703034772405,0.029397166057083295
2021-12-21,0.014455421638033605,0.012118505879835468,2021-12-22 00:00:00,-0.004006118238531769,-0.0005471332660244754,False,False,True,0.004006118238531769,-0.0008005610531176032,-0.002966505731696067,0.02445102401026857
2021-12-22,0.007985188181305801,-0.000781801703412309,2021-12-23 00:00:00,0.002073010326744242,-0.0009002429584899188,False,True,False,-0.002073010326744242,-0.0008330637286352924,-0.006273142004224602,0.021855939157282397
2021-12-23,0.005379190388237753,0.005449737965598288,2021-12-27 00:00:00,-0.0027533000860246164,-0.0007214168076785742,False,False,True,0.0027533000860246164,-0.0008161801270968336,-0.005027539528729391,0.022351058435579954
2021-12-27,0.013202570683878555,-0.0036149940070385484,2021-12-28 00:00:00,0.002261905814671032,-0.0007821132259795207,False,True,False,-0.002261905814671032,-0.0007849248130938985,0.0046065946661312095,0.01604630725922495
2021-12-28,0.001973192412972467,0.008814968414085023,2021-12-29 00:00:00,0.0019627086441861546,-0.0006310526354685714,False,True,False,-0.0019627086441861546,-0.0007951972099388357,0.00871709720821975,0.016669834478483952
2021-12-29,0.001620016105780886,0.0027904411073997556,2021-12-30 00:00:00,0.000147864892752301,-0.0007438489298894691,False,True,False,-0.000147864892752301,-0.0008073429948345544,0.00785593182705224,0.018193298803088193
2021-12-30,-0.00126806791476717,-0.001826862775727764,2022-01-04 00:00:00,0.005833978153554784,-0.0008422317080561908,False,True,False,-0.005833978153554784,-0.0007988155546220215,0.007341768435195845,0.01866932366075505
2022-01-04,0.005546423640857102,0.011917485628447647,2022-01-05 00:00:00,0.008936983640682294,-0.0005256643046434258,False,True,False,-0.008936983640682294,-0.0007782184928184828,0.006522747252728689,0.018156201346086427
2022-01-05,-0.013208391709504759,0.012005177228993687,2022-01-06 00:00:00,-0.008004083624821138,-0.0006228376920764608,False,False,True,0.008004083624821138,-0.0007632680459256299,0.009497579687430605,0.022146953900094576
2022-01-06,0.00022317992298096198,-0.013124363379428376,2022-01-07 00:00:00,-0.006175626053467455,-0.0010335389267603265,False,False,True,0.006175626053467455,-0.0007708433425494109,0.01312628735285266,0.020239085152709356
2022-01-07,-0.00028452103364455403,0.0001551328451467359,2022-01-11 00:00:00,-0.0016939108580885784,-0.0007954759329069735,False,False,True,0.0016939108580885784,-0.0007958804813977445,0.01160545426074331,0.023892711626905604
2022-01-11,0.008183926799917711,3.332475108814064e-05,2022-01-12 00:00:00,0.007058118620427469,-0.0006978193379897094,False,True,False,-0.007058118620427469,-0.0007905395883953696,0.01123006629420355,0.024432587463944205
2022-01-12,0.0028976579455888677,0.014442361961889383,2022-01-13 00:00:00,0.0012994996628977152,-0.00037487801780618815,False,True,False,-0.0012994996628977152,-0.0007543418701630779,0.016218234633319315,0.02302040045704084
2022-01-13,-0.007562320433758252,-0.0005296145841852837,2022-01-14 00:00:00,-0.00507866810245807,-0.000822915281950797,False,False,True,0.00507866810245807,-0.0007126710692721888,0.012861205869198419,0.024515285490429684
2022-01-14,-0.0010429937320978592,-0.008368126420364552,2022-01-18 00:00:00,-0.009038130579433838,-0.000909277843144669,False,False,True,0.009038130579433838,-0.0007010422589050601,0.011889920981382755,0.02340242741843717
2022-01-18,-0.013206585029734536,-0.004611380281814599,2022-01-19 00:00:00,-0.012085713326835253,-0.000995026405470791,False,False,True,0.012085713326835253,-0.0007245363029661578,0.011708109762288168,0.025126089871277252
2022-01-19,-0.007058134720707285,-0.023116866616575787,2022-01-20 00:00:00,0.010008639222988022,-0.0015428372314056247,False,True,False,-0.010008639222988022,-0.0007836456363131757,0.022057746155916713,0.02610669781068367
2022-01-20,-0.009504171306475163,0.0071929134563838495,2022-01-21 00:00:00,0.005394036420602165,-0.0008011418961062414,False,True,False,-0.005394036420602165,-0.0007318664142898139,0.018533661752784286,0.014857903555540553
2022-01-21,-0.015340395033834886,-0.003492312216564078,2022-01-24 00:00:00,0.011194650932318665,-0.0009619402081413558,False,True,False,-0.011194650932318665,-0.0007436663316488344,0.01037391265995129,0.016932609278716454
2022-01-24,0.0024012493680407284,0.004514885809985139,2022-01-25 00:00:00,-0.008645563659413531,-0.0006029079971619757,False,False,True,0.008645563659413531,-0.0006775255361447164,-0.003514582520296993,0.01839624113080376
2022-01-25,-0.0065827186912911125,-0.012590928248737879,2022-01-26 00:00:00,-0.0023794881978099823,-0.0008476466362059738,False,False,True,0.0023794881978099823,-0.0006703528899387302,-0.0010176441779888743,0.014613109373982665
2022-01-26,-0.006318610781307203,-0.0010771426745757563,2022-01-27 00:00:00,-0.018271522014085773,-0.0007311745501450206,False,False,True,0.018271522014085773,-0.00069493456817947,0.00292679849432227,0.01647570174638374
2022-01-27,-0.0030471529782792883,-0.017553553379370285,2022-01-28 00:00:00,0.005551411760514135,-0.0011145206434997998,False,True,False,-0.005551411760514135,-0.0007941514365362394,0.007456086251230908,0.01695664490852465
2022-01-28,0.01769662350613709,0.014193882251588725,2022-01-31 00:00:00,0.006905507309103305,-0.0005795049585026861,False,True,False,-0.006905507309103305,-0.000782250375872389,0.002216470277426356,0.011520553324249432
2022-01-31,0.014940607056751952,0.0068197204307183824,2022-02-01 00:00:00,-0.00581922538457702,-0.000614954143921717,False,False,True,0.00581922538457702,-0.0007841890210482992,0.0073298450608112065,0.0087573299951002
2022-02-01,0.007060957503577058,-0.00026157484189662727,2022-02-02 00:00:00,0.010909385413418918,-0.0008012102944703152,False,True,False,-0.010909385413418918,-0.0008144203712672463,0.0021108894759918184,0.006479308466771201
2022-02-02,0.009066389224101705,0.01469541002529752,2022-02-03 00:00:00,0.002584728712107099,-0.0006585381456186883,False,True,False,-0.002584728712107099,-0.0007873726619651494,0.006568918678256996,0.004714270830732329
2022-02-03,-0.018105523478085885,-0.0026677462294238167,2022-02-04 00:00:00,0.00419470357858829,-0.0009484859760654249,False,True,False,-0.00419470357858829,-0.0007918528761845495,0.007809369923860488,0.005712825758038147
2022-02-04,0.0002491493578256166,0.005292810729989844,2022-02-07 00:00:00,0.00322273080965357,-0.0006969825852114968,False,True,False,-0.00322273080965357,-0.0007335337456937247,0.0011912515779468206,0.006849736891431066
2022-02-07,-0.0014213286471796678,0.0013908698068308902,2022-02-08 00:00:00,0.0014038379997248903,-0.0007197249780275581,False,True,False,-0.0014038379997248903,-0.0007288479848110214,0.001830618986697439,0.00842991769160822
2022-02-08,0.004329256034616879,0.00833174865050541,2022-02-09 00:00:00,0.0006278543863366191,-0.0006152148694963842,False,True,False,-0.0006278543863366191,-0.0007038216279316603,0.0026215957594247245,0.009272627201586808
2022-02-09,0.013675590084287476,0.00549030041554565,2022-02-10 00:00:00,-0.002589486667269808,-0.0005992607221692595,False,False,True,0.002589486667269808,-0.0006965507846315408,0.0033146049745964223,0.009464123928671464
2022-02-10,-0.015921146310617928,0.0029456366838728405,2022-02-14 00:00:00,0.003969324090189137,-0.0007250837790764347,False,True,False,-0.003969324090189137,-0.0007106260569896177,0.0025490992433696395,0.008869681746631951
2022-02-14,-0.006681689606666172,-0.004227474303960238,2022-02-15 00:00:00,-0.009979428862837099,-0.0007011568833099109,False,False,True,0.009979428862837099,-0.0006798541167148181,-0.0032422762078280058,0.010163669071773566
2022-02-15,0.0102198708571741,-0.008976025635753622,2022-02-16 00:00:00,0.0006945109133524863,-0.0007993217357186572,False,True,False,-0.0006945109133524863,-0.0007108272487028443,0.0012018795594280788,0.011227412330199298
2022-02-16,0.0022375811314767017,0.013974457951794462,2022-02-17 00:00:00,-0.00433299919336042,-0.0005517682714575794,False,False,True,0.00433299919336042,-0.0007007056737981557,0.0020596781930105274,0.010328036033801842
2022-02-17,-0.014689352697825786,-0.0035667694380221437,2022-02-18 00:00:00,0.0022894120736136874,-0.001147580849439029,False,True,False,-0.0022894120736136874,-0.0007825373807006967,0.023702135379450873,0.004731015769643054
2022-02-18,-0.004757492398036891,-0.004919387107582655,2022-02-22 00:00:00,-0.0025612151601227605,-0.0008553575672983816,False,False,True,0.0025612151601227605,-0.0007142430111219327,0.02979338603818342,-0.00012750600801882117
2022-02-22,-0.009798060005663573,-0.01160247239149244,2022-02-24 00:00:00,-0.007326029610890239,-0.001204126607927241,False,False,True,0.007326029610890239,-0.0007660300198123946,0.040575854915473206,0.003493387056164074
2022-02-24,0.007919669918690753,-0.012045125950873984,2022-02-25 00:00:00,-0.0015104458910223907,-0.0005665454075461815,False,False,True,0.0015104458910223907,-0.0008111028469361478,0.040102143471884816,0.006063722391714887
2022-02-25,0.02612145659733043,0.0035997418308185833,2022-02-28 00:00:00,0.004853678553550293,3.725550649174942e-05,True,True,True,0.004853678553550293,-0.000843712647196271,0.03326172993286661,0.0033678301012387037
2022-02-28,-0.0020659353463361755,0.008474823228266582,2022-03-01 00:00:00,-0.0023554342121781045,-0.0008833839125628214,False,False,True,0.0023554342121781045,-0.0008268408828954263,0.041310948980455675,0.0033986219235760794
2022-03-01,-0.012232763392196892,0.007351069511116036,2022-03-02 00:00:00,-0.009870291621475498,-0.0013035776852518412,False,False,True,0.009870291621475498,-0.0008509582232392113,0.03897317937814073,0.003282545475229697
2022-03-02,0.01808703634599418,-0.015755044055129924,2022-03-03 00:00:00,0.0050522644556140065,-4.8701027344670426e-05,False,True,False,-0.0050522644556140065,-0.0009382679338337536,0.04337600789466732,-0.006666022309211428
2022-03-03,-0.00012370266217541883,0.014034269777024913,2022-03-04 00:00:00,-0.012373345582006801,-0.0010179447977629163,False,False,True,0.012373345582006801,-0.0009064225801503324,0.051148433059688456,-0.007495582025166047
2022-03-04,-0.0006984024933382511,-0.017204440531774848,2022-03-07 00:00:00,-0.009949823646026408,-0.0007743842887348325,False,False,True,0.009949823646026408,-0.0009792921230731848,0.053845245719106434,-0.014095982241043485
2022-03-07,-0.02208558177083889,-0.015526187613645567,2022-03-08 00:00:00,-0.02109438241162834,-0.002077461038524008,False,False,True,0.02109438241162834,-0.0010048859573278445,0.05357360372084363,-0.007125324470626509
2022-03-08,-0.007133289158356376,-0.02766669820607488,2022-03-09 00:00:00,-0.004624184683665577,-0.0017032381944338752,False,False,True,0.004624184683665577,-0.0011094303748340776,0.07718084871486296,0.0015634141778372544
2022-03-09,0.017477471349457277,-0.0010646393268190207,2022-03-10 00:00:00,0.016320075143775745,0.00022888396152976928,True,True,True,0.016320075143775745,-0.001133027423104481,0.07814240990901584,0.0035883943340091363
2022-03-10,0.0005540971856270752,0.03428458591726251,2022-03-11 00:00:00,0.001521665596212637,-0.0009571090464834759,False,True,False,-0.001521665596212637,-0.0010293955946727312,0.09634034254327163,0.0005514033498698768
2022-03-11,-0.010703552416512248,-0.006551754384053721,2022-03-14 00:00:00,0.0031258933268970427,-0.0020570526488217023,False,True,False,-0.0031258933268970427,-0.001014367435776105,0.09531470958924607,0.00343102344421997
2022-03-14,-0.005191995820681841,0.007203374140841705,2022-03-15 00:00:00,0.0035682383539655084,-0.001451399946711222,False,True,False,-0.0035682383539655084,-0.000994641169912922,0.09193756258446878,0.0028570866237877038
2022-03-15,0.01401595580344969,0.005410925339572169,2022-03-16 00:00:00,0.003522429505995605,0.00033193761544429994,True,True,True,0.003522429505995605,-0.0009490547536714144,0.08873728238059508,0.006885059174371166
2022-03-16,0.015366994841925951,0.0082777533199621,2022-03-17 00:00:00,0.0025712797305195547,0.0005494861671397425,True,True,True,0.0025712797305195547,-0.0009289065267327826,0.0926937924346116,0.00651960279139378
2022-03-17,0.014060684640958715,0.01807680334697947,2022-03-18 00:00:00,0.001649193273874818,0.000467194157913371,True,True,True,0.001649193273874818,-0.0008294554138925818,0.06827056800674054,0.018627112235544255
2022-03-18,0.006190338871969958,0.004007442753354688,2022-03-22 00:00:00,0.0028957924798057913,-0.0003007993329376088,False,True,False,-0.0028957924798057913,-0.0008622339130100585,0.0717813468891304,0.029216566610787763
2022-03-22,0.007941337027724977,0.01650671654842161,2022-03-23 00:00:00,0.011279882215059678,0.000476461208153354,True,True,True,0.011279882215059678,-0.0008068524514309934,0.09011105347039286,0.034392752331286414
2022-03-23,-0.008445038550983512,0.019574608777212267,2022-03-24 00:00:00,0.009789572296306608,-0.0007905426133441725,False,True,False,-0.009789572296306608,-0.0007940852900806771,0.09525388971764653,0.04127619901521366
2022-03-24,0.011401278244037683,-0.0011347259384288017,2022-03-25 00:00:00,-0.004899107209857247,0.00017880072908650307,True,False,False,-0.004899107209857247,-0.0007383274020369404,0.08555938690363614,0.051429374598585126
2022-03-25,0.00853890735713399,0.0016074797478945599,2022-03-28 00:00:00,-0.0037982308734486408,3.143126182796891e-05,True,False,False,-0.0037982308734486408,-0.0007934056791385511,0.08644503091318524,0.05392965642509219
2022-03-28,0.0036891348014379847,-0.0015719563463199942,2022-03-29 00:00:00,-0.0006459767001343058,-0.000525261895068121,False,False,True,0.0006459767001343058,-0.0007850933319476351,0.09351989538339144,0.0541847513804025
2022-03-29,0.011533991937581341,0.0027551398740333012,2022-03-30 00:00:00,-0.00940385046401205,0.0004027375012228072,True,False,False,-0.00940385046401205,-0.0008173351485962974,0.09346811509025445,0.05154444799177855
2022-03-30,-0.0027457091269137523,-0.0031611759538203,2022-03-31 00:00:00,-0.003161207959085712,-0.001250625908413142,False,False,True,0.003161207959085712,-0.0008434317995097298,0.08768593672016449,0.05264940470894648
2022-03-31,-0.012948882274405433,-0.00569400731830166,2022-04-01 00:00:00,0.005310866685492632,-0.0022802721058904096,False,True,False,-0.005310866685492632,-0.0008632278420024436,0.08596587169883584,0.05336879541168859
2022-04-01,0.005974232338468005,-0.005283560897634187,2022-04-04 00:00:00,0.0036560039618411745,-0.0006387635733861388,False,True,False,-0.0036560039618411745,-0.0008355196600603225,0.07905665059634877,0.05215170549332933
2022-04-04,0.0038759643259271533,0.005731094375309805,2022-04-05 00:00:00,-0.009398362886137183,-0.000268596035436854,False,False,True,0.009398362886137183,-0.0008527856344738444,0.07844953072851245,0.04887757873162012
2022-04-05,-0.008302356820449875,-0.005267554404285868,2022-04-06 00:00:00,-0.0043017199443117675,-0.0017752942773730006,False,False,True,0.0043017199443117675,-0.0008934800721477934,0.0768180565736037,0.04632952420939063
2022-04-06,-0.0023095240787274107,-0.009222151053918815,2022-04-07 00:00:00,-0.002143616027801299,-0.0015348414473582575,False,False,True,0.002143616027801299,-0.0009252132680680837,0.07989776763004734,0.04609579247038803
2022-04-07,0.0036912985965053494,-0.014805390873806416,2022-04-08 00:00:00,-0.008064259593757273,-0.001343026070846966,False,False,True,0.008064259593757273,-0.0009533374190224716,0.07937053455295319,0.04610948812107775
2022-04-08,0.0025311170325498333,0.0006212141654004163,2022-04-11 00:00:00,0.0019171569307081526,-0.0007858548942498442,False,True,False,-0.0019171569307081526,-0.0010368484282738091,0.08870501380852437,0.04261133144569948
2022-04-11,-0.013698392463469216,0.004177873829838814,2022-04-12 00:00:00,-0.008564208207705027,-0.0020255245574581013,False,False,True,0.008564208207705027,-0.0010034252350623032,0.08796603417702933,0.0437767976404286
2022-04-12,-0.0013431265340050145,-0.010481780592760758,2022-04-13 00:00:00,0.003930223153812196,-0.001525643696336684,False,True,False,-0.003930223153812196,-0.0009890176888938044,0.09702717791123015,0.038763092460769165
2022-04-13,0.009760747795051438,0.009914206587171648,2022-04-14 00:00:00,0.004005633891615117,0.00030229610817894255,True,True,True,0.004005633891615117,-0.0009108183311247642,0.09153890979763804,0.032239213952690346
2022-04-14,-0.007087887189046576,0.012566123869317561,2022-04-18 00:00:00,-0.0035408302022681285,-0.0009927221384084515,False,False,True,0.0035408302022681285,-0.0009542841242368464,0.0919157921690464,0.04878598667257446
2022-04-18,-0.0005569902956788548,-0.008715540493303097,2022-04-19 00:00:00,-0.0013703590819240858,-0.0014231912383776022,False,False,True,0.0013703590819240858,-0.0009762459995812935,0.09253105990757711,0.04536796503702029
2022-04-19,0.013918082783819986,0.010674736580377117,2022-04-20 00:00:00,0.000858093649539717,0.0010282123933989305,True,True,True,0.000858093649539717,-0.0009365676065811282,0.10197096981166215,0.051105673333220886
2022-04-20,0.0018966237217205736,0.008256984959308482,2022-04-21 00:00:00,0.003928969978272849,-0.0003330082188994899,False,True,False,-0.003928969978272849,-0.0009477318820359396,0.10198225439092169,0.051023672967834645
2022-04-21,-0.014927636831681352,0.004253661754114679,2022-04-22 00:00:00,-0.0017323535206617395,-0.002188523868470818,False,False,True,0.0017323535206617395,-0.0009116612122821696,0.10074306903309481,0.05336420824406589
2022-04-22,-0.025269984712058324,-0.011364936627585068,2022-04-25 00:00:00,-0.0006646051472371746,-0.003991234326828773,False,False,True,0.0006646051472371746,-0.0008759124593884696,0.10111158583456695,0.049294919764798356
2022-04-25,0.000123663918585315,-0.01506216729994568,2022-04-26 00:00:00,-0.00670168457238616,-0.0016122186109714066,False,False,True,0.00670168457238616,-0.0008736404325882035,0.09410468124517067,0.049807940456610675
2022-04-26,-0.021861635652958077,0.0003332055094336095,2022-04-27 00:00:00,0.00434734192919916,-0.0030469777793465146,False,True,False,-0.00434734192919916,-0.0008328318207375087,0.10212349569803247,0.05534331043672566
2022-04-27,0.0014190777550983585,-0.008682377162032037,2022-04-28 00:00:00,0.01642933565834981,-0.0012179805078410435,False,True,False,-0.01642933565834981,-0.0008253299908142613,0.09169071211529241,0.060210096518816994
2022-04-28,0.020789560649822836,0.0202726999852291,2022-05-02 00:00:00,-0.004017072471437246,0.0023242708720972666,True,False,False,-0.004017072471437246,-0.0007304782710243757,0.09337615625815557,0.05492607694863981
2022-05-02,0.001559255085266957,0.004488385859271367,2022-05-06 00:00:00,0.0057857920693099784,-0.0003923256847077146,False,True,False,-0.0057857920693099784,-0.0007587278390956613,0.08699196952837014,0.0514125769839468
2022-05-06,-0.0040076000456537334,0.011051059493615446,2022-05-09 00:00:00,-0.012261291924575217,-0.0004896438731194205,False,False,True,0.012261291924575217,-0.0007159013516317936,0.08816949212982508,0.05244796116897059
2022-05-09,-0.03182078605384591,-0.01373473324944482,2022-05-10 00:00:00,-0.001804550120163712,-0.00435302941088867,False,False,True,0.001804550120163712,-0.0007747908434983685,0.09219860150446953,0.0469180276565494
2022-05-10,-0.0030452389240836738,-0.010803289753627543,2022-05-11 00:00:00,-0.0023856438713139223,-0.0015217639693628675,False,False,True,0.0023856438713139223,-0.0007521554120316352,0.08826160525411333,0.04635910846889289
2022-05-11,-0.008640423501267742,-0.008053102480709784,2022-05-12 00:00:00,-8.454973730495803e-05,-0.0019215900984596043,False,False,True,8.454973730495803e-05,-0.0007739890554084034,0.08785488575001581,0.04824198182578331
2022-05-12,0.0009929542277467714,-0.004862998514051521,2022-05-13 00:00:00,0.008170657359555597,-0.0009157939598294332,False,True,False,-0.008170657359555597,-0.0007705997374726751,0.0866569377625621,0.047551031406552695
2022-05-13,0.021396511984584556,0.012545559316539523,2022-05-16 00:00:00,-0.015177978932642023,0.0017432519542530517,True,False,False,-0.015177978932642023,-0.0007189883318676337,0.08814259023392539,0.045936277792605944
2022-05-16,-0.0013796637665603412,-0.0009378547922441423,2022-05-17 00:00:00,0.0003944406746995209,-0.0008643073206125013,False,True,False,-0.0003944406746995209,-0.000732694409878638,0.06900006084688926,0.03882906735040873
2022-05-17,0.017576046132631307,0.00216833517508327,2022-05-18 00:00:00,-0.0013288073064781864,0.0005684509583862386,True,False,False,-0.0013288073064781864,-0.0007140782957788475,0.06844529505402142,0.03667864251244743
2022-05-18,-0.035846897012355064,0.0054714879514974855,2022-05-19 00:00:00,0.01055065424896731,-0.002831153888629363,False,True,False,-0.01055065424896731,-0.0007342391391996139,0.06459610350871108,0.03996264313925807
2022-05-19,-0.003951218953047276,-0.0074660105752869,2022-05-20 00:00:00,0.004474582066462275,-0.0011920335710073476,False,True,False,-0.004474582066462275,-0.0006886859658505445,0.04158710352302107,0.045409506200876915
2022-05-20,0.0004941197995300482,0.005012798821511105,2022-05-23 00:00:00,-0.0005967681151616539,-0.00042193327211985604,False,False,True,0.0005967681151616539,-0.0006611953422527136,0.041308757433272704,0.04365836391677117
2022-05-23,0.017588017179851215,0.008977325512679608,2022-05-24 00:00:00,-0.007018386716356038,0.00047975370586355275,True,False,False,-0.007018386716356038,-0.0006431895009507821,0.04126424458401381,0.04424335105105961
2022-05-24,-0.002692648203974897,-0.005422600509604427,2022-05-25 00:00:00,0.002805599908141972,-0.0010218459637641119,False,True,False,-0.002805599908141972,-0.000689603110116034,0.03521757422156825,0.04378237254459642
2022-05-25,0.00881351603796428,0.0023664710323011364,2022-05-26 00:00:00,-0.0016373402602276599,-0.0002448892622773438,False,False,True,0.0016373402602276599,-0.0006581035131091814,0.035322794293280786,0.04305830725644302
2022-05-26,0.016981035643012607,0.001433828533334742,2022-05-27 00:00:00,-0.005601837169403813,-6.9217365832960494e-06,False,False,True,0.005601837169403813,-0.0006928863301012187,0.03673885216299315,0.04331120075448175
2022-05-27,0.021880494978730406,0.003806961445231033,2022-05-31 00:00:00,-0.0030875522117760935,0.00013667464208343702,True,False,False,-0.0030875522117760935,-0.0007217637443913293,0.03189334190602019,0.042184897681676825
2022-05-31,-0.008314879232076149,-0.005073543402401352,2022-06-01 00:00:00,0.009144803050480946,-0.0011878014385704064,False,True,False,-0.009144803050480946,-0.0007611080009032569,0.026390366089747666,0.040851277756394425
2022-06-01,-0.007331317778109066,0.01203865905587505,2022-06-02 00:00:00,-0.0031905614496500856,-0.00020939432864686852,False,False,True,0.0031905614496500856,-0.0006539306935632201,0.017602601828487448,0.047645392230175145
2022-06-02,0.01643493328963629,-0.003193809462524383,2022-06-03 00:00:00,-0.004925094833864124,-0.00048434016283975924,False,False,True,0.004925094833864124,-0.0006138100225835931,0.015011083409504827,0.036707354046061534
2022-06-03,-0.011707199299771688,0.002005122211290325,2022-06-06 00:00:00,0.010692033574854983,-0.0006941679828949925,False,True,False,-0.010692033574854983,-0.0006321554778156442,0.01185095907771459,0.038266512786529164
2022-06-06,0.002957711233398214,0.007178855450454857,2022-06-07 00:00:00,0.0006575745873673646,-0.00028266714233248657,False,True,False,-0.0006575745873673646,-0.0005913173663352583,0.0039600274970433,0.04136280612411366
2022-06-07,0.010078668558340043,0.004674969176724229,2022-06-08 00:00:00,0.006185656687648079,-0.0002498575730324957,False,True,False,-0.006185656687648079,-0.0005559885290433613,0.008707286018512207,0.04671113282946343
2022-06-08,-0.012530769993801124,0.012773229038507469,2022-06-09 00:00:00,0.003314563829865045,-9.23010080852711e-05,False,True,False,-0.003314563829865045,-0.0005807100305403523,0.011207906737965984,0.04923208704742581
2022-06-09,-0.022786936438025127,0.0025280690189936257,2022-06-10 00:00:00,-0.005187830498239565,-0.0006282086465725888,False,False,True,0.005187830498239565,-0.0005652306637280479,0.008510476660077156,0.051798312024749285
2022-06-10,-0.024653905367712784,-0.013076324106971585,2022-06-13 00:00:00,0.00014162660376018492,-0.0015983174221928633,False,True,False,-0.00014162660376018492,-0.0005906243009555238,0.013805594243599298,0.05103355512997855
2022-06-13,-0.03952498116621333,-0.01532455903121373,2022-06-14 00:00:00,0.0017061028118008099,-0.0018711775847697252,False,True,False,-0.0017061028118008099,-0.0005636608750771641,0.013865893510015846,0.04955885049021957
2022-06-14,-0.006164219846704525,-0.013199091817992,2022-06-15 00:00:00,-0.007933773442748952,-0.0012685062842924413,False,False,True,0.007933773442748952,-0.0005745480508618081,0.007989597072808517,0.048844921262570264
2022-06-15,0.01006065846419651,-0.010232575451443097,2022-06-16 00:00:00,-0.0034027994815760297,-0.0010447069891082025,False,False,True,0.0034027994815760297,-0.0005991099959442471,0.009169757007903373,0.05256260158280003
2022-06-16,-0.031155109761660502,0.0065729053409766735,2022-06-17 00:00:00,0.006469687840339862,-0.0005338562980466781,False,True,False,-0.006469687840339862,-0.000619628003180614,0.008537379238681787,0.05351586157784541
2022-06-17,-0.0026599102540870723,-0.013431908145443242,2022-06-21 00:00:00,0.009294303762004737,-0.001340248292931282,False,True,False,-0.009294303762004737,-0.0005778525519402823,-0.00033577352987773645,0.05682654021909145
2022-06-21,0.023410471019038107,0.02248856107269715,2022-06-22 00:00:00,-0.008023154730672473,0.000595392955644989,True,False,False,-0.008023154730672473,-0.0005659183958508921,-0.0012761406069138753,0.05296854700216672
2022-06-22,-0.002296535737672684,-0.001228422289864169,2022-06-23 00:00:00,0.0005565826063445937,-0.0006273673830313659,False,True,False,-0.0005565826063445937,-0.0005856227321422385,-0.007998046626912399,0.04893467929994267
2022-06-23,0.00622185250754577,-0.0023457416655133004,2022-06-24 00:00:00,0.0032589480465287745,-0.0007907271844241611,False,True,False,-0.0032589480465287745,-0.0006159100899454021,-0.009591045693334369,0.04908597757140689
2022-06-24,0.028383842748102076,0.003136830395867083,2022-06-27 00:00:00,-0.0009807864159839025,-0.0007232803610645073,False,False,True,0.0009807864159839025,-0.0006246259162664627,-0.008465721062421147,0.04515234574799575
2022-06-27,-0.0005344445348866931,0.011253540339540735,2022-06-28 00:00:00,0.010038097401260696,-0.0001264465009963142,False,True,False,-0.010038097401260696,-0.0006329074484398795,-0.008542303143075948,0.04459890355126106
2022-06-28,-0.0138548110078673,0.011944759926470353,2022-06-29 00:00:00,0.00017471684672299524,0.0001360985108115566,True,True,True,0.00017471684672299524,-0.00057580578574191,-0.008838992088525812,0.04934730670983739
2022-06-29,-0.0036083411475304017,-0.0012495930163972397,2022-06-30 00:00:00,-0.00561646221589034,-0.0006322955636105728,False,False,True,0.00561646221589034,-0.0006013358169711477,-0.008695537450425221,0.04988521174791016
2022-06-30,-0.006218598512160545,-0.009377656557615669,2022-07-01 00:00:00,-0.013364377179225562,-0.0010429096016672363,False,False,True,0.013364377179225562,-0.000625402214672117,-0.008010330169223603,0.049833389759603997
2022-07-01,0.013022778992362401,-0.013583811913049222,2022-07-05 00:00:00,-0.0010699099662511017,-0.001489803937527618,False,False,True,0.0010699099662511017,-0.0006740174666466822,-0.006049349965205647,0.054256281517605906
2022-07-05,-0.00641136825594547,0.0044985805298249325,2022-07-06 00:00:00,-0.007395109934285389,-0.0003865252727773406,False,False,True,0.007395109934285389,-0.0006624988959527597,-0.005449924194293278,0.053579601521148726
2022-07-06,0.0015716209888563864,-0.018719224276978357,2022-07-07 00:00:00,0.002617179683020404,-0.00163878044708737,False,True,False,-0.002617179683020404,-0.0006713254582539548,-0.0032140274479754635,0.05141258748745368
2022-07-07,0.012576272555649193,0.01056690199723718,2022-07-08 00:00:00,0.0005671738603782809,-0.00020107208875088062,False,True,False,-0.0005671738603782809,-0.0006795879538369203,-0.0021677655762899276,0.04786438598015354
2022-07-08,-0.0025184107758364164,0.008867212259336803,2022-07-11 00:00:00,0.0007011620665975512,-0.0002619590957290073,False,True,False,-0.0007011620665975512,-0.0006865183662756347,-0.001699093451985191,0.04739711230499273
2022-07-11,-0.008748353032480116,0.011620790116654478,2022-07-12 00:00:00,-0.009202678263365242,-7.851963979565546e-05,False,False,True,0.009202678263365242,-0.0006671776353309658,-0.0030489420731469805,0.04836028946933852
2022-07-12,-0.007072877001840904,-0.013714058912549084,2022-07-13 00:00:00,0.0011997148109745054,-0.001233677452356465,False,True,False,-0.0011997148109745054,-0.0006664736453405299,-0.0007409970134152413,0.04174145607809337
2022-07-13,-0.004175050221698042,0.0008215319031100928,2022-07-14 00:00:00,0.004593400206436772,-0.0005985220139126287,False,True,False,-0.004593400206436772,-0.0006426752253556859,-0.002903773527309403,0.03898790906700901
2022-07-14,-0.007121697795968284,-0.018989229556296575,2022-07-15 00:00:00,-0.005650710070545772,-0.0015679652524865585,False,False,True,0.005650710070545772,-0.0006713431128445316,-0.013925280027672786,0.05243992510444709
2022-07-15,0.016940769959138322,0.01919324523991109,2022-07-19 00:00:00,-0.0015638587137908986,0.00025244268710938476,True,False,False,-0.0015638587137908986,-0.0006730898701152088,-0.014036397659625728,0.060610903809651395
2022-07-19,0.025924489385251735,0.005069472628878449,2022-07-20 00:00:00,0.004324239063507449,-0.0007668287873772858,False,True,False,-0.004324239063507449,-0.0006826252610395695,-0.01487981639603747,0.05948313324705044
2022-07-20,0.003311673790282733,0.0171034402767524,2022-07-21 00:00:00,0.004523097667704743,0.00031584164427079847,True,True,True,0.004523097667704743,-0.000668438661109492,-0.01040506479045325,0.05956336674076815
2022-07-21,0.007144251599908411,0.0008719978467529588,2022-07-22 00:00:00,0.0005623104602859472,-0.0006715523832886581,False,True,False,-0.0005623104602859472,-0.0006510733381579234,-0.010504738656049811,0.06257979996460772
2022-07-22,-0.004977673740433049,0.00013366455285633653,2022-07-25 00:00:00,0.001386199157652577,-0.0005709546378286708,False,True,False,-0.001386199157652577,-0.0006316847456316714,-0.010506819488558194,0.06307273064681242
2022-07-25,0.005186134643992222,-0.002677463934605544,2022-07-26 00:00:00,-0.001566276170582653,-0.0008194312578434606,False,False,True,0.001566276170582653,-0.0006012108331051287,-0.010845865257276315,0.060494673743331714
2022-07-26,-0.008453471752428528,0.0025953298517928346,2022-07-27 00:00:00,0.002899040931522176,-0.00034098030090458787,False,True,False,-0.002899040931522176,-0.0005866319808360896,-0.010607456711001675,0.060100971039264865
2022-07-27,0.01890197515603327,0.0008316940332418902,2022-07-28 00:00:00,-0.003336066027664629,-0.0007770157373629427,False,False,True,0.003336066027664629,-0.0005879626915828588,-0.012700498271452997,0.061334403010353145
2022-07-28,0.015235023821328434,0.002158066301760167,2022-07-29 00:00:00,-0.003325706136666626,-0.0006932606541962999,False,False,True,0.003325706136666626,-0.0006032708525215131,-0.014589451201307724,0.06129600133663822
2022-07-29,0.013412725583198747,-0.0030622041673758057,2022-08-01 00:00:00,0.00819444790077244,-0.0010160695329680882,False,True,False,-0.00819444790077244,-0.0006055228192887801,-0.016495855883178798,0.06181571022432929
2022-08-01,-0.0034030035394432582,0.009644342838012984,2022-08-02 00:00:00,-0.013325713116789187,3.5538962539073834e-05,True,False,False,-0.013325713116789187,-0.0005560558104397146,-0.011079144116660996,0.05743184534591962
2022-08-02,-0.006949396265218581,-0.01717304439842548,2022-08-03 00:00:00,-0.001739500880667596,-0.0015374577656261381,False,False,True,0.001739500880667596,-0.0006515061787288101,-0.005514133512093743,0.05382106190891414
2022-08-03,0.008901910434955413,-0.001397430971769717,2022-08-04 00:00:00,-0.005384990594009882,-0.0008063816712365868,False,False,True,0.005384990594009882,-0.0006657394893908061,-0.007159346735141906,0.05503693562720826
2022-08-04,-0.002867569801640955,-0.0033824901323012313,2022-08-05 00:00:00,0.007973964740662698,-0.0008528242885892398,False,True,False,-0.007973964740662698,-0.0006988565468698841,-0.008543964952021775,0.05276235868296049
2022-08-05,-0.00023974229356983243,0.006694992113409012,2022-08-08 00:00:00,0.0052740385768341655,-0.00033305327828542637,False,True,False,-0.0052740385768341655,-0.0006729171682135349,-0.008480936887428297,0.05046020143779916
2022-08-08,0.0020250188803448473,0.004278587065818165,2022-08-09 00:00:00,-0.006149513604326858,-0.00044264036580037193,False,False,True,0.006149513604326858,-0.0006184851102965074,-0.007634029647206178,0.044711909731410024
2022-08-09,-0.0006395050112191214,-0.004107358362141424,2022-08-10 00:00:00,-0.00038607399147359915,-0.0008244648768821554,False,False,True,0.00038607399147359915,-0.0006561400009706108,-0.007194280652037786,0.04210142850805028
2022-08-10,0.018165014713453553,0.00027891935740820273,2022-08-12 00:00:00,0.009247385978532507,-0.0007749016529666998,False,True,False,-0.009247385978532507,-0.0006408262864910098,-0.008022854080949458,0.04180382479364216
2022-08-12,0.015658399693962623,0.01866895743205886,2022-08-15 00:00:00,0.002325287013716325,0.00015829032983915854,True,True,True,0.002325287013716325,-0.000614931539560829,-5.9021178165863386e-05,0.04146702082403015
2022-08-15,0.0024007174669667146,0.00492352410949488,2022-08-16 00:00:00,-0.000715897551361497,-0.0003847108756901885,False,False,True,0.000715897551361497,-0.0005930295343719409,0.002982357071057304,0.04085668263116742
2022-08-16,0.0029887309759599745,-0.0029751014442277457,2022-08-17 00:00:00,0.007906337450930775,-0.0006858470264562043,False,True,False,-0.007906337450930775,-0.0005736019378274665,0.004133105518490145,0.04188019516460641
2022-08-17,-0.006259882618221746,0.01124706388882732,2022-08-18 00:00:00,-0.0024838421983649755,-0.0001291972820660142,False,False,True,0.0024838421983649755,-0.0005446394809026499,0.005147617855018424,0.039802893163718794
2022-08-18,0.003123567620160649,-0.005151040288825894,2022-08-19 00:00:00,-0.001377708099290759,-0.0007320754603902535,False,False,True,0.001377708099290759,-0.0005505846398910715,0.005865661819694137,0.03879072976063553
2022-08-19,-0.010652785887125845,0.0027070786857702673,2022-08-22 00:00:00,0.005723904263812039,-0.000498981798264359,False,True,False,-0.005723904263812039,-0.0005401220544616643,0.005822135455207645,0.0381083191817613
2022-08-22,-0.01825271364367618,-9.627165908131965e-05,2022-08-23 00:00:00,-0.0018325091563611024,-0.0005677048890828165,False,False,True,0.0018325091563611024,-0.00048280754728935606,0.004445620248362606,0.0389804067716276
2022-08-23,-0.00036792130375221365,-0.005656583201369427,2022-08-24 00:00:00,-0.001906987759113557,-0.0008016023331680919,False,False,True,0.001906987759113557,-0.0005460473307375831,0.006373732863493381,0.044763766625814536
2022-08-24,0.004424366196014909,0.0007768557119167097,2022-08-25 00:00:00,0.003462288197276688,-0.00048348551914135514,False,True,False,-0.003462288197276688,-0.0005459453721488345,0.006026227381313955,0.04608013527218864
2022-08-25,0.013341351116314272,0.0041515752110512375,2022-08-26 00:00:00,-0.0009696522703893063,-0.00023149465553298835,False,False,True,0.0009696522703893063,-0.0005192315074965567,0.007543428131362932,0.04506658777235481
2022-08-26,-0.028454483800284217,0.001429970531155338,2022-08-29 00:00:00,0.004586172259556781,-0.0007180045947242503,False,True,False,-0.004586172259556781,-0.0005417366635965927,0.008479263832075708,0.04545907961330918
2022-08-29,-0.00400768858310471,-0.013412562542126234,2022-08-30 00:00:00,0.005422235954180147,-0.0011738399543840814,False,True,False,-0.005422235954180147,-0.0005340394413638101,0.002260053274297874,0.04702628012615928
2022-08-30,-0.013301997852967939,0.012205910117173124,2022-08-31 00:00:00,0.00217499424670348,-1.6212089437837927e-05,False,True,False,-0.00217499424670348,-0.000519088232254705,0.0017515740036796942,0.043108262423858526
2022-08-31,-0.0070159578700967696,-0.003995971055144898,2022-09-01 00:00:00,-0.006321558600449362,-0.0007066137752563908,False,False,True,0.006321558600449362,-0.0005318664970023171,-0.00015585463637222963,0.044004509890110885
2022-09-01,0.001833075914905275,-0.012539011650198374,2022-09-02 00:00:00,-0.004450332514529544,-0.0011189843686249066,False,False,True,0.004450332514529544,-0.0005464238693703433,0.0012192098562469472,0.0458405669850519
2022-09-02,-0.00877615741975981,-0.004175089207917328,2022-09-06 00:00:00,-0.001210966871944356,-0.0007643736745420581,False,False,True,0.001210966871944356,-0.0005588701408610528,0.0006652452471921574,0.0478229869412777
2022-09-06,-0.002364170879833639,-0.00047196308513068364,2022-09-07 00:00:00,-0.0037616507928699807,-0.0005392438464265049,False,False,True,0.0037616507928699807,-0.0005140467999218235,0.001255497615587929,0.0470986742449417
2022-09-07,0.018497135680031328,-0.007631625610982629,2022-09-08 00:00:00,0.00890702269011393,-0.0007996966284884591,False,True,False,-0.00890702269011393,-0.0005067132213739694,0.0022034172590280274,0.04373122217030275
2022-09-08,0.005624159204019052,0.018528668177358633,2022-09-09 00:00:00,0.0028930643870186336,0.00030116912622268037,True,True,True,0.0028930643870186336,-0.00047903142297359304,0.009481038804848005,0.03922989340521215
2022-09-09,0.014635760981534063,0.006891434194691698,2022-09-12 00:00:00,-0.002422765846379917,-5.0257279927047745e-05,False,False,True,0.002422765846379917,-0.0004388875926547083,0.006649406334096851,0.042271489899317366
2022-09-12,0.009499649444763185,0.005008724455528971,2022-09-13 00:00:00,0.0013705448030935357,-0.0001758766928520695,False,True,False,-0.0013705448030935357,-0.0004244508615120793,0.005837289941855235,0.03855711413546852
2022-09-13,-0.03876416166208175,0.003456042587967468,2022-09-14 00:00:00,0.0012554108297635415,-0.0004547075494222492,False,True,False,-0.0012554108297635415,-0.00045093328212245245,0.0039011035985547574,0.042664041169071576
2022-09-14,0.0023015424538704965,-0.014667852749819207,2022-09-15 00:00:00,-0.000703823275911322,-0.0010524008306715435,False,False,True,0.000703823275911322,-0.00046371997426772473,0.001037833173135605,0.04029693259083958
2022-09-15,-0.011643919799655632,0.0005747723830365122,2022-09-16 00:00:00,0.0026135208469714372,-0.00044922390462085214,False,True,False,-0.0026135208469714372,-0.00045966831277743594,0.001092298690421746,0.04029951192636204
2022-09-16,-0.008648235679175194,-0.0024279236542263678,2022-09-20 00:00:00,-0.002734068852526237,-0.0005415478600394191,False,False,True,0.002734068852526237,-0.00044273258748964866,8.41264415889914e-06,0.04066953169986
2022-09-20,-0.013588625706483237,0.0040459234911736155,2022-09-21 00:00:00,-0.005188287298038846,-0.00029238247091712636,False,False,True,0.005188287298038846,-0.00045031980419275516,0.0005235581225786975,0.04079458472188328
2022-09-21,-0.016638865043352102,-0.009720361059208456,2022-09-22 00:00:00,0.006388972465897745,-0.0009040794121359363,False,True,False,-0.006388972465897745,-0.0004883892497066409,0.001237309603006602,0.04064691964849696
2022-09-22,-0.008489515168084515,-0.0033717629108809526,2022-09-26 00:00:00,-0.013419948278550942,-0.0005908487822391007,False,False,True,0.013419948278550942,-0.0004910947055090172,-0.0018747335979867608,0.0343053942710605
2022-09-26,-0.013856858679200824,-0.02789345442313021,2022-09-27 00:00:00,0.0021552431280803595,-0.0015381553907222027,False,True,False,-0.0021552431280803595,-0.0005707823739307679,0.001624963155687286,0.033873758253501245
2022-09-27,-0.004131055067170334,0.0034073101782927727,2022-09-28 00:00:00,-0.01022930953251648,-0.0004554879510092991,False,False,True,0.01022930953251648,-0.0005539901793650857,0.0008417855286093484,0.029929676311510802
2022-09-28,0.022461918348655126,-0.014490751324407025,2022-09-29 00:00:00,0.003760991806994962,-0.001091008477481212,False,True,False,-0.003760991806994962,-0.0006480245257838758,-0.0005701605439760865,0.029686318016400284
2022-09-29,-0.020220006351729138,0.022221293176220548,2022-09-30 00:00:00,-0.009259519644947214,-0.0001816372373209989,False,False,True,0.009259519644947214,-0.0006376419146713618,0.003916796408467091,0.02408511158030749
2022-09-30,-0.011242401910833488,-0.01384978787644918,2022-10-03 00:00:00,0.004737274209292088,-0.0010014403208627829,False,True,False,-0.004737274209292088,-0.0007037365964053644,0.013035974816450703,0.010913384206294962
2022-10-03,0.026531659159374884,0.0015999238943565789,2022-10-04 00:00:00,0.014226657343176774,-0.00036520409952454355,False,True,False,-0.014226657343176774,-0.0006875289888906678,0.01168763103889582,0.007645767592294885
2022-10-04,0.029663263356869116,0.03333322703153413,2022-10-05 00:00:00,-0.005996727966664656,0.00029491347227465065,True,False,False,-0.005996727966664656,-0.0006671492728084376,0.02447195359140455,0.007084364817747075
2022-10-05,-0.005204419122801835,0.0021328213560979294,2022-10-06 00:00:00,0.0022054161432117194,-0.0008210661604948963,False,True,False,-0.0022054161432117194,-0.000705867142525668,0.02151981114503996,-0.001500782668809382
2022-10-06,-0.01200852128397667,0.004346708192783416,2022-10-07 00:00:00,0.004923490529008175,-0.0009648371891121982,False,True,False,-0.004923490529008175,-0.0007111434040098481,0.020550009292120447,-0.0015916783057785822
2022-10-07,-0.02348885242772232,-0.009217492112366757,2022-10-11 00:00:00,-0.004762229068543485,-0.0011018373434429913,False,False,True,0.004762229068543485,-0.0006785435739495734,0.01759240876940457,0.0010923010226607868
2022-10-11,-0.004683848222669853,-0.013630688614708671,2022-10-12 00:00:00,-0.0014447537318078834,-0.000778556273508149,False,False,True,0.0014447537318078834,-0.0006795359223116036,0.021047956178230146,3.1907343246021305e-05
2022-10-12,-0.005233930238417602,-0.0003146813341108008,2022-10-13 00:00:00,-0.0061338645446618175,-0.0008007542458609376,False,False,True,0.0061338645446618175,-0.0006894576190821742,0.021241595139387896,0.0003800659700221006
2022-10-13,0.02575531905775881,-0.008393963273959738,2022-10-14 00:00:00,0.007425625381061847,-9.35439869775219e-05,False,True,False,-0.007425625381061847,-0.0007493494883611244,0.024922792621926797,-0.0016572654825255401
2022-10-14,-0.023268705265574684,0.021508253789471195,2022-10-17 00:00:00,-0.0021590111641124473,-0.0015852974580374036,False,False,True,0.0021590111641124473,-0.0007098948121698567,0.031198907588518236,-0.006948237734463195
2022-10-17,0.024368358401941282,-0.009378024210823559,2022-10-18 00:00:00,-0.004906347519452292,0.0001194883783211985,True,False,False,-0.004906347519452292,-0.000714658003798029,0.031442903621295815,-0.007244003209054186
2022-10-18,0.013481270974390981,0.0073936950969196264,2022-10-19 00:00:00,0.003177882390177571,-0.00038092555669776206,False,True,False,-0.003177882390177571,-0.0007286300481232185,0.02751839980453291,-0.003148427520466443
2022-10-19,-0.00688771375416927,0.003251293763445658,2022-10-20 00:00:00,-0.0006259246264751821,-0.0009188507606739501,False,False,True,0.0006259246264751821,-0.0007135531688579496,0.028674412808938125,-0.002397951365332024
2022-10-20,-0.010086562220462952,-0.0046520359296651605,2022-10-21 00:00:00,-0.004791789846712841,-0.0009784351309689093,False,False,True,0.004791789846712841,-0.0007063614483115111,0.028020646531573976,-0.0022696110263452363
2022-10-21,0.022387712286360998,-0.006587325356154224,2022-10-24 00:00:00,-0.009803116683550762,-1.4812901272937903e-05,False,False,True,0.009803116683550762,-0.0007030032478167236,0.029656509950752565,-0.0036811502450050902
2022-10-24,0.008690870621226926,0.0006104253495577319,2022-10-25 00:00:00,0.0035855540792382504,-0.0005301396897309288,False,True,False,-0.0035855540792382504,-0.0007013965428266165,0.01970830774686276,-4.177365117513307e-05
2022-10-25,0.01838156460816095,0.007674505107729673,2022-10-26 00:00:00,-0.0017434096241466196,-0.0002529612594945299,False,False,True,0.0017434096241466196,-0.0006439030860861426,0.025536623845154413,-0.010223626591032091
2022-10-26,-0.0018231020066177576,0.0040754670048918544,2022-10-27 00:00:00,-0.005325144656287939,-0.0007348190604583795,False,False,True,0.005325144656287939,-0.0006468097310305101,0.02477106992571878,-0.010513921984594667
2022-10-27,-0.003417906590067112,-0.006494353918112607,2022-10-28 00:00:00,-4.087594188444529e-05,-0.0006464606845158335,False,False,True,4.087594188444529e-05,-0.0006418461130082863,0.026551922189487064,-0.013263431498953954
2022-10-28,0.020067554066736548,-0.002441034369595216,2022-10-31 00:00:00,0.002007265810494877,-7.054768714364931e-05,False,True,False,-0.002007265810494877,-0.0006363078081210199,0.026572423485095368,-0.013320818588634348
2022-10-31,-0.005853391792396281,0.011553645631751593,2022-11-01 00:00:00,0.0022235805222324233,-0.0009490383906108426,False,True,False,-0.0022235805222324233,-0.0006216816027670911,0.028070821190519242,-0.014112192694681402
2022-11-01,-0.00102799618013732,0.006616638630282155,2022-11-02 00:00:00,-0.001383539622608183,-0.0007833872933038713,False,False,True,0.001383539622608183,-0.0006572567630266338,0.027942975142291014,-0.01472126014612598
2022-11-02,-0.022828933295401175,0.0005749718999304073,2022-11-04 00:00:00,-0.004507876523156227,-0.0012810337893618161,False,False,True,0.004507876523156227,-0.0006500985634028335,0.027304862519334627,-0.013208194810758422
2022-11-04,0.013886516416217166,-0.010164330042657585,2022-11-07 00:00:00,0.0010500712891198967,-9.614870665603387e-05,False,True,False,-0.0010500712891198967,-0.0006504406909844816,0.02942736913453831,-0.014329359548966168
2022-11-07,0.006695981832417223,0.009632273910858354,2022-11-08 00:00:00,0.0026318327883889463,-0.0005927820686894498,False,True,False,-0.0026318327883889463,-0.0006516271753357873,0.029742064154336823,-0.014566364691054157
2022-11-08,0.005629151389648631,0.010675421002358116,2022-11-09 00:00:00,-0.0023622945715656317,-0.0006389715061073851,False,False,True,0.0023622945715656317,-0.0006611974011253242,0.027745261075731366,-0.012548112144063286
2022-11-09,-0.018759288911912444,-0.004789366285489832,2022-11-10 00:00:00,0.0038667944718126217,-0.0011197996235612693,False,True,False,-0.0038667944718126217,-0.0006500975360350829,0.02772609432274586,-0.010527431661657101
2022-11-10,0.050773831982837365,-0.002528052954669154,2022-11-11 00:00:00,-0.0026074595138136404,0.0006936170738928432,True,False,False,-0.0026074595138136404,-0.0006238773489495448,0.02541166696163741,-0.010777746596671512
2022-11-11,0.008275752989845458,0.010703411247776955,2022-11-14 00:00:00,-0.004811091517075274,-0.0005362270127240501,False,False,True,0.004811091517075274,-0.0006166647860804668,0.022066018327129185,-0.00954603550429108
2022-11-14,-0.008719033829918616,-0.006776169892792002,2022-11-15 00:00:00,0.004961144745620424,-0.0007117531315391091,False,True,False,-0.004961144745620424,-0.0005883968000018502,0.023552479097356794,-0.01210101455370387
2022-11-15,0.008124250610050539,0.001358803931053855,2022-11-16 00:00:00,-0.0015849806842059637,-0.00041047819566653737,False,False,True,0.0015849806842059637,-0.0005754757010706257,0.022373959334121545,-0.012344788664531627
2022-11-16,-0.006790790630331672,-0.0011785623229478653,2022-11-17 00:00:00,0.00572247153331276,-0.0007231945713214907,False,True,False,-0.00572247153331276,-0.000587831308656781,0.022037788980725923,-0.01212557705313867
2022-11-17,-0.005468162965947937,0.0026126636285498904,2022-11-18 00:00:00,0.00420734137537184,-0.0007139711078853527,False,True,False,-0.00420734137537184,-0.000569443956379425,0.020717834234209587,-0.011956632025039106
2022-11-18,0.006425621256426994,0.003019110265841262,2022-11-21 00:00:00,-0.00087716898696372,-0.00044500988195652177,False,False,True,0.00087716898696372,-0.0005413032331679575,0.01989136060009085,-0.010440492563784917
2022-11-21,-0.0014340419655908972,0.0015786896399135103,2022-11-22 00:00:00,0.007634229391252467,-0.0005925792875173695,False,True,False,-0.007634229391252467,-0.0005473656567795175,0.020061544399115762,-0.010416571920910295
2022-11-22,0.013349779967445715,0.013781505705265732,2022-11-25 00:00:00,0.0005877129808742985,-0.00038660028358464694,False,True,False,-0.0005877129808742985,-0.0005124378211426412,0.01981146598451229,-0.010059943893852402
2022-11-25,0.0009755524292111825,0.0015182742783452774,2022-11-28 00:00:00,-0.008047783916806953,-0.0005269707373291353,False,False,True,0.008047783916806953,-0.0005331225147619897,0.020136554107685722,-0.008886725564201746
2022-11-28,-0.016210165684998043,-0.007280317238635242,2022-11-29 00:00:00,-0.0006877386421564521,-0.0008316201281070083,False,False,True,0.0006877386421564521,-0.0005282647094741856,0.019882212688841397,-0.0026013348892495562
2022-11-29,0.001903345238586737,-0.00382168277964973,2022-11-30 00:00:00,-0.0027214551676470566,-0.0004816016863394616,False,False,True,0.0027214551676470566,-0.000528895912363933,0.019792267480263696,-0.0025179243045280637
2022-11-30,0.025638885671141323,-0.0032890121980084196,2022-12-01 00:00:00,-0.007546663731399626,-1.999090134331953e-05,False,False,True,0.007546663731399626,-0.0005171543550584178,0.019348354046773264,-0.0003323844118839035
2022-12-01,-0.0004567643094756001,-0.002066051070216467,2022-12-02 00:00:00,-0.015793975809557954,-0.00053709072210378,False,False,True,0.015793975809557954,-0.0005290349959027997,0.015260288934773337,0.0005253359313991887
2022-12-02,-9.4504808811619e-05,-0.016230686835254977,2022-12-05 00:00:00,-0.00548328736322399,-0.0005862918256343262,False,False,True,0.00548328736322399,-0.0005529452426302691,0.015235813772431493,0.0019658271803445083
2022-12-05,-0.01790448203819092,-0.0042019923957849386,2022-12-06 00:00:00,0.004158900523691258,-0.0008365880357368897,False,True,False,-0.004158900523691258,-0.0005547500355325306,0.014854582837235121,0.0037778242117209575
2022-12-06,-0.012434078220475557,0.004788207778125817,2022-12-07 00:00:00,0.003934829803496426,-0.0006873740599577519,False,True,False,-0.003934829803496426,-0.0005451839536727292,0.01305604701714575,0.004208214118949748
2022-12-07,-0.001464208320048404,0.001574244802168997,2022-12-08 00:00:00,-0.0014980435142107765,-0.000561686598994914,False,False,True,0.0014980435142107765,-0.0005532172418302954,0.011535874454562292,0.005349591232051143
2022-12-08,0.005635885378635009,-0.00410925268088883,2022-12-09 00:00:00,0.006425124020384532,-0.0005082323182798173,False,True,False,-0.006425124020384532,-0.0005478520633827882,0.011654759162137738,0.006343036964277312
2022-12-09,-0.007317198730469664,0.008918616162900846,2022-12-12 00:00:00,0.0013270362301997355,-0.0005627556057858119,False,True,False,-0.0013270362301997355,-0.0005122646965995665,0.0128655628837508,0.004894141693762091
2022-12-12,0.01363989446137341,-0.0015722974445680003,2022-12-13 00:00:00,0.0010202727415944478,-0.00031721332593537494,False,True,False,-0.0010202727415944478,-0.0004794795901765038,0.012515000710830837,0.005366048687393956
2022-12-13,0.008592330483523612,0.003412736633919088,2022-12-14 00:00:00,0.0027618633903455257,-0.00034234945860295133,False,True,False,-0.0027618633903455257,-0.0004701832565943699,0.012933580522538348,0.004894664194266412
2022-12-14,-0.00637571359555074,0.004464477918190392,2022-12-15 00:00:00,0.0014022818475376304,-0.0005306514645939163,False,True,False,-0.0014022818475376304,-0.0004713485639050148,0.01346568946904403,0.005947051193638517
2022-12-15,-0.02110590989787754,0.000946072358563431,2022-12-16 00:00:00,-0.0052004423666229685,-0.0007549562237782005,False,False,True,0.0052004423666229685,-0.0004752296329136325,0.013523490251203751,0.006023826645582641
2022-12-16,-0.011509420378034919,-0.009511767753011147,2022-12-19 00:00:00,0.0003323249817994765,-0.0006963361083398053,False,True,False,-0.0003323249817994765,-0.0004637760087329748,0.01601610021468325,0.005069937646873201
2022-12-19,-0.00854967426453368,-0.006166458052848832,2022-12-20 00:00:00,-0.01378944535747316,-0.0005599133916425885,False,False,True,0.01378944535747316,-0.000404068970737854,0.016803416179217552,0.001975313208431209
2022-12-20,0.0018977794193249771,-0.013269305572881281,2022-12-21 00:00:00,-0.0041576333004746295,-0.0004015439080008114,False,False,True,0.0041576333004746295,-0.00042708596276866157,0.015872067071493554,0.0003451293993813401
2022-12-21,0.014078896187631008,-0.004556256625236327,2022-12-22 00:00:00,0.004244027407492869,-1.7204387172055125e-05,False,True,False,-0.004244027407492869,-0.0003736574853494549,0.020986328012992536,-0.013385717649242804
2022-12-22,-0.0116676564711305,0.007598137934834502,2022-12-23 00:00:00,0.002579710192780125,-0.0008008098786539986,False,True,False,-0.002579710192780125,-0.00039143688995890084,0.026664933619693187,-0.012931550366380589
2022-12-23,0.008455704300667383,-0.0020110333676786572,2022-12-27 00:00:00,-0.0008701201746395777,-0.0001381760373617342,False,False,True,0.0008701201746395777,-0.00037646804737394643,0.02543195255887209,-0.011559698491041267
2022-12-27,-0.0011590192124936373,0.0051385204586864965,2022-12-28 00:00:00,0.0004378202317173256,-0.00048477784945289326,False,True,False,-0.0004378202317173256,-0.0004132459677320209,0.021347254540634943,-0.009105734607942928
2022-12-28,-0.012521796529389924,-1.546507507328301e-05,2022-12-29 00:00:00,-0.0028247727917655044,-0.0006603075256525464,False,False,True,0.0028247727917655044,-0.0004001576640592073,0.020784681106414755,-0.007221830408991265
2022-12-29,0.015610808894393612,-0.007541118876468389,2022-12-30 00:00:00,-0.0031600669483819225,-0.00015725462158259882,False,False,True,0.0031600669483819225,-0.00046463448293206045,0.016790073554771856,-0.006003516521186081
2022-12-30,-0.003467312416761509,0.002275190960695904,2023-01-04 00:00:00,-0.008851464032419177,-0.000517014663821048,False,False,True,0.008851464032419177,-0.0004576099707878765,0.016818834781072257,-0.00047843824105490637
2023-01-04,0.010592498439774249,-0.016084495458072348,2023-01-05 00:00:00,-0.0068827913067523545,-0.0002699065907724087,False,False,True,0.0068827913067523545,-0.00047599350217063957,0.017760594969050855,-0.0011164687724217574
2023-01-05,-0.010393321175668914,-0.003526456634769895,2023-01-06 00:00:00,0.0043345744366180584,-0.0006577960594058595,False,True,False,-0.0043345744366180584,-0.0004893170944774051,0.015098654164076365,0.00327632070303672
2023-01-06,0.023379632801931862,0.0018884861646920798,2023-01-10 00:00:00,-0.004181071619975529,-0.00012450314040008756,False,False,True,0.004181071619975529,-0.00046282536178532076,0.014286159807303897,0.0022859849446947612
2023-01-10,0.006574872037434201,0.003922796815239621,2023-01-11 00:00:00,0.003849076318699123,-0.0003832910442131343,False,True,False,-0.003849076318699123,-0.00047224654896010275,0.011879834827829262,0.0027651472760447503
2023-01-11,0.012711270143428675,0.007359364707886725,2023-01-12 00:00:00,0.0033815703070824875,-0.00028400363448251846,False,True,False,-0.0033815703070824875,-0.0004834251714794653,0.013057445845491795,0.004544524806043211
2023-01-12,0.004010425809725246,0.003999730775799319,2023-01-13 00:00:00,0.001849095182565701,-0.0004014454538790876,False,True,False,-0.001849095182565701,-0.0004763848160803798,0.013574016735086654,0.005125788782911558
2023-01-13,0.0026516883883377566,0.00058916584507962,2023-01-17 00:00:00,0.005806941613289755,-0.0004061859040327547,False,True,False,-0.005806941613289755,-0.0004463210430290862,0.013346408877402315,0.008053117114205276
2023-01-17,-0.0029365622996561395,0.0069527474704020485,2023-01-18 00:00:00,0.011775151425130382,-0.0003660360074053904,False,True,False,-0.011775151425130382,-0.00036308878997238315,0.010270524355016037,0.003913965997108111
2023-01-18,-0.017157754181660625,0.014344876659106998,2023-01-19 00:00:00,-0.002503465547977868,-0.0003278916128382429,False,False,True,0.002503465547977868,-0.0003370142065837404,0.009521365416452255,0.012024351629767713
2023-01-19,-0.006608845054351897,-0.00909455777531412,2023-01-20 00:00:00,0.008498125622017546,-0.0005186064933507322,False,True,False,-0.008498125622017546,-0.00033031150518192636,0.011653323096253013,0.012235887022393005
2023-01-20,0.015699102924196105,0.007552757850083038,2023-01-23 00:00:00,0.0017426797589781208,-7.323069626362162e-05,False,True,False,-0.0017426797589781208,-0.00030232545451847504,0.010230622552063124,0.009067305372521598
2023-01-23,0.00842595154404312,0.009410131015443779,2023-01-24 00:00:00,0.005687105542001443,-9.807127403471203e-05,False,True,False,-0.005687105542001443,-0.0002852689465533199,0.01106899543878616,0.00998188581604266
2023-01-24,0.0005825803735882606,0.01114889652162409,2023-01-25 00:00:00,0.006524774296215093,-0.00012619571660991231,False,True,False,-0.006524774296215093,-0.0002729107400547373,0.011114214083926521,0.012578832369613024
2023-01-25,0.00011256671654376453,0.0048065882888349365,2023-01-26 00:00:00,-0.0022709528744204277,-0.00018274890236477602,False,False,True,0.0022709528744204277,-0.0002556286511308267,0.010805727099238709,0.014909407513243003
2023-01-26,0.010196944915859117,-0.0011164470600745278,2023-01-27 00:00:00,-0.001890052081866538,-0.00017074657023869803,False,False,True,0.001890052081866538,-0.0002651858891629794,0.010846951448250524,0.01448026339685854
2023-01-27,0.001260674200100504,0.0015939083845158636,2023-01-30 00:00:00,-0.0023255356956806334,-0.00025929695506872073,False,False,True,0.0023255356956806334,-0.0002968913272847178,0.010558257700163956,0.015235410875113667
2023-01-30,-0.01098241253645248,-0.0019429171402702773,2023-01-31 00:00:00,-0.00197764291466303,-0.000469598415191591,False,False,True,0.00197764291466303,-0.00033941571612169306,0.00992767502862385,0.010887173693249014
2023-01-31,0.01453346539153774,0.00014008222180021435,2023-02-01 00:00:00,-0.005627569165244852,-0.00020622350415669735,False,False,True,0.005627569165244852,-0.00031588025142804607,0.0073963627267017405,0.01543354703962821
2023-02-01,0.00639575382114073,-0.002280588278625559,2023-02-02 00:00:00,-0.0074756325734619085,-0.00030384828907243863,False,False,True,0.0074756325734619085,-0.00031357646040545403,0.005996421625776604,0.012550913052340464
2023-02-02,0.01072029894293558,-0.007577726862055548,2023-02-03 00:00:00,0.00022355694589552589,-0.00038821390601415627,False,True,False,-0.00022355694589552589,-0.00033686778703286566,0.004840404465002522,0.013623703219996185
2023-02-03,-0.012280329099454,-0.0012764277669025234,2023-02-06 00:00:00,0.0014041248686662044,-0.00042590027684819687,False,True,False,-0.0014041248686662044,-0.0003636108312267301,0.0036388742658978804,0.013790731086509633
2023-02-06,-0.004192043260604648,0.0074029193586652425,2023-02-07 00:00:00,-0.0010412197329495003,-0.0002794695411322968,False,False,True,0.0010412197329495003,-0.00036177657307052296,0.0031435746339680947,0.012898294331005098
2023-02-07,0.009483323569125663,0.0015643780292367538,2023-02-08 00:00:00,-0.00103292621020083,-0.0003030597041323631,False,False,True,0.00103292621020083,-0.0003458718224879908,0.002425171656612636,0.012665372726414693
2023-02-08,-0.010056572304485978,0.0013109497045325589,2023-02-09 00:00:00,0.0048908671616917105,-0.0003253802072984391,False,True,False,-0.0048908671616917105,-0.00031334540323868504,0.002422932997113972,0.009406613214840738
2023-02-09,-0.00989781932385419,0.00012795573507031494,2023-02-10 00:00:00,5.840969222731578e-05,-0.0002212332994457343,False,True,False,-5.840969222731578e-05,-0.00024410996532086171,-0.002205637312863986,0.008172093715641635
2023-02-10,0.006175443593060356,0.0003568119931057767,2023-02-13 00:00:00,-0.001072826562402746,-0.00029410589536961777,False,False,True,0.001072826562402746,-0.0002897129651424989,-0.0018055016083161814,0.01893670404238447
2023-02-13,0.00949194098958872,0.000849991408782561,2023-02-14 00:00:00,0.00042686935641104084,-0.00030434923006699755,False,True,False,-0.00042686935641104084,-0.00031450495774867367,-0.0004497135817198659,0.01697003324096849
2023-02-14,-0.0016832294062441426,0.006945473102505686,2023-02-15 00:00:00,-0.0042106891390348514,-0.0002408303005233273,False,False,True,0.0042106891390348514,-0.00035995353583853174,0.0037086619634272774,0.01804999635584749
2023-02-15,0.0023972522450129807,-0.0006545502747072035,2023-02-16 00:00:00,0.002883157723193605,-0.00034442512150971617,False,True,False,-0.002883157723193605,-0.0003426447184666146,0.004251445483021119,0.018290711553332846
2023-02-16,-0.011825890738551165,0.0053525195011252195,2023-02-17 00:00:00,0.003176636680813465,-0.0002808502194375921,False,True,False,-0.003176636680813465,-0.0003220118074172354,0.004252284175496612,0.01708515700113037
2023-02-17,-0.0021764156313193173,-0.0018283271384866328,2023-02-21 00:00:00,0.001055257741191927,-0.00026817661950023585,False,True,False,-0.001055257741191927,-0.0002352551719217167,0.0005347361511506277,0.01736977961548515
2023-02-21,-0.018118276691067872,0.0014975899119925062,2023-02-22 00:00:00,-0.005550864521789839,-0.00023087774253353,False,False,True,0.005550864521789839,-0.0002571755112436772,0.0003880595435045188,0.02225491680003943
2023-02-22,-0.0013518829730709433,-0.010159845854114695,2023-02-24 00:00:00,0.002603138979855587,-0.00048443328932898193,False,True,False,-0.002603138979855587,-0.000303377883529366,0.00037335450934846207,0.01777100526799688
2023-02-24,-0.007708457752313466,0.0042559750243177635,2023-02-27 00:00:00,0.006753873770087228,-0.00021094610299757916,False,True,False,-0.006753873770087228,-0.0002686824806843112,0.002187228458233246,0.017527484401447732
2023-02-27,0.002407551982497505,0.006113035657460033,2023-02-28 00:00:00,-0.003714477112005944,-0.0001678520721254455,False,False,True,0.003714477112005944,-0.0002861803280578322,-0.001052810700785195,0.019771347525964742
2023-02-28,-0.004001338965875542,-0.002945782328529143,2023-03-01 00:00:00,0.003934808168824992,-0.0003543170732254769,False,True,False,-0.003934808168824992,-0.0003095281463211471,-0.001514063892418838,0.01726102070117278
2023-03-01,-0.003666828977228748,0.002439130108445124,2023-03-02 00:00:00,-0.004309837291695951,-0.00026928069942901584,False,False,True,0.004309837291695951,-0.0003105545211529483,7.600943306710489e-06,0.01693296021401354
2023-03-02,0.008850244679770409,-0.0008704307678630775,2023-03-03 00:00:00,0.006572983302888678,-0.00034946000971276684,False,True,False,-0.006572983302888678,-0.0003400110269930043,0.00047699696720982475,0.015705468023194155
2023-03-03,0.015016533480582517,0.011868401761400948,2023-03-06 00:00:00,-3.9638635369402855e-06,-0.0001122018604844947,False,False,True,3.9638635369402855e-06,-0.00031914430005737396,0.001996473932059541,0.014910375085592679
2023-03-06,-0.0014684943140083264,0.006044197767012071,2023-03-07 00:00:00,0.0046176449614873105,-0.00023605625282093027,False,True,False,-0.0046176449614873105,-0.000321859110814218,0.0019808780929029893,0.014677177952983126
2023-03-07,-0.016326102041353843,0.005300912215725699,2023-03-08 00:00:00,0.006824998206736647,-0.0002454651778117425,False,True,False,-0.006824998206736647,-0.0002937800954586518,0.0023604092352465626,0.016384198822090593
2023-03-08,0.0016663717837460679,0.0037181284904986324,2023-03-09 00:00:00,0.004749805674121271,-0.00021519511016630376,False,True,False,-0.004749805674121271,-0.0002829182259315071,0.001121780148975196,0.0177115484700619
2023-03-09,-0.01874220006330729,0.0089645948719656,2023-03-10 00:00:00,-0.0037080486389642277,-7.26156531239362e-05,False,False,True,0.0037080486389642277,-0.00022381556519004698,-0.00011843746564030658,0.016618724606951848
2023-03-10,-0.015680070929865744,-0.015965095667930074,2023-03-13 00:00:00,-0.004088647187996377,-0.0005086625871110488,False,False,True,0.004088647187996377,-0.00024206412486444634,0.0013145895602523893,0.015407712538316212
2023-03-13,-0.0020281022408508457,-0.018420090027779373,2023-03-14 00:00:00,-0.008918885983365413,-0.0006242409948703493,False,False,True,0.008918885983365413,-0.0002414451332017976,0.0022776867029425107,0.020530653193987062
2023-03-14,0.014852724658721035,-0.02361259902088513,2023-03-15 00:00:00,-0.006624364421793241,-0.0009047011248059643,False,False,True,0.006624364421793241,-0.00028805004628630696,0.0028009039593443683,0.027877157158392556
2023-03-15,-0.009795154071346436,0.006545522140116565,2023-03-16 00:00:00,0.008231149495675872,-8.316396725394212e-05,False,True,False,-0.008231149495675872,-0.0003039299333419054,9.152550979152352e-05,0.0338647502541153
2023-03-16,0.01269255910984665,-0.015607647897633907,2023-03-17 00:00:00,0.0027240813276099025,-0.0008024866525549494,False,True,False,-0.0027240813276099025,-0.0002434422356181872,-0.003217744185835661,0.033201864371647974
2023-03-17,-0.0142013358069855,0.008255863333450056,2023-03-20 00:00:00,-0.009530831009756654,4.844215799194667e-05,True,False,False,-0.009530831009756654,-0.00022502396060724073,-0.0017923476390251103,0.030040757444429723
2023-03-20,0.011323269922329389,-0.015674922371102712,2023-03-22 00:00:00,0.0013134196695413231,-0.0007041914002440777,False,True,False,-0.0013134196695413231,-0.00028182786519889285,-0.0013380711156054312,0.025978578074403905
2023-03-22,-0.019236986707313997,0.016616381606448093,2023-03-23 00:00:00,0.006678979157322988,0.00017334343004180328,True,True,True,0.006678979157322988,-0.0002644042971398568,-0.0008779048084598118,0.025327986201744094
2023-03-23,-0.0013904005194224987,-0.0025103478130982237,2023-03-24 00:00:00,0.002591300602884248,-0.0002765221067839234,False,True,False,-0.002591300602884248,-0.00020178567456919787,-0.007073871534075772,0.0336893343738115
2023-03-24,0.009802851730974253,-0.0020766254689861983,2023-03-27 00:00:00,-0.0004994648345222602,-0.00039211002322733324,False,False,True,0.0004994648345222602,-0.00021573995191754994,-0.009960715024220017,0.037910860657651924
2023-03-27,0.004262950827012607,0.00433575759384431,2023-03-28 00:00:00,-0.0015978366391014216,-1.5403181547416004e-05,False,False,True,0.0015978366391014216,-0.00016787307692917898,-0.010641847775528152,0.04562883530164832
2023-03-28,0.0005523399588846663,0.002902664309034108,2023-03-29 00:00:00,0.010318618734789767,-2.978043527762276e-05,False,True,False,-0.010318618734789767,-0.0001352196043783029,-0.010344856786955743,0.03829345561149039
2023-03-29,0.014258708795376213,0.012008854511925252,2023-03-30 00:00:00,0.0009131641996985247,2.4699368568154934e-05,True,True,True,0.0009131641996985247,-4.687304016831603e-06,-0.019870069964817667,0.02603980368373534
2023-03-30,0.005625377018210218,0.0074904572098292805,2023-03-31 00:00:00,0.003471789300711354,6.517031492066534e-05,True,True,True,0.003471789300711354,1.8094813077369088e-05,-0.019913241316518192,0.02123969037491343
2023-03-31,0.014139885554429283,0.010657628144602686,2023-04-03 00:00:00,0.0028153970517700755,-0.00014774204290328994,False,True,False,-0.0028153970517700755,-3.6360692165957455e-05,-0.026423664938159806,0.024606436240660317
2023-04-03,0.004444755981607076,0.007981139855691625,2023-04-04 00:00:00,0.0018795300740658794,5.6279263586853225e-05,True,True,True,0.0018795300740658794,-2.7660270810646216e-05,-0.02548541450987743,0.024710252739572208
2023-04-04,-0.0058915995753072515,0.003905342895805098,2023-04-05 00:00:00,-0.010260658305545952,0.0002141787708423578,True,False,False,-0.010260658305545952,-3.374012680464748e-05,-0.024659231630957436,0.026281067189490543
2023-04-05,0.0005541023904332067,-0.019432080433689308,2023-04-06 00:00:00,-0.0019023966475565108,-0.0005512806236817604,False,False,True,0.0019023966475565108,-8.74041466632208e-05,-0.02252860047875714,0.0232292845421516
2023-04-06,0.0019491829679586716,-0.009702030592457738,2023-04-10 00:00:00,-0.0016658364630888734,-0.00038561447025802924,False,False,True,0.0016658364630888734,-0.00010807470393223277,-0.023802937367417377,0.023824238031317706
2023-04-10,0.0025618605575045746,0.004794626290875002,2023-04-11 00:00:00,0.0019599448655371297,-7.511485017363588e-05,False,True,False,-0.0019599448655371297,-0.00012431420741813357,-0.024847281655098474,0.023537731875513057
2023-04-11,0.0030482183717504803,0.008797449220933147,2023-04-12 00:00:00,0.0030095463616109995,-8.046496747058523e-07,False,True,False,-0.0030095463616109995,-0.0001225476660166244,-0.02522003317188116,0.022576906078638968
2023-04-12,-0.0033757582719807573,0.007028146780181743,2023-04-13 00:00:00,0.0008839668862672009,0.00012668064547191322,True,True,True,0.0008839668862672009,-0.00012311855267135643,-0.025500617277872038,0.023294231544584237
2023-04-13,0.00966101390384328,-0.00037716023025571703,2023-04-14 00:00:00,0.00035616379109947765,-0.0004293390995507031,False,True,False,-0.00035616379109947765,-0.0001617742393564175,-0.027110324367486206,0.014984717605215822
2023-04-14,-0.0040116197125998196,0.006380977067466875,2023-04-17 00:00:00,0.00023964892620854857,-6.0125341157181055e-05,False,True,False,-0.00023964892620854857,-0.0001938370084115094,-0.024408894349915083,0.00560924528312896
2023-04-17,0.004745721882906138,0.0031581548380866667,2023-04-18 00:00:00,0.0022224032000313088,-0.00026865990856948416,False,True,False,-0.0022224032000313088,-0.00017487814069932345,-0.023230444858541123,0.005213000466638442
2023-04-18,0.0004460848140699964,0.005378163977529046,2023-04-19 00:00:00,-0.0007125224023348221,-0.000130955754784274,False,False,True,0.0007125224023348221,-0.00015135172437139743,-0.022295368226789236,0.005641626938852288
2023-04-19,-1.0976598889015063e-06,0.0003894146474531104,2023-04-20 00:00:00,0.003945500083950422,-0.00014984833305362838,False,True,False,-0.003945500083950422,-0.0001519965812717281,-0.022253580118289477,0.005453881536582779
2023-04-20,-0.005542505834612143,0.001064167150870001,2023-04-21 00:00:00,0.0018037960341359535,1.678162364840496e-05,True,True,True,0.0018037960341359535,-9.976186802410581e-05,-0.01983956165460788,0.006185687502492165
2023-04-21,0.000691530284035831,-0.0017966257395973012,2023-04-24 00:00:00,-0.001591071451005964,-0.00010444367600668534,False,False,True,0.001591071451005964,-8.008892635666478e-05,-0.020241071664091642,0.005764937785697755
2023-04-24,0.0025897324995107066,0.0007705210144781191,2023-04-25 00:00:00,-0.00232939657808507,-0.0001503110527914157,False,False,True,0.00232939657808507,-0.00010728384251239895,-0.01877815771842727,0.007271956169978387
2023-04-25,-0.014090206145150674,0.0017205489711214722,2023-04-26 00:00:00,-5.876591501347986e-05,0.00015776653578957492,True,False,False,-5.876591501347986e-05,-0.00013213391982368664,-0.01954408484442403,0.008439324588097884
2023-04-26,-0.009825459653498559,-0.00618698323859174,2023-04-27 00:00:00,0.006481671914043814,2.0902526515915025e-05,True,True,True,0.006481671914043814,-9.69012354940606e-05,-0.018762505462913505,0.010755884709584957
2023-04-27,0.01921213947729122,0.0020814639645069114,2023-04-28 00:00:00,0.0047234736220678,-0.0004379820718653081,False,True,False,-0.0047234736220678,-5.2832408411835714e-05,-0.020886341324754056,0.007745336706721773
2023-04-28,0.008611951515250061,0.011596217824126525,2023-05-01 00:00:00,0.0036065912885908723,-0.0001043459011874289,False,True,False,-0.0036065912885908723,-2.3551103122313178e-05,-0.01862177136894611,0.0068621506856106195
2023-05-01,-0.001829220793306577,0.011650224679490976,2023-05-02 00:00:00,-0.0047491478466473395,8.660559928602452e-05,True,False,False,-0.0047491478466473395,2.501481168178061e-05,-0.016912955133928004,0.002631130234849762
2023-05-02,-0.013585342017327457,-0.0028860147904779367,2023-05-08 00:00:00,-0.0013539377104928977,0.00022569284846018963,True,False,False,-0.0013539377104928977,-4.860466717817994e-07,-0.016634611032251237,-6.653290006113435e-05
2023-05-08,-0.0006809813519428634,-0.0013642302103109964,2023-05-09 00:00:00,0.010811112000451706,3.722727417879771e-05,True,True,True,0.010811112000451706,2.7152947775461856e-05,-0.019105614192802736,0.0021523057891441565
2023-05-09,-0.003521538818626955,0.01291781205794954,2023-05-10 00:00:00,-0.008395714107509422,0.0001640240823372747,True,False,False,-0.008395714107509422,5.3984560911089545e-05,-0.01923573557105505,0.0032745585489332325
2023-05-10,0.002372393455856381,-0.00732367941256451,2023-05-11 00:00:00,7.56293261626478e-05,-8.820975362309054e-06,False,True,False,-7.56293261626478e-05,7.671460391863898e-06,-0.018997537195873264,-0.003902027322178781
2023-05-11,-0.003632552858333153,-0.000955991031872494,2023-05-12 00:00:00,0.006947690709867469,9.467342699424796e-05,True,True,True,0.006947690709867469,2.1355094053629998e-05,-0.01975223190407392,-0.0016394573032187144
2023-05-12,9.223178007802055e-05,0.005430080956505186,2023-05-15 00:00:00,0.004309525502950691,3.8287296337118426e-05,True,True,True,0.004309525502950691,5.5041408257586493e-05,-0.02027549215441337,-0.002741039646798931
2023-05-15,0.002011875458792021,0.009069668740287466,2023-05-16 00:00:00,0.001193504294726487,5.803142411419322e-06,True,True,True,0.001193504294726487,6.73534628558967e-05,-0.020661627317818808,-0.002203134433818095
2023-05-16,-0.012164259171576748,0.005204236078094654,2023-05-17 00:00:00,-0.0011014389624684712,0.00029230130044572415,True,False,False,-0.0011014389624684712,5.696558988921827e-05,-0.020718563782986664,-0.0032070545440548194
2023-05-17,0.010870978730364599,0.002285070395378508,2023-05-18 00:00:00,-0.0023766165673866097,-0.0001763573221828978,False,False,True,0.0023766165673866097,5.965101814996104e-05,-0.0210590062093199,-0.003096767505735447
2023-05-18,0.005925443131820035,0.0067189178001534275,2023-05-19 00:00:00,-0.0036063713007866574,-0.00010209091436007663,False,False,True,0.0036063713007866574,5.6610568973211775e-05,-0.022358925958154786,-0.003901660931031007
2023-05-19,-0.0007645427357131161,-0.0022579030868587185,2023-05-22 00:00:00,0.009715735948553683,0.00011514295588355501,True,True,True,0.009715735948553683,7.43537457815895e-05,-0.022443273369958723,-0.010465625658989383
2023-05-22,-0.0006383602571944975,0.00827905305595645,2023-05-23 00:00:00,-0.007882843937035356,1.1391383780919045e-05,True,False,False,-0.007882843937035356,9.833723932341757e-05,-0.020550892741969133,-0.012086494438738483
2023-05-23,-0.008988903008731109,-0.005328773713226546,2023-05-24 00:00:00,0.0015068535127369844,0.00022698171875840171,True,True,True,0.0015068535127369844,-1.767837374724899e-06,-0.021178060613688182,-0.007202787250730338
2023-05-24,-0.008211162152113018,-0.000410472999338091,2023-05-25 00:00:00,0.0009961525953177837,0.0001801428366452936,True,True,True,0.0009961525953177837,1.5083642089472279e-05,-0.019890006127645153,-0.004236890216920218
2023-05-25,-0.0012225865861600954,-0.004706412507585052,2023-05-26 00:00:00,-0.0025907824239959467,4.602013005328843e-05,True,False,False,-0.0025907824239959467,-4.192695446926944e-06,-0.02020646461843648,-0.00541998238847222
2023-05-26,0.009271476635404436,-0.0019338790757586456,2023-05-30 00:00:00,0.0022859278311453857,-0.00017586647658172049,False,True,False,-0.0022859278311453857,3.0162939594551872e-05,-0.0217532366049024,0.0022466716269685973
2023-05-30,-0.002023542466503946,-0.0015597008309629003,2023-05-31 00:00:00,-0.004696917921403959,9.804134064654971e-05,True,False,False,-0.004696917921403959,5.1537358764604916e-05,-0.023093309186533302,0.0001450983064305439
2023-05-31,-0.004079192563350986,-0.013475709315164579,2023-06-01 00:00:00,0.008147351640743277,0.0001479629222811937,True,True,True,0.008147351640743277,4.2985608377800465e-05,-0.02298763716692606,-0.000831593726235022
2023-06-01,0.007576434609047899,0.007668982771907509,2023-06-02 00:00:00,0.011134161123232133,-0.00015192435326996434,False,True,False,-0.011134161123232133,8.022494514470702e-05,-0.023658309712996935,-0.00689839363146575
2023-06-02,0.01848874839620204,0.01319450964475251,2023-06-05 00:00:00,0.00023564256558000437,-0.0003256650571920487,False,True,False,-0.00023564256558000437,8.835479530314475e-05,-0.022034215152785534,-0.0005028449412819193
2023-06-05,-0.0017871619417279196,0.015264057404642598,2023-06-06 00:00:00,0.014356548149218652,0.00029645004984903166,True,True,True,0.014356548149218652,0.00014189317207849255,-0.014365804132164374,0.008443551799275677
2023-06-06,0.003583892339161131,0.009567711360229362,2023-06-07 00:00:00,-0.01103825235500642,0.0003180460914878809,True,False,False,-0.01103825235500642,0.00018948060555634984,-0.01553244476931622,0.019255607617359224
2023-06-07,0.00488087335378346,-0.00730214712353261,2023-06-08 00:00:00,-0.004568224313353333,-2.6959955412745524e-05,False,False,True,0.004568224313353333,0.0001531457957384757,-0.01571861725887773,0.014158187895292466
2023-06-08,0.003202357786649669,-0.007181198915208109,2023-06-09 00:00:00,0.0049313369542118325,-2.0440066526448034e-05,False,True,False,-0.0049313369542118325,9.39184276943702e-05,-0.007018193518915563,0.012795040026354983
2023-06-09,-0.0013777109729287745,0.013715766740853234,2023-06-12 00:00:00,-0.0003296532893954798,0.00027666428227087744,True,False,False,-0.0003296532893954798,9.576400580205374e-05,-0.006144232880466323,0.012572049573835824
2023-06-12,0.004870110206054454,0.004416725708487253,2023-06-13 00:00:00,0.004359751258749728,0.00012124466264549173,True,True,True,0.004359751258749728,9.651699237339488e-05,-0.006102972727600445,0.012328096339653627
2023-06-13,0.007415599558562131,0.007459854855483845,2023-06-14 00:00:00,0.005554866568462151,0.000237780932301004,True,True,True,0.005554866568462151,0.0001382204958217764,-0.0025354932418432605,0.01586661420860859
2023-06-14,-0.0008276728216609024,0.014184138050959768,2023-06-15 00:00:00,0.0010252775671262195,0.00040952314699598056,True,True,True,0.0010252775671262195,0.00014605678516784132,-0.0014515381317854424,0.018490017667947743
2023-06-15,0.011253893495148392,-7.45455459377764e-05,2023-06-16 00:00:00,0.0049040463794986335,0.0001415372524958177,True,True,True,0.0049040463794986335,0.00015521822342306126,-0.0010896548030810069,0.01902342801375085
2023-06-16,-0.001389674208087918,0.003615195116024516,2023-06-20 00:00:00,-0.0021607401833315405,0.0002599890858485207,True,False,False,-0.0021607401833315405,0.00019647974451750044,0.0028273665401891065,0.018654168730702195
2023-06-20,-0.007832638898070753,-0.0034840144093008277,2023-06-21 00:00:00,0.014488278340278268,9.662694192271176e-05,True,True,True,0.014488278340278268,0.00020003746356715233,0.004900899815341649,0.018663396724669896
2023-06-21,-0.001260294337757509,0.010562865848936816,2023-06-22 00:00:00,0.0006418518778927002,0.00041025871713337866,True,True,True,0.0006418518778927002,0.00022178406510865392,0.0038958525294607617,0.018307964493159513
2023-06-22,-0.001022298481664897,0.0006698695888484041,2023-06-23 00:00:00,-0.014569846489237778,0.00024609828068729013,True,False,False,-0.014569846489237778,0.000235449540841467,0.003062351724921114,0.020570238735904505
2023-06-23,-0.007920469104347606,-0.010733897249162287,2023-06-26 00:00:00,0.0009058971896743958,-5.70415870073493e-05,False,True,False,-0.0009058971896743958,0.00019731780343408876,0.005833725948064767,0.019392168517618817
2023-06-26,0.0029473522187691836,-0.001530520322979466,2023-06-27 00:00:00,-0.0030477992216301143,0.00015905700479656778,True,False,False,-0.0030477992216301143,0.00015971047875698957,0.009060953213853529,0.01787581262963981
2023-06-27,0.009671504937337018,-0.003683202724083897,2023-06-28 00:00:00,0.010236805004733588,0.00016338085130976517,True,True,True,0.010236805004733588,0.00014534312599196543,0.008782289096925841,0.01816360164125349
2023-06-28,-0.0011034876184320016,0.01682256245563831,2023-06-29 00:00:00,-0.00454743848341674,0.00039924094735595495,True,False,False,-0.00454743848341674,0.0001645368067565844,0.009955209883430377,0.014604766193766256
2023-06-29,0.005753429907835178,-0.0001592807416889229,2023-06-30 00:00:00,-0.002645355142230769,0.00020133200169811664,True,False,False,-0.002645355142230769,0.0001365507231778555,0.011495561401995013,0.008523492814869705
2023-06-30,0.00971918443230213,-0.0036798425123314243,2023-07-03 00:00:00,0.0063322455281332015,0.00018705784347103455,True,True,True,0.0063322455281332015,0.00014603877272068063,0.007804829283190085,0.009467118334238465
2023-07-03,0.0036622200277922623,0.01316882151163672,2023-07-05 00:00:00,0.002116433292353252,0.0003121611733510138,True,True,True,0.002116433292353252,0.00016951281586947883,0.009657307624353796,0.00814660385443571
2023-07-05,-0.0019674275815675882,-0.00019756730903193055,2023-07-06 00:00:00,-0.005857799955594969,0.00013852955685911264,True,False,False,-0.005857799955594969,0.00016455544542044715,0.012134900589136594,0.010889202536734956
2023-07-06,-0.009153527043945352,-0.009930492437656242,2023-07-07 00:00:00,-0.00036692225114749976,2.1348158192525986e-05,True,False,False,-0.00036692225114749976,0.0001777788495757126,0.011149035308499948,0.00547583068154118
2023-07-07,-0.0008552096174334611,-0.007689127336692894,2023-07-10 00:00:00,-0.005233565654352865,0.0001543317341222752,True,False,False,-0.005233565654352865,0.00019191660500076908,0.012319202370351496,0.0035178726203660693
2023-07-10,0.003283079010518174,-0.0034864204611636334,2023-07-11 00:00:00,-0.008743676025809988,0.00018888375176789705,True,False,False,-0.008743676025809988,0.00013914523943885248,0.018916687049616337,0.003547038003547151
2023-07-11,0.009901796825164394,-0.005350417834797107,2023-07-12 00:00:00,-0.007409563599640662,0.00017761643910115934,True,False,False,-0.007409563599640662,5.8160286124740734e-05,0.018868963597193696,0.01259350072179393
2023-07-12,0.0071311927914955745,-0.004297818142704044,2023-07-13 00:00:00,0.0027998118876112216,0.00010301804596749391,True,True,True,0.0027998118876112216,5.034164490054908e-05,0.022609430773824817,0.02525835321149099
2023-07-13,0.005514254647221197,-0.01416787769854276,2023-07-14 00:00:00,-0.006179785609359174,-0.0001612511365659431,False,False,True,0.006179785609359174,5.889805411660935e-05,0.023200292267813123,0.024568359322655147
2023-07-14,-0.003243693739353616,0.017673249395177774,2023-07-18 00:00:00,0.004328322694655721,0.00047711119617850975,True,True,True,0.004328322694655721,1.9462909180174053e-05,0.02172322415976416,0.02988198499298242
2023-07-18,0.0043044063195175515,0.002790629047933969,2023-07-19 00:00:00,0.0032251650442991302,0.0002294030118687834,True,True,True,0.0032251650442991302,3.825833086825532e-05,0.022705644052443047,0.03347286996873773
2023-07-19,0.004013417869035196,0.012003426399396928,2023-07-20 00:00:00,-0.003726220527453312,0.00045085014141546965,True,False,False,-0.003726220527453312,1.5104616282233465e-05,0.02344699720736526,0.028462117082097727
2023-07-20,-0.0007108855557204994,-0.0019363507143470506,2023-07-21 00:00:00,0.0034735995630056815,-6.662960293554978e-05,False,True,False,-0.0034735995630056815,-7.087214102092425e-09,0.02312090779969965,0.02591792693319964
2023-07-21,0.0021406337684026573,0.002120364548638006,2023-07-24 00:00:00,0.0032081273487268923,0.0001378941176651416,True,True,True,0.0032081273487268923,3.756691664771408e-05,0.02224607728538703,0.02485728069717455
2023-07-24,0.004535644718853532,0.008891840899247726,2023-07-25 00:00:00,0.002339025422431663,0.00035952532329004336,True,True,True,0.002339025422431663,0.00010930213186602582,0.019654121337995822,0.018115380335612843
2023-07-25,0.0019476632250390515,0.004412362463083428,2023-07-26 00:00:00,-0.0006792375183963087,0.00024072245619368468,True,False,False,-0.0006792375183963087,0.00012158664104336855,0.020358130449078037,0.018014166743806834
2023-07-26,0.0014554354214255257,-6.403020703365742e-05,2023-07-27 00:00:00,0.00666540091290394,0.00017368300942294482,True,True,True,0.00666540091290394,0.00014782968476443776,0.018614182708372458,0.019341124346103862
2023-07-27,-0.00854364974967507,0.006663301872862452,2023-07-28 00:00:00,0.004911138018619414,0.00014728685429049783,True,True,True,0.004911138018619414,0.0001600065315748424,0.01862809090128046,0.021975922699476864
2023-07-28,0.006971066608880209,-0.0010910809918596425,2023-07-31 00:00:00,0.001210700040859214,0.00027319562233825255,True,True,True,0.001210700040859214,0.00017867921298373577,0.017241772774498444,0.02353366734757701
2023-07-31,0.003097939645736327,0.012557230733605288,2023-08-01 00:00:00,0.004882703098323759,0.0005273877175922591,True,True,True,0.004882703098323759,0.0001810930192640685,0.01746902095166429,0.023267608276713155
2023-08-01,-0.0037987371259919707,0.008304461463866515,2023-08-02 00:00:00,-0.007360176991430506,0.00043788051185104075,True,False,False,-0.007360176991430506,0.0002306644668888223,0.014760480787221406,0.03170431128757895
2023-08-02,-0.009624438380799273,-0.014870128909415107,2023-08-03 00:00:00,-0.003914606312248649,-0.00040474144332683165,False,False,True,0.003914606312248649,0.00019430890902962582,0.016287251294262728,0.02974383803775845
2023-08-03,-0.004571117003217873,-0.01277021101476506,2023-08-04 00:00:00,0.006774745632996476,-0.0003420133236691783,False,True,False,-0.006774745632996476,0.00015841809883583403,0.01804907775555393,0.03272670872869575
2023-08-04,-0.004288607280154385,0.0023086627798605003,2023-08-07 00:00:00,0.006703649693623078,0.00020189505268393917,True,True,True,0.006703649693623078,0.00021930761123168258,0.015827747956629633,0.021859596389627985
2023-08-07,0.008624582369780798,0.004910312020431077,2023-08-08 00:00:00,0.0010380912518307287,0.0005130578606565875,True,True,True,0.0010380912518307287,0.0002522944196652298,0.016058255779716438,0.02490018776718201
2023-08-08,-0.0034127533565987615,0.00640232376938664,2023-08-09 00:00:00,-0.002172926887397126,0.00035223051677501534,True,False,False,-0.002172926887397126,0.00024243805344857693,0.013296102914505632,0.024236322430233118
2023-08-09,-0.002657393162453402,-0.0024835681187889342,2023-08-10 00:00:00,0.011702961686820763,0.000135962587596784,True,True,True,0.011702961686820763,0.00022077649147545831,0.013304743253907875,0.019914078359025946
2023-08-10,-0.00039151551807295714,0.014776390253208871,2023-08-14 00:00:00,-0.010949234274449278,0.0005259716979621781,True,False,False,-0.010949234274449278,0.00026858516195393285,0.012084681458180927,0.017738965460334235
2023-08-14,0.0006765901942676395,-0.008497127567848503,2023-08-15 00:00:00,-0.001839498724066524,0.0001591940354544399,True,False,False,-0.001839498724066524,0.00022575158747723418,0.01269167071128027,0.008843531108000905
2023-08-15,-0.012855858146933867,0.003007791873522847,2023-08-16 00:00:00,-0.0025456479801723164,8.64564666418437e-05,True,False,False,-0.0025456479801723164,0.00022435981013922083,0.012955106356777867,0.009523819236285588
2023-08-16,-0.006727107254245251,-0.012071292839501917,2023-08-17 00:00:00,-0.0020874179947082796,-5.5750015862019e-06,False,False,True,0.0020874179947082796,0.0002023891681905361,0.014897533131559997,0.008925876292593329
2023-08-17,-0.006234445420377008,-0.005071301919015999,2023-08-18 00:00:00,-0.002799466557630989,4.424341201387251e-05,True,False,False,-0.002799466557630989,0.0002071093838557895,0.017689611544140612,0.01036835412325515
2023-08-18,0.0015211420521419024,-0.008497584366292306,2023-08-21 00:00:00,0.001862647299678509,0.00014202315498165985,True,True,True,0.001862647299678509,0.0002093652447815259,0.020171376499698038,0.011535704103390332
2023-08-21,0.0007913505466259453,0.005315857228891183,2023-08-22 00:00:00,0.0037097129828122556,0.0002644699737122935,True,True,True,0.0037097129828122556,0.00018541265065263868,0.0168540280223853,0.012362987932427886
2023-08-22,-0.0021161236910505403,0.007228394627948351,2023-08-23 00:00:00,0.008100816991219176,0.00036005271244289713,True,True,True,0.008100816991219176,0.00024812397782059034,0.015168529465455962,0.01992520145838189
2023-08-23,0.008161511031209908,0.006149472645246718,2023-08-24 00:00:00,0.005265057148590654,0.0005301757064508074,True,True,True,0.005265057148590654,0.0002844722449820518,0.014173101070811201,0.02114482789567075
2023-08-24,-0.01052273338673191,0.0069116159945904546,2023-08-25 00:00:00,0.002587348037183445,0.00029596435153302547,True,True,True,0.002587348037183445,0.00032513193225552466,0.017057466175385103,0.021749412613769385
2023-08-25,0.00649758806419162,-0.007471564292237139,2023-08-28 00:00:00,0.006773773862575559,0.0002290580448532817,True,True,True,0.006773773862575559,0.00030074153681078515,0.017022113691148075,0.024397323983923018
2023-08-28,0.0060815700572705725,0.014157691753829056,2023-08-29 00:00:00,0.000792825122875798,0.0007034933568375271,True,True,True,0.000792825122875798,0.00031134246202724214,0.01847691065417,0.019761856176120782
2023-08-29,0.011909710846747613,0.003359947506272449,2023-08-30 00:00:00,-0.0007643205674260552,0.000632076436818203,True,False,False,-0.0007643205674260552,0.0003367379791106188,0.018860306215652257,0.021047252692499286
2023-08-30,0.002204116867774926,0.0027453151749345472,2023-08-31 00:00:00,0.00599029773748603,0.0004313454489041869,True,True,True,0.00599029773748603,0.00033417205768262667,0.018312385859525732,0.020693708750847147
2023-08-31,-0.0029915898689183026,0.0070483157274158345,2023-09-01 00:00:00,0.01073554839832409,0.0004344818317754903,True,True,True,0.01073554839832409,0.0003225145410389288,0.013564977579369263,0.021643204722191996
2023-09-01,0.0020190628292235642,0.009414416918241441,2023-09-05 00:00:00,-0.00048602961000240375,0.0006044903108957618,True,False,False,-0.00048602961000240375,0.000356559502529851,0.011747313060777503,0.02381583980917683
2023-09-05,-0.00729356986254441,0.0002838139309102986,2023-09-06 00:00:00,0.003797210669310733,0.0002781331426623783,True,True,True,0.003797210669310733,0.00035729364795228054,0.011770620784080286,0.023569455180897186
2023-09-06,-0.0032215411185598283,0.0072515826656365575,2023-09-07 00:00:00,0.0009896118153779462,0.000489140163765561,True,True,True,0.0009896118153779462,0.0003398353870566945,0.010176614745351246,0.025110264607701837
2023-09-07,0.00030104499983463207,-0.0008079914701413684,2023-09-08 00:00:00,-0.004919018854160018,0.00033330235731204465,True,False,False,-0.004919018854160018,0.0003523198565570198,0.009461342854681514,0.027061905986795216
2023-09-08,0.001481365096965029,-0.009253215971263646,2023-09-11 00:00:00,-0.004532939286438824,0.00010196923235514032,True,False,False,-0.004532939286438824,0.0003378057560369791,0.009597404823517054,0.02702344622511741
2023-09-11,0.005770711947316073,0.00018846781044145513,2023-09-12 00:00:00,0.002113880076904162,0.0003664578068245077,True,True,True,0.002113880076904162,0.0002953647886909524,0.011368989588019313,0.02910764483447078
2023-09-12,-0.001991694981578625,0.007668116288089538,2023-09-13 00:00:00,0.0004315250532821642,0.0005114350697264191,True,True,True,0.0004315250532821642,0.00031045062107300426,0.010485647139891426,0.028933919505779684
2023-09-13,-0.00011241498780874397,0.0035660473713677865,2023-09-14 00:00:00,0.007328516677343636,0.0004182792639292561,True,True,True,0.007328516677343636,0.0003190950170179636,0.01044660792565152,0.028142812408968067
2023-09-14,0.011093491915933784,0.012502540292669362,2023-09-15 00:00:00,0.0028444070406554917,0.0008085335781131558,True,True,True,0.0028444070406554917,0.00033357870997789165,0.009920177651512253,0.029186505223065883
2023-09-15,-0.010032961883719311,0.010203809065140028,2023-09-19 00:00:00,0.005801298446284984,0.0005459094989128598,True,True,True,0.005801298446284984,0.00034599475808371827,0.011355027775290245,0.030757073136481287
2023-09-19,-0.002962155152387796,0.0015056935455963955,2023-09-20 00:00:00,-0.014436420128522793,0.000354125047180425,True,False,False,-0.014436420128522793,0.00034537934942087384,0.013987971239444258,0.03332699338765328
2023-09-20,-0.00600331978235161,-0.009957995814526858,2023-09-21 00:00:00,-0.002218201577161062,-0.00021466050355314832,False,False,True,0.002218201577161062,0.0002584163691402105,0.016547987275453653,0.03753104744022055
2023-09-21,-0.017120678647780278,-0.006191927551466796,2023-09-22 00:00:00,0.006610750018016574,-0.0002951023742503755,False,True,False,-0.006610750018016574,0.0002430498970587155,0.017800317670388296,0.03769403803677881
2023-09-22,-0.003236649260827219,-0.003141265278564313,2023-09-25 00:00:00,-0.0006318064066388397,0.000158777688218866,True,False,False,-0.0006318064066388397,0.0003021979615723093,0.012047227867451209,0.03324380875879669
2023-09-25,0.003489679844879215,0.001443295185097912,2023-09-26 00:00:00,-0.002906194628588184,0.0004063321446542535,True,False,False,-0.002906194628588184,0.00031961761522248674,0.012409936680158523,0.030075499434196174
2023-09-26,-0.014508784017163894,-0.0035680781099804537,2023-09-27 00:00:00,0.003252527783865461,3.7680872706376205e-05,True,True,True,0.003252527783865461,0.00031230349662602307,0.011641235854839053,0.029630082063843023
2023-09-27,-0.0009340256634744571,-0.0009502390053011449,2023-09-28 00:00:00,-0.005064728261491167,0.0003070620722942848,True,False,False,-0.005064728261491167,0.00034312592996718616,0.009632714362679054,0.028484049905594364
2023-09-28,0.004481025423560406,-0.001506744591837482,2023-09-29 00:00:00,-0.012610517340024933,0.00025180155796545954,True,False,False,-0.012610517340024933,0.0002831507067468054,0.004272123871017858,0.03351108391794537
2023-09-29,-0.0034969630961181127,-0.012227685279898488,2023-10-02 00:00:00,-0.00955106099546182,-0.00019122237350313817,False,False,True,0.00955106099546182,0.00022446484436855493,0.001992827474198655,0.03342565370155513
2023-10-02,-0.009569520239905073,-0.003989197088515117,2023-10-03 00:00:00,-0.02112342887527489,-1.8162174943814704e-05,False,False,True,0.02112342887527489,0.00019093567432521143,0.004579829662772594,0.041429659389760655
2023-10-03,-0.009421746365939631,-0.022818966479891442,2023-10-04 00:00:00,-0.012853346709121671,-0.0010813280867751583,False,False,True,0.012853346709121671,9.736785780571003e-05,0.011378188956589076,0.04695626925401611
2023-10-04,0.004953837915307044,-0.027295952295693846,2023-10-05 00:00:00,0.011888372058069599,-0.0015739047459810435,False,True,False,-0.011888372058069599,3.1772755617310184e-05,0.01726721798672208,0.06195850880863578
2023-10-05,-0.003409288434950485,0.018699607453203395,2023-10-06 00:00:00,0.003952589836693045,0.0008090055139989309,True,True,True,0.003952589836693045,9.911628045422329e-05,0.02007089211338431,0.04162208730069762
2023-10-06,0.009531394110721752,0.004154489865942951,2023-10-10 00:00:00,0.006702097305059466,0.0004817682859664189,True,True,True,0.006702097305059466,9.824090546064182e-05,0.020789695109267106,0.044619823121299994
2023-10-10,0.006870239137934114,0.023707608902654168,2023-10-11 00:00:00,-0.0033009755703879984,0.0013566272466862094,True,False,False,-0.0033009755703879984,0.00013237777136493946,0.02206023371711538,0.04524667159183134
2023-10-11,0.004019447059654998,-0.0027673322304738344,2023-10-12 00:00:00,0.008253554686664463,0.00010102234981989992,True,True,True,0.008253554686664463,0.00014010457716232656,0.018329501118858706,0.04074562695360201
2023-10-12,-0.009006187044064558,0.010088852844318845,2023-10-13 00:00:00,-0.007447008944328305,0.00035771712686487225,True,False,False,-0.007447008944328305,0.00014025423874707208,0.023878533205192357,0.04287082299403591
2023-10-13,-0.0002443380009656725,-0.013734542059806705,2023-10-16 00:00:00,-0.009331523607965395,-0.0003342074703637139,False,False,True,0.009331523607965395,0.00016913046220743547,0.022297472244535134,0.03625092198984749
2023-10-16,0.010713704001518408,-0.013756123602525441,2023-10-17 00:00:00,-0.0034424987075157777,-0.0002993643276951162,False,False,True,0.0034424987075157777,0.00010614995531548929,0.024378915598915425,0.04846588965607924
2023-10-17,0.0022202792521415315,0.006594118464777806,2023-10-18 00:00:00,-8.393946713412242e-05,0.0005251220782820845,True,False,False,-8.393946713412242e-05,0.0001333639238141536,0.02132210719689924,0.0522309576460306
2023-10-18,-0.013168838748674633,0.0035064916654989242,2023-10-19 00:00:00,-0.00243844154605383,7.156594277672924e-05,True,False,False,-0.00243844154605383,0.00011379253691850853,0.017940085197590105,0.055332655392227405
2023-10-19,-0.010909266458262108,-0.010448304129508328,2023-10-20 00:00:00,0.0033718924550474576,-0.000681012127828961,False,True,False,-0.0033718924550474576,0.00013713612817912025,0.010693983466493681,0.06713862194063663
2023-10-20,-0.010864057596864707,-0.0007203202383802401,2023-10-23 00:00:00,-0.003985346113518457,-4.575626325597383e-05,False,False,True,0.003985346113518457,0.00012832341563710265,0.011436777479225071,0.06917738386512767
2023-10-23,-0.005069873927680445,-0.007745282339645352,2023-10-24 00:00:00,0.0007367095504403881,-0.000470145531509725,False,True,False,-0.0007367095504403881,6.249727569196883e-05,-0.0010800792202434462,0.06947696017817155
2023-10-24,0.008310802773705024,-0.00012912778811574924,2023-10-25 00:00:00,0.0015381880908716884,0.000149371536229032,True,True,True,0.0015381880908716884,8.556591964845485e-05,0.008995574603918657,0.08483712103022081
2023-10-25,-0.011481186421851112,0.006459427037907858,2023-10-26 00:00:00,-0.005527500543438084,0.0005160056527201215,True,False,False,-0.005527500543438084,8.306614995505226e-05,0.00990270419938813,0.08462581782419845
2023-10-26,-0.004575236305077794,-0.011691703277961998,2023-10-27 00:00:00,0.0056882555613200145,-0.0009845891226354072,False,True,False,-0.0056882555613200145,4.117937448189789e-05,0.01513834294117039,0.08181074888353432
2023-10-27,-0.009449354580966103,0.013103227821380606,2023-10-30 00:00:00,-0.00521950528360689,0.0009758523327570999,True,False,False,-0.00521950528360689,9.044673763117025e-05,0.009857358603275856,0.07468016927884844
2023-10-30,0.010573615125584957,-0.010131777457444176,2023-10-31 00:00:00,0.0037422926653369096,-0.0005094518236822938,False,True,False,-0.0037422926653369096,7.096849852229883e-05,0.012175194643029463,0.0699932610460199
2023-10-31,0.007620605876460276,0.011576393873794532,2023-11-01 00:00:00,0.005667487425798812,0.000984014856342322,True,True,True,0.005667487425798812,0.00011505846360369446,0.012419421941793476,0.06688722596590009
2023-11-01,0.006533865319960515,0.0248248981952424,2023-11-02 00:00:00,-0.00952351004651955,0.0019648456006115616,True,False,False,-0.00952351004651955,9.956634794732095e-05,0.005783146204053458,0.0736153252218189
2023-11-02,0.020779496604775304,0.0014444908840279694,2023-11-06 00:00:00,-0.0020689663362308363,0.0001497932353559867,True,False,False,-0.0020689663362308363,8.263248438489034e-05,-0.0011024893110829978,0.06235409642488443
2023-11-06,-0.002245144479033406,0.014061555318973528,2023-11-07 00:00:00,-0.009503044287509607,0.0009277144976582634,True,False,False,-0.009503044287509607,9.276660871914971e-05,0.0015814355353612683,0.059630561568738784
2023-11-07,-0.002779423219699827,-0.012183836794589545,2023-11-08 00:00:00,-0.01991502058925013,-0.0005747605442726352,False,False,True,0.01991502058925013,4.9646812013770845e-05,0.0013775816487291634,0.05093456883306866
2023-11-08,-0.0013173856183584696,-0.01817775245409885,2023-11-09 00:00:00,0.010131723052399426,-0.0012326778931175556,False,True,False,-0.010131723052399426,-3.9429035923145844e-05,0.003678533313887608,0.06537677379593053
2023-11-09,-0.008617082274706507,0.012482325021014455,2023-11-10 00:00:00,0.010015110912830786,0.0006793336714219085,True,True,True,0.010015110912830786,3.725002436812794e-05,0.0008488540573085498,0.05202542725105626
2023-11-10,0.012426722945925757,0.0036655141537804627,2023-11-13 00:00:00,-0.005263517263507776,0.00038843428962229154,True,False,False,-0.005263517263507776,0.00010893553478168306,0.006606806205986866,0.053852691949858845
2023-11-13,-0.0009080052683250992,0.0013608968876419733,2023-11-14 00:00:00,-0.0006827529239983636,0.0001453448439679565,True,False,False,-0.0006827529239983636,7.496928243760566e-05,0.0022132782144276067,0.05318935656818364
2023-11-14,0.023479598803756486,0.005540589706603505,2023-11-15 00:00:00,-0.002569637453636201,0.000475992838190273,True,False,False,-0.002569637453636201,7.942424997824014e-05,0.004151035455326038,0.05398413471120671
2023-11-15,0.0023119331834424816,0.008524305860799148,2023-11-16 00:00:00,-0.0029515374551502384,0.0005542298417271974,True,False,False,-0.0029515374551502384,9.082767049014598e-05,0.0004086055696096644,0.05425163174733577
2023-11-16,-0.001461658054667732,-0.0036217759350810163,2023-11-17 00:00:00,0.010712095287453179,-0.00011440159265219361,False,True,False,-0.010712095287453179,7.74310796963016e-05,0.00016398912995994885,0.052900284211404566
2023-11-17,0.003379890378287988,0.009002966165129345,2023-11-20 00:00:00,-0.006515435333523095,0.0005624586081210947,True,False,False,-0.006515435333523095,0.00011577949615503044,-0.0025405728802805477,0.050568441716777573
2023-11-20,0.004654804420156139,-0.0046301797310430385,2023-11-21 00:00:00,-0.0008296591405659859,-0.0001439315272276603,False,False,True,0.0008296591405659859,8.572189382947954e-05,-0.0030051050902856827,0.04657815832804864
2023-11-21,-0.0006860566736564392,-0.003208764447355941,2023-11-22 00:00:00,0.007506112804356078,-6.027188769589801e-05,False,True,False,-0.007506112804356078,8.94310086471702e-05,-0.0032727295326891934,0.04735410678251848
2023-11-22,0.0038040079184737145,0.00442220137778692,2023-11-24 00:00:00,-0.001797899043215459,0.00031104199230524944,True,False,False,-0.001797899043215459,0.00014266961190778657,-0.008807032582469197,0.04565020559521857
2023-11-24,0.0022886597691715456,0.005216924800277095,2023-11-27 00:00:00,-0.006980698657739452,0.00034622233431191174,True,False,False,-0.006980698657739452,0.000128203353034577,-0.010123501902328993,0.04623187836472477
2023-11-27,-0.002033473383005403,-0.0038035570390285256,2023-11-28 00:00:00,-0.005122638943539403,-4.888202348572912e-05,False,False,True,0.005122638943539403,9.361874085850379e-05,-0.01134443268609276,0.043530138908863966
2023-11-28,0.0016106013441229518,-0.0022404524238056676,2023-11-29 00:00:00,-0.0035461159260573192,-3.87165506070626e-05,False,False,True,0.0035461159260573192,8.155339711729815e-05,-0.010124100801734003,0.04640315333652867
2023-11-29,-0.0007842510737296017,-0.00544261166112742,2023-11-30 00:00:00,0.0062589553013281465,-0.00020787049376990496,False,True,False,-0.0062589553013281465,4.90431854911995e-05,-0.006799776766225091,0.04818392856579713
2023-11-30,0.006184694861629162,0.002060291852460842,2023-12-01 00:00:00,-0.002547749265806182,0.00017250792375369652,True,False,False,-0.002547749265806182,8.508179822037055e-05,-0.0009297496961990573,0.04522482753631162
2023-12-01,0.009014690146707739,0.006377874633104737,2023-12-04 00:00:00,-0.004425635085115346,0.0004031240658906648,True,False,False,-0.004425635085115346,9.283491059298513e-05,0.00048362156608539736,0.04796730483587891
2023-12-04,-0.003355535372500107,-0.007485154760856447,2023-12-05 00:00:00,-0.0023334269097549164,-0.00031554304032242026,False,False,True,0.0023334269097549164,5.188241756603965e-05,0.0007278552839159944,0.048760930855550874
2023-12-05,-0.00559968093763874,-0.005584202682455101,2023-12-06 00:00:00,0.014613861682273703,-0.0002385642981447364,False,True,False,-0.014613861682273703,4.945617200999955e-05,0.0018516387835872672,0.04972095383056902
2023-12-06,-0.0017289744559194529,0.016436484191689082,2023-12-07 00:00:00,-0.002697955407524044,0.0008324248521864745,True,False,False,-0.002697955407524044,9.082480573519163e-05,-0.0005870527168581816,0.04505738810456954
2023-12-07,0.004467185813727474,-0.008177779275561611,2023-12-08 00:00:00,-0.010321986199715628,-0.000271371646286862,False,False,True,0.010321986199715628,6.35855803507341e-05,0.001200627709699982,0.041615289706699046
2023-12-08,0.0028605497876051027,-0.015956066248669493,2023-12-11 00:00:00,0.003003108713672245,-0.0007268466208685858,False,True,False,-0.003003108713672245,2.3381027795539557e-05,-0.0009412352172505078,0.046849592300086285
2023-12-11,0.0048813985252890765,0.014901936466936586,2023-12-12 00:00:00,-0.007842949558853118,0.0006555298193578286,True,False,False,-0.007842949558853118,1.0985494646858501e-05,0.0004205361169619809,0.04311463290393957
2023-12-12,0.001898694498579964,-0.0007261398627056894,2023-12-13 00:00:00,-0.0038023591315596785,-4.6617975732679296e-05,False,False,True,0.0038023591315596785,-1.6846429375454928e-05,-0.0016415552164409028,0.03670743870104288
2023-12-13,0.0177527478144904,-0.0029195324246418567,2023-12-14 00:00:00,-0.015620134762369857,-0.00013873068789871425,False,False,True,0.015620134762369857,-4.571189796851634e-08,-0.0016745342770068603,0.03732015111552971
2023-12-14,0.007202910062869641,-0.01544418957239552,2023-12-15 00:00:00,0.0028167225495035375,-0.000805919751559798,False,True,False,-0.0028167225495035375,-5.68411926387291e-05,-0.017233749106072352,0.0404647593280633
2023-12-15,-0.004404828345312376,0.0037296143337827094,2023-12-18 00:00:00,-0.0009879170774215577,0.00017568217263692882,True,False,False,-0.0009879170774215577,-2.99703087738294e-05,-0.015631713237317515,0.03667871678262305
2023-12-18,0.0037793424962637105,-0.00775880749144295,2023-12-19 00:00:00,0.003329925656204419,-0.0002974726078147373,False,True,False,-0.003329925656204419,-8.201040454654426e-06,-0.0049941779873775745,0.03485031154036208
2023-12-19,0.007226614931447838,0.004164183376005829,2023-12-20 00:00:00,0.003605788569030436,0.00016496095599159694,True,True,True,0.003605788569030436,7.25729466099854e-05,-0.004932574363408059,0.030746442547277923
2023-12-20,-0.015130688779400846,0.007411983694414165,2023-12-21 00:00:00,-0.0010497274067219015,0.00036257995166186826,True,False,False,-0.0010497274067219015,0.00010989126143631594,-0.0036526981885683964,0.0266353595567167
2023-12-21,0.009112898449477673,-0.010164982828274938,2023-12-22 00:00:00,0.002530836642231879,-0.00017428740670099842,False,True,False,-0.002530836642231879,8.52435202180948e-05,0.0019755250969741844,0.027302917397973876
2023-12-22,0.0027495198711854755,0.005104533627680681,2023-12-26 00:00:00,-0.0005352072394699879,0.00022556330473409475,True,False,False,-0.0005352072394699879,8.140676105171496e-05,0.006155856510290058,0.024925077032155823
2023-12-26,0.00512818732908473,-0.0008822464339232453,2023-12-27 00:00:00,0.007907556027307038,9.326402705207035e-05,True,True,True,0.007907556027307038,8.503712977943623e-05,0.005872392486764414,0.02480920367348035
2023-12-27,0.0018331830087772575,0.011761700218309794,2023-12-28 00:00:00,0.0031525095481798834,0.0004041032794046654,True,True,True,0.0031525095481798834,8.965995034103665e-05,0.006070444482236804,0.02578837138791268
2023-12-28,-7.131777356831045e-05,-0.000207597341805826,2023-12-29 00:00:00,0.00024223929303550794,8.895136939317976e-05,True,True,True,0.00024223929303550794,9.502607342817297e-05,0.006769105207267333,0.02693650349237913
2023-12-29,-0.0031713165053209665,0.00024133088596684928,2024-01-04 00:00:00,0.013558065291456266,7.958437579377612e-05,True,True,True,0.013558065291456266,9.233308522126156e-05,0.0060782437430971364,0.027047202235270545
2024-01-04,-0.0031997186740588823,0.014213629346695652,2024-01-05 00:00:00,0.004881192200626295,0.0005047360614705063,True,True,True,0.004881192200626295,0.0001385036756086568,0.0019908904590472433,0.02621446402978634
2024-01-05,0.0010921303626873137,0.009342629161004446,2024-01-09 00:00:00,-0.003631504487955925,0.00042220678447993295,True,False,False,-0.003631504487955925,0.000148765679896111,0.0015194526012577252,0.029090490436859462
2024-01-09,-0.0048881519501206006,0.004573125224198328,2024-01-10 00:00:00,0.009122900662823815,0.00031194754492451743,True,True,True,0.009122900662823815,0.00015927832299300645,-0.005710757615844296,0.0272798501765989
2024-01-10,0.0022939584081211276,0.011381883248673534,2024-01-11 00:00:00,0.0028372021160236348,0.0005047290541905628,True,True,True,0.0028372021160236348,0.0001924658998267059,-0.00836378678358589,0.029120781345075196
2024-01-11,-0.003578530854706638,0.013087031372915356,2024-01-12 00:00:00,-0.000157422859876737,0.0006497605188247319,True,False,False,-0.000157422859876737,0.00026630571176465686,-0.016006958981616352,0.024923407085993464
2024-01-12,0.0018554812002764744,0.003229597797765013,2024-01-16 00:00:00,0.007826214526323084,0.00032349282307957903,True,True,True,0.007826214526323084,0.00028358506514346857,-0.01550676944129898,0.02126589173394639
2024-01-16,-0.007737096189864775,0.0014311217831869982,2024-01-17 00:00:00,-0.007942494528210935,0.000471791147772837,True,False,False,-0.007942494528210935,0.0002952830566930728,-0.018491158440299867,0.023366438802060182
2024-01-17,-0.007232848941666698,-0.00387174547522524,2024-01-18 00:00:00,-0.002674130599567755,0.0002559449922873434,True,False,False,-0.002674130599567755,0.00025201883146023276,-0.012670118183825083,0.022655128192396925
2024-01-18,0.0032993815122696665,-0.0036508412426167923,2024-01-19 00:00:00,-0.005388694999710593,0.00012202364235432503,True,False,False,-0.005388694999710593,0.0002425537991259748,-0.010762042746319145,0.02328835088957408
2024-01-19,0.007189155163239772,0.0028675538570682004,2024-01-22 00:00:00,0.007068422308151621,0.00020543333690267252,True,True,True,0.007068422308151621,0.000219002189521265,-0.011742864582906784,0.024708314633461542
2024-01-22,0.0018386499028612306,0.013945859047587057,2024-01-23 00:00:00,-0.0041697534574156,0.0005876138715676122,True,False,False,-0.0041697534574156,0.0002585958649287691,-0.0114889482460603,0.02510724932904165
2024-01-23,0.0022026203345835867,-0.002218863332723952,2024-01-24 00:00:00,-0.004916326977117328,0.00019165454030882755,True,False,False,-0.004916326977117328,0.00025657621038746196,-0.00888645664563813,0.02043757238211036
2024-01-24,-0.0037290846573746483,-0.005197262003709696,2024-01-25 00:00:00,0.0026330768455968432,0.0002027233495672055,True,True,True,0.0026330768455968432,0.00027248925676793845,-0.01181405867341953,0.021900287509050376
2024-01-25,0.00867747076151202,0.0013776755496706225,2024-01-26 00:00:00,-0.006420991290731416,0.00026828307528618887,True,False,False,-0.006420991290731416,0.0003167350244888431,-0.007914790433989589,0.014683002377897832
2024-01-26,0.0013824277189274621,-0.010107418852057714,2024-01-29 00:00:00,0.01072511301846365,0.00010201174580717597,True,True,True,0.01072511301846365,0.0002730022149888882,-0.00865204363110236,0.01573395211660102
2024-01-29,0.006479882782507157,0.012183976065233307,2024-01-30 00:00:00,-0.002658825834890097,0.00044248529273569555,True,False,False,-0.002658825834890097,0.00033779352002891736,-0.001234627137920278,0.009249198392811023
2024-01-30,0.0009647422183548425,-0.00038850719332502137,2024-01-31 00:00:00,0.010693938967364232,0.0003091055184462546,True,True,True,0.010693938967364232,0.00031558448402372246,-0.003892003187598273,0.007011931401077332
2024-01-31,-0.012506522421827078,0.007532312041070129,2024-02-01 00:00:00,0.001288950737327749,0.00046197672146603455,True,True,True,0.001288950737327749,0.00034816715541400754,-0.006023955473593514,0.0051074400056288875
2024-02-01,0.013385009440210906,-0.003742558754075175,2024-02-02 00:00:00,-0.0038967751418119505,0.00023113097529615218,True,False,False,-0.0038967751418119505,0.00034571844726310336,-0.007113860261853674,0.0051751719821656215
2024-02-02,0.003581684829085355,0.0008565080517321293,2024-02-05 00:00:00,0.0007321091182810194,0.00027142824272026906,True,True,True,0.0007321091182810194,0.0003071822298931735,-0.011539844055503162,0.006512603354307513
2024-02-05,-0.009898898704474367,0.00865961218127117,2024-02-06 00:00:00,-0.0065564353687991754,0.00038107451507602997,True,False,False,-0.0065564353687991754,0.0002668623061369199,-0.008890533973438789,0.0030261994600668876
2024-02-06,0.0056700285763726654,-0.008315600230512503,2024-02-07 00:00:00,0.005051104417137017,0.00018901443181905752,True,True,True,0.005051104417137017,0.0002512873880548739,-0.007564075396962343,0.0023310924099110703
2024-02-07,0.00505327185719153,0.003550026779286384,2024-02-08 00:00:00,-0.002198607499728366,0.0002383959238037133,True,False,False,-0.002198607499728366,0.00023268129189698655,-0.0019344730931993683,0.004363361549120234
2024-02-08,0.0011821519716598283,0.002375629423549493,2024-02-09 00:00:00,-7.647255365014923e-05,0.00022227868825698606,True,False,False,-7.647255365014923e-05,0.00021890914160130852,-0.004286667673374136,0.003551496379852545
2024-02-09,0.0008488620554563322,-0.002532598131208789,2024-02-13 00:00:00,0.0066537195437408846,0.0001909880627263492,True,True,True,0.0066537195437408846,0.0001999996025551449,-0.007334273802422379,0.0010999585995360049
2024-02-13,-0.013979507447760936,0.01598068036583912,2024-02-14 00:00:00,-0.005953617814393016,0.00024888020423078944,True,False,False,-0.005953617814393016,0.00020598598206190586,-0.007219156197835984,-0.0036310109668016765
2024-02-14,0.007966767321614034,-0.010697576485545075,2024-02-15 00:00:00,-0.0056367278529400764,0.0002697190578788887,True,False,False,-0.0056367278529400764,0.00019422365647813307,-0.0012849769776748891,-0.00801419967516633
2024-02-15,0.01304817232926515,0.00230506160055187,2024-02-16 00:00:00,0.0078027372487448265,0.00012723884473077814,True,True,True,0.0078027372487448265,0.00017544426771873848,-0.0028902424710463785,-0.004552173855082146
2024-02-16,-0.0038379978521072555,0.01596649425631494,2024-02-20 00:00:00,-0.005160996778100818,0.0001354744103572379,True,False,False,-0.005160996778100818,0.00021282200779410175,0.0038272682429021467,-0.003924377457899682
2024-02-20,-0.0030311975374778255,-0.0023891703975447284,2024-02-21 00:00:00,-0.0021065848672169253,0.00021517428527144598,True,False,False,-0.0021065848672169253,0.0002058977575606908,0.00357086840701139,-0.008413186122430662
2024-02-21,0.005243220820640124,-0.004447215876469803,2024-02-22 00:00:00,0.0038099428647923234,0.00030588575239498046,True,True,True,0.0038099428647923234,0.0002177419186279686,0.009864706733720446,-0.008189617739036077
2024-02-22,0.010236278146394585,0.0118763459876393,2024-02-26 00:00:00,-0.0017681872518438852,0.00028433076688365853,True,False,False,-0.0017681872518438852,0.00026430528654551957,0.014237837385613428,-0.010585493507428942
2024-02-26,-0.005422896205132568,0.004384780747661661,2024-02-27 00:00:00,-0.003341634639448999,0.00013662060509936764,True,False,False,-0.003341634639448999,0.00025925024591121027,0.01301790274577014,-0.011867162443816685
2024-02-27,0.0030351876631259174,-6.655374267296096e-05,2024-02-28 00:00:00,0.0012062188352253602,0.00028773665302271015,True,True,True,0.0012062188352253602,0.0002397403295739426,0.015545231142763644,-0.012225152653076334
2024-02-28,0.0011499413220037245,0.002633042499688549,2024-02-29 00:00:00,8.44952518916658e-05,0.00023385967362639284,True,True,True,8.44952518916658e-05,0.00024760774499885303,0.01535949147194397,-0.01192938788672335
2024-02-29,0.0036750329553048022,-0.0007638617137807074,2024-03-01 00:00:00,0.009312493921780893,0.0003211206480894106,True,True,True,0.009312493921780893,0.0002522994686402021,0.01625104769314552,-0.011910589907220442
2024-03-01,0.0058752987808593305,0.01058355881908608,2024-03-04 00:00:00,-0.010838537838091952,0.0002605436993385647,True,False,False,-0.010838537838091952,0.0002678685552884343,0.021863189535368407,-0.012829108723604269
2024-03-04,0.0003278330229271194,-0.002587016922649471,2024-03-05 00:00:00,0.007360879859579437,0.00028564403403627,True,True,True,0.007360879859579437,0.00023265329317231605,0.01755825565306495,-0.018258313048647404
2024-03-05,-0.006510640387554495,0.005378473376629203,2024-03-06 00:00:00,0.008229380911445996,4.446944964721575e-05,True,True,True,0.008229380911445996,0.000268342821040895,0.018053151214299012,-0.019770627932693872
2024-03-06,0.005190269974432948,0.006313330991762182,2024-03-07 00:00:00,-0.011120049616015152,0.0002591956606641777,True,False,False,-0.011120049616015152,0.00030035249362128007,0.014051170450769255,-0.018070682687511944
2024-03-07,0.007618910034979195,-0.0014573215438307794,2024-03-08 00:00:00,-0.00043911880017798903,0.0003777949315381465,True,False,False,-0.00043911880017798903,0.00027644200092932656,0.0095167289206066,-0.019793729981928472
2024-03-08,-0.0016561911282111476,0.004862565743185763,2024-03-11 00:00:00,-0.01264435951916838,0.0001538315019422406,True,False,False,-0.01264435951916838,0.00026272340013879257,0.00874705367341894,-0.019414669228265947
2024-03-11,0.0014359419138664634,-0.022397791971152377,2024-03-12 00:00:00,0.0023734377382681015,0.0007222734021928552,True,True,True,0.0023734377382681015,0.00020079474635905904,0.013426712468207426,-0.022421793955497003
2024-03-12,0.0038634466196520597,-0.0037876089802474956,2024-03-13 00:00:00,-0.010310696808485353,0.0003510037491246585,True,False,False,-0.010310696808485353,0.00020620117346755912,0.013680435459906671,-0.024276250268618415
2024-03-13,0.00216705985435634,-0.0017720083064678034,2024-03-14 00:00:00,0.008671467894139287,0.00023401441558394532,True,True,True,0.008671467894139287,0.0001879491835427463,0.0036242675013543075,-0.021563797019514712
2024-03-14,-0.004470476946863159,0.010030731775708809,2024-03-15 00:00:00,0.009053799612719727,-2.620923359517366e-05,False,True,False,-0.009053799612719727,0.00021214163470266746,0.004914776847041363,-0.021571653648257954
2024-03-15,-0.0032645498279865585,0.006882533023298436,2024-03-18 00:00:00,0.007647643511185442,7.15125050019795e-05,True,True,True,0.007647643511185442,0.0002174467405508848,0.00565147638441974,-0.01852293463158438
2024-03-18,0.005149497121227354,0.016291854405463258,2024-03-19 00:00:00,0.011505415516459417,2.9626419537783465e-05,True,True,True,0.011505415516459417,0.00026004947608363203,0.004074586566073528,-0.015431339004216147
2024-03-19,0.005245379326410832,0.010329875386023375,2024-03-21 00:00:00,0.0025096108673641334,0.0002625636756012678,True,True,True,0.0025096108673641334,0.0002753082288769828,0.009272073748335016,-0.005941997839706482
2024-03-21,0.003566809956755684,0.015900496325412624,2024-03-22 00:00:00,0.00018684055152341702,0.00025716071991807083,True,True,True,0.00018684055152341702,0.00030115563680242877,0.008601445102933985,-0.004696371446005944
2024-03-22,-0.004196098915173746,0.006319740134256049,2024-03-25 00:00:00,-0.009322546389942912,0.00023171949629377427,True,False,False,-0.009322546389942912,0.000277550454961547,0.004828575773008106,-0.004046017171848347
2024-03-25,-0.001578321239580652,-0.010153891457884237,2024-03-26 00:00:00,0.001790077142570264,0.00029078200013927987,True,True,True,0.001790077142570264,0.00024154717921235066,0.008523063148898372,-0.006173687475499638
2024-03-26,-0.002274064871028668,0.001278280188273943,2024-03-27 00:00:00,0.0013736578291060864,0.00020159710932699193,True,True,True,0.0013736578291060864,0.00023218874205251295,0.008923957977420974,-0.008056115922783155
2024-03-27,0.013669643420461447,0.00562847670623427,2024-03-28 00:00:00,-0.007484583281737779,0.00039217976668690774,True,False,False,-0.007484583281737779,0.00020625919346494692,0.017442032517292774,-0.009328597160110474
2024-03-28,0.0024580785216481034,-0.004061737130175704,2024-04-01 00:00:00,-0.014140286309317518,0.00023490459835295594,True,False,False,-0.014140286309317518,0.00016494960861049418,0.009335610521995726,-0.01157320735570068
2024-04-01,-0.00410282325574946,-0.01688043872083579,2024-04-02 00:00:00,-0.007154920126507621,0.00021965392329449836,True,False,False,-0.007154920126507621,0.00012050204450437046,0.0019559467082495476,-0.00634917043355341
2024-04-02,-0.005056269088653965,-0.003956357481990263,2024-04-03 00:00:00,0.005755732469781939,0.00012347925124898759,True,True,True,0.005755732469781939,0.00010638722509196538,-0.0007357950926471426,-0.003379787654517135
2024-04-03,0.0011978935783889734,0.0009244123160437943,2024-04-04 00:00:00,0.0010429284606849627,0.00016389983767269955,True,True,True,0.0010429284606849627,0.00018346650748204342,-0.005505544945805435,-0.014032280453322226
2024-04-04,-0.009129404018107771,0.011149452059880311,2024-04-05 00:00:00,0.001887394329488407,-6.212439420044035e-05,False,True,False,-0.001887394329488407,0.000222905203710121,0.0026745277362117993,-0.02337448981791903
2024-04-05,0.008211706372948747,-0.006274366502027291,2024-04-08 00:00:00,0.0019591069557032595,0.0004164173931626653,True,True,True,0.0019591069557032595,0.00019582433145864613,0.008074141882405133,-0.024590622703077374
2024-04-08,0.00145290763356263,0.0070243780995396295,2024-04-09 00:00:00,0.005406326526949018,3.877679598913365e-05,True,True,True,0.005406326526949018,0.00019273406449762956,0.007001303989132915,-0.023365700734411847
2024-04-09,0.0029117868979239596,0.008596111015875907,2024-04-10 00:00:00,-0.000541671696085348,8.331635369594674e-05,True,False,False,-0.000541671696085348,0.0002530451027241279,-0.004515078984655314,-0.018215423336015977
2024-04-10,-0.013190977901877943,-0.0026841838593693176,2024-04-11 00:00:00,0.011611170185581436,0.00036539945572605783,True,True,True,0.011611170185581436,0.0002469889251456906,-0.005383207405725041,-0.01765928234936928
2024-04-11,0.0019928959692482114,0.004562880082208169,2024-04-12 00:00:00,-2.4111450482468186e-05,0.00014847027052392102,True,False,False,-2.4111450482468186e-05,0.0002786359974760194,-0.006828968678844222,-0.025544458915847938
2024-04-12,-0.013616034288943403,0.004420153416110984,2024-04-15 00:00:00,0.008950980151056847,0.0002451907280100349,True,True,True,0.008950980151056847,0.0002680176963368919,-0.006471168649697545,-0.025098364718816088
2024-04-15,-0.0097592810873049,-0.0003110626977544874,2024-04-16 00:00:00,-0.01596662654948793,0.00047796024707220345,True,False,False,-0.01596662654948793,0.0003100080150501873,-0.016463299975929394,-0.023410907141456452
2024-04-16,-0.005553570359172427,-0.02190337848733721,2024-04-17 00:00:00,-0.015405951345995598,0.000737084168439325,True,False,False,-0.015405951345995598,0.00024015844451783397,-0.0018214675101581104,-0.022225341913728797
2024-04-17,-0.0008090856172872488,-0.013312616285402878,2024-04-18 00:00:00,0.0124630377382989,0.0001470791285011162,True,True,True,0.0124630377382989,0.00010368601492907722,0.0047847681500368605,-0.003550346502220812
2024-04-18,-0.00045207417124078344,0.007662577868590749,2024-04-19 00:00:00,-0.006157829232293851,6.019825623203224e-05,True,False,False,-0.006157829232293851,0.00016399993306666472,0.0032687232195381423,-0.013353726806950284
2024-04-19,0.0014302022195623195,-0.014474080768334296,2024-04-22 00:00:00,0.00557632645032039,0.00037191847889568434,True,True,True,0.00557632645032039,0.00013016203878145422,0.002555987865966173,-0.01645015420364771
2024-04-22,0.006597157230707085,0.012194329537463473,2024-04-23 00:00:00,-0.004548346380778312,-0.0001197611327902857,False,False,True,0.004548346380778312,0.00014782261846506582,4.2155994792587165e-05,-0.02196609991211806
2024-04-23,0.008071027398625247,0.0028481425601046308,2024-04-24 00:00:00,0.005990181855961008,3.455843971573819e-05,True,True,True,0.005990181855961008,0.00012767746727396716,-0.0027141738672260135,-0.025003262445050876
2024-04-24,0.0020239065854607097,0.011229254557902475,2024-04-25 00:00:00,-0.009698708335888777,-7.688034525119293e-05,False,False,True,0.009698708335888777,0.0001912559207865334,-0.004675363386236222,-0.023035702499847766
2024-04-25,-0.003646785353949376,-0.018173696341665175,2024-04-26 00:00:00,0.004237070261164743,0.0007523517668418965,True,True,True,0.004237070261164743,0.00017406481761378774,-0.005326731666730349,-0.03075111918317945
2024-04-26,0.0030086516770260296,0.006980241084537111,2024-04-30 00:00:00,0.010534097113396675,-6.213064333815014e-05,False,True,False,-0.010534097113396675,0.00020325883210863918,-0.005917330661306605,-0.03546958989390696
2024-04-30,-0.015034666563069086,0.020164328065045253,2024-05-01 00:00:00,0.0006885011474201854,-0.00036504309966385725,False,True,False,-0.0006885011474201854,0.0002333660906851101,-0.004220324232911805,-0.03282332819838256
2024-05-01,-0.0011776208627474092,-0.006028813382050713,2024-05-02 00:00:00,0.0037716669548868106,0.0004320342670081885,True,True,True,0.0037716669548868106,0.00022628695038548978,-0.00625074252346218,-0.032906361376196014
2024-05-02,0.006663678356973033,0.0007815839747219574,2024-05-07 00:00:00,-0.005835372941160446,0.000169118915636004,True,False,False,-0.005835372941160446,0.00023827153076343,-0.00634149152768286,-0.0344108325571101
2024-05-07,0.0044374593065584075,0.003443306648879583,2024-05-08 00:00:00,-0.009424129807224676,5.446250610458475e-05,True,False,False,-0.009424129807224676,0.0002146074446633314,-0.00963041322397755,-0.034098145690918485
2024-05-08,-0.0009044661089424185,-0.011450986942168813,2024-05-09 00:00:00,-0.0029837119200952843,0.000591332603283975,True,False,False,-0.0029837119200952843,0.00017859667432891513,-0.012654721684016254,-0.03504415506719321
2024-05-09,0.009978257292024213,0.003288696111018896,2024-05-10 00:00:00,0.005364672069836008,-8.687794121928766e-05,False,True,False,-0.005364672069836008,0.00015292048488419114,-0.013179733021201054,-0.03292723174236906
2024-05-10,0.00028349963675069275,0.00841228469363327,2024-05-13 00:00:00,-0.0020993421277032734,-0.00010040821134464214,False,False,True,0.0020993421277032734,0.00017467752456265287,-0.008892210354702813,-0.03240080518293838
2024-05-13,-0.0010154293645435136,-0.004274041676883696,2024-05-14 00:00:00,0.001705906246314301,0.0003017726737017312,True,True,True,0.001705906246314301,0.00015215992825613452,-0.008667565583504122,-0.03294573508596874
2024-05-14,0.0033739683891404523,0.002331370838218406,2024-05-15 00:00:00,-0.006022682662129771,4.6698209656441316e-05,True,False,False,-0.006022682662129771,0.00015140001042108692,-0.00799004431586195,-0.03334675142222608
2024-05-15,0.008709461576209897,-0.0027178045466296533,2024-05-16 00:00:00,-0.005299523341372318,0.000146132660417754,True,False,False,-0.005299523341372318,0.0001357421770630248,-0.009380714265597688,-0.033884502078178814
2024-05-16,-0.0017055404997185649,-0.0023694638002666763,2024-05-17 00:00:00,0.006259429178794838,0.00022319805433328107,True,True,True,0.006259429178794838,0.00012392866147930998,-0.012745867904727523,-0.03272082018289093
2024-05-17,0.0032653135180239793,0.003996494765645897,2024-05-20 00:00:00,0.011401750129790826,-2.9912782879265153e-05,False,True,False,-0.011401750129790826,0.0001515351617233166,-0.014236891290446793,-0.03376960034512551
2024-05-20,-0.00240999374344155,0.013114459297195928,2024-05-21 00:00:00,-0.0042205726987012745,-0.00021705868595457787,False,False,True,0.0042205726987012745,0.00016364254243403858,-0.006523331373157176,-0.030227888714335512
2024-05-21,0.0018991704983353736,-0.0018602908478631847,2024-05-22 00:00:00,-0.009039934005009406,0.00017108676653848021,True,False,False,-0.009039934005009406,0.00013552253046173924,-0.013149081790341431,-0.03254146219269497
2024-05-22,-0.005723527038588169,-0.01024677180422633,2024-05-23 00:00:00,0.0031843961835149983,0.0005215055211156474,True,True,True,0.0031843961835149983,8.553940187399713e-05,-0.017077164849308435,-0.0330079083389662
2024-05-23,-0.012746318726978805,0.0026830465538732703,2024-05-24 00:00:00,0.009683630129736406,0.00027696504940289703,True,True,True,0.009683630129736406,0.0001142844249883499,-0.01952381506669045,-0.032118766283676894
2024-05-24,0.005623092398841814,-0.0034130258355160787,2024-05-28 00:00:00,0.0027172676152496817,8.774224134858341e-05,True,True,True,0.0027172676152496817,0.00016531795943286538,-0.03288161022069322,-0.031444418994018425
2024-05-28,-0.003646630866426309,0.004840365251868477,2024-05-29 00:00:00,-0.009759839344181846,9.416957072691813e-05,True,False,False,-0.009759839344181846,0.00013137684329988568,-0.030590332467973727,-0.03073299542994189
2024-05-29,-0.009963012454644815,-0.00942916649234411,2024-05-30 00:00:00,0.003723441899632702,0.0006813229940995879,True,True,True,0.003723441899632702,0.00012090780897646679,-0.030054816200083392,-0.027677809826725165
2024-05-30,0.003098979176476189,-0.006818098142183325,2024-05-31 00:00:00,0.01546211892581553,0.00023541256309582526,True,True,True,0.01546211892581553,0.00013704987665460157,-0.0327105322242784,-0.029294378064167417
2024-05-31,0.01356501533476791,0.018069549987300468,2024-06-03 00:00:00,0.0014641393218364546,-0.0008160181173118286,False,True,False,-0.0014641393218364546,0.00017472295510674268,-0.02652243776157316,-0.03491862265030696
2024-06-03,-0.004839447963669318,0.007851894352484365,2024-06-04 00:00:00,-0.0006615214235401326,1.2135420777287557e-05,True,False,False,-0.0006615214235401326,0.0001639034662508248,-0.02385439620411406,-0.03403129774963821
2024-06-04,-1.3272546134328197e-05,-0.005284849731657535,2024-06-05 00:00:00,-0.006749393358897969,0.00034074021632910526,True,False,False,-0.006749393358897969,0.0001565043091516947,-0.023660677407222892,-0.03480172172979999
2024-06-05,0.005033962591700928,-0.012457721848183926,2024-06-06 00:00:00,-0.0040541551603438955,0.00040644735477395966,True,False,False,-0.0040541551603438955,0.0001313079442029504,-0.025007167444182778,-0.0321908420252526
2024-06-06,0.000185207459182339,0.0034418601248261617,2024-06-07 00:00:00,-0.003031675502362973,1.3880761790917561e-05,True,False,False,-0.003031675502362973,0.00011862142212167144,-0.025023514539193492,-0.02908488873823529
2024-06-07,-0.00359780740091973,-0.0019346129707747178,2024-06-10 00:00:00,0.008090778413136062,0.00025777264947531736,True,True,True,0.008090778413136062,0.00011846772913950548,-0.02335917203006821,-0.02856546459757539
2024-06-10,0.0031670386523785813,0.010614165233703588,2024-06-11 00:00:00,-0.003980142881744753,-0.00026563797292004487,False,False,True,0.003980142881744753,0.0001121786089246775,-0.025153809510367282,-0.028090150125426948
2024-06-11,-0.0014024450212428304,-0.001992343726103397,2024-06-12 00:00:00,-0.0015240237594419262,0.00021975064475702032,True,False,False,-0.0015240237594419262,0.00012819620277817822,-0.02690387896188348,-0.02701503268308813
2024-06-12,0.0015995568075851472,-0.0068320191479843044,2024-06-13 00:00:00,-0.013529468869582931,0.00025558654939622776,True,False,False,-0.013529468869582931,0.00011597991188443352,-0.025790699224413023,-0.026472455962297102
2024-06-13,-0.0008049831199493752,-0.01087677808341158,2024-06-14 00:00:00,0.01083813042159435,0.0003028531095809754,True,True,True,0.01083813042159435,5.277987752907066e-05,-0.026841894748175,-0.021004929779766736
2024-06-14,-0.0028199379999657363,0.006628379146363174,2024-06-17 00:00:00,-0.01254627424835959,8.895388547306554e-06,True,False,False,-0.01254627424835959,0.00011436210701857326,-0.028176690694057274,-0.027898711764878823
2024-06-17,0.005424016788364239,-0.01774967829590847,2024-06-18 00:00:00,-0.005622742312392302,0.0004661192438162736,True,False,False,-0.005622742312392302,5.684178840980029e-05,-0.025987130993106553,-0.030999552838168312
2024-06-18,0.0012473660226916489,0.0017057189826637999,2024-06-20 00:00:00,0.0006618212064447506,-3.274583363036254e-05,False,True,False,-0.0006618212064447506,4.907659691396838e-05,-0.030066407822913033,-0.025982366059165846
2024-06-20,0.0024427377679143813,-0.0014502555674470387,2024-06-21 00:00:00,-0.0026629541697752316,-2.2700774613210695e-05,False,False,True,0.0026629541697752316,1.3520870358374654e-05,-0.0270911224305243,-0.020654885688444508
2024-06-21,0.00017354432055469916,0.0013199486907704038,2024-06-24 00:00:00,0.003977954994608584,-7.242692926953376e-05,False,True,False,-0.003977954994608584,-3.5007106041538044e-05,-0.03459107503910012,-0.023801484734032898
2024-06-24,0.0051948302239792025,0.005075417455531117,2024-06-25 00:00:00,0.01212077867315858,-0.0003368278415450277,False,True,False,-0.01212077867315858,-2.1888741929103455e-05,-0.036749749979765184,-0.02443747510112582
2024-06-25,-0.0030885253858586063,0.016660109028475797,2024-06-26 00:00:00,0.0004543949906305434,-0.00048214794384671345,False,True,False,-0.0004543949906305434,-2.7827094221308635e-05,-0.027903705457509365,-0.03244289406309446
2024-06-26,-0.0015621757497252203,0.003184846934183122,2024-06-27 00:00:00,-0.004696760340613354,-3.5681631562374466e-05,False,False,True,0.004696760340613354,1.1731524823933505e-05,-0.02536817909131074,-0.02733026496287975
2024-06-27,0.0014977799406327757,-0.003111800347115896,2024-06-28 00:00:00,-0.0031948344188054405,7.180084585820849e-05,True,False,False,-0.0031948344188054405,1.2849998509043098e-05,-0.02250410987132527,-0.029776027174143602
2024-06-28,-0.001974573798926495,0.005133845608744231,2024-07-01 00:00:00,-0.00020293443945808206,-0.00011309873123282842,False,False,True,0.00020293443945808206,-2.1381403475112652e-05,-0.024091345375959368,-0.027131214635814624
2024-07-01,-0.0041695493140534445,0.00655307621354755,2024-07-02 00:00:00,0.008113544806541107,-9.954300566376292e-05,False,True,False,-0.008113544806541107,-2.1837381850688257e-05,-0.024064015724492092,-0.027169182574502355
2024-07-02,0.005841104614157161,0.009240423777707403,2024-07-03 00:00:00,0.0019911754870558843,-0.0004157530833993558,False,True,False,-0.0019911754870558843,-6.554788917487031e-06,-0.029537623314039557,-0.02561202303534549
2024-07-03,0.0025674555102009684,0.0036643391118401777,2024-07-05 00:00:00,-0.00801584564305581,-0.00019832510341977167,False,False,True,0.00801584564305581,-1.8676673321470924e-05,-0.03217099465222829,-0.026485221385815962
2024-07-05,0.0034713554404453106,-0.0060494208515338155,2024-07-08 00:00:00,-0.004364903543198576,2.7453972421948556e-06,True,False,False,-0.004364903543198576,-5.2946735947548966e-05,-0.033462874834270386,-0.028408284035166063
2024-07-08,-0.0005039489195982325,-0.005420025856941183,2024-07-09 00:00:00,0.004952007763079985,7.306995007349732e-05,True,True,True,0.004952007763079985,-9.069608036045813e-05,-0.04018562306248127,-0.026478569087349205
2024-07-09,-0.00041945303231907057,0.006473506625792857,2024-07-10 00:00:00,0.0050067539135257985,-0.00022394672044878205,False,True,False,-0.0050067539135257985,-6.151428175668627e-05,-0.040928965427351506,-0.027743884069676664
2024-07-10,0.008329132342598829,0.004083560493014471,2024-07-11 00:00:00,-0.0010241114817308977,-0.0004549977605899841,False,False,True,0.0010241114817308977,-0.00010652643151634822,-0.03039488625794349,-0.02333950949325348
2024-07-11,0.003771983659882254,-0.004902373306982366,2024-07-12 00:00:00,-0.0009680167212664057,-0.00011046384305329817,False,False,True,0.0009680167212664057,-0.00011197862135857296,-0.030635793246072927,-0.023880778248822593
2024-07-12,0.005934650132166713,0.007594436763946992,2024-07-16 00:00:00,-0.003075855430983321,-0.0004329681928058703,False,False,True,0.003075855430983321,-5.6331772086113535e-05,-0.0330149425455216,-0.023794297483173025
2024-07-16,0.010778840858060457,-0.0016342988342560056,2024-07-17 00:00:00,0.002501705699967425,-0.000393877367577659,False,True,False,-0.002501705699967425,-6.751166538484836e-05,-0.033976048580733526,-0.024387656412170874
2024-07-17,-0.0037385059579188432,0.006512223284692593,2024-07-18 00:00:00,0.005025696107218898,-9.528557352017638e-05,False,True,False,-0.005025696107218898,-4.554832068599813e-05,-0.030570869584288507,-0.02518750106424577
2024-07-18,-0.006865841503386296,-0.008809318835333632,2024-07-19 00:00:00,-0.0033799073114773167,0.0004078845468558946,True,False,False,-0.0033799073114773167,-6.498986076304433e-05,-0.041729165773090056,-0.021155843355885533
2024-07-19,-0.005709848526852221,-0.006029900511469906,2024-07-22 00:00:00,-0.006728716584203258,0.00025497896235421444,True,False,False,-0.006728716584203258,-6.940139373000258e-05,-0.039922256096622796,-0.01599202519823855
2024-07-22,0.006948031518572928,-0.009927309996757734,2024-07-23 00:00:00,-0.0011046235950903632,-0.00019751685447461965,False,False,True,0.0011046235950903632,-9.255882210057248e-05,-0.034799731826911665,-0.013783351304825758
2024-07-23,-0.003086556275907118,0.002687955245896646,2024-07-24 00:00:00,-0.01630010370775541,-2.580698282678967e-05,False,False,True,0.01630010370775541,-0.00012187880521450593,-0.04124919266367779,-0.011624498641545359
2024-07-24,-0.013754046959379358,-0.01777728038888024,2024-07-25 00:00:00,-0.00768385030982298,0.0005679589373321226,True,False,False,-0.00768385030982298,-0.00019658155054038767,-0.03649620178111529,-0.014769976565161495
2024-07-25,-0.001294446357367287,-0.021777098648706878,2024-07-26 00:00:00,-0.0003319017222376329,-1.2137501996264879e-05,False,False,True,0.0003319017222376329,-0.00021603930730442348,-0.027369853645890996,-0.007736246259074698
2024-07-26,0.012472405535968139,-0.0017501902492472285,2024-07-29 00:00:00,0.013960106432194122,-0.0005480913636306575,False,True,False,-0.013960106432194122,-0.00021532119911452422,-0.027750422484128272,-0.007624518823655033
2024-07-29,0.0020932259551622893,0.0233088449322143,2024-07-30 00:00:00,-0.00038994830395831873,-0.0004441005915555472,False,False,True,0.00038994830395831873,-0.00014125520724498714,-0.012247155632384262,-0.01189288105309845
2024-07-30,0.0006081746657951429,-0.004322478628191162,2024-07-31 00:00:00,0.022821450699560385,-5.30626988535071e-05,False,True,False,-0.022821450699560385,-0.00010616830806411028,-0.009944604321256968,-0.013685126222336638
2024-07-31,0.008916254984962079,0.016544770423680168,2024-08-01 00:00:00,-0.034119415127706505,-0.00036617819475233144,False,False,True,0.034119415127706505,1.8356425197612927e-05,-0.002804825569047889,-0.021730496754031124
2024-08-01,-0.006178740883117459,-0.035810659734951074,2024-08-02 00:00:00,-0.019300393713189288,0.001694222829377991,True,False,False,-0.019300393713189288,-9.281585740887847e-05,-0.029165059577528026,-0.04487030824646816
2024-08-02,-0.014839704250491243,-0.053388799956333874,2024-08-05 00:00:00,-0.05072142615796314,0.0008837191986727003,True,False,False,-0.05072142615796314,-0.00018197566441488137,-0.016287675127783483,-0.015433772288141438
2024-08-05,-0.025701144152270428,-0.11221808193614,2024-08-06 00:00:00,0.006081122254770317,-0.011396959171153343,False,True,False,-0.006081122254770317,-0.0004897750029632028,0.03755979545954666,0.08859405079131683
2024-08-06,0.01072798496184983,0.0764030274363136,2024-08-07 00:00:00,0.04896102053850663,0.0027329094736811134,True,True,True,0.04896102053850663,-0.0004212891194768885,0.01859291456044932,0.038672997451828554
2024-08-07,-0.0057129749698720984,0.03930618078487632,2024-08-08 00:00:00,-0.0005488204368524485,0.004355640801321558,True,False,False,-0.0005488204368524485,-0.0002545058269762676,0.021611066651342187,0.12042915431179499
2024-08-08,0.017819818190839613,-0.016563650203529783,2024-08-09 00:00:00,-0.012366597145608334,-0.001734716500809587,False,False,True,0.012366597145608334,-0.00028867597097062905,0.026507199682601165,0.11581951957198267
2024-08-09,0.0033784668597770114,0.0028647791213530717,2024-08-13 00:00:00,0.015223562036164118,3.5591803513028485e-05,True,True,True,0.015223562036164118,-0.0003411000279656089,0.008219887493494574,0.12179689924086382
2024-08-13,0.010670969809282404,0.02310088702918994,2024-08-14 00:00:00,0.004881025484570994,0.0026516043093186364,True,True,True,0.004881025484570994,-0.00028766816794634345,0.011443813753085078,0.1219501174410767
2024-08-14,0.0025096727947050727,0.01185755925911283,2024-08-15 00:00:00,0.00581182948951519,0.001214543683101843,True,True,True,0.00581182948951519,-0.0002760299125793226,0.013010647987672402,0.12295288554131165
2024-08-15,0.012167929534840714,0.010356658380191801,2024-08-16 00:00:00,0.004677979909466527,0.0011544289291087798,True,True,True,0.004677979909466527,-0.0002859829246443402,0.012640288801375008,0.12422981072531286
2024-08-16,0.0018977413702431021,0.027013142117550806,2024-08-19 00:00:00,-0.00658105456694941,0.0030823204612569453,True,False,False,-0.00658105456694941,-0.00029240074399520177,0.0195589298215912,0.12355480160168208
2024-08-19,0.007742137070894954,-0.01225094360579675,2024-08-20 00:00:00,0.0023683335087045982,-0.001624527290931726,False,True,False,-0.0023683335087045982,-0.00033335280948096883,0.020068827975354323,0.11807662699579327
2024-08-20,-0.003019593615212121,0.012898299657867889,2024-08-21 00:00:00,0.007318601748519471,0.0010923718847399753,True,True,True,0.007318601748519471,-0.0003317458831167463,0.022680015410438806,0.11572084981546511
2024-08-21,0.005385766370228685,-0.007076993036235428,2024-08-22 00:00:00,0.001093761494869688,-0.001030221607117885,False,True,False,-0.001093761494869688,-0.00027489624668737285,0.016611784489257833,0.11937168036717849
2024-08-22,-0.003519423805225963,0.0020295581302873333,2024-08-23 00:00:00,0.007242250082393007,-7.631105751902537e-05,False,True,False,-0.007242250082393007,-0.00025889128565957675,0.016437748394788454,0.11846501342213134
2024-08-23,0.01077513061645777,0.007537065166488529,2024-08-26 00:00:00,-0.002931217186388015,0.0008246799712749505,True,False,False,-0.002931217186388015,-0.00026608954706009395,0.0164597414248273,0.12118956575175312
2024-08-26,0.0008905170004844607,-0.006271235371856463,2024-08-27 00:00:00,0.00906866594473713,-0.0010481716852389828,False,True,False,-0.00906866594473713,-0.0003075122909395405,0.01633213992923531,0.12042339312440062
2024-08-27,-0.0003342842721145913,0.009872808703893654,2024-08-28 00:00:00,0.000892265432026715,0.0008983372262326413,True,True,True,0.000892265432026715,-0.00026865659148523767,0.016922869557189718,0.11877581162769035
2024-08-28,-0.00412393236818722,-0.0004056098169873793,2024-08-29 00:00:00,0.003878392921483568,-0.00037191296967976347,False,True,False,-0.003878392921483568,-0.00025800681487979447,0.01589580893992784,0.11921041298560417
2024-08-29,0.0021124805214959904,0.0009704254635632306,2024-08-30 00:00:00,0.0032494513377965993,-0.0001386852885544221,False,True,False,-0.0032494513377965993,-0.0002913520111535089,0.017231512361092147,0.11980877743402976
2024-08-30,0.00927591457108955,0.007063971680003702,2024-09-03 00:00:00,0.005257600601792687,0.0007844596166430886,True,True,True,0.005257600601792687,-0.00022960704207104153,0.0149764079185227,0.12388877219842788
2024-09-03,-0.013559087984108896,0.00550569074139317,2024-09-04 00:00:00,-0.010052270321245012,0.00022649344807675476,True,False,False,-0.010052270321245012,-0.00021135134774353796,0.018073322781549536,0.12403576620210233
2024-09-04,-0.000616828012916858,-0.03245217112625389,2024-09-05 00:00:00,0.003689848179031684,-0.004222022494630103,False,True,False,-0.003689848179031684,-0.00024678644444429515,0.028029633181549343,0.12196245890142171
2024-09-05,-0.004388441123433486,-0.00452038400597865,2024-09-06 00:00:00,-0.010910717695975729,-0.0008664730811779138,False,False,True,0.010910717695975729,-0.0002115366738145484,0.02958002304112775,0.11616849743805824
2024-09-06,-0.01246427740271056,-0.009039477514721457,2024-09-09 00:00:00,0.021540233604225606,-0.0017059162677015398,False,True,False,-0.021540233604225606,-0.0002465659050419502,0.03241730104441774,0.11674260244313533
2024-09-09,0.010833504667500589,-0.0027811287676237605,2024-09-10 00:00:00,-0.005032171540083142,-0.00038000171355290706,False,False,True,0.005032171540083142,-0.00015154880754344584,0.00849623858379496,0.11523988032997123
2024-09-10,0.002509639609999564,-0.0014042713118385772,2024-09-11 00:00:00,-0.014802049969501388,-0.0003323258033047572,False,False,True,0.014802049969501388,-0.00018101549379728797,0.004452342406708373,0.11570704535428342
2024-09-11,0.002424060040618257,-0.022709780930474495,2024-09-12 00:00:00,0.002933436552381985,-0.002877161543784446,False,True,False,-0.002933436552381985,-0.00026823537642375027,0.004051340683806484,0.11531361171824947
2024-09-12,0.0072920867896839195,0.022094244607949155,2024-09-13 00:00:00,-0.0060122553629263645,0.002236534669572992,True,False,False,-0.0060122553629263645,-0.00026217622689849146,0.0033895120901391573,0.11197460352391513
2024-09-13,0.007230515546685351,-0.007461330147997952,2024-09-17 00:00:00,-0.004997536428205525,-0.0010886348116332584,False,False,True,0.004997536428205525,-0.0003009888849575426,0.002587005849326335,0.10807071885232133
2024-09-17,8.165624285274362e-05,-0.005027926624494008,2024-09-18 00:00:00,-0.007716977443253346,-0.0009025230451547673,False,False,True,0.007716977443253346,-0.0003449448481292945,-0.004374351793477976,0.11082520599615511
2024-09-18,-0.0031021459762609464,0.002652157729710548,2024-09-19 00:00:00,0.006205643697818756,-6.152367657409115e-05,False,True,False,-0.006205643697818756,-0.0003710584980233492,-0.004272173025651416,0.11171353565015103
2024-09-19,0.010070359453452138,0.022080809714480284,2024-09-20 00:00:00,-0.005329776169956224,0.0020776260065035563,True,False,False,-0.005329776169956224,-0.00034251487076446003,-0.005701075486611709,0.11220389056044067
2024-09-20,0.00010986951419198679,0.00701971078847885,2024-09-24 00:00:00,-0.0040072701588851085,0.00037378474758237697,True,False,False,-0.0040072701588851085,-0.00039156232300759027,-0.010810426113844848,0.10919749117205575
2024-09-24,0.0017115857121239814,0.006542225326874096,2024-09-25 00:00:00,-0.0009191507029981753,0.0002353041975558232,True,False,False,-0.0009191507029981753,-0.00045175026488476874,-0.006498291371490585,0.10671855679401458
2024-09-25,-0.004730320982788239,-0.0015829609187084843,2024-09-26 00:00:00,0.009857739675152426,-0.0005905200610955684,False,True,False,-0.009857739675152426,-0.00045228477820927443,-0.006504545036284663,0.10676439750187279
2024-09-26,0.0021162354752132036,0.018676253609390632,2024-09-27 00:00:00,0.0129789246349662,0.0015461617979681643,True,True,True,0.0129789246349662,-0.0004259444867145,-0.008264946168843365,0.10653083314126267
2024-09-27,0.0030615418306412135,0.01915188841333814,2024-09-30 00:00:00,0.0064882619526169544,0.0017100998565638243,True,True,True,0.0064882619526169544,-0.00038481834091746205,-0.008629140435852542,0.1107638383278561
2024-09-30,0.003089948746166547,-0.029856888092084925,2024-10-01 00:00:00,0.0007227095112879248,-0.003732746085239122,False,True,False,-0.0007227095112879248,-0.00034903568456332864,-0.00859562802539239,0.11244140180591025
2024-10-01,-0.0017046074477215763,0.012798465714873145,2024-10-02 00:00:00,-0.003099830914613737,0.0010837966187109873,True,False,False,-0.003099830914613737,-0.0003184794174191543,-0.005866157737137251,0.10878464426747168
2024-10-02,-0.0011000878475727616,-0.01010693748021986,2024-10-03 00:00:00,-0.0074428465809639206,-0.0014273940862613347,False,False,True,0.0074428465809639206,-0.0003445231572738061,-0.005624831664267957,0.1077535841175839
2024-10-03,-0.003984180468470882,0.012019634073152567,2024-10-04 00:00:00,0.005156231507223461,0.0009624989137537103,True,True,True,0.005156231507223461,-0.0003691935475031969,-0.005355756923389042,0.10901780795937134
2024-10-04,0.006317132660603358,0.006649558926192064,2024-10-07 00:00:00,-0.006057853347982693,0.00030540807582857314,True,False,False,-0.006057853347982693,-0.00038113753709101693,-0.006792280219845813,0.1096995088295393
2024-10-07,-0.008605543544559436,0.013932458326449555,2024-10-08 00:00:00,-0.007564465967949169,0.0012015619950389413,True,False,False,-0.007564465967949169,-0.0004112697622662037,-0.011070443182049597,0.10892295823799325
2024-10-08,0.002580945351292395,-0.0144771863637604,2024-10-09 00:00:00,-0.008463412519251286,-0.0019750211567731487,False,False,True,0.008463412519251286,-0.00047168501841392144,0.001998887239538144,0.10419808926850371
2024-10-09,0.0052204098641609464,0.000548026244484683,2024-10-10 00:00:00,-0.004229511940825757,-0.00040321789772448436,False,False,True,0.004229511940825757,-0.00043849193034701416,-0.004487663868128752,0.10711435435349576
2024-10-10,-0.0028349665382135084,0.0030007378924929605,2024-10-11 00:00:00,-0.004246937304246934,-0.0001100824185846304,False,False,True,0.004246937304246934,-0.00044959438479541384,-0.006338226794374242,0.10715474555159887
2024-10-11,0.007828876905112499,-0.003430220398631344,2024-10-15 00:00:00,-0.008286867416258692,-0.0008200898063378477,False,False,True,0.008286867416258692,-0.0005058851806800079,0.006593372933770977,0.10664717954910317
2024-10-15,-0.004111388040606501,0.0012782144314707838,2024-10-16 00:00:00,0.002520788893053947,-0.00040308026969778775,False,True,False,-0.002520788893053947,-0.0005335317534310942,0.0017721376486248414,0.10775768593825283
2024-10-16,0.006568830260365144,-0.006310746727684025,2024-10-17 00:00:00,-0.0030562027738773425,-0.001185099626657222,False,False,True,0.0030562027738773425,-0.0005112759724211633,0.0010934923766315746,0.10791220903569311
2024-10-17,-0.0020055523808718253,-0.00039133216299911663,2024-10-18 00:00:00,-0.00557450247798396,-0.0005927174287432567,False,False,True,0.00557450247798396,-0.0005392589031459344,0.005569301864497389,0.10806420473872758
2024-10-18,0.003510708298426984,-0.001097546946649391,2024-10-21 00:00:00,-0.0064328953232459535,-0.0006388493984883475,False,False,True,0.0064328953232459535,-0.0005419463888075585,0.006151487755066423,0.10796721648393141
2024-10-21,-0.006710835112305343,-0.004849441839687183,2024-10-22 00:00:00,-0.009835480458431137,-0.0010990616409835155,False,False,True,0.009835480458431137,-0.0005192553900354329,0.008788148235041385,0.1074000791055614
2024-10-22,-0.0020254232393999354,-0.011096494057176321,2024-10-23 00:00:00,-0.004623610561749138,-0.0017266505193701748,False,False,True,0.004623610561749138,-0.0005253775816330549,0.012142095448811965,0.1060407052332986
2024-10-23,-0.0033250001036523816,-0.0025086812058503624,2024-10-24 00:00:00,0.00513347973414656,-0.0006920348834414898,False,True,False,-0.00513347973414656,-0.0004422537525885551,-0.005331942959548093,0.10663365322076603
2024-10-24,0.0006743381519686211,-0.00308510132460844,2024-10-25 00:00:00,-0.005164100993127611,-0.0006937471149629695,False,False,True,0.005164100993127611,-0.0003679712361213594,-0.01462728288166331,0.10239927661856046
2024-10-25,-0.004181535457982782,-0.007243043330464771,2024-10-28 00:00:00,0.016937121171863495,-0.0011589029272767136,False,True,False,-0.016937121171863495,-0.0004456960850370957,-0.0241639985230473,0.11241813996135999
2024-10-28,0.003646438358669543,0.013754085320452655,2024-10-29 00:00:00,0.004997342280077428,0.001018280318269575,True,True,True,0.004997342280077428,-0.0003752656729568764,-0.029852608462910428,0.10923312258342936
2024-10-29,-0.004955330762395859,0.008363470676858243,2024-10-30 00:00:00,0.006988412626588878,0.0007099913421839894,True,True,True,0.006988412626588878,-0.0003837969824823912,-0.03457419188795888,0.11029652684398787
2024-10-30,-0.0002731105884979228,0.011057876161460438,2024-10-31 00:00:00,0.002723452327693195,0.0009326207711495445,True,True,True,0.002723452327693195,-0.0003383478766292801,-0.036474338555827934,0.11403700867131306
2024-10-31,-0.009634182801003961,-0.0007482658135536488,2024-11-01 00:00:00,0.0032842000274335113,-6.891859052937249e-05,False,True,False,-0.0032842000274335113,-0.0003657999651324537,-0.0397782747303379,0.11539989411979133
2024-11-01,-0.00029680144197095286,-0.014033635599971813,2024-11-05 00:00:00,0.001658458581756264,-0.0019541515990771354,False,True,False,-0.001658458581756264,-0.0003109430344493045,-0.05132157642064402,0.11817613979637831
2024-11-05,0.010860006878067622,0.004695229647630968,2024-11-06 00:00:00,0.006528112759373666,-0.0002783351447332383,False,True,False,-0.006528112759373666,-0.00026507724646297867,-0.05086081516469814,0.11481672776420908
2024-11-06,0.01675436488334088,0.013551239230072717,2024-11-07 00:00:00,-0.00040689107254211684,0.0005774674117602343,True,False,False,-0.00040689107254211684,-0.00023870400979669344,-0.04373834942947212,0.11430539015619283
2024-11-07,0.004149212125372822,0.010754768024964197,2024-11-08 00:00:00,-0.006075257043196121,0.000802426034957726,True,False,False,-0.006075257043196121,-0.00023956460672048605,-0.04498566181212369,0.1142419522471371
2024-11-08,0.0073796348397309605,-0.004847679900090894,2024-11-11 00:00:00,2.0774313091018346e-05,-0.0011724788081310172,False,True,False,-2.0774313091018346e-05,-0.00024891064854952607,-0.05051703874255712,0.11361535246305167
2024-11-11,0.002577430800784501,-0.002402888862449711,2024-11-12 00:00:00,-0.004188378091929453,-0.0006574259971873619,False,False,True,0.004188378091929453,-0.00026616416426733096,-0.04558351722781549,0.1139351369458928
2024-11-12,-0.007122748216608612,0.0016158046828674572,2024-11-13 00:00:00,-0.0051074462746276235,0.0002872891325245136,True,False,False,-0.0051074462746276235,-0.00025906259306091543,-0.050709525613454196,0.11459339388009308
2024-11-13,0.0022561464679628444,-0.005647060544286229,2024-11-14 00:00:00,-0.006312792314716827,-0.0010404981522827636,False,False,True,0.006312792314716827,-0.00029180420727829517,-0.04582800130737786,0.11427170944252649
2024-11-14,-0.006659537399305491,-0.0064200006962328434,2024-11-15 00:00:00,-0.0006789568605114808,-0.0007384586615436191,False,False,True,0.0006789568605114808,-0.00032014493136723373,-0.048327129160166425,0.11528815793647641
2024-11-15,-0.006700663738139641,0.0047015626435173855,2024-11-18 00:00:00,0.0008136888813545795,0.0006406475801759216,True,True,True,0.0008136888813545795,-0.00028701148233332784,-0.056394405664186464,0.11693540108400885
2024-11-18,0.006392929923672181,-0.00578312255388657,2024-11-19 00:00:00,0.003585200419707838,-0.0013473816967417458,False,True,False,-0.003585200419707838,-0.00031858779644208335,-0.05372173398942198,0.11850944072878666
2024-11-19,0.0004699419125855667,0.00559938706156452,2024-11-20 00:00:00,-0.004458993495784661,0.00037841661123987964,True,False,False,-0.004458993495784661,-0.00026696077705098097,-0.05871291921700891,0.12018619938967925
2024-11-20,0.0020978345434662167,-0.006713429970544471,2024-11-21 00:00:00,-0.005801751144331947,-0.0012567588712923728,False,False,True,0.005801751144331947,-0.00030524901344311067,-0.06424040691833052,0.12165824574221676
2024-11-21,0.008898935532548795,-0.004931646037025979,2024-11-22 00:00:00,0.003371212903922328,-0.0015423661492586544,False,True,False,-0.003371212903922328,-0.0003401513674560719,-0.06770766187989846,0.1216001025157507
2024-11-22,0.005207659238920223,0.0058893282704611805,2024-11-25 00:00:00,-0.0012643565192227424,0.0001452668717060241,True,False,False,-0.0012643565192227424,-0.00028355916943602246,-0.06047108935134795,0.12628585708500903
2024-11-25,0.004355616918076843,0.007657218693346346,2024-11-26 00:00:00,-0.010591003183774431,0.0004185518413863708,True,False,False,-0.010591003183774431,-0.0002870268451257641,-0.05959774647437997,0.1260462418520013
2024-11-26,0.0033635638937780906,-0.014144426835240146,2024-11-27 00:00:00,-0.009060370175053253,-0.0023246428166953294,False,False,True,0.009060370175053253,-0.0002802509943202989,-0.06760951965529939,0.12845927971148763
2024-11-27,-0.0005601071718639741,-0.007340145637828503,2024-11-29 00:00:00,0.00021856594823189233,-0.001111790058683148,False,True,False,-0.00021856594823189233,-0.00022601904981779127,-0.07456738989292326,0.126364895806885
2024-11-29,0.004137149017935785,0.0012153603956912367,2024-12-02 00:00:00,0.010636546445156977,-0.000422231256944442,False,True,False,-0.010636546445156977,-0.0002742085459585716,-0.0743094011960927,0.1311597413911767
2024-12-02,-0.003780398919055784,0.010331557439945679,2024-12-03 00:00:00,0.0071640298552367145,0.0012838255381821828,True,True,True,0.0071640298552367145,-0.0002728321843062962,-0.06217544527983311,0.12791970078498974
2024-12-03,-0.0025496471365081316,0.011274033492207694,2024-12-04 00:00:00,-0.007442241656187108,0.0013779917238594893,True,False,False,-0.007442241656187108,-0.00023314965695836183,-0.06037582442386874,0.12925314919175968
2024-12-04,-0.0008704705314871341,-0.004916929812270308,2024-12-05 00:00:00,-0.009042432418832532,-0.0008425979514797598,False,False,True,0.009042432418832532,-0.0002680457314906724,-0.0563622180873221,0.1268299312239744
2024-12-05,-0.002194394312799179,-0.003518269790320334,2024-12-06 00:00:00,-0.003589145647815879,-0.0006344081998105964,False,False,True,0.003589145647815879,-0.00029884101138124544,-0.05142432691781784,0.12745254505241022
2024-12-06,-0.0012589412078135576,-0.0026682236683803827,2024-12-09 00:00:00,-0.002600432205808183,-0.0005762044604113231,False,False,True,0.002600432205808183,-0.00029751381566444924,-0.05037186229717945,0.12821483519586724
2024-12-09,-0.005854069530487696,-0.0003565471788273691,2024-12-10 00:00:00,-0.0047031779891677965,-0.00012063615897720984,False,False,True,0.0047031779891677965,-0.00035399160274031193,-0.04772475118631893,0.12909530839148764
2024-12-10,-0.00355244798653296,0.001157345273379178,2024-12-11 00:00:00,-4.2548842585300644e-05,-4.3534700823320485e-05,False,False,True,4.2548842585300644e-05,-0.00034781055231974424,-0.043295573053579235,0.1300135608945
2024-12-11,0.0014727787274788325,0.0013037702281675353,2024-12-12 00:00:00,0.0015958323274679804,-0.00024341356246070404,False,True,False,-0.0015958323274679804,-0.00034900309823344446,-0.04344547667037597,0.13006518016321625
2024-12-12,-0.004010823569049319,0.009736937501628296,2024-12-13 00:00:00,-0.003153841519780265,0.001066338286047374,True,False,False,-0.003153841519780265,-0.0003757965042776464,-0.04238780602007336,0.1306493729354516
2024-12-13,-0.002447347589846226,-0.009881067030264968,2024-12-16 00:00:00,-0.004423865709006312,-0.0015719406167313743,False,False,True,0.004423865709006312,-0.00038708126102280266,-0.0393369995819753,0.12965509321040872
2024-12-16,-0.0031488444765045724,-0.0026885470807384146,2024-12-17 00:00:00,-0.005852617183304928,-0.0006038926404485297,False,False,True,0.005852617183304928,-0.00037147247069500394,-0.03791851917526921,0.13085866784195463
2024-12-17,-0.00460722248684663,-0.005997665693334499,2024-12-18 00:00:00,0.00013150461061017804,-0.0009892426718945966,False,True,False,-0.00013150461061017804,-0.000375745960703267,-0.03701624203328032,0.13072398729008136
2024-12-18,-0.028504901177592645,-3.293786650296174e-06,2024-12-19 00:00:00,0.002272196324549721,0.0007005971738993045,True,True,True,0.002272196324549721,-0.00035969363783900634,-0.037211860155331296,0.13042272296731827
2024-12-19,-0.0043200837167557,-0.008673768061201388,2024-12-20 00:00:00,-0.007787140434130378,-0.001346284431528379,False,False,True,0.007787140434130378,-0.00038096929483958,-0.04106897882186607,0.13174626705462641
2024-12-20,0.011095486360209255,0.00029470798960437746,2024-12-23 00:00:00,0.004561181861253975,-0.0007774525903849351,False,True,False,-0.004561181861253975,-0.0004004994240000532,-0.037498161927998534,0.13269805773722682
2024-12-23,0.0035498612435286496,0.009514973823414727,2024-12-24 00:00:00,0.0004929552823973514,0.000791209026511488,True,True,True,0.0004929552823973514,-0.00036589508794227215,-0.02871337426359738,0.13232118472304916
2024-12-24,0.00902341745559232,0.0020465252911099027,2024-12-26 00:00:00,0.0056586019357782085,-0.0003545694602264997,False,True,False,-0.0056586019357782085,-0.00036245714512085354,-0.029090912774632202,0.1321201043537767
2024-12-26,6.954624874450592e-05,0.009555390189728266,2024-12-27 00:00:00,0.007614840646841161,0.0008598353264532737,True,True,True,0.007614840646841161,-0.00040975350788318565,-0.016034296255736498,0.13298294829009383
2024-12-27,-0.007226875997770862,0.017283064023370372,2024-12-30 00:00:00,-0.0063926950186784185,0.0021236989791269655,True,False,False,-0.0063926950186784185,-0.00036458495048103794,-0.018797670943601276,0.13611217834237635
2024-12-30,-0.009584922595786128,-0.0035265124330138417,2025-01-06 00:00:00,-0.010129385195579899,-0.0007583669152816239,False,False,True,0.010129385195579899,-0.00036708883971779747,-0.00709221397879875,0.13022962666570648
2025-01-06,-0.0009567826806947071,-0.006958254734501166,2025-01-07 00:00:00,-0.0024361618362868883,-0.0013519630346819568,False,False,True,0.0024361618362868883,-0.0004316442585256511,-0.0005978248450831808,0.1323450778609916
2025-01-07,-0.004805248249303547,0.0036608158324456684,2025-01-08 00:00:00,-0.0012967083800616318,8.360827311036667e-05,True,False,False,-0.0012967083800616318,-0.0004015788584577583,0.001980867193270716,0.13513536676610022
2025-01-08,0.0019343772374026504,-0.004189415346996866,2025-01-10 00:00:00,-0.004283016372383891,-0.0009529732878346261,False,False,True,0.004283016372383891,-0.0003943086848707089,0.0031865113595158923,0.1348227547811368
2025-01-10,-0.012444850109043039,-0.006654098273438495,2025-01-14 00:00:00,-0.004322565495733014,-0.0015806877469300325,False,False,True,0.004322565495733014,-0.00035736780453746555,0.028040233846508555,0.1314022425308165
2025-01-14,0.005125923249594943,-0.010733001756342907,2025-01-15 00:00:00,-0.00603089065506579,-0.0016855318145047808,False,False,True,0.00603089065506579,-0.00038947153584429847,0.027069445021203564,0.13368265549759786
2025-01-15,0.012498410676114458,-0.0001936213362576198,2025-01-16 00:00:00,-0.0029214944477203397,-0.00012754185646002487,False,False,True,0.0029214944477203397,-0.00040256792646035754,0.02409835624814824,0.1351353291639269
2025-01-16,0.00678529489275349,0.002889851422377612,2025-01-17 00:00:00,0.002104982115377535,9.246789226595036e-05,True,True,True,0.002104982115377535,-0.00043110336433496,0.0189860299842433,0.13659714172792475
2025-01-17,0.006106707495688767,-0.0039890167983394195,2025-01-21 00:00:00,-0.0036407388229935194,-0.0008698852720780443,False,False,True,0.0036407388229935194,-0.00043595042857644516,0.018128745675530966,0.13653534646244841
2025-01-21,0.010554602030873994,6.840752235585047e-05,2025-01-22 00:00:00,0.0007673754558648963,-0.0002794028188869243,False,True,False,-0.0007673754558648963,-0.0004401097318777825,0.014335502836598249,0.13743204423035735
2025-01-22,-0.004612869967909247,0.005030198542542366,2025-01-23 00:00:00,0.0031340480109708162,0.0001936317305376331,True,True,True,0.0031340480109708162,-0.0004520577718865193,0.011328721260636318,0.13875146569252506
2025-01-23,0.006014721303210276,0.004345557561360758,2025-01-24 00:00:00,0.00061133203541363,0.00022799437111492148,True,True,True,0.00061133203541363,-0.0004365805729895599,0.009865020807696842,0.13927777615406645
2025-01-24,-0.00010510958634850228,0.0023754641648742517,2025-01-27 00:00:00,-0.0022494914871791162,-0.0001353264511935368,False,False,True,0.0022494914871791162,-0.0004672632852873677,0.0061563702097896245,0.14000797508877424
2025-01-27,-0.001282993015442859,0.004644281169503668,2025-01-28 00:00:00,0.003730659813498875,0.000156170335956759,True,True,True,0.003730659813498875,-0.00048330020488418024,0.006312915011519357,0.13943384198183859
2025-01-28,-0.0033576909524247038,-2.6221443319201083e-05,2025-01-29 00:00:00,0.0009978247863141152,-0.0004942800883928009,False,True,False,-0.0009978247863141152,-0.00047190341261255537,0.005572216460821372,0.13984336941927572
2025-01-29,-0.0021126989603980476,0.002162209073283559,2025-01-30 00:00:00,0.003415351155321074,-0.00024346096629804514,False,True,False,-0.003415351155321074,-0.0005239447868300222,0.009948026485708972,0.13944118978674122
2025-01-30,0.009400649904682328,0.0027521581782168412,2025-01-31 00:00:00,0.0036335657103380094,-4.113081163576457e-05,False,True,False,-0.0036335657103380094,-0.0005229549571801043,0.010720637184906276,0.13845250306826462
2025-01-31,-0.006812391468812992,0.006117811804981636,2025-02-03 00:00:00,-0.0013256497711509117,0.0002663457314795336,True,False,False,-0.0013256497711509117,-0.000492521320618288,0.01356518077175975,0.1391475254546211
2025-02-03,-0.0017939309844936626,-0.022138371345051516,2025-02-04 00:00:00,-0.009067536053351422,-0.0036157369795909917,False,False,True,0.009067536053351422,-0.0005374981717733037,0.019891429604361438,0.13743354958243742
2025-02-04,0.0033668636553159507,0.0014308367773062918,2025-02-05 00:00:00,-0.0028418781426146197,-0.000301119321740551,False,False,True,0.0028418781426146197,-0.0005671949040327854,0.01965808514467078,0.13970111270263122
2025-02-05,0.004281574834178509,0.00032221110437284406,2025-02-06 00:00:00,0.00021001450306564815,-0.0004479864107364619,False,True,False,-0.00021001450306564815,-0.0005713870027831227,0.01827232671354502,0.14017598156950845
2025-02-06,0.0005655028356815144,0.002188988608625525,2025-02-07 00:00:00,-0.002485236200871971,-0.00028402267489732323,False,False,True,0.002485236200871971,-0.000599965076615554,0.017773406386871582,0.13974101500638025
2025-02-07,-0.00571896652943355,-0.0023639325976999516,2025-02-10 00:00:00,-0.00035365014344875234,-0.0009754275556916104,False,False,True,0.00035365014344875234,-0.0005759071540659308,0.011773131684250704,0.14052441930876083
2025-02-10,0.006204498237241118,0.000831855892296716,2025-02-12 00:00:00,-0.00634477110301351,-0.00038548679049336086,False,False,True,0.00634477110301351,-0.0005667063091459852,0.010368426000207764,0.1405154893940177
2025-02-12,-0.004974234221712645,-0.003990848636936008,2025-02-13 00:00:00,0.008216278797464867,-0.0011741370020590866,False,True,False,-0.008216278797464867,-0.0005719541708444391,0.008501345466769103,0.14029475898467172
2025-02-13,0.008916019381684041,0.01206785318931682,2025-02-14 00:00:00,-0.00567431682352067,0.0011280588194682519,True,False,False,-0.00567431682352067,-0.0005580199084624332,-0.00047012688736122743,0.1400638839281353
2025-02-14,-0.0018078054862650037,-0.005086702235812744,2025-02-18 00:00:00,0.003557536263004336,-0.0012658160791567574,False,True,False,-0.003557536263004336,-0.0005603644862848015,-0.005212193363321488,0.14053785566542434
2025-02-18,0.005238337412589914,0.0040593649846803635,2025-02-19 00:00:00,-0.004028028889882596,1.5083102232726561e-05,True,False,False,-0.004028028889882596,-0.0005246420495543934,-0.0052642105152948745,0.1397511346769938
2025-02-19,0.0023974679106365322,-0.004755975256455808,2025-02-20 00:00:00,-0.004465437462889723,-0.0012349316065608821,False,False,True,0.004465437462889723,-0.0005561772739444134,-0.005531495693446423,0.1399277147815814
2025-02-20,-0.0021046805991068148,-0.007571387347185719,2025-02-21 00:00:00,0.0025310980619871926,-0.0016035530700925478,False,True,False,-0.0025310980619871926,-0.0005473258527113392,-0.0016464179171373078,0.1399601357898188
2025-02-21,-0.012923055356897912,8.749658011250768e-06,2025-02-25 00:00:00,0.007012537233504583,-0.0005164189045077753,False,True,False,-0.007012537233504583,-0.0005806502011027596,-0.004873793217186187,0.14251951900409246
2025-02-25,-0.0005775505979078923,-0.00018563512171545897,2025-02-26 00:00:00,-0.0012187958279663309,-0.0005515047819915291,False,False,True,0.0012187958279663309,-0.0005321080566126132,-0.012823812625769274,0.14438607188499253
2025-02-26,-0.002705743266270135,-0.0021418823005674697,2025-02-27 00:00:00,0.0062751622964298094,-0.0008533785000573547,False,True,False,-0.0062751622964298094,-0.0005797696951570566,-0.013369553737881325,0.14463137625140898
2025-02-27,-0.00743257388078625,0.006540016906080644,2025-02-28 00:00:00,-0.002217988411404016,0.0004990951476966725,True,False,False,-0.002217988411404016,-0.0005529838657035212,-0.014575555332483982,0.14430316237570615
2025-02-28,0.013596251897646601,-0.011934524775671643,2025-03-03 00:00:00,0.0030731731140149323,-0.0023825086390448173,False,True,False,-0.0030731731140149323,-0.0005555195674884618,-0.0088403887374649,0.1430130609714714
2025-03-03,-0.010625863850939131,0.015062659740123238,2025-03-04 00:00:00,-0.0061753636027857195,0.0015946036044539916,True,False,False,-0.0061753636027857195,-0.0005413468815028583,-0.0015615457414740186,0.14070275436584967
2025-03-04,-0.014391334064984263,-0.006519614429520126,2025-03-05 00:00:00,0.008871317773997673,-0.0014535772049720616,False,True,False,-0.008871317773997673,-0.0005438170064459417,9.108677298200196e-05,0.1393409607528126
2025-03-05,0.008335942982873617,0.005345395093078128,2025-03-06 00:00:00,0.0033708937650133164,8.510530110287964e-05,True,True,True,0.0033708937650133164,-0.0005231030899088726,-0.017550279098886207,0.14115074821889473
2025-03-06,-0.013405744002764074,0.007477348876128877,2025-03-07 00:00:00,0.0007208863865530532,0.0007472106541997703,True,True,True,0.0007208863865530532,-0.0005029184738630476,-0.014445830270007953,0.14128965266398813
2025-03-07,0.00662904105816444,-0.009681268574397647,2025-03-10 00:00:00,-0.0026012423997192288,-0.001966772279653196,False,False,True,0.0026012423997192288,-0.0005034615476969737,-0.014416338484000812,0.14127737720802602
2025-03-10,-0.015107231839580708,9.73736462583396e-05,2025-03-11 00:00:00,-0.001226480231809451,-0.00028948590710232703,False,False,True,0.001226480231809451,-0.0005359542300317071,-0.015399412515886404,0.14198736916826873
2025-03-11,-0.010311981491908232,-0.012232243305001297,2025-03-12 00:00:00,0.014587481951333244,-0.002023706654518938,False,True,False,-0.014587481951333244,-0.0005051714095813981,-0.025866976960471612,0.14594829321908673
2025-03-12,-0.0009651731940676468,0.011420692082371776,2025-03-13 00:00:00,-0.001031765345166645,0.001236583775633936,True,False,False,-0.001031765345166645,-0.0004211078920826582,-0.03690686823452989,0.14202905884516048
2025-03-13,-0.010432306253549396,0.0026611368834147907,2025-03-14 00:00:00,0.007756945000088435,0.00039869034654727557,True,True,True,0.007756945000088435,-0.0004615356402395281,-0.046171108171207516,0.1422530530610081
2025-03-14,0.018441798975915278,0.006317252978097304,2025-03-17 00:00:00,0.005692586406169777,-0.0005386940620393007,False,True,False,-0.005692586406169777,-0.0004019856116431153,-0.05760447110305874,0.14652280492954597
2025-03-17,0.01080080408817461,0.011784645008311707,2025-03-18 00:00:00,-0.0020359660206343963,0.0008264736102190976,True,False,False,-0.0020359660206343963,-0.00037362306113305257,-0.048267220564440654,0.14607325577777425
2025-03-18,-0.0073030474229395645,0.010024702542736796,2025-03-19 00:00:00,0.006280330627571005,0.0014525430256375326,True,True,True,0.006280330627571005,-0.0004040033476376968,-0.053100839563901214,0.14651291821185322
2025-03-19,0.008493322382735903,0.009655737333881214,2025-03-21 00:00:00,0.002098242366185956,0.0005917912936830589,True,True,True,0.002098242366185956,-0.00037456656974030686,-0.054939780236371416,0.14840701223088587
2025-03-21,-0.002824939044169361,0.0007103426622232054,2025-03-24 00:00:00,-0.005445962714654773,-8.804229517157946e-05,False,False,True,0.005445962714654773,-0.00035275965630498693,-0.05618638080206374,0.14921567560556295
2025-03-24,0.014466172355544725,-0.002938502688878258,2025-03-25 00:00:00,-0.0025688444916787513,-0.001616594952950607,False,False,True,0.0025688444916787513,-0.0003813992118228209,-0.055108938406293405,0.14904881369308587
2025-03-25,-0.0013548845970618804,0.0025892036927508736,2025-03-26 00:00:00,-0.0018301595185816102,7.738641655390561e-05,True,False,False,-0.0018301595185816102,-0.00038541026215598023,-0.056331355997338795,0.14926372661197485
2025-03-26,-0.002013239297632792,0.0023058802034511467,2025-03-27 00:00:00,0.004525757734821327,3.185648618059711e-05,True,True,True,0.004525757734821327,-0.0004324034060396011,-0.059081747553866464,0.1497537451230606
2025-03-27,-0.0018349724154049785,-0.0011335357762754614,2025-03-28 00:00:00,-0.00754772532934551,-0.0004397628789359165,False,False,True,0.00754772532934551,-0.00036950221563878435,-0.05568713575261393,0.15213019730414318
2025-03-28,-0.013549300175736816,-0.005916259901177455,2025-03-31 00:00:00,-0.013783104800535188,-0.0005924497506571709,False,False,True,0.013783104800535188,-0.0004309352520116551,-0.05477553237894855,0.1527459314209353
2025-03-31,0.009002307958806249,-0.030605766832738968,2025-04-01 00:00:00,-0.008192051170907025,-0.0054591113604500075,False,False,True,0.008192051170907025,-0.0005181314352833891,-0.035002562370236086,0.15114393652160132
2025-04-01,0.0017138842007265503,0.0016623997513269817,2025-04-02 00:00:00,-0.015029890959341426,-0.00028565775334761295,False,False,True,0.015029890959341426,-0.00048419301440300435,-0.03382283714418263,0.1542972363030032
2025-04-02,0.006400082205794991,-0.010400181410001567,2025-04-03 00:00:00,0.00939370403710364,-0.0023762839747805005,False,True,False,-0.00939370403710364,-0.0005447780261939564,-0.03581084472069061,0.15406592782836115
2025-04-03,-0.03989728789711264,-0.02293697211826342,2025-04-04 00:00:00,-0.005795125696159064,-0.002696856376295206,False,False,True,0.005795125696159064,-0.00044724357341306464,-0.031123891525929023,0.15221589168653404
2025-04-04,-0.05966803896147006,-0.025955622695045397,2025-04-07 00:00:00,-0.0006729973787179086,-0.0030690979081460655,False,False,True,0.0006729973787179086,-0.0004856219022606291,-0.024477632581487295,0.15580471283449962
2025-04-07,-0.008286478688117625,-0.07306201585430268,2025-04-08 00:00:00,0.014040803697940866,-0.011496071665551591,False,True,False,-0.014040803697940866,-0.0004403421537620065,-0.03006103568222287,0.15472923257218502
2025-04-08,-0.016314686385257803,0.05335090279290541,2025-04-09 00:00:00,-0.015112389895615468,0.006390148875011855,True,False,False,-0.015112389895615468,-0.0003866527931066585,-0.02555380675275072,0.1192088416888728
2025-04-09,0.07632579031060369,-0.03403889598005152,2025-04-10 00:00:00,-0.005532678772416229,-0.003054653046623171,False,False,True,0.005532678772416229,-0.0005013327161828095,0.007759597617896817,0.09241127423645228
2025-04-10,-0.02975066084210393,0.07285102115560053,2025-04-11 00:00:00,0.015876083711466153,0.006262148709905514,True,True,True,0.015876083711466153,-0.0005404365596811203,0.0005417623965821156,0.09359790639503145
2025-04-11,0.01644698196027021,-0.020198482913810406,2025-04-14 00:00:00,-0.0015266739651771648,-0.002861326688012333,False,False,True,0.0015266739651771648,-0.0005441122274210498,-0.014547630841407921,0.10287653025451778
2025-04-14,0.011301396805746529,0.0066809098712562005,2025-04-15 00:00:00,-0.00250965853605567,-2.3601956288300113e-05,False,False,True,0.00250965853605567,-0.0005472043705569122,-0.01401158057416485,0.10207484599469868
2025-04-15,-0.002367030728195148,0.005154024492284611,2025-04-16 00:00:00,-0.006956031598336641,7.793879725137218e-06,True,False,False,-0.006956031598336641,-0.0005537785973164587,-0.015022199067144998,0.10205897760711537
2025-04-16,-0.013243143790943409,-0.0057848953911309306,2025-04-17 00:00:00,0.012708528418565727,-0.0009244782849449616,False,True,False,-0.012708528418565727,-0.0005435911947262473,-0.01601276096776108,0.10249906802357252
2025-04-17,0.007852383932588802,0.011802135555353047,2025-04-21 00:00:00,-0.008860117262018467,0.0005220156338269481,True,False,False,-0.008860117262018467,-0.0005026955349896248,-0.022992489713538525,0.10212194394485773
2025-04-21,-0.021432569590909646,-0.010655536420472926,2025-04-22 00:00:00,0.006685645119220214,-0.0010686775993046771,False,True,False,-0.006685645119220214,-0.0005472829238574571,-0.02558178879647699,0.10038707596479599
2025-04-22,0.023833531147207723,0.00589876346523744,2025-04-23 00:00:00,-0.003261033033827122,-0.0005700346262924046,False,False,True,0.003261033033827122,-0.00048809645202918186,-0.028160701999444503,0.0998905613761637
2025-04-23,0.008714158676094062,0.015169797667758304,2025-04-24 00:00:00,-0.010029626012798868,0.0007984632382785955,True,False,False,-0.010029626012798868,-0.00044641370984550057,-0.029251202708102927,0.0988659574001243
2025-04-24,0.014209317491871841,-0.0004915092899952414,2025-04-25 00:00:00,0.0026390875866878884,-0.000988336877478264,False,True,False,-0.0026390875866878884,-0.0004693708795181606,-0.03323624098903931,0.09501691719994025
2025-04-25,0.0020577030740889135,0.01118500856267235,2025-04-28 00:00:00,0.0031283770000014068,0.0005224982528892272,True,True,True,0.0031283770000014068,-0.00048087310972440425,-0.0300255868087356,0.0952306025447334
2025-04-28,0.0028000309231961296,0.009706649287883347,2025-04-30 00:00:00,-0.001579590558491642,0.00036849182392294396,True,False,False,-0.001579590558491642,-0.0004763289188325801,-0.02994591355945106,0.09567361498314246
2025-04-30,-0.0001792873400455853,0.0036714187665436177,2025-05-01 00:00:00,0.0006190608459907657,-0.00013352528676806763,False,True,False,-0.0006190608459907657,-0.00048826894330052047,-0.02971558884819056,0.09517193484820667
2025-05-01,0.00016935948556770245,0.001990504158774736,2025-05-02 00:00:00,-0.0033944991282851425,-0.00031320316302145025,False,False,True,0.0033944991282851425,-0.0004982924860109372,-0.030808838579245962,0.09560748275921759
2025-05-02,0.014300363137756329,0.0033480419437353,2025-05-07 00:00:00,-0.0010442283456141615,-0.000657265613869911,False,False,True,0.0010442283456141615,-0.0005317227740606009,-0.031001889370096077,0.0949197893814489
2025-05-07,0.0030216349370923283,0.004847424938789169,2025-05-08 00:00:00,-0.0003956098664892392,-0.0001638645695952952,False,False,True,0.0003956098664892392,-0.0005303028894120661,-0.03114538033431278,0.09500885418124666
2025-05-08,0.004471353141712209,-0.0013497543636163563,2025-05-09 00:00:00,0.002184620077896836,-0.0008207200031797233,False,True,False,-0.002184620077896836,-0.0005804933943236584,-0.024995988148343248,0.09517340501466377
2025-05-09,0.0002777447980184432,0.009792093495210015,2025-05-12 00:00:00,-0.0026522538191021813,0.000354858102337657,True,False,False,-0.0026522538191021813,-0.0005692743964071329,-0.024502590419233937,0.09507037144070309
2025-05-12,0.02167169969700098,0.0018505422134993269,2025-05-13 00:00:00,-0.009635843336174902,-0.0008689364017568471,False,False,True,0.009635843336174902,-0.0006177652255176095,-0.019590907686658856,0.0937006952193822
2025-05-13,0.0005877107922874062,0.004991365022416196,2025-05-14 00:00:00,-0.008672037489426458,-0.00013502863975959912,False,False,True,0.008672037489426458,-0.0005854108459194628,-0.032822924499933286,0.09409702376276066
2025-05-14,-0.004459422742230051,-0.0033925764691143225,2025-05-15 00:00:00,0.0010141783274279143,-0.0007110347362771809,False,True,False,-0.0010141783274279143,-0.0005662427725824102,-0.03518703915889791,0.08893118522114365
2025-05-15,0.009877782558596504,-0.006235566348131912,2025-05-16 00:00:00,-0.00011302187703591194,-0.0015377187427199597,False,False,True,0.00011302187703591194,-0.0006164924731445988,-0.03522563818422933,0.09193632832974256
2025-05-16,0.009376766781947887,0.0024894660766610066,2025-05-19 00:00:00,0.002186160690115869,-0.0006837546700660355,False,True,False,-0.002186160690115869,-0.0005858999483534346,-0.03500712835809247,0.09254954657424729
2025-05-19,0.0008788047176272664,-9.479184649408001e-05,2025-05-20 00:00:00,-0.010017122532695474,-0.000644455125618273,False,False,True,0.010017122532695474,-0.0006051462241678807,-0.03454365530978617,0.09443612010048809
2025-05-20,-0.0025218167288879397,-0.003972199201455254,2025-05-21 00:00:00,-0.0005915123618602345,-0.0009176471599695019,False,False,True,0.0005915123618602345,-0.0006236768016536683,-0.03366979490939723,0.09538278197069555
2025-05-21,-0.017742475469467268,0.0022309330499242644,2025-05-22 00:00:00,0.001393685510948108,0.00019615732035805443,True,True,True,0.001393685510948108,-0.0006479872645709429,-0.03561173923223407,0.09516384867902086
2025-05-22,-0.0030612509227933016,-0.006449352342902435,2025-05-23 00:00:00,0.0035114206086333958,-0.001118715670506702,False,True,False,-0.0035114206086333958,-0.000602947602074932,-0.036019876121570905,0.09706927365145199
2025-05-23,-0.001446635172380629,0.006823074886493761,2025-05-27 00:00:00,0.005955797174154933,0.00011339555098767624,True,True,True,0.005955797174154933,-0.0006105195400986866,-0.03580845966759741,0.09850592658639698
2025-05-27,0.016178131775604152,0.004713088115192645,2025-05-28 00:00:00,-0.006696904353239082,-0.0007689293649222018,False,False,True,0.006696904353239082,-0.0006289037002848897,-0.037212712276095246,0.09802628064680578
2025-05-28,-0.007034956926766034,0.0019163439973158378,2025-05-29 00:00:00,0.0033156976532779546,-0.00016588051442829164,False,True,False,-0.0033156976532779546,-0.0006458126866024327,-0.04146651804483816,0.0982167106163443
2025-05-29,0.003470317243200642,0.009118653642318779,2025-05-30 00:00:00,0.010193679050089539,0.00010355494296573149,True,True,True,0.010193679050089539,-0.0006514388232599465,-0.042229129590784495,0.09886791166471798
2025-05-30,0.0010656923589785863,0.0012692090471767559,2025-06-02 00:00:00,1.7604401832829578e-06,-0.000507592213759713,False,True,False,-1.7604401832829578e-06,-0.0005921885383167032,-0.040084085201356465,0.10030942353895152
2025-06-02,0.003644140018805662,-0.0064053291510154115,2025-06-03 00:00:00,-0.004658013804794287,-0.0013412702085407156,False,False,True,0.004658013804794287,-0.0005547256836649275,-0.038759129082206696,0.10074436711671052
2025-06-03,0.004522007785523565,-0.001014866891840931,2025-06-04 00:00:00,-0.0002323764304873335,-0.0008424034547850497,False,False,True,0.0002323764304873335,-0.0005625594105997371,-0.039244856661425555,0.10087874345263065
2025-06-04,-0.0031849978378358386,0.0021026632283628333,2025-06-05 00:00:00,-0.004724653776678359,-0.0002400553449805589,False,False,True,0.004724653776678359,-0.0005832285516425832,-0.041290495765769,0.1006642737979892
2025-06-05,-0.004529188899031574,-0.009245951855752565,2025-06-06 00:00:00,0.00218763978535082,-0.0013396469793343936,False,True,False,-0.00218763978535082,-0.0005919945643772209,-0.0407123046892624,0.10080586054856848
2025-06-06,0.008870840904411996,0.004050094593027324,2025-06-09 00:00:00,-0.0016747713448487572,-0.0005468105227628485,False,False,True,0.0016747713448487572,-0.0005884462781805595,-0.041182583118769774,0.10048157862724152
2025-06-09,0.00021546455916387033,0.004403213352288791,2025-06-10 00:00:00,-0.0022234169453195654,-0.00013679045673449,False,False,True,0.0022234169453195654,-0.000570942408997454,-0.04093784571354549,0.10060212206444516
2025-06-10,0.006901544205499629,6.830786000911568e-06,2025-06-11 00:00:00,-0.0021484221413814388,-0.0008358278644167836,False,False,True,0.0021484221413814388,-0.0005633533007194101,-0.039579389151633136,0.10018468726787344
2025-06-11,-0.001477725413304598,0.0005644336705575651,2025-06-12 00:00:00,-0.0013134644820144018,-0.0004817751623476651,False,False,True,0.0013134644820144018,-0.0005966755532470984,-0.03938317119996578,0.10045977219024722
2025-06-12,0.002979216553259581,-0.001399805671623194,2025-06-13 00:00:00,-0.004865420053989874,-0.0009067567831578322,False,False,True,0.004865420053989874,-0.0006464287960801119,-0.04051106739875805,0.09975437828538375
2025-06-13,-0.00794036249667202,-0.005834946794019687,2025-06-16 00:00:00,-0.0017246900881485205,-0.0009010157279167878,False,False,True,0.0017246900881485205,-0.0006419324249357449,-0.04158676031292368,0.10099445217424242
2025-06-16,0.00582465254296419,0.006806567270237906,2025-06-17 00:00:00,0.0012213881587763709,-0.0001648354364663431,False,True,False,-0.0012213881587763709,-0.000612974688917602,-0.040829593097765925,0.10077876534266272
2025-06-17,-0.007649423376551551,0.0020759784761017214,2025-06-18 00:00:00,0.010277036018834406,-0.00011241583277851871,False,True,False,-0.010277036018834406,-0.0006263704371566363,-0.03960152458540921,0.10165123525927505
2025-06-18,-0.0007695515486597335,0.0069564911571358525,2025-06-20 00:00:00,-0.00343772352125885,0.00011165095437375822,True,False,False,-0.00343772352125885,-0.0006236114106412662,-0.03800531932585023,0.10149014736348654
2025-06-20,0.0002767607199685667,-0.004860436142286471,2025-06-23 00:00:00,-0.0026716382965689383,-0.0011564432094636112,False,False,True,0.0026716382965689383,-0.0006531600252491892,-0.03860027329748181,0.10134895930427677
2025-06-23,0.008742319324333942,-0.005255436249618948,2025-06-24 00:00:00,-0.005228738279097063,-0.0015091557639271647,False,False,True,0.005228738279097063,-0.0006196603976504246,-0.040223237456175384,0.10234183322371052
2025-06-24,0.006856359149951136,0.0019259806972468031,2025-06-25 00:00:00,-0.005933419945057825,-0.0007267790457932359,False,False,True,0.005933419945057825,-0.0006545725335333547,-0.039580426789263504,0.10341282724192019
2025-06-25,-0.007248619400630243,-0.002384092357034707,2025-06-26 00:00:00,0.007405310269418388,-0.0006831683195241748,False,True,False,-0.007405310269418388,-0.0007418069529155613,-0.0427544882208926,0.10539540494275193
2025-06-26,0.006803568004534138,0.009301074320263125,2025-06-27 00:00:00,0.002461371082486171,-4.5221298111492976e-05,False,True,False,-0.002461371082486171,-0.0007118037277658273,-0.0454996835767138,0.10494944857355756
2025-06-27,0.004026407377688748,0.010114937824615674,2025-06-30 00:00:00,-0.0028872525129332222,0.00018679598103940945,True,False,False,-0.0028872525129332222,-0.0006979819278766799,-0.04515974514970168,0.10544893685512284
2025-06-30,0.003774986338796249,0.005142774187517472,2025-07-01 00:00:00,-0.00390874097795213,-0.00032274150694385796,False,False,True,0.00390874097795213,-0.0006880067397978451,-0.045551500780927415,0.10446142615353353
2025-07-01,0.006140167913608416,-0.003136514637931631,2025-07-02 00:00:00,0.007662479227801885,-0.0013003199108201481,False,True,False,-0.007662479227801885,-0.0006948692534678404,-0.04559371654796618,0.10377684134035396
2025-07-02,0.0031316270322836056,0.003443398598431673,2025-07-03 00:00:00,0.0019486878210628138,-0.00043010726481327883,False,True,False,-0.0019486878210628138,-0.0006491876514505559,-0.04364956576222952,0.10332075609479448
2025-07-03,0.004770999932423328,0.00010069049702533071,2025-07-07 00:00:00,-0.007587616996094435,-0.0008660343071982252,False,False,True,0.007587616996094435,-0.0006756942250011138,-0.04208316982742947,0.10367133457577382
2025-07-07,-0.00704203441460857,-0.006275602290646054,2025-07-08 00:00:00,0.004448557664532886,-0.0010391200473838904,False,True,False,-0.004448557664532886,-0.0006851898374529484,-0.04283937802401608,0.10446910972253416
2025-07-08,0.0008239853429373218,0.0032755057220224307,2025-07-09 00:00:00,-0.0004849983188016464,-0.00035572175025404393,False,False,True,0.0004849983188016464,-0.0006596194090771904,-0.04439243958354544,0.10394620167752126
2025-07-09,0.002940781347122945,0.003835359420416155,2025-07-10 00:00:00,-0.007631466318014296,-0.0003473812565790203,False,False,True,0.007631466318014296,-0.0006119127731212478,-0.04370525044552973,0.102482990181173
2025-07-10,0.004711667646114182,-0.006025329309388725,2025-07-11 00:00:00,-9.19512140474679e-05,-0.0015276619516016538,False,False,True,9.19512140474679e-05,-0.0006914184968425154,-0.04398737737587501,0.1043909004209472
2025-07-11,-0.0038757241043069616,0.005185150118945205,2025-07-14 00:00:00,0.0038146899720363585,9.034176278756051e-05,True,True,True,0.0038146899720363585,-0.0006343309253687375,-0.04555258480039144,0.10571023493210581
2025-07-14,0.0017650383565929587,-0.022711047531473714,2025-07-15 00:00:00,-0.005637905125033064,-0.003076320004768515,False,False,True,0.005637905125033064,-0.0006078260015468904,-0.045566250878922035,0.10515005172459468
2025-07-15,-0.011395599185855027,0.026304069366336336,2025-07-16 00:00:00,-0.002622647466035146,0.002691094720974484,True,False,False,-0.002622647466035146,-0.0006226633783324124,-0.045845264286381845,0.10611756698383715
2025-07-16,0.003621278052628261,-0.0020666608440444664,2025-07-17 00:00:00,0.006861647659049887,-0.0010075047752872795,False,True,False,-0.006861647659049887,-0.0006374696835900783,-0.04304272762147747,0.10362871462603691
2025-07-17,0.004480685427688576,0.003888233349230229,2025-07-18 00:00:00,-0.00544662446800237,-0.000411311314601778,False,False,True,0.00544662446800237,-0.0006243247406221351,-0.042008365303318786,0.10319331692255332
2025-07-18,0.0005895114339005439,-0.002428567892524854,2025-07-22 00:00:00,-0.0010782738048997177,-0.0009668396895643886,False,False,True,0.0010782738048997177,-0.0006925897493638392,-0.04484241626345064,0.10204154631719094
2025-07-22,0.007908910616932814,0.0012692765463037299,2025-07-23 00:00:00,0.014882602870584679,-0.0009160588056226541,False,True,False,-0.014882602870584679,-0.0006902453759213381,-0.04496033764435725,0.10224238556439147
2025-07-23,0.007006586127226993,0.028889804206988088,2025-07-24 00:00:00,0.006331730621283958,0.002063812479557299,True,True,True,0.006331730621283958,-0.0006116091691004589,-0.04095730905099581,0.10254110899603976
2025-07-24,-0.0023707702431465198,0.015327328157734672,2025-07-25 00:00:00,-0.00429688312463777,0.0011080372491480623,True,False,False,-0.00429688312463777,-0.0005867418457473891,-0.0400782837419003,0.10437322643193221
2025-07-25,0.0033504073376604145,-0.00718765679781662,2025-07-28 00:00:00,-0.004531133942693274,-0.001479693785284367,False,False,True,0.004531133942693274,-0.0006073989073300698,-0.03933663709737521,0.10302399533173412
2025-07-28,-0.00470141142012461,-0.003219208046032602,2025-07-29 00:00:00,-0.0025979526894511643,-0.000802187589802508,False,False,True,0.0025979526894511643,-0.0006516625157931681,-0.03818407392049793,0.10252338789125554
2025-07-29,0.00021156001559485826,-0.007634697161717483,2025-07-30 00:00:00,0.004803710454692156,-0.0014559032865341316,False,True,False,-0.004803710454692156,-0.0006664754701202331,-0.038189998926283115,0.10234175935142345
2025-07-30,-0.0054073496557373035,0.005535498482514928,2025-07-31 00:00:00,0.004410091244833525,0.0001566427301705509,True,True,True,0.004410091244833525,-0.0006111559134270709,-0.037630322114143876,0.10194535073055187
2025-07-31,-0.007195989952403518,0.008266258099956991,2025-08-01 00:00:00,0.00840983102907221,0.0005368875482481396,True,True,True,0.00840983102907221,-0.0005818333272036334,-0.038248196914355714,0.10203978929267966
2025-08-01,-0.010227264186159631,0.00806579274611264,2025-08-04 00:00:00,0.010440910510436071,0.0006769905610080468,True,True,True,0.010440910510436071,-0.0005740462855848687,-0.04049725862850995,0.1037543004297057
2025-08-04,0.011532466626199,-0.010038861452962707,2025-08-05 00:00:00,0.0026990485195769777,-0.002115580883535647,False,True,False,-0.0026990485195769777,-0.0005531929489695709,-0.0443361407750512,0.10470140221261227
2025-08-05,-0.0022388865379792326,0.0070485787173437675,2025-08-06 00:00:00,0.011810949157996742,0.0002933950815428237,True,True,True,0.011810949157996742,-0.0005325993284450589,-0.042092605538792245,0.10381580052416149
2025-08-06,0.0003086375448737577,0.013875346796232075,2025-08-07 00:00:00,0.005785980936399939,0.0009586353173327243,True,True,True,0.005785980936399939,-0.0004872883511798149,-0.04341352579131665,0.10517378296615776
2025-08-07,-0.0004563768079747031,0.006625883964832644,2025-08-08 00:00:00,0.008086136317127526,0.00026976967081616395,True,True,True,0.008086136317127526,-0.0004560771323191476,-0.04294061125193396,0.10658950681722507
2025-08-08,0.0032743280374633236,0.009970781810349742,2025-08-12 00:00:00,0.0043346276462512745,0.00048751174833495665,True,True,True,0.0043346276462512745,-0.00043891894888106563,-0.044691992785113294,0.10759105581158014
2025-08-12,0.009205732691744638,0.0120807825402937,2025-08-13 00:00:00,0.0025498697876602723,0.00045729733402706855,True,True,True,0.0025498697876602723,-0.00044236784629632196,-0.04357648548464657,0.1076766884100467
2025-08-13,0.007872442898216002,0.0074154041024665825,2025-08-14 00:00:00,-0.006873828702915785,3.132207228496184e-05,True,False,False,-0.006873828702915785,-0.00042489062270175483,-0.04352152705998569,0.10772621701680438
2025-08-14,-0.0032595369558739177,-0.010191509346365773,2025-08-15 00:00:00,0.009552777952632137,-0.0013599010636529915,False,True,False,-0.009552777952632137,-0.0004267442886464631,-0.04664942419981372,0.10648199989563274
2025-08-15,-3.208570045682374e-05,0.014948125266944204,2025-08-18 00:00:00,0.0019279298943580432,0.001183478001508777,True,True,True,0.0019279298943580432,-0.00038440641581445557,-0.04813192558689864,0.10478505115555825
2025-08-18,-0.0022216257014674445,0.004129367729441724,2025-08-19 00:00:00,-0.001734181544168411,0.00023284238840998547,True,False,False,-0.001734181544168411,-0.0003154392524899185,-0.05042362960847275,0.1056479437009178
2025-08-19,0.0028329474437270245,0.0017894881880804393,2025-08-20 00:00:00,0.0014384914952312246,-0.0002612673737590782,False,True,False,-0.0014384914952312246,-0.00029593666884774044,-0.05334426379104565,0.10382342396587735
2025-08-20,0.0008790479245693771,-0.0008666092566200179,2025-08-21 00:00:00,-0.0027855339498743265,-0.00043584938215143943,False,False,True,0.0027855339498743265,-0.0002984568828672555,-0.053138035783597076,0.10463956912553592
2025-08-21,-0.0027587040967666965,-0.004661795372112983,2025-08-22 00:00:00,0.003192498788157704,-0.0006922111745238956,False,True,False,-0.003192498788157704,-0.00036562031339807094,-0.060151346253150315,0.10565256240262226
2025-08-22,0.014617436278408148,0.004724969173832452,2025-08-25 00:00:00,-0.008107101592549753,-0.0007238958218641352,False,False,True,0.008107101592549753,-0.00034080186453206703,-0.060542593610420414,0.10621943306578903
2025-08-25,-0.006266994354527004,0.0004401637705202456,2025-08-26 00:00:00,-0.008366022886024093,-1.0770948989474961e-05,False,False,True,0.008366022886024093,-0.00046386589559242427,-0.06472214019165307,0.10787271145199871
2025-08-26,0.002091454917272513,-0.009042864348162712,2025-08-27 00:00:00,0.0008158129988331477,-0.0015322270826532817,False,True,False,-0.0008158129988331477,-0.00036852118266479515,-0.052437092124735636,0.11655997980671808
2025-08-27,0.0027165417068871866,0.0010326633421786765,2025-08-28 00:00:00,0.007468773718405897,-0.00033022223868249003,False,True,False,-0.007468773718405897,-0.0002908484683668491,-0.055150370282412056,0.10695112937173819
2025-08-28,0.0003265265170560633,0.006194796331363041,2025-08-29 00:00:00,-0.004063576515540137,0.0003429211295598094,True,False,False,-0.004063576515540137,-2.5143072910947184e-05,-0.07828769786008448,0.06354159051016574
2025-08-29,-0.0010660219441205624,-0.0031197336730601506,2025-09-02 00:00:00,0.003624068207545363,-0.0003573704202222076,False,True,False,-0.003624068207545363,-0.0001369423158001718,-0.06525707604437803,0.09295459481002172
2025-09-02,-0.005750582648886837,0.007442655756807457,2025-09-03 00:00:00,-0.008054944089407264,0.0003703471361514161,True,False,False,-0.008054944089407264,-0.00018414401317835385,-0.089226324472997,0.005560890808842103
2025-09-03,-0.0017999456955338777,-0.008391225690273958,2025-09-04 00:00:00,0.005725565255358879,-0.0001014249223556412,False,True,False,-0.005725565255358879,-0.00021434530632472766,-0.08741185249518196,0.005293172333541235
2025-09-04,0.006770096630593066,0.009354778426685932,2025-09-05 00:00:00,-0.0016140994871034551,-0.0007057198475314103,False,False,True,0.0016140994871034551,-0.00014622095566971732,-0.0811185294509034,-0.0011030308230531582
2025-09-05,-0.00137397992520192,0.007021124355762083,2025-09-08 00:00:00,0.00278577755958364,-0.00011146681473614607,False,True,False,-0.00278577755958364,-0.00021021717486154577,-0.08315516031598955,-0.002208073812706962
2025-09-08,-0.0006188724060497016,0.011320931657101867,2025-09-09 00:00:00,-0.009858741702413808,-0.00022838835251892404,False,False,True,0.009858741702413808,-0.00021813283869253367,-0.08603207295859586,-0.0056089367676631224
2025-09-09,0.0005521023876024641,-0.004811250993173151,2025-09-10 00:00:00,0.0021374220521100614,-0.00027499692453440694,False,True,False,-0.0021374220521100614,-0.00027727410118433813,-0.0864312198500054,-0.010391488526259346
2025-09-10,0.0018179209310031515,0.0029301035915356775,2025-09-11 00:00:00,0.0008620425665611028,-0.0004882773778372248,False,True,False,-0.0008620425665611028,-0.0002888530881943661,-0.08944347691566293,-0.01256717370762947
2025-09-11,0.012029350769899094,0.0008610300751185726,2025-09-12 00:00:00,-0.004600464145226935,-0.001338142918206349,False,False,True,0.004600464145226935,-0.0002641045638698497,-0.0887065868670078,-0.00807835349047488
2025-09-12,-0.002696646028599516,0.002418925301141027,2025-09-16 00:00:00,0.0012912397732806058,-6.114684572125575e-05,False,True,False,-0.0012912397732806058,-0.0002898406126138594,-0.09107035004358999,-0.00698274182656386
2025-09-16,-0.0011316957365254852,0.003700831925494543,2025-09-17 00:00:00,-0.00512884163655517,-0.00024534764673687215,False,False,True,0.00512884163655517,-0.000312484965537228,-0.09037861880487125,-0.009496183420835233
2025-09-17,0.0014977515577239647,-0.008505965785645716,2025-09-18 00:00:00,-0.00111089346324402,-0.000394046884185677,False,False,True,0.00111089346324402,-0.00033930531000364047,-0.09043252648104055,-0.009487915335851443
2025-09-18,0.0015144900058178964,0.001159443086835015,2025-09-19 00:00:00,-0.0078108164625495455,-0.0005180798897034597,False,False,True,0.0078108164625495455,-0.00037180652144140034,-0.08930642930356054,-0.00950428162594455
2025-09-19,0.000642003295414165,-0.003743956396941538,2025-09-22 00:00:00,0.0006079603978734619,-0.0004175960666376595,False,True,False,-0.0006079603978734619,-0.0003951895687830844,-0.08897660972385756,-0.009272751902581408
2025-09-22,0.0009157095534636002,0.0028003683194456016,2025-09-24 00:00:00,0.0036595176341258574,-0.0005328239458833719,False,True,False,-0.0036595176341258574,-0.0004303897858717868,-0.08902141275284839,-0.007469161019189222
2025-09-24,-0.0017733288095780038,0.0028966420139146685,2025-09-25 00:00:00,0.0013587876429832697,-0.0002833436936355399,False,True,False,-0.0013587876429832697,-0.00041905850286107194,-0.0889046583186908,-0.007575110272959484
2025-09-25,-0.006442758679807804,0.005414154335160119,2025-09-26 00:00:00,0.002029540938988354,0.00010074450436867464,True,True,True,0.002029540938988354,-0.0004286570199180327,-0.0883132347463885,-0.007310344878877703
2025-09-26,0.00940644187568859,0.0032604718275628906,2025-09-29 00:00:00,-0.010531443754542912,-0.0012975107228882631,False,False,True,0.010531443754542912,-0.0004362684774134315,-0.08909352865169412,-0.007112205821452541
2025-09-29,0.001468566400585559,-0.006225522975588577,2025-09-30 00:00:00,-0.0027952823159238917,-0.000576998019717064,False,False,True,0.0027952823159238917,-0.000495501211741791,-0.09491717059446358,-0.009299678087354615
2025-09-30,0.002696518220444871,-0.0020037178508082896,2025-10-01 00:00:00,-0.011372339495000579,-0.0007165824701604711,False,False,True,0.011372339495000579,-0.0004595622473913438,-0.10100068142836899,-0.007650755306508605
2025-10-01,0.0017126436508125337,-0.013519236323358353,2025-10-02 00:00:00,-0.0065195566295692545,-0.0006554618454473246,False,False,True,0.0065195566295692545,-0.0005212437132696553,-0.10144826035535903,-0.0029237292595898773
2025-10-02,-0.0012357046396613129,-0.0032037451268181767,2025-10-03 00:00:00,0.009445117716804197,-0.00036507639025386973,False,True,False,-0.009445117716804197,-0.0005006407937375069,-0.10382947275039503,-0.002266672904657152
2025-10-03,0.0028639453294959346,0.009955993422945744,2025-10-06 00:00:00,-0.0062583912933839875,-0.0007885407555545642,False,False,True,0.0062583912933839875,-0.0005546633461188408,-0.09313430020944118,0.0032999353524338776
2025-10-06,0.0014204610032950602,0.027005518613506876,2025-10-07 00:00:00,-0.0037937311773139047,-0.0006527660111783121,False,False,True,0.0037937311773139047,-0.0005615330184042217,-0.09234145258588973,0.0014787510724497827
2025-10-07,-0.0021229848207615846,8.496720927740701e-05,2025-10-08 00:00:00,-0.00018240832017200973,-0.0003209585730627394,False,False,True,0.00018240832017200973,-0.0005151936456391581,-0.09156583754185968,-0.0018573120926621556
2025-10-08,0.0016865487312647052,0.003552448455868923,2025-10-09 00:00:00,0.0012901647716054647,-0.0006839546236007815,False,True,False,-0.0012901647716054647,-0.0005318452659478411,-0.09167821731805051,0.0007066741377429603
2025-10-09,-0.005830418948623936,0.005493732750076089,2025-10-10 00:00:00,-0.014889231091021079,3.796568251433455e-05,True,False,False,-0.014889231091021079,-0.0005087609002241128,-0.08996640092820099,0.0040381968028676
2025-10-10,-0.018970114883316628,-0.01829144396097512,2025-10-14 00:00:00,-0.0009584785511814677,0.0010417403843260013,True,False,False,-0.0009584785511814677,-0.0005523197151885717,-0.0853020444747619,0.001319167803532903
2025-10-14,0.005974933763437354,-0.016220870909289573,2025-10-15 00:00:00,0.006138509742007019,-0.0010533119585237664,False,True,False,-0.006138509742007019,-0.000532151000554706,-0.08382344604735176,0.0012527946327117873
2025-10-15,0.0036469196374086673,0.014578082837031972,2025-10-16 00:00:00,-0.00127451624731157,-0.0008623377080278316,False,False,True,0.00127451624731157,-0.0005265574398135602,-0.08155045196450161,-0.0026321927193267702
2025-10-16,-0.008730168241777575,0.006667771579524747,2025-10-17 00:00:00,-0.006456164854423509,0.0001807245911996328,True,False,False,-0.006456164854423509,-0.00051523721180219,-0.07988894634694024,-0.00022228404912053024
2025-10-17,0.005032547823496774,-0.009825726320165828,2025-10-20 00:00:00,0.006490591392303745,-0.0009125204957430879,False,True,False,-0.006490591392303745,-0.0005282624447129915,-0.07752796054344627,-0.0006009854000155329
2025-10-20,0.008753804003487364,0.0194527095569839,2025-10-21 00:00:00,-0.006921404906753205,-0.0012192461326232765,False,False,True,0.006921404906753205,-0.0004961944659367492,-0.07628364203212798,-0.0028417437428526204
2025-10-21,0.00021451140839386223,-0.0017563800351353149,2025-10-22 00:00:00,0.003930733513549856,-0.0005639479601976859,False,True,False,-0.003930733513549856,-0.0005567710651238687,-0.07631985820929524,-0.005234963399233988
2025-10-22,-0.0019735200996574454,0.008650901522754509,2025-10-23 00:00:00,0.002963928935339797,-0.0005458587215929428,False,True,False,-0.002963928935339797,-0.0005869656336946423,-0.07787459389556507,-0.013013691568183855
2025-10-24,0.002228042409977295,0.003859168948978864,2025-10-27 00:00:00,0.004717343850923052,-0.0008400879637876464,False,True,False,-0.004717343850923052,-0.0005999927518949419,-0.07928194543812965,-0.016441797690105023
2026-02-02,0.0015144901984884425,-0.007487728411813019,2026-02-03 00:00:00,0.0152641075938037,-0.0005916194323891873,False,True,False,-0.0152641075938037,-0.0005836426629262933,-0.07887046434733411,-0.014887262145554345
2026-02-03,0.0021372231941067573,0.02869956251043968,2026-02-04 00:00:00,0.01222495238151627,-0.0011938860912394681,False,True,False,-0.01222495238151627,-0.0005078374354184935,-0.07856434564053999,-0.018053902873945052
2026-02-04,0.0046546453490037476,0.01190079624892421,2026-02-05 00:00:00,-0.007345700193630214,-0.000903530979847139,False,False,True,0.007345700193630214,-0.00043464943934000004,-0.07742305561264604,-0.0091174298361663
2026-02-05,-0.010465500241983804,0.003106010327702916,2026-02-06 00:00:00,0.016180553091255604,0.0002959994076417261,True,True,True,0.016180553091255604,-0.0004778825306720606,-0.07782913662493376,-0.013083958383970695
2026-02-06,0.016541605101999323,0.011743261534669758,2026-02-09 00:00:00,-0.012436216674908658,-0.0019083804086183506,False,False,True,0.012436216674908658,-0.0003939984669450671,-0.0834019432436646,-0.011477214519945003
2026-02-09,0.0030627440110098407,0.019613371511331277,2026-02-10 00:00:00,0.010367658303475302,-0.000925908288554415,False,True,False,-0.010367658303475302,-0.00040016496923774096,-0.0929693408265492,-0.012287638938231149
2026-02-10,0.0031711296304175666,0.02371016567790325,2026-02-12 00:00:00,0.005858742129290175,-0.0008439743398748605,False,True,False,-0.005858742129290175,-0.0003267971435737667,-0.09097653082202667,-0.009644758575090256
2026-02-12,-0.008992192300844148,0.010527835272176959,2026-02-13 00:00:00,-0.008781349853757506,0.0004571889847329852,True,False,False,-0.008781349853757506,-0.00029240412110814366,-0.08937206052437,-0.0051347354246273486
2026-02-13,0.0074723084968878065,-0.0162406306834891,2026-02-17 00:00:00,-0.005038304288810299,-0.0008383188769711131,False,False,True,0.005038304288810299,-0.00031099650506040687,-0.0865829314460863,-0.007367448022876477
2026-02-17,-0.0017237766927255386,-0.0043122928559102104,2026-02-18 00:00:00,0.004219659121057399,-0.00012636608255905209,False,True,False,-0.004219659121057399,-0.00030035987440637694,-0.08553609852676666,-0.006156506458930067
2026-02-18,0.0020817201356818135,0.012442175050562972,2026-02-19 00:00:00,0.007581608974219556,-0.0005555069242664119,False,True,False,-0.007581608974219556,-0.0002920796536251585,-0.08550003978703612,-0.006866975899934652
2026-02-19,-0.0003050373919134945,0.01256456452934324,2026-02-20 00:00:00,-0.005060222479710863,-0.00028620115314427795,False,False,True,0.005060222479710863,-0.00025379420883712696,-0.08428685095111471,-0.004625515302034769
2026-02-20,0.004637460665770149,-0.00950733690063683,2026-02-24 00:00:00,0.0026946721438157496,-0.0005796861111538307,False,True,False,-0.0026946721438157496,-0.0002483194958257708,-0.0847794760661687,-0.00649970342265456
2026-02-24,0.007030902838791164,0.004571321637467044,2026-02-25 00:00:00,-0.0008678592586775404,-0.000834120247871655,False,False,True,0.0008678592586775404,-0.0002104084385996233,-0.08358100566263782,-0.007888720626001045
2026-02-25,0.001211785383579709,0.006858379379988422,2026-02-26 00:00:00,-0.004172599417796345,-0.00033826537769770745,False,False,True,0.004172599417796345,-0.00016568696515868863,-0.08661997177220847,-0.009858538449572296
2026-02-26,0.00040105888884138394,0.005554293548685307,2026-02-27 00:00:00,0.010886883536323846,-0.00026152567564596813,False,True,False,-0.010886883536323846,-0.00015845868723789376,-0.08734129554819853,-0.012249620022631219
2026-02-27,0.004230549105969276,0.015357121136788207,2026-03-02 00:00:00,0.003918206849245415,-0.0006607196211857946,False,True,False,-0.003918206849245415,-0.00013690262613861779,-0.08651348535920245,-0.010276499449396334
2026-03-02,-0.0013063543017522792,-0.002620658925085666,2026-03-03 00:00:00,-0.028253136281254372,3.492785703491957e-05,True,False,False,-0.028253136281254372,-0.00010078223145774781,-0.0857350812716485,-0.009047227029588767
2026-03-03,-0.010129085040559689,-0.03350899304165901,2026-03-04 00:00:00,-0.017200969145788236,0.0005549608827773979,True,False,False,-0.017200969145788236,-0.00029503670997375707,-0.08011228927561978,-0.0011499421017091976
2026-03-04,0.004114092500786163,-0.0364460772389877,2026-03-05 00:00:00,-0.019841376041780632,-0.001246524631794857,False,False,True,0.019841376041780632,-0.0004124226222803227,-0.07266518634696292,0.014683355571770418
2026-03-05,-0.009084732087898144,0.018313213743474003,2026-03-06 00:00:00,0.00786406480793594,0.0007228615005867471,True,True,True,0.00786406480793594,-0.0005340846314404182,-0.07298366712611823,0.03243063056617707
2026-03-06,-0.009728460710701397,0.00030554201469154714,2026-03-09 00:00:00,0.010392526579701486,0.00022610780002464825,True,True,True,0.010392526579701486,-0.0005186979653393304,-0.0754633039223725,0.0349018385122088
2026-03-09,0.0033057016496444384,-0.03366251221048444,2026-03-10 00:00:00,-0.005210337990315332,-0.001916656124918045,False,False,True,0.005210337990315332,-0.0004888898816425038,-0.07833186905651805,0.03472184271949965
2026-03-10,-0.004205528233850564,0.018314247013560873,2026-03-11 00:00:00,0.0011785766449323002,0.0005234211698503723,True,True,True,0.0011785766449323002,-0.0005168480593960114,-0.07838022834616733,0.03880252163437168
2026-03-11,-0.0021776506480654808,0.01387412227408856,2026-03-12 00:00:00,-0.008492263173534811,0.00016539155885838522,True,False,False,-0.008492263173534811,-0.0005430278695058926,-0.08172891882246353,0.038232501115800906
2026-03-12,-0.010211131558328675,-0.016707111217012013,2026-03-13 00:00:00,0.007313771002915977,-0.0003280987289105685,False,True,False,-0.007313771002915977,-0.0005779713022807908,-0.08173957788679717,0.0350019223765425
2026-03-13,-0.0012385196611114065,-0.0005552697320441692,2026-03-16 00:00:00,-0.004113863376843267,-0.0004361198128657379,False,False,True,0.004113863376843267,-0.0005222640951774722,-0.08424043192536385,0.03275732106157558
2026-03-16,0.007646495069298063,-0.006473907653831314,2026-03-17 00:00:00,-0.004518012728494718,-0.0014021096986534605,False,False,True,0.004518012728494718,-0.0005425970697913047,-0.08437484399590536,0.033108411756201585
2026-03-17,0.002146873134184914,0.00545174454089191,2026-03-18 00:00:00,0.013529552418890397,-0.0005421480517381434,False,True,False,-0.013529552418890397,-0.0005417929046248479,-0.08496462248803174,0.033393552631987275
2026-03-18,-0.014300726785218865,0.027180462568278916,2026-03-19 00:00:00,-0.01039033976013699,0.001708243201004129,True,False,False,-0.01039033976013699,-0.0004662211942948382,-0.08537268673310097,0.03508302792910091
2026-03-19,-0.0029919470462396684,-0.027316260228876448,2026-03-23 00:00:00,-0.004645163508486434,-0.0009695543367795789,False,False,True,0.004645163508486434,-0.00048432776415659927,-0.07866205886789591,0.026379133939505237
2026-03-23,0.010550134289361772,-0.035024060198118094,2026-03-24 00:00:00,-0.004138315346767857,-0.0023375389587518567,False,False,True,0.004138315346767857,-0.0004997297187047892,-0.07813487987968123,0.028936558437269222
2026-03-24,0.0017697831796745173,0.018859125113937652,2026-03-25 00:00:00,0.0074085448319412975,-7.58106301536305e-05,False,True,False,-0.0074085448319412975,-0.0005107921082718094,-0.07854285503345325,0.030435415130461184
2026-03-25,0.005285715755145339,0.026064034172811144,2026-03-26 00:00:00,-0.0071293285622739235,-2.3120886341073624e-05,False,False,True,0.0071293285622739235,-0.0005039259114662555,-0.0788992928761218,0.03444763211241171
2026-03-26,-0.008860909036411095,-0.0032803320182195274,2026-03-27 00:00:00,0.011310757777010993,0.00010293787936889927,True,True,True,0.011310757777010993,-0.0005110619126583177,-0.08060498742534719,0.030555952529539576
2026-03-27,-0.009082140433998142,0.008470632790827375,2026-03-30 00:00:00,0.01167771089010694,0.0005638746552959611,True,True,True,0.01167771089010694,-0.000442889600620066,-0.0844956209503296,0.028258002241161748
2026-03-30,-0.00032070622338363876,-0.07308759966287208,2026-03-31 00:00:00,-0.003684488763289894,-0.002627231551375561,False,False,True,0.003684488763289894,-0.00041882159917148754,-0.0899945889165398,0.03061082573870566
2026-03-31,0.017839003548946117,-0.009854597992564593,2026-04-01 00:00:00,0.010797081420131171,-0.0023415255799991604,False,True,False,-0.010797081420131171,-0.00042234607944683446,-0.08971914680910562,0.03233813519909394
2026-04-01,0.0023310898651216997,30.864636684992654,2026-04-02 00:00:00,-0.023904201875808728,0.9673338040429973,True,False,False,-0.023904201875808728,-0.0003315267597813294,-0.07916326718511085,0.03135788952808903
2026-04-02,0.0017121552093744199,-0.013024601878377663,2026-04-06 00:00:00,-0.0023119516090232385,-0.00040091239081584633,False,False,True,0.0023119516090232385,-0.00027203798815049815,-0.0810372125895128,-0.0007580948051364444
2026-04-06,0.0032716965829800992,0.0015473755293519914,2026-04-07 00:00:00,-0.007031085678664049,-0.0005480750915320727,False,False,True,0.007031085678664049,-0.0002814593177768714,-0.0811332107478588,-0.0007577510197013942
2026-04-07,-0.001532184911862315,-0.0024292976829063135,2026-04-08 00:00:00,-0.0010884887504450675,-0.00022214750481931554,False,False,True,0.0010884887504450675,-0.00035209921517682187,-0.08361711698165313,-0.0007552904519285281
2026-04-08,0.018860443104351362,0.030569846973448687,2026-04-09 00:00:00,-0.016024196380349767,-0.0019623577765860577,False,False,True,0.016024196380349767,-0.0003848157960986953,-0.08242014575217761,-0.0007543875144713635
2026-04-09,0.003951947801595266,-0.013394603285212033,2026-04-10 00:00:00,-0.010145439755429435,-0.0007670344302763834,False,False,True,0.010145439755429435,-0.0004084520673966561,-0.09328840340057329,-0.0007531792945774385
2026-04-10,-0.003816562028351617,-0.0009622938880690951,2026-04-13 00:00:00,0.003117832895967493,-4.719377768385584e-05,False,True,False,-0.003117832895967493,-0.0004105041333848414,-0.09500326286135587,-0.0007528989883549275
2026-04-13,0.005161674852902218,-0.0025595665274653883,2026-04-14 00:00:00,-0.007094732787683303,-0.0008766717617760898,False,False,True,0.007094732787683303,-0.0003838838030909624,-0.0958443085549443,-0.0007537208179698995
2026-04-14,0.004683116547492438,0.0028225032005022316,2026-04-15 00:00:00,-0.007717776383341766,-0.0008560208778297327,False,False,True,0.007717776383341766,-0.0003989797305493514,-0.09713946922577145,-0.0007531228074994928
2026-04-15,-0.00045772269047530197,0.0016699643931566194,2026-04-16 00:00:00,0.00215423149719055,-0.00036174101045515026,False,True,False,-0.00215423149719055,-0.0004060036618901748,-0.09944822626159334,-0.0007527455421084822
2026-04-16,0.00424301909820019,0.006544163851864476,2026-04-17 00:00:00,-0.012867722900722134,-0.0008231544885222659,False,False,True,0.012867722900722134,-0.0003959075580322342,-0.09953260757244557,-0.0007530642230292456
2026-04-17,0.007391917961168993,-0.012688016635697389,2026-04-20 00:00:00,-0.005906142697966181,-0.001191951904044682,False,False,True,0.005906142697966181,-0.0004520491400734971,-0.10138556371136703,-0.0007511816624906631
2026-04-20,-0.0007048860271129891,-0.0020764139156284646,2026-04-21 00:00:00,-0.004997408216353018,-0.0003833816938131931,False,False,True,0.004997408216353018,-0.0004576695360553194,-0.10317828204781687,-0.0007507717576750034
2026-04-21,-0.008032267179319506,-0.0012116999350859766,2026-04-22 00:00:00,0.00021955874301332937,0.000372709122374916,True,True,True,0.00021955874301332937,-0.0004590923122780295,-0.10344423872585533,-0.0007507395347853274
2026-04-22,0.0031134651653949726,-0.005421729491022689,2026-04-23 00:00:00,-0.003516405175079634,-0.0007566956511094239,False,False,True,0.003516405175079634,-0.0004363741909397048,-0.1041911677141294,-0.000751441224943819
2026-04-23,0.003935159738681537,-0.010949209222099162,2026-04-24 00:00:00,-0.0031873000442954537,-0.0008504756212277361,False,False,True,0.0031873000442954537,-0.00044766327559679685,-0.10445207849805553,-0.000751037643852398
2026-04-24,-0.0012732470025645119,-0.0012463141843011398,2026-04-27 00:00:00,0.0006076594209471193,-0.0003209340991348045,False,True,False,-0.0006076594209471193,-0.0004556338059955327,-0.10505745591162242,-0.000750706391684175
2026-04-27,-0.0020460287380693,-0.0011118543388464969,2026-04-28 00:00:00,0.014156492731155516,-0.000200476726634407,False,True,False,-0.014156492731155516,-0.00041955987932078704,-0.10666869741773527,-0.0007518361785972677
2026-04-28,-7.151485387548526e-05,0.017265987610304318,2026-04-30 00:00:00,-0.00379112543785743,-0.00038929443856340515,False,False,True,0.00379112543785743,-0.00038422001905649266,-0.11077109083902063,-0.0007527051550840352
2026-04-30,0.014520090430659958,-0.012454894986915085,2026-05-01 00:00:00,-0.0017329754961486314,-0.0020029229386028737,False,False,True,0.0017329754961486314,-0.0004029679100886384,-0.11083423714171778,-0.0007521635153535655
2026-05-01,-0.0023249997225436403,-0.001981333967299682,2026-05-07 00:00:00,0.006588797682736811,-0.00016458290874056118,False,True,False,-0.006588797682736811,-0.0004289164682008628,-0.11305172679660125,-0.0007511737292591192
2026-05-07,-0.008131210049245462,0.024438957094161197,2026-05-08 00:00:00,-0.000644172129125702,0.00047211715018617484,True,False,False,-0.000644172129125702,-0.0004337832808842898,-0.11366766654645644,-0.0007510648410913312
2026-05-08,0.0006488118808953936,-0.007440912335219067,2026-05-11 00:00:00,0.0018102635362434074,-0.00047935973588214537,False,True,False,-0.0018102635362434074,-0.00041009043787832594,-0.11538323808693536,-0.0007516172038064262
2026-05-11,0.0039979657662181775,0.005250242928645079,2026-05-12 00:00:00,0.0018573437380180599,-0.0008375192190496015,False,True,False,-0.0018573437380180599,-0.000354625143893626,-0.11979587436708038,-0.0007531595310838052
2026-05-12,0.001881309680373336,0.007951964622207694,2026-05-13 00:00:00,0.006974940586083285,-0.0005660576571033109,False,True,False,-0.006974940586083285,-0.0003351024647528437,-0.11957674925163249,-0.0007538132676113141
2026-05-13,-0.0005355566547337851,0.010069016539042071,2026-05-14 00:00:00,-0.014579367431062154,-0.00024226007697327693,False,False,True,0.014579367431062154,-0.0002986841149068144,-0.11954940531145752,-0.0007549338727378119
2026-05-14,0.002690979430591035,-0.012231568980747046,2026-05-15 00:00:00,-0.0083395249887106,-0.000651864562531093,False,False,True,0.0083395249887106,-0.000341743843940914,-0.11867069776663643,-0.0007537616906087147
2026-05-15,-0.011108007358601594,-0.004351550846637063,2026-05-18 00:00:00,-0.015557951049571687,0.0010122221311615143,True,False,False,-0.015557951049571687,-0.0003481439237055785,-0.12217207508860459,-0.0007532362329581155
2026-05-18,0.004934221651518103,-0.012329507895522125,2026-05-19 00:00:00,-0.001982744499832176,-0.0009506840271121663,False,False,True,0.001982744499832176,-0.0004001162256321784,-0.11346096904278911,-0.0007521604797005449
2026-05-19,-0.0033139261097060043,0.006811675129009507,2026-05-20 00:00:00,-0.011854413024140632,-3.0326522220008824e-05,False,False,True,0.011854413024140632,-0.00040005076288418263,-0.11311290588490196,-0.000752174963644478
2026-05-20,0.006304578985529224,-0.013877208889527847,2026-05-21 00:00:00,-0.005195104808332427,-0.0011574419823864456,False,False,True,0.005195104808332427,-0.00046129508398435,-0.11207086796608501,-0.0007503483409233569
2026-05-21,0.001741840365904261,0.007522738559841888,2026-05-22 00:00:00,-1.598358396927209e-05,-0.0006687673061719677,False,False,True,1.598358396927209e-05,-0.00046726344884508815,-0.11244498637824077,-0.000750078055327702
2026-05-22,0.004899583542082672,0.004515196946588124,2026-05-26 00:00:00,-0.0006557267166420336,-0.0010328017176014974,False,False,True,0.0006557267166420336,-0.0004738412847804191,-0.11339228765962846,-0.0007497893103903114
2026-05-26,0.000786002889655862,-0.00046019039042234563,2026-05-27 00:00:00,-0.00643778961745934,-0.0005733739538543554,False,False,True,0.00643778961745934,-0.000485154862059614,-0.11267642880338047,-0.0007494872730873653
2026-05-27,0.0007019442694541255,-0.005195605467659096,2026-05-28 00:00:00,-0.002631567681385231,-0.0005911069079134852,False,False,True,0.002631567681385231,-0.0005155927497007102,-0.11311852675242326,-0.0007484678031055153
2026-05-28,0.0012653502873973517,-0.004152237462282373,2026-05-29 00:00:00,0.010389810140615307,-0.00065685261251823,False,True,False,-0.010389810140615307,-0.0005167515854267614,-0.11317704329837805,-0.0007484102730503234
2026-05-29,-0.004620816588227833,0.0125369252255178,2026-06-01 00:00:00,-0.010642506346330786,2.1508758012510966e-05,True,False,False,-0.010642506346330786,-0.0004892267030696698,-0.11256254773761049,-0.0007494203361629315
2026-06-01,-0.005393757856517926,-0.01586608237048377,2026-06-02 00:00:00,0.001478819728462905,6.804103589030857e-05,True,True,True,0.001478819728462905,-0.0005379010650751358,-0.11014062821766414,-0.0007481507985034191
2026-06-02,0.003229863086442827,-0.004521374527300092,2026-06-03 00:00:00,0.009712865784806131,-0.0008993690763781714,False,True,False,-0.009712865784806131,-0.0005472162637541016,-0.11007719715263137,-0.0007478838786493941
2026-06-03,-0.0017815348517938564,0.015435414993732492,2026-06-04 00:00:00,-0.0031514168438615347,-0.00033932278150402087,False,False,True,0.0031514168438615347,-0.0005251522287561854,-0.11079471106881848,-0.0007486155646646425
2026-06-04,0.008332121270495672,-0.01161295629589446,2026-06-05 00:00:00,-0.0007992746429183429,-0.0014462043938677776,False,False,True,0.0007992746429183429,-0.0005301030645846047,-0.11099134448381064,-0.0007484754708300262
2026-06-05,-0.00974997554050807,0.0022878717513779992,2026-06-08 00:00:00,0.0047239765427266435,0.0005948297190810275,True,True,True,0.0047239765427266435,-0.0004919323241978268,-0.11163901656848413,-0.000749883654626915
2026-06-08,-0.002800619469299094,-0.015289747068497048,2026-06-09 00:00:00,-0.0033318065906617574,-0.0001382872871510195,False,False,True,0.0033318065906617574,-0.0004666027072533526,-0.11313180197448913,-0.0007505874913611155
2026-06-09,0.0060840531914678345,0.0033249768131774103,2026-06-10 00:00:00,-0.0006336343252039395,-0.0011734899433570776,False,False,True,0.0006336343252039395,-0.00048423076839845033,-0.11287960259351722,-0.0007499807331092373
2026-06-10,-0.007966341578509556,-0.004756117563102811,2026-06-11 00:00:00,0.007683176151382078,0.0004274767601160621,True,True,True,0.007683176151382078,-0.000474356394079233,-0.11275748176289023,-0.0007503050318254795
2026-06-11,0.011838127596113902,-0.003251482538492925,2026-06-12 00:00:00,-0.006926860033063289,-0.0018050641902158597,False,False,True,0.006926860033063289,-0.00044169568947264833,-0.1153739097287627,-0.0007512154408003263
2026-06-12,0.007111402280663385,0.010766247284693338,2026-06-15 00:00:00,0.0007571085775170569,-0.0012774831142342484,False,True,False,-0.0007571085775170569,-0.000440799421938397,-0.11651664597890796,-0.0007511391975637133
2026-06-15,0.0032606572387119696,0.02264272908036553,2026-06-16 00:00:00,-0.0038949830618906483,-0.0008557751898691912,False,False,True,0.0038949830618906483,-0.0004664841017146661,-0.1141793178557669,-0.0007504161188616604
2026-06-16,0.0005104738914065103,-0.003910803609594471,2026-06-17 00:00:00,0.004213299057887665,-0.0005173265823009458,False,True,False,-0.004213299057887665,-0.0004625244279063375,-0.11310621784561478,-0.0007506428510276331
2026-06-17,-0.01492739826697196,0.0038830979063526096,2026-06-18 00:00:00,0.008001527247384918,0.0012211660131756076,True,True,True,0.008001527247384918,-0.00045904336590400996,-0.11275405838144133,-0.0007507811206087511
2026-06-18,0.0014574039549698796,0.008285030825364848,2026-06-22 00:00:00,0.008472535167912791,-0.0005938350909308593,False,True,False,-0.008472535167912791,-0.000418013888810768,-0.11636608458872799,-0.0007518149717741507
2026-06-22,0.0011815277023310422,0.012991938913389855,2026-06-23 00:00:00,-0.02829463450612356,-0.0005133165714796397,False,False,True,0.02829463450612356,-0.00036677781143344077,-0.11573973357601094,-0.0007534717205019276
2026-06-23,-0.0015393330646334866,-0.023035340932545192,2026-06-24 00:00:00,-0.005298815861686477,-0.0002925830138446592,False,False,True,0.005298815861686477,-0.000488712732545275,-0.11619150646707431,-0.0007498170318751274
2026-06-24,0.001843440347112641,-0.005238022011106171,2026-06-25 00:00:00,-0.00966933734712078,-0.0007385181122165564,False,False,True,0.00966933734712078,-0.0005350178801007514,-0.11251823324598924,-0.0007484540590646793
2026-06-25,0.003778736719018809,0.0060862054914670415,2026-06-26 00:00:00,0.0003242937765818691,-0.0009991738324869736,False,True,False,-0.0003242937765818691,-0.0005676024119522528,-0.11300685615720421,-0.0007473069515962494
2026-06-26,0.0031561539770207574,-0.005489629392990776,2026-06-29 00:00:00,0.0035989873894519946,-0.0009384590874498189,False,True,False,-0.0035989873894519946,-0.0005891642586184587,-0.11196972567949649,-0.0007466562648362624
2026-06-29,0.0036065956086099153,0.00986770968432172,2026-06-30 00:00:00,-0.002906700696138657,-0.0009732884649279971,False,False,True,0.002906700696138657,-0.0005608548842937102,-0.11231002400803784,-0.0007475636677621439
2026-06-30,-0.003173828300135724,0.00031350125581723376,2026-07-01 00:00:00,-0.004451617863722122,-0.0002219632716322235,False,False,True,0.004451617863722122,-0.0005875317335089104,-0.11525591020457436,-0.0007464330178934692
2026-07-01,0.0013198759162840795,-0.004522164938290587,2026-07-02 00:00:00,0.005701417635297288,-0.0007276467227247403,False,True,False,-0.005701417635297288,-0.0005756506727975219,-0.11771712495656171,-0.000746533636702601
2026-07-02,0.00808704021566982,0.007713553186647524,2026-07-06 00:00:00,0.009053783215210397,-0.001502008320684223,False,True,False,-0.009053783215210397,-0.0005844234189497057,-0.11275151638479453,-0.0007465890509315565
2026-07-06,0.0005086763948941586,0.014831130356051717,2026-07-07 00:00:00,-0.007091379305048029,-0.0006304664628313092,False,False,True,0.007091379305048029,-0.0005628760040791816,-0.11108501281762531,-0.0007473560436183357
2026-07-07,0.002322357513141259,-0.005275029774070735,2026-07-08 00:00:00,-0.0008370280018430301,-0.0008421310053591438,False,False,True,0.0008370280018430301,-0.0005879712875452747,-0.11113630249261572,-0.0007466326127591183
2026-07-08,-0.009145160735345648,-0.008688333945465487,2026-07-09 00:00:00,-0.0025883341553949836,0.0004369515147287881,True,False,False,-0.0025883341553949836,-0.0005830245792773429,-0.11082226036860958,-0.0007468301657830578
2026-07-09,0.00261896374118864,-0.005226232832272657,2026-07-10 00:00:00,-0.0010686861087987462,-0.0008727353929895657,False,False,True,0.0010686861087987462,-0.0005856541106257077,-0.11110642089417803,-0.0007466956594701091
2026-07-10,0.004975316453418078,-0.00025575252510104233,2026-07-13 00:00:00,-0.010058472613475863,-0.0011681991191594679,False,False,True,0.010058472613475863,-0.0006480697024353201,-0.10458027069300355,-0.000744957484170139
2026-07-13,0.0007877191838195806,-0.005809639353304154,2026-07-14 00:00:00,0.0070931511532398885,-0.0007598458378938396,False,True,False,-0.0070931511532398885,-0.0006805436911987113,-0.1061586531643978,-0.0007437743839399519
2026-07-14,-0.001909026713915725,-0.006553969729947824,2026-07-15 00:00:00,0.005459053163841066,-0.0004805767955842033,False,True,False,-0.005459053163841066,-0.0006814979898382821,-0.10269348530210268,-0.0007440662176039226
2026-07-15,0.00015873227242240768,0.02790203987780779,2026-07-16 00:00:00,-0.004103678421048085,-0.0007234670856943174,False,False,True,0.004103678421048085,-0.0006853223685956942,-0.10961045640866468,-0.000743529876757118
2026-07-16,0.006438912921840784,-0.011652918149905394,2026-07-17 00:00:00,-0.011933504949656929,-0.0013944826641857392,False,False,True,0.011933504949656929,-0.0006983688936422972,-0.10945549002253126,-0.0007432128517198683
2026-07-17,-0.006559157374842351,-0.01799714699707767,2026-07-21 00:00:00,0.012724237635466902,-3.140406106031641e-05,False,True,False,-0.012724237635466902,-0.0007652347867393602,-0.10984580015622751,-0.0007409416331949914
2026-07-21,0.0032056703395477826,0.021376699033278147,2026-07-22 00:00:00,-0.0037608730912136847,-0.0011101682961382998,False,False,True,0.0037608730912136847,-0.0007252842576846922,-0.11511465205243479,-0.0007421357571184006
2026-07-22,0.002321604436593935,0.0030395396612251917,2026-07-23 00:00:00,0.0022949984878903283,-0.0009868007531467287,False,True,False,-0.0022949984878903283,-0.0007148393786068358,-0.11617166612607506,-0.0007424542222219943
2026-07-23,-0.007470624547604902,0.003478526572208119,2026-07-24 00:00:00,0.0061888568098889445,0.00016162229504647986,True,True,True,0.0061888568098889445,-0.0007011955199144211,-0.11584065731121729,-0.0007429131574308162
2026-07-24,0.007150691762021453,-0.002228490777305881,2026-07-27 00:00:00,0.008566865767814527,-0.0015129718706439967,False,True,False,-0.008566865767814527,-0.0006702593914354824,-0.11808226470086275,-0.0007437312488163955
2026-07-27,0.0012522366945032402,0.011050255926595809,2026-07-28 00:00:00,-0.01127503181172903,-0.0008040573554180963,False,False,True,0.01127503181172903,-0.0006521892846184815,-0.11470676095616361,-0.0007446031727547375
2026-07-28,0.006752803126182902,-0.01583726124241597,2026-07-29 00:00:00,0.00927732780325891,-0.0014346024699291992,False,True,False,-0.00927732780325891,-0.0006649180768869193,-0.11572544864490422,-0.0007442434752784333
2026-07-29,-0.008488630991851516,0.009171867041768436,2026-07-30 00:00:00,-0.004464947419425204,0.0004725344003126303,True,False,False,-0.004464947419425204,-0.0005575049211422559,-0.1221511079780304,-0.0007475423907913059
2026-07-30,-0.00035521164741071263,-0.011283338598333133,2026-07-31 00:00:00,-0.0051855939569721635,-0.0005039762405353683,False,False,True,0.0051855939569721635,-0.0005542702510876161,-0.11782143949299158,-0.0007482238396078894
2026-07-31,0.0015563778383820787,0.0034853969066362105,2026-08-03 00:00:00,-0.004835289920658227,-0.0007010908427008948,False,False,True,0.004835289920658227,-0.0005163797611038131,-0.11700178697007632,-0.0007494392678148998
2026-08-03,0.00779041743576726,-0.013488955529186053,2026-08-04 00:00:00,-0.004214221231070775,-0.0014967345381093145,False,False,True,0.004214221231070775,-0.0005737363241733923,-0.11977253122305934,-0.0007472633154114866
2026-08-04,0.008839680892731228,-0.0017042213714656025,2026-08-05 00:00:00,0.0025965804492093284,-0.0017600318509899903,False,True,False,-0.0025965804492093284,-0.000525858380617656,-0.13976155134049387,-0.0007475816064953789
2026-08-05,-0.0015129670805207934,0.013826720158953157,2026-08-06 00:00:00,0.009368839179987001,-0.00019899990320484322,False,True,False,-0.009368839179987001,-0.00044136818336919725,-0.16703580234850132,-0.0007486511579250787
2026-08-06,-0.0024212512394299235,0.008077212309792485,2026-08-07 00:00:00,0.007450390996729297,-7.727662407389884e-05,False,True,False,-0.007450390996729297,-0.0004622767502776122,-0.1615014313955228,-0.0007472150664017962
2026-08-07,0.004271673772746388,0.008345469223606879,2026-08-10 00:00:00,-0.001406542005787564,-0.0011159706410282676,False,False,True,0.001406542005787564,-0.000338398806394426,-0.1805667030079093,-0.0007488836153143053
2026-08-10,0.0035260761908854077,0.0014294145473982653,2026-08-12 00:00:00,0.001672556233993891,-0.001150943585017434,False,True,False,-0.001672556233993891,-0.00031920886695039496,-0.23557902389439778,-0.0007451518126194989
2026-08-12,0.000740482581609848,0.0064238906626048475,2026-08-13 00:00:00,-0.0014833792573339028,-0.0005346479734357164,False,False,True,0.0014833792573339028,-0.0003754471833189638,-0.20852360170398523,-0.000746073594979052
2026-08-13,0.00595110785385202,0.004786843410847622,2026-08-14 00:00:00,0.0035105376267255636,-0.0016488251640599592,False,True,False,-0.0035105376267255636,-0.00038487058229159016,-0.2117901647534035,-0.0007454743407084297
2026-08-14,0.0020399358032429297,0.0029382431133902257,2026-08-17 00:00:00,-0.002409368389606951,-0.0007973447373119939,False,False,True,0.002409368389606951,-0.0003674939746301042,-0.2096430174718378,-0.000746182448692928
2026-08-17,-0.006028712644362888,-0.0022738732375775245,2026-08-18 00:00:00,-0.0016456255854627993,0.0009375550075908606,True,False,False,-0.0016456255854627993,-0.0003429095065187634,-0.2121126917006757,-0.0007467644175813415
2026-08-18,-0.0012715945182307888,-0.0020743576344143776,2026-08-19 00:00:00,-0.012923424202045442,-0.00016096988502622883,False,False,True,0.012923424202045442,-0.0004118823119985517,-0.19610469718833373,-0.0007456616943324612
2026-08-19,0.006192021641139452,-0.026029128981299277,2026-08-20 00:00:00,0.005897283045256711,-0.0015920467376043226,False,True,False,-0.005897283045256711,-0.0004433041390535146,-0.18865189562532717,-0.0007450891582708175
2026-08-20,-0.007430113663833878,0.01688702672871117,2026-08-21 00:00:00,0.00909368847315899,0.0008694503870931935,True,True,True,0.00909368847315899,-0.0004383234984443919,-0.1777060103385808,-0.0007462515590789254
2026-08-21,0.004426836885438121,0.0024712218473977275,2026-08-24 00:00:00,-0.0014042671992111882,-0.0012364551483642163,False,False,True,0.0014042671992111882,-0.0003996573906583988,-0.18861161515315047,-0.0007465548775938968
2026-08-24,0.0022462965686292813,0.0004088361596573338,2026-08-25 00:00:00,0.0029215869073276235,-0.0007843091873793899,False,True,False,-0.0029215869073276235,-0.0003749982938157649,-0.1820797849010185,-0.00074772623822153
2026-08-25,-0.0008066056894683416,0.00552103901247389,2026-08-26 00:00:00,-0.0007972740288486405,-0.0002263232950804719,False,False,True,0.0007972740288486405,-0.0003751977460428292,-0.1896830801157089,-0.0007471420950898866
2026-08-26,-0.00020276239354527996,0.002680141654402544,2026-08-27 00:00:00,-0.0015579960070286809,-0.0003562817658660949,False,False,True,0.0015579960070286809,-0.00039281373421970966,-0.19003983803965208,-0.0007465889248710333
2026-08-27,-0.005248664981792267,-0.0011408782964889726,2026-08-28 00:00:00,0.006641380210639876,0.0006015121452284537,True,True,True,0.006641380210639876,-0.0003953096147673494,-0.18975683696505954,-0.0007465255183235764
