,PCA_SUB,PCA_PLAIN,PCA_L1250,MOM,SCS,DOUBLE
2015-01-06,0.003659873994341555,0.000942558918227674,0.005844639293733333,-0.004068016587584799,0.002291473789187659,0.0016381846594025222
2015-01-07,0.005019076212163177,0.0005271027150659077,-0.0003884258236738214,-0.0016839871113770721,0.0028645374922980924,-0.004081137131095197
2015-01-08,0.00059614916280184,-0.0007418313233952026,0.005412674461930012,-0.0005480816850663484,0.0009541035983164465,0.001670459088260079
2015-01-09,0.010925435189301363,0.0015858964524190777,0.000818697138768254,0.006817239177962842,-0.008732610350137865,0.0028132514001560907
2015-01-14,-0.005411631107016229,-0.006917296615158636,-0.001539990112265771,-0.001733978901317712,-0.004339224178964873,-0.004099001335650637
2015-01-15,0.0018772485228313873,0.0010589856641222972,0.004311183028285898,-0.0018573441716278338,0.0058053876522776715,0.002523616589430544
2015-01-16,-0.00419798302816124,0.0027662545976641084,-0.008576322823483973,-0.00940573931506325,-0.003944629880872186,-0.0017038728992940884
2015-01-19,0.012963777186095739,0.013204217030523857,0.007990311015085785,-0.006969323547793052,0.000354281523554966,0.007687513283695657
2015-01-20,0.0006316700803133067,0.0036005601977473272,-0.007290007836046918,-0.000771083975524034,0.0033425139885541405,-0.0004623653941348005
2015-01-21,0.0022153769679241486,-0.004697802211234309,0.001610302133474989,0.0001193181236214258,0.0015447330383608349,0.0014127217419678153
2015-01-22,0.0014492453391202476,-0.0038994874631322896,0.001211768322335105,0.0014521851705589783,-0.0002255681948874766,0.00885483831425915
2015-01-23,0.006328367351509656,-0.0033511350998151057,0.0069736593750450715,-0.009139086826574716,0.0033420236695706484,-0.010466015911298476
2015-01-26,0.0007413386167366427,-0.0036855389729220306,-0.008372259905449188,-0.0006027595595315743,0.0016486475380058433,-0.0012921307682203017
2015-01-27,-0.0023056196764149163,-8.743358264793298e-05,-0.008561437022132102,0.01244408964836883,0.0029734592617936427,0.005766177410044926
2015-01-28,-0.00308261630225144,0.004961302450410043,0.01100548304460467,0.0004401929080369403,-0.0005671997797585425,-0.005609816955180369
2015-01-29,0.007248142799233193,-0.0024626324482520667,-0.0008253701566824367,0.004145688480300058,-0.005225365260511539,0.004505446891599086
2015-01-30,0.005346767795023438,0.009126470174649903,0.0026500898225301217,0.00011752586270682985,-0.0013132946214438335,0.008943001270396357
2015-02-02,0.003047437158054639,0.003584031117751685,0.008833854909303912,-0.0033346954653951932,0.011061874687682771,-0.0034765112700005374
2015-02-03,0.01516339906792794,0.012420036388408807,0.008491396291711627,-0.005399871880164154,0.0031931885794018303,-0.010806569466290217
2015-02-04,0.0048304680842306,0.005862995831886809,0.009574736140748219,-0.004812866043719222,0.0033233929787535926,0.010001867871448893
2015-02-05,-0.004072741625596433,0.008248373461110804,-0.008014344920576268,0.006966042028724195,0.007124459027047548,0.01834340185773936
2015-02-06,0.005206531871859987,0.0013771155619365927,-0.000469009279772753,-0.005049178715341468,-0.000870961541180354,-0.0083865436963206
2015-02-09,0.0018856070282570637,-0.003745165475620605,0.0016803171716508246,0.0017661358400044237,-0.010968460844527364,0.012903294024768752
2015-02-10,-0.0046453770840485156,0.006504619094510056,-0.006070751802862354,0.001643351542788496,-0.008987722255215342,-0.0034791804683978467
2015-02-13,0.002312570570377648,0.0008263020663155651,0.00019507639201366,0.0019364121923932665,0.002415864037999621,0.008797556310606747
2015-02-16,0.006066154070784285,0.0036562768932362766,0.008101587637210556,-0.006574375471163907,0.004066910656153472,-0.002020113543756641
2015-02-17,0.0054554821717994525,0.004790505671141743,0.0036687530896754475,-0.006962609795214503,-0.002496559505112384,0.00026339244949757923
2015-02-18,0.0012573541456429862,-0.00122552621013714,1.0749519948392936e-06,-0.003990748219653484,0.0003440402587230331,-0.00268723937179538
2015-02-19,-0.0009443676155017848,0.0050800552152929345,-0.0015359968889629761,0.004606674730066108,0.002007605668142576,0.0025810240550021317
2015-02-20,0.000732118551250549,-0.005639847803884851,0.0016101995128841584,0.003995175135056678,0.0038222384317634084,0.005553409263576614
2015-02-23,0.0013359287825227776,-0.000564007530842781,-0.004761671329020278,0.0012041929775417515,-0.00037131584305576375,0.0012528318323072852
2015-02-24,-0.004967218283208852,-0.002997124847152644,-0.004716689432673272,-0.0031802757338935676,-0.006822939829625252,-0.006060988818464153
2015-02-25,-0.005834750652891119,-0.0013568905085804331,0.006769915013069518,0.012690415458098415,0.002598275267699446,0.009341028771274924
2015-02-26,0.0032875187619850533,0.004399791280908728,0.0003716977428951606,-0.0007625807035779533,0.0018207854442875205,-0.0029213780305056836
2015-02-27,0.007108533420965313,0.0026759785859687074,0.004945693763192894,0.00606454172093016,0.0017291101031263751,0.004573506978794528
2015-03-02,-0.00033386034645530526,0.0022481825614154797,6.397781001888378e-06,0.0018018536222414567,-0.001821893903621574,-0.0008548874350081674
2015-03-03,-0.003340912440406063,-0.0101226171372673,-0.006165116025637341,0.007371327427476017,0.0006346159720840958,0.005985594883342382
2015-03-04,0.0017475363314006565,-0.0033501221601212497,-0.0029409479020478862,-0.0004917780786980021,-0.0012136972470836891,0.0018484856021165706
2015-03-05,-0.001256847777219994,0.004176001875725156,-0.0013847497367901476,0.0016741317872004838,0.0011056782035068437,0.004199400224557892
2015-03-06,0.0032572032214424618,-0.0060102961244070385,0.0023585377736451973,0.0008934984806684698,0.0017999170223403915,-0.004501953201869125
2015-03-09,-0.0015563307147392403,-0.0008766972983583087,-0.0001589501929257555,0.0032803213759577733,-0.004217442424300155,0.0029026320536913452
2015-03-10,0.0052329308449422796,0.004845464932201338,0.0024155121857108997,0.002012805851738547,0.0029172695550168937,0.00478625702665777
2015-03-11,-0.0029858990287623677,0.002006269480846923,-0.0033151446920538785,-0.0037282376378906523,0.003116999932243014,-0.004233856303451097
2015-03-12,-0.004493795672703428,-0.006848496603515544,-0.005373857291249951,0.0030527596120049744,-0.0010125712268590937,-0.017035278719955027
2015-03-13,-0.003485196230385767,0.0002518359759113857,-0.0007876020803670339,-0.0042491107839097274,-0.005138628259272781,-0.004396672973331172
2015-03-16,-0.0001571133802080739,-0.00045731157777244557,-0.002997726315696681,0.002574464899592788,0.0004347005040891138,0.0007810338711401466
2015-03-17,-0.0029441257743600957,-0.0037977932665164693,-0.003002525897909447,-0.00030294622091914247,0.0021021365236099654,-0.0053464073502222185
2015-03-18,0.001295668543755091,-0.0013854821844961674,0.005054774290525676,0.0043756008354587815,0.004057176968376597,0.002578866632183518
2015-03-19,0.013684891045911063,0.003450000003235188,0.004450503859414656,0.00682479839983674,-0.006007929387616917,0.011363177300440742
2015-03-20,-0.004156255432976902,-0.0017198640133521126,-0.0022420791649411242,-0.006565388679391049,-0.007650526120349471,7.917954647916527e-05
2015-03-23,-0.006855114684142544,0.005660630735316058,-0.0007850716007290759,-0.0028051068533558043,-0.0008273306020823434,-0.003002756362595982
2015-03-24,-0.005130515633804955,-0.002147314984509374,-0.005023107890224782,-0.00374016274836525,-0.0028483065162023813,-0.0034417411411144998
2015-03-25,-0.0017863600307653326,-0.00029348295286046915,-0.0003645736437453363,0.0013843350298442306,-0.0016215544787938634,0.0006377222876489674
2015-03-26,0.002578526645935164,0.004718228141124304,-0.0027978855093125474,-0.0020833742467214924,0.006252132640556818,0.00030920962135233543
2015-03-27,0.0012026682411144518,0.008436636507476558,0.00627746562085546,-0.0018754099611691388,-0.0056229294031270305,0.001874814400177116
2015-03-30,0.004605040907696511,-0.0023036541168683254,0.00562295601873657,0.0026008034833095777,0.002473786169920556,0.001998703240599875
2015-03-31,0.0030550210824159987,0.0020254361961491887,-0.0061543847361882125,-0.003535416002266234,0.004320122879045975,-0.006182839431124058
2015-04-01,-0.00682539717160786,0.001456476166099829,-0.0034168195607867224,0.0036252148482331043,0.006122780578497822,0.003720649844464685
2015-04-02,-0.002973846464722496,0.005131579178664469,0.003021061372723844,-0.0011089375032157015,-0.001316316698138143,0.005512896630287867
2015-04-03,0.006156876640587395,0.005973852618806965,0.0024170587866076732,0.010867842670808404,0.0027671630309376695,0.007425200966463463
2015-04-06,-0.0010990409363245365,-0.008891780480452693,-0.00017868328385313204,-0.0027917514437874264,-0.00010488482731356723,-0.0009002152360323868
2015-04-07,-0.003825160364705039,0.00047260056687383704,0.004508825825914541,0.003344890987635417,0.0028206524246172215,0.0005368646769756127
2015-04-08,0.00015166522545639855,0.0005211708400679751,-0.0003383731008064439,0.001478404632636132,0.003647111158366601,0.0034010002719562227
2015-04-09,0.007510182142175192,-0.002618519316782447,-0.010274401777003894,0.007418722447735671,-0.0008328738121622103,0.009477677606895496
2015-04-10,-0.008923306404826858,0.0006294187038609288,-0.006784350029357289,0.011295919620013596,-0.006091684182926583,0.0036488021602125893
2015-04-13,-0.0010425360826684436,0.0020846831349567996,-0.0017172978882667334,0.002004952214151401,-0.0026300178790509944,-0.0032129213429096994
2015-04-14,-0.0028486201941368755,0.000459429361946895,0.0016495023528026345,0.001655397773187484,0.0020337779261533797,0.0014190775442847934
2015-04-15,0.003992883120964486,-0.003812020312462128,-0.006386169457648406,0.0015481181346211458,0.0010903975099219923,0.004115593026073616
2015-04-16,0.001158028302849035,-0.0014736114716092043,0.000556246608219913,-0.001602734525148142,-0.002684163023481178,0.005374625736136469
2015-04-17,0.003924810772136911,0.00409883677909173,0.005211851418344932,-0.009593449459996795,-0.002870925927551893,-0.0012941142275426643
2015-04-20,0.004416317924982227,0.004577642891437872,-0.007227791168159193,-0.005554362556828419,0.005683877888286616,0.0029896424867077906
2015-04-21,0.003050450814261185,0.007191179272265115,-0.0018985862620081399,0.0019350709860153081,-0.0012846317700795809,0.001712984800043088
2015-04-22,0.005354983988305451,-0.01157045705023636,0.004112296998231102,0.010765419630852247,0.003858894164272808,0.01065812127530491
2015-04-23,-0.0018977797569885938,0.002798768476285507,0.0024733515262042264,0.0037788715691684962,0.004332304887796012,-0.0033936494846063345
2015-04-24,-0.0014092049134080352,0.0019250026822259076,0.00033351830591290535,-0.0006637100202526286,-0.005332292161638908,-0.003072072439431616
2015-04-27,0.01001996680004047,-0.0038730329203554128,0.004615536706816558,-0.0010397972283847203,0.004637531199438772,0.009483578243939778
2015-04-28,0.00473924639245793,0.001878444587629674,0.004373222126922871,-0.000403048640387621,0.0021025984437872125,-0.0011159332236031494
2015-05-01,0.0025418994011465077,-0.004786748239530359,0.004502867616341866,0.005942858172756061,0.007529292828920121,0.007668974614884694
2015-05-08,0.0030364169582902893,-0.0056700617764501755,0.00474411835745847,-0.003342939442887327,-0.0020153792987287257,0.0007977985770136753
2015-05-11,0.0015408465765409446,-0.004185025574195557,-0.013797349609438948,0.002386245680425403,-0.003701307785216624,0.004382559133362274
2015-05-12,-0.004069007187021884,0.006133695366844244,-0.007245006664663989,-0.004970881379182002,-0.004980207451282692,-0.005437514227076834
2015-05-13,0.00339882774033442,0.0035292423655057803,-0.004985708492040341,-0.008390736045701752,-0.0021505194425688323,-0.002732444055113248
2015-05-14,0.004029639067165802,-0.0009203026122360349,0.0034821265783507643,-0.0022539363599008546,0.003985460436088096,0.0006128560187432798
2015-05-15,0.009720304226216475,-0.0007449798757686588,0.0071677913077171085,-0.0014123300102284464,-0.0062284346717507155,0.002364957337638751
2015-05-18,-0.006635263991625196,-0.001132698612544991,-0.0036262932721340185,0.00025145101654515736,0.006170481384284753,-0.0009717771416953104
2015-05-19,-0.0033661334155225212,0.0027078574485334796,-0.0007523611122651318,0.00682219554764365,0.002608878433369144,-0.002151426427151455
2015-05-20,0.005941376211453899,-0.00029583076661072745,0.008141058667104396,0.001612299332824185,0.007287345472976759,0.007716398438616712
2015-05-21,-0.004477298806786401,-0.0015284600882086827,0.006660757962443408,0.00047887557133761125,0.0016657369148524788,-0.0058134849761671175
2015-05-22,0.0018410903440418077,-0.002111522986976455,0.005244447662112383,0.0026920702891335413,-0.0023696128777603415,0.005101427877222703
2015-05-25,0.0017220924002767646,0.007622933749851192,-0.0010752754357615801,-0.004183858594072132,-0.005060987084444069,0.00045383574993781983
2015-05-26,0.0008251056832532465,0.0019874975550070234,-0.00011139093922678538,-0.0001664811725323735,0.0016976946116761707,-0.00048748697339420777
2015-05-27,-0.00037681952680419534,0.0061417189347789955,-2.643966415734049e-05,3.310499305861879e-05,0.0035250871093232884,-0.0006372322679216724
2015-05-28,-0.010145715351956009,0.0002015822899379403,-0.00649010259959888,0.0011606755864443932,0.005066542183703215,-0.014868870176831278
2015-05-29,-5.8759759150123214e-05,0.0003380036871742931,0.002423411206902426,0.0012701635859929672,0.0013185001457882706,0.00036764976315689624
2015-06-01,0.003968555083207393,0.00016970240993392435,-0.00551169939169418,0.0011328124500650466,0.0020356507294601476,0.0006412261649991869
2015-06-02,-0.004047397164975286,0.0032836190258653582,0.0017892471588972783,0.0013116133080612658,0.003480258237198375,0.0014336983507410306
2015-06-03,-8.715413231215064e-05,0.003022502163855867,-0.0010779330871558469,0.0037344514279098466,-0.0037070738363149448,0.0008061599761532603
2015-06-04,-0.0006940940407230978,0.00327104577203724,-0.00047626365648914537,-0.001217521899820051,0.004163876818589096,-0.0014618983968186687
2015-06-05,-0.0004147385020853156,0.003483365018355833,0.0010255372908906102,-0.0028488120666909644,0.0021689254940997216,-0.0020524767773881696
2015-06-08,0.004342632034475935,-0.0025871980927758774,-0.0003695780915768056,0.002705380930155799,0.006688766825420767,0.005680250691008986
2015-06-09,-0.0007455312765485948,-0.002729879179788397,0.00029961947727934505,-0.0006909680408140333,0.0026421640432060084,-0.004465399582127594
2015-06-10,-0.002147523426746334,0.0016725008064008456,-4.197192370585217e-05,-0.0004167956468232643,4.653119638833316e-05,0.0017134750527243517
2015-06-11,-0.005671521567281101,0.003776679092368962,-0.00036391688033563527,-0.0011344783871919174,0.0019348594586780623,-0.011512496876612413
2015-06-12,-0.0029612932960046134,0.008047698303488504,-0.004700899180202722,0.004660297526697776,-0.0003851434849198587,0.004432537735918396
2015-06-15,-0.008555649707766927,-0.0009924566358649467,-0.004536219089909227,-0.007501936627897221,0.0062708316651717555,-0.0065663436583205835
2015-06-16,-0.003894845257311275,-0.0012650890919504438,0.0011048622302545436,0.0017197432005103379,-0.005019229830516393,0.0020391264273922575
2015-06-17,0.0016574944096212907,0.0014351061735608517,-0.004792842239204703,0.003980338593309152,0.00579135479084486,0.007264900000220731
2015-06-18,-3.470639222015589e-07,-0.0014993138352253684,-0.0008149156140816904,-0.0026758802003109755,0.005136564195423233,-0.000878171788290194
2015-06-19,0.002402945701231584,0.0065161544174362936,-0.0033156152867952707,0.004437768966820222,0.006123148298613934,0.004597975867449774
2015-06-22,0.003541122861082747,0.0008248158259757993,0.0077262666366882055,-0.0033156606523974124,0.007413922149497476,0.0025815834883421056
2015-06-23,0.0023860545915704414,0.0005236393426593542,0.002293506738684115,-0.0010772300790313108,0.004374140294395246,0.0002500054228473103
2015-06-24,0.0014312136241307455,0.0013283533047740545,0.003370017519208357,-0.005275128587250611,-0.004532953291990062,-0.0004468845667366159
2015-06-25,0.0015214214327957387,0.006060199008290829,-0.007504599045653648,-0.0012663788662387876,0.0003239159818129167,0.005723163971451839
2015-06-26,0.008164443754838907,-0.00511595479554286,1.1308831576961609e-05,0.0025804655407059285,0.005241854844616339,0.0028979756046826335
2015-06-29,-0.0009459161414903322,-0.006568680244047508,-0.005943568952061183,-0.0070871707662787395,-0.011333569192271395,-0.0051460184519089135
2015-06-30,-0.004768491283373222,-0.0004931175434537143,0.002294760074663005,0.003411983149680076,2.6858629246850852e-05,-0.004028104789243825
2015-07-01,-0.00016131467791238863,-0.0022728508479637477,-0.0008651422586146151,0.0038151043741508905,0.002625977427295534,0.002669173633745368
2015-07-02,-0.001912502596217003,0.0004496632407048982,-0.007224961191422441,-0.0003788969585898348,0.00406797662450762,-0.004161042198335498
2015-07-03,0.0016564506245082989,0.006389192014478672,0.007707708343641697,0.004333676573821287,-0.003578030206620775,0.0006609951306976725
2015-07-06,0.004038650195670823,0.004555029690005187,0.008954048997896757,-0.006516801767258972,0.0048618584490931925,-0.0018541873478040427
2015-07-07,0.0002229275693697234,-0.0013635439522664107,-0.0035331235634954673,-0.006692767040175408,0.0014488162968298466,-0.00438497223008331
2015-07-08,0.0072285106765910484,0.00549183962256512,0.010262705863068477,5.632014466883301e-06,0.004133152030008547,0.00909840286840454
2015-07-09,0.0053244112582054425,0.00403323527746806,-0.00312852396788974,-0.008920641147600274,-0.009400618233978131,0.0022417000263104106
2015-07-10,0.0007600047061529836,0.00041809668035184275,0.0009792201820187252,-0.002081924076316732,0.0035526152680298573,0.0019285096720934591
2015-07-13,0.004214846418502205,0.006936668279215663,-0.0006043975627464171,-0.01044067341468471,0.007494367260118763,-0.012935494135194483
2015-07-14,-0.007124613104849464,0.004266208482183981,0.011229165343795783,-0.004681322002334148,0.0107921015820302,-0.003090430482426575
2015-07-15,-0.19251504157515065,-0.24025017888998987,-0.19724715830924996,-0.23556032100696267,-0.007085777318178297,-0.4109057062418342
2015-07-16,0.004181033302743197,-0.0035202262172757013,0.0017601138202365308,-0.0007647593347648974,0.001616964407513355,0.0032917491564970758
2015-07-17,0.004517381194477465,0.00047411670328041384,0.005390486707434828,0.005524017063228115,0.0039300218459411345,0.0025745072119126022
2015-07-22,0.004955347564460833,-0.0014902371616553507,-0.0007162936280189715,-0.004678305716233844,9.638050000280123e-05,0.006590402985063138
2015-07-23,-0.0036587116946925633,0.00292622495599162,0.0038562472233009343,0.0032639231440929183,0.004509556995131181,0.0012644575993507878
2015-07-24,-0.004964035852591065,-0.00019482940092936424,-0.0032180558180503254,0.0008669964412205025,0.0011486319736943253,-0.002643139049310609
2015-07-27,0.008933914160704416,0.007244785445449865,0.009296929089660112,0.0074640049211829994,0.004149733622853624,0.008360224818290952
2015-07-28,-0.007067346839782119,-0.0019874467988725275,-0.004441384930144676,-0.0017207964669506918,-0.0034808477036789133,-0.003582965052339863
2015-07-29,0.001026748779550491,0.005926637009953972,-0.0070816276580939475,-0.0022518546841664433,-0.003569073819344193,0.0
2015-07-30,0.0008319430175031773,0.00020765990615172463,0.001940261698006629,0.005111599226909826,0.0053343078323503604,0.0
2015-07-31,-0.0028370637942973344,0.001580053928656033,-0.00026451634738176014,0.0018681101070322506,0.0016619128795332117,-0.00047096245907609984
2015-08-03,0.0032976037963623915,0.0009723128315688224,0.0067414495718317365,0.003445111248412025,0.003750378298554935,0.004597339317646172
2015-08-04,0.00040454222208223816,-0.0031042886627426383,0.0016004975536620283,-3.493667766041325e-05,0.00016694078894246,-0.000528813077096925
2015-08-05,-0.0013041423963822572,4.399113376658527e-05,-0.0022727749332415175,-1.1173777569895254e-05,-0.0010083792885300816,0.0035785890371384244
2015-08-06,0.0005012985027856185,-0.0048084167004804005,-0.003249038692493866,-0.004973985400901326,0.0032092420096346387,-0.004981274516285808
2015-08-07,0.0017449805164731606,-0.007004371722157909,-0.0007311166081919616,-0.0001052828541797668,0.001285655363322968,-0.012989238728529306
2015-08-10,-0.00039728621146613015,-0.0007880549162767372,-0.0005844433293369813,-0.0031081304377471143,0.002296601046085912,0.0028416570418549054
2015-08-11,0.004624023790617615,0.0028222240098097822,-3.2894398439781494e-06,-0.0030343796968956404,0.0004951506319625938,0.0
2015-08-12,-0.00704710261014736,-0.008182200930116635,0.004594587744063738,0.007171382977430118,0.012795937878516607,-0.012248868059109963
2015-08-13,-0.0021062266739324768,-0.0057771461399232175,-0.003883497386264057,-0.0028714008244400627,-0.0003492714064764258,-0.005010312009542503
2015-08-14,0.0026070354591032573,-0.006417141033519047,0.0037366662735047965,0.000859255640233525,-0.0017647138002596873,-0.004639262648578502
2015-08-17,0.0029812402022429073,0.002796939399845244,0.003350734462873772,0.003725956494542682,-0.0008634381030172778,0.0033239195322824493
2015-08-18,-0.00141517515586671,-0.0009351257569815806,-0.0021047778279322804,0.0005688206738253325,-0.002421249380024904,0.0012404036319027343
2015-08-19,0.001745286706695626,-0.0025975855072169376,0.0013407182832291477,-0.00010153116623978775,0.0036100430166782216,-0.003913656282796163
2015-08-20,0.00014297893569910044,0.0036655390748803643,-0.0007276389413742206,-0.00022712557903572524,0.0023701191482483406,-0.00011037582228066805
2015-08-21,-0.008027588821978583,-0.02179895025437404,0.0026294878730638953,0.010648052973751999,0.001203886108714202,0.009901820582562393
2015-08-24,0.006919611171938446,0.007937966303867715,0.0029636569841313453,-0.01047778365255332,0.007267461746575888,0.0039059906324527827
2015-08-25,-0.005969777879287897,-0.01413611151233112,0.006057661828517767,-0.0007208483189710775,0.007169965352697226,0.0
2015-08-26,-0.0036478744527171695,-0.012407400059032271,-0.013544560444194297,0.00876465465936762,0.001778878279144136,0.0
2015-08-27,-0.0063383647800872005,-0.003689285908684601,0.005069581622641018,-0.009939115436323663,0.007219817525417003,-0.003723475889478576
2015-08-28,-0.0016052205189729836,0.009049922597161288,0.012369739624400956,-0.015695027770628433,0.00039975809420895493,-0.02691083004691733
2015-08-31,-0.00396888221904006,-0.006962697185819899,-0.003516405587782168,0.004427733261937129,-0.0038022069764463325,0.00013754604330429299
2015-09-01,0.002763384642952672,-0.0005977576452658608,-0.005741858592931481,-0.0013315557818360801,-0.006047336251312084,0.017549712879381674
2015-09-02,0.005496428061742529,0.01093227058249151,0.006042073745190123,-0.003774113476466657,0.004787185295826092,0.0
2015-09-03,0.003048922718740421,-0.0019683863784609517,0.00724665055342868,0.001982659810512688,-0.00042390519429531565,2.3765017549621804e-05
2015-09-04,0.0034053264603606257,-0.00671001095348902,-0.002232222043113174,-0.011086766255879454,0.014618799344797352,-0.003736951188142601
2015-09-07,0.008054774971604983,0.007432765749087067,-0.008638338458364148,-0.012681295035415974,-0.010320784644227188,0.013585519399520518
2015-09-08,0.008062263916449574,0.007961289657437963,0.010910961062072101,-0.008690557547007649,-0.0018695991792660564,-0.007635752689044095
2015-09-09,0.013886771481765293,0.009985785398448365,0.001049312361415168,0.007104180442264329,0.001950185489272777,0.010783433440676707
2015-09-10,0.0030035434703645225,-0.0035909008693928435,-0.005297448525617587,-0.0008166388077426034,0.00493760244388719,0.0008123798689346762
2015-09-11,-0.003766436510379695,-0.00656943942755106,0.0024599976914109756,-0.005006922431319255,0.002291704234355707,-0.003657666752035049
2015-09-14,0.01135814422053183,0.016928010371207114,0.01596301127893493,0.01814151734224201,0.01076114075626633,0.011492015559271438
2015-09-15,-0.006153613702972228,-0.003122154001606003,-0.006791158078195392,-0.005052354793976167,-0.0007700835661527796,-0.0065843516211440125
2015-09-16,-0.00031004792845284014,-0.004789979931694656,-0.004170382584527866,-0.006148867735098996,-0.008122035524137816,-0.0005305050763889931
2015-09-17,-0.006188110548364489,-0.006937621929532289,-0.004955268672719448,0.0027186587087829617,-0.005956465276388934,0.014582633547900237
2015-09-18,0.00839295770508377,-0.0020631028724814823,0.008932292576623667,0.006662991607541625,0.009507742689400266,0.006626331735328962
2015-09-25,0.0013471891413230352,0.00010964065896175163,0.000503563519761862,0.0010831459788547715,-0.006649963276327231,0.0006785465814080899
2015-09-28,0.0007390588523973349,0.005848423515800616,0.005594511827601978,0.004900832800778221,0.007452881414645439,0.0
2015-09-29,0.00860915288426192,0.0025143703653965014,-0.010028499193941625,-0.007842720238036296,-0.012268782834357861,-0.0028105434810373198
2015-09-30,0.004511424459325553,0.008301731654232937,-0.013588379970083797,-0.003065258413339689,-7.371505755800027e-07,-0.0036908217114322017
2015-10-01,0.00011666688817955147,0.000421860784409445,-0.005639554071720033,-0.00017120002891908266,-0.0018036376956616527,0.0015425516002659512
2015-10-02,-0.009917123540364182,0.014122481173669944,-0.007656644893708609,0.005541840040232105,-0.0005028314770947999,0.0
2015-10-05,0.001716892165355954,0.0017275825923443126,0.008886321625125905,-0.005108627993601812,0.005479325038297355,0.0005861726414601692
2015-10-06,0.0020536046846447945,-0.004932004810100921,0.0018919217916691265,-0.008697026413753452,0.0053362324171425625,-0.004176791069349872
2015-10-07,-0.008886765086356219,-0.007132494409379553,-0.011283894033861187,0.003934221862549281,-0.011423994367094204,0.0
2015-10-08,-0.003503225984371894,-0.006387472277798057,0.007345518958541122,-0.0010278798348872793,-0.0006124200593572438,-0.015307118678552667
2015-10-09,-0.004688379352095429,-0.005744425742927906,-0.005455606773959821,-0.007832187538858771,0.0026469007065956784,-0.007194765072976247
2015-10-14,-0.007167607217251709,0.01099285533482483,-0.001982195400906245,0.0058838740720359994,0.004577535716609987,0.001790688349145697
2015-10-15,0.005003940140180685,0.009998136478548553,0.008257638055451044,-0.008941015213717068,-0.004744924705230469,-0.002107376228574376
2015-10-16,0.004372511020039927,-0.0008816307354866381,-0.0023201600975720107,-0.007430468781204213,-0.004156278937268089,-0.004220548080551011
2015-10-19,-0.00907713016182803,0.007522817806669592,0.010902176447994339,0.001803759640483449,0.0015561585002390908,-0.011234642609234347
2015-10-20,0.0026054252820477022,0.0036223308046432704,0.008715079143776873,0.0018386476912365393,0.006119766984423869,0.0014298391532501752
2015-10-21,0.0033037492553208425,0.006221123242230186,0.00742626031343172,-0.011823687828477914,-0.0019880631431575813,-0.0024949550135480725
2015-10-22,-0.005747403069625401,-0.0002116191844591664,-0.0014710878665482041,-0.008594957582628682,-0.008970390512637205,-0.0039141272774358415
2015-10-23,0.00986426440347796,-0.0004659650123420174,0.007648500635981837,-0.0048328011107251715,0.008079558970592248,0.010504547064078142
2015-10-26,-0.004192171281021607,0.0017792452939114686,0.00754541650848002,-0.005127874880629424,0.007622133870762492,-0.008241942405343972
2015-10-27,0.006653275159571438,0.0093877777326298,0.003887879943974658,-0.004221141184430977,0.006461257643475849,-0.00010452665817704148
2015-10-28,0.0022548191949859804,0.004180996482491285,-0.0006111648261813541,0.0031791396477949922,-0.000619491227926283,0.005062376501427668
2015-10-29,-0.003067649810211525,0.0003509777829223896,0.00039931088417475365,0.005298636311491879,-0.0023194065173791417,0.0006254574285905492
2015-10-30,0.0027301576971416885,0.00047522304058711384,0.0005863811169207092,0.004500138471526416,0.004488929112858165,-0.00044017783976389247
2015-11-02,-0.0006055109130086445,0.0061452856209191845,0.004738350408790073,-0.002177015967187023,-0.0019177751437011068,-0.0046264245518740825
2015-11-05,0.0031364603634342902,0.005791978764655136,0.006062076485650535,-0.0070886681428864685,-0.003063498526506602,-0.006864838649649652
2015-11-06,0.008812992758501337,0.008611071564354256,-0.006766036022493649,-0.0020158794514848477,-0.003128707185392432,0.00986064587799551
2015-11-09,-0.005877270041695137,0.0028977084693919248,0.003450507992621233,0.0023252030394121277,0.000570100467677249,-0.005353917696263255
2015-11-10,-0.005430313689411631,-0.000931981850650021,-0.006283130280911597,-0.001986303103356235,-0.009891890875622478,-0.0069713889649459975
2015-11-11,-0.0004740299862982856,-0.0034848737172069825,-0.0038532681683367985,-0.0010659648440106474,0.005969007434160534,-0.0003808364680147891
2015-11-12,0.006035473787155033,-0.0053728875432301326,-0.005077618848114796,0.009214673448919576,0.004724558207146923,0.011341095187194356
2015-11-13,0.00257135123294836,0.003950773802940377,0.007541688919602986,-0.0006595861645231731,0.0030832587984150907,0.009374082821523761
2015-11-16,-0.005431872750133617,0.008483980017100113,0.005945990351324038,0.0027215740141278695,0.0067592197488221,0.002526204306119458
2015-11-17,0.0015191251921023558,0.012795774813502848,0.0024372072325195013,0.011943371467698574,-0.008902024310256952,0.006584680413345218
2015-11-18,0.0044859444378869025,0.00046357407404715737,-0.00038468286467208124,0.0030249040674863005,0.0020468553895197413,0.006597610158782093
2015-11-19,-0.006471560929168851,0.0009654742604340298,0.005150593088359922,-0.010901993028043932,-0.00041214598201049207,-0.009003981556326257
2015-11-20,0.007718367124020721,-0.0072407359732078016,-0.0035385359180013514,-0.001596978125439841,0.008836045462872512,0.007955226512129248
2015-11-25,-0.0021019730757706467,-0.0023342389771845717,-0.0014396053544813436,-0.0006699440993783445,0.0010949955999568495,0.002087526847112572
2015-11-26,0.004571623107955947,0.0042531889325845285,-0.002838542966912383,0.002969306925285936,0.008831267271536464,0.005433940030224497
2015-11-27,0.0006014898347380115,0.004572356261289184,0.0011759826876434065,-0.00018010067581664124,0.003921278694723418,-0.0013592706906508931
2015-11-30,0.010118551049343116,-0.005309189990630903,-0.003483262668844661,-0.006170279818970531,0.0016410677108602834,-0.0038200478957538895
2015-12-01,-0.0013111792450657416,-0.004740479747993365,0.004060004918973515,-0.0012537032363189034,-0.000932996009773457,-0.004523110865961161
2015-12-02,0.0037312520278870672,-0.0029146450293292773,-0.0027087623956769673,0.0028798380603847215,-0.0014019675150019673,0.0033145259283810513
2015-12-03,0.005461579581440491,0.0009824699255110538,-0.0010897035985073075,-0.003631173328232419,-0.0021592104896000835,0.007858642048729991
2015-12-04,-0.0011119335626686541,-0.0031718211840437325,-0.0048212473560819815,0.00494759560053717,-0.005020786340845732,0.0032564774230913556
2015-12-07,0.0021835319159768385,-0.0008560195195243814,0.001335249029615404,0.007042578239519398,0.0053537185313879965,0.006091866774776468
2015-12-08,0.010734014996102449,0.010244672848185775,-0.0009839426107190797,-0.008666000119286,0.01116092745376629,-0.0006117113570850807
2015-12-09,0.0009279389426740006,0.0004985719162736708,-0.0020788624349622705,-0.005357660484241468,0.003703666861757494,-0.007927683977882904
2015-12-10,-0.0005235256514977416,-0.005927488074465859,-0.0016181277297531715,-0.0012808393345951075,0.006239238373422079,-0.0035236015191312353
2015-12-11,0.002802026042836664,0.006742457861913964,0.006110207344255103,0.008819883692842534,-0.003557723644353472,0.007122534147065965
2015-12-14,0.0156235488310176,0.021727382346708256,0.007742051865194411,-0.0047796759327805236,0.017326396001202116,0.0184315974784538
2015-12-15,0.018239866012826237,-0.0055650798829647305,-0.000513787208811856,-0.004522819244473131,-0.002256969484120553,0.020014384768322728
2015-12-16,0.020585691060146794,0.014485996646880772,0.012123248031670447,-0.003441798902573373,-0.0026307876276073783,0.015873084078032413
2015-12-17,0.0047681587041670526,-0.011284384082444698,-0.010854527613364168,-0.006870423335241488,0.023961821905913228,-0.0014540904618576492
2015-12-18,0.009126630190134667,0.012285723197748944,0.0062821791438689035,-0.004721606018459657,0.0020983922469554935,0.008014385553145173
2015-12-21,-0.0017217755308677205,0.002108154843023692,0.0016033370897446282,-0.0022982629061101038,0.007708335476348175,-0.001982938828485742
2015-12-22,0.0077767674807993625,-0.003390111177142552,0.007730974080857267,0.0028621344725808795,-0.0057164301990684785,0.012864648801866524
2015-12-25,0.003749460601716636,0.001447762511975226,-0.00046778792140464995,0.003061123258797949,-0.011513544012280618,0.011786456141788146
2015-12-28,-0.005744874529063221,0.0041600819430043234,0.009825475381661675,-0.006745648882780897,0.00564351160995763,-0.00013811086387095295
2015-12-29,-0.0015817914972072304,-0.0035587698646684313,0.0008439634298017744,0.0033963723811386358,0.00620106167106651,0.0026063633721546686
2015-12-30,0.002429859070650387,0.0009844794068856856,0.0017737571092245165,0.0019067213556305468,0.00300391755199787,0.006678122773189237
2016-01-05,0.01081880057720266,0.009721338983666472,0.009499697239690862,-0.009639328990733186,0.00689533054390812,-0.0027848284322551375
2016-01-06,-0.005846274146783115,0.0015301717046019895,-0.003935993672255479,-0.005200913105249106,0.014893572261252562,-0.010570123097829981
2016-01-07,0.0015520161297735593,0.0010539368077425062,0.0027159534303869753,-0.0013143463764073281,-0.0037979169954357236,0.002202744441683391
2016-01-08,-0.006389868511757602,-0.005881603108521393,-0.009291122073783086,-0.0018364821275814736,0.0007782691191712264,-0.007726225495610806
2016-01-13,0.004069592274812267,0.0048746062783712185,0.0034660630984906793,0.0005928836655035297,0.0006365230052961801,0.015584343142419261
2016-01-14,0.0028192663848835248,-0.0020948890452859637,0.001961192146145451,0.004867024765402683,0.010170409421893999,0.01587514631056299
2016-01-15,-0.0056438929860158195,0.01599636645341085,-0.009663170464189364,-0.00918177326938956,-0.004444094826285118,-0.007564700093739848
2016-01-18,0.00936885510580574,0.0072159564212759255,-0.019260387303141682,-0.00597705571978373,0.005392937567056656,-0.0019465497023569696
2016-01-19,-0.0019018143327686136,0.0037188119036983395,0.004551005066035608,-0.015252276942586507,-0.01194117223025912,-0.004203562210091439
2016-01-20,0.0010290053975162473,0.00042375581946991754,0.0019778648922399674,0.0010270436165930937,0.004845068499578797,-0.008438697546581808
2016-01-21,-0.0017224778319090421,0.0015839802879726189,-0.015172481960099082,-0.00839945786826446,-0.01672232978951571,-0.014233744834237417
2016-01-22,0.009923894451637466,0.016134125768834162,0.005057410329239315,-0.020449144872793618,0.0028449678285229485,-0.0011917640112549075
2016-01-25,0.002548274536386952,0.007869484366313406,-0.017729770256797506,-0.008045328230231519,-0.012309937258199899,0.03921354093593695
2016-01-26,0.0007578107161699543,-0.0033169572844813366,0.003577272219664779,-0.0014266046079224881,-0.00016634460675191143,0.0029753853416533875
2016-01-27,-0.004212336834132496,-0.005716696641244717,-0.018458913970011342,-0.004675484729126628,-0.018642275690147203,-0.01463209982310315
2016-01-28,-0.005776966005202361,-0.010076269821187533,0.01644821756353354,-0.005596037968173262,0.008937461865287127,-0.015159005509074841
2016-01-29,0.0004067849662173495,0.0064662240688677375,-0.006088369438534635,-0.009051809392133126,0.0038549260113314165,-0.0014591616056315315
2016-02-01,0.013724891638145853,-0.0051610773734057855,-0.020048087502811375,0.007953883455404463,-0.022070822846495843,0.006706867068649846
2016-02-02,-0.0001879187257527008,0.003348242424180548,0.0058968578364042125,-0.000514048383985965,0.0107028191447609,-0.0014543934908992362
2016-02-03,0.010590492469195103,0.009624806991571044,-0.01676614206050899,0.0055222194186279605,-0.012478166066990818,0.0025897325995089494
2016-02-04,0.005427632739375498,0.013038102229796688,0.004210451888049782,-0.012021512746963968,0.02406794931540084,0.008189718127917356
2016-02-05,0.0024917781930454685,0.009056750966777116,0.004941083183484519,-0.008414431093800667,-0.0026232480949079265,-0.009987490531065402
2016-02-08,0.008095072893131966,-0.006825457958352071,0.002103866490291456,0.012100633671498023,0.0030705096609873472,0.009903688171569525
2016-02-09,0.0005640201132969258,0.015099825499600716,0.0008671432994362266,-0.002037846672104736,-0.006882434763821575,0.00733768746767085
2016-02-10,0.004565579419034082,-0.007959130140981796,0.009574588879249515,-0.006723583865512082,0.0024185706943271605,0.00032356734086999366
2016-02-15,0.0069006975680591335,0.013900788612698901,-0.010576025674683496,0.012173687569295044,-0.014392643387483561,0.01807394747130686
2016-02-16,-0.012609235625236137,-0.005548207478422523,0.006381577528301485,0.015860385767496238,-0.010406211886803851,-0.010734454764268042
2016-02-17,-0.0030885584508114072,-0.024063061104976996,-0.016525236433938967,0.021812651435197977,-0.021294907716082,0.006995698888664822
2016-02-18,0.014616452517039314,0.025426735079320653,0.014715758850386914,-0.010892299830737518,0.001400191141140185,-0.011897980220471505
2016-02-19,0.011462296227972544,-0.0029549865073202676,-0.008780711439644628,0.007195067705550539,0.0012975620450634607,0.008261626011395908
2016-02-22,4.998926981944485e-05,-0.01183526184387354,-0.007670034030429179,0.010745920807801596,-0.0025606375005603477,0.008111554444319213
2016-02-23,-0.0017034509103043272,-5.402928976980248e-05,-0.018248571221262333,-0.012047725524208297,0.00802909309796851,-0.004927468880645103
2016-02-24,0.007156029880587028,0.009133594009947232,-0.00540615582973436,0.011206572951813903,-0.0002763111924126982,0.009661288566326717
2016-02-25,0.0007532995260444152,0.011890150058033554,0.018985980783251886,-0.00215319622798762,0.00503528373519855,0.011888511715293692
2016-02-26,-0.01861096335272905,0.008185252731638115,-0.01351222123219531,-0.016573106050034786,0.003981307042612375,-0.018151061879504438
2016-02-29,0.0013298242528976716,-0.012767504288459897,-0.0010741542040200833,-0.004044541752061725,-0.005343455081142758,0.0171874702622673
2016-03-01,-0.020427101227256363,0.010703500954429807,-0.02659201840432005,0.002426740023575902,-0.00863802585711156,0.0
2016-03-02,0.00771630101127907,0.00916805654224273,0.01622846987422131,-0.005692283540714537,0.00346941253062818,0.010687232669992199
2016-03-03,0.0033355306039226096,-0.002324510240349298,-0.0013019707914283807,-0.007724198793529119,0.0072658897667131905,0.0031636064101637773
2016-03-04,0.013082851459732286,0.002008059016040231,0.0037457756464984726,-0.013525646602010666,0.007627671994996504,0.0
2016-03-07,0.005964483426520922,0.003025583477760496,-0.007249347973503878,-0.015918564917807992,0.005222460697204445,-0.0069958042006500465
2016-03-08,0.01646184259387127,-0.007765103150491815,0.009711667978575212,-0.005202178049238506,0.002678879228789066,0.006053212261811325
2016-03-09,0.00438885155436064,0.0026188598677764907,0.0011818893705252131,-0.005391167348292786,0.0020934980806569803,-0.0026431563537764576
2016-03-10,-0.009056966294630597,0.0008937384463185705,0.00896643729720803,-0.0048108243097390035,0.006156901312701857,-0.011412829567134252
2016-03-11,0.004353047199449317,0.0038919505924102926,-0.0073855705354169965,-0.006552226711649345,0.0022150203334852236,0.008830676315792929
2016-03-14,0.0039314475202887784,-0.002259081326441259,-0.003190779225652963,-0.0073878923098774875,0.013641187042168344,-0.008273304379312008
2016-03-15,-0.003186563454388525,0.004438213404719815,0.00494151562554339,-0.014275773005804513,-0.012065596358071473,-0.002768768016836964
2016-03-16,1.7000660368554632e-05,0.00819176248691142,-0.0011349589699583829,0.012189404269946275,0.0039140793888363945,0.001226751704433815
2016-03-17,-0.016875609200928145,-0.017458127141569427,-0.011758926966665783,-0.0019683683084904106,0.0037274529680775713,-0.010432277539037062
2016-03-18,0.0019845882549792476,-0.002536696525550086,-0.0026356702643748784,-0.0017496866444275845,-0.0003107765050542673,0.010474060059154633
2016-03-23,-0.0033036473303689196,-0.005111340486549959,0.0024374785405501254,0.0028827994699692494,-0.004121187765951162,-0.002772817053823741
2016-03-24,0.009043668042306469,-4.3512548552893104e-06,0.002944754054972576,0.00647322927079183,0.014623726876458382,0.0010076377876530474
2016-03-25,0.0026768896622154643,-0.0022393311254925714,0.008855989063957348,-0.014763974623406026,-0.005555823087606641,-0.0037615379803023325
2016-03-28,0.00032742183266384894,-0.004786502247117991,-0.004239563134363827,0.0038842938340629407,-0.0023617810894621394,0.002187807149839697
2016-03-29,-0.0008346553810685728,0.002166459395995446,0.004284522215110706,-0.008768169670840487,0.009157418496464877,0.003873294895900603
2016-03-30,-0.0002214534034610991,0.003494206270917269,0.002937194298372544,-0.003926764382517896,0.0004886964376330881,0.001593017692419106
2016-03-31,0.0008223875415152571,-0.012211953566620276,-0.003989455212067783,0.010025220424805803,-0.00622819573034572,0.005986008700879009
2016-04-01,0.0014165366287114678,-0.008967025857708644,-0.005687341255602996,-0.007644549182589139,0.005321575343812196,-0.0077772813543574
2016-04-04,-0.0031669127418636027,-0.002659253718928301,0.0037327789926502094,0.007050415748650064,0.0011137633276292911,0.0013126979292319685
2016-04-05,0.0008536570366806779,-0.009101931905881135,0.006884472809129695,-0.0005314891000579129,0.010146873469101127,0.0004609598219407576
2016-04-06,0.005288090590229055,0.006347741010307134,0.006516913838621685,0.0014483435177831683,0.014195100147803869,0.005230575837539164
2016-04-07,0.005016300194078355,0.0023479610511466516,0.006514317077898438,0.018622349985769133,-0.009270597568272013,0.003939266792291951
2016-04-08,0.0016287211169926097,0.0042602959607718205,0.0018118744780789287,0.00808921235769719,0.006218717994075695,0.01099170508181424
2016-04-11,0.017351898000262933,-0.009704839457064657,0.022022558557575095,-0.006807743639208497,-0.00647369116778046,0.03049759042196387
2016-04-12,0.005823192800772953,0.010995882516961708,0.009608733452319107,-0.003059304377826949,0.006185585617156403,0.014410446394078624
2016-04-13,-0.0035012995664985558,-0.0202014329223634,-0.007918009020584593,-0.005624152021153794,0.008228353870598615,-0.02440677295462551
2016-04-14,0.008120035634611725,0.014313026051533576,-0.0007992929248606061,0.013972087373166022,0.013768635932404318,0.011986121998226507
2016-04-15,-0.005757000574254878,-0.00860249430368809,-0.0037227176561294706,0.0005908142619148182,0.0022744831056039916,0.0002808654763223526
2016-04-18,0.008032468844244467,0.021959619228466398,0.018544734560894255,0.010362525362032804,0.005356674809416401,0.004937206205206768
2016-04-19,-0.017818402515923596,-0.012774064729685723,-0.019576631478367017,0.010244665282814671,-0.004289452249671788,-0.01125069364194925
2016-04-20,-0.0015649552296334922,0.008530609710865788,-0.0036830932621426224,-0.0014957517052489597,0.0010178840257359933,-0.0020795191895956466
2016-04-21,0.0027279183440524594,0.004091618795530973,0.003298980450445965,-0.002544582824601571,0.0022734235154328267,-0.0015004519348403847
2016-04-22,0.006589486297533281,0.0021636967194538503,0.0033480261773041198,-0.0007574115628400935,-0.0028581146666527835,0.0040145521312807495
2016-04-25,-0.0033142458372674268,3.8881015731496993e-07,0.009975286628169865,0.006851222503651779,-0.008720251996735116,-0.011099358439627947
2016-04-26,-0.0020153162891405063,0.007458254786750579,-0.0009075533538357439,0.0020301996802842004,0.011670293336305565,-0.0015278364511238634
2016-04-27,0.010074908386035825,0.009879619479932024,0.007298568795838197,-0.0027188864017404493,0.0027441155383129225,-0.0006464256840643112
2016-04-28,-0.007864939388777331,-0.0032584930429593317,-0.006569460259971932,0.004682150636003191,0.005356531835507161,-0.0026037144631642917
2016-05-09,0.0009470111494149338,-0.0010533579870512183,-0.0036904148593681187,-0.007088515112185776,-0.008209194430121736,-0.002124099023241874
2016-05-10,0.007826180659413262,-0.020599671388184332,0.0065430512400107554,-0.0038851850357369266,-0.014652724372907877,-0.005330261570581131
2016-05-11,0.014033009796854068,0.012025470203070543,0.011114685910256716,-0.009589411977168227,0.009150460692740281,0.006842355367413622
2016-05-12,0.009219602729244714,0.01949092768122926,-0.0023753014143891027,0.011922635007184823,0.01159042042367081,0.010710022314670747
2016-05-13,0.007246937613559249,-0.0035890737691181744,0.009621296580266149,-0.005671718607401047,-0.0007370532640730279,-0.0005862818588065538
2016-05-16,7.674478149766184e-05,0.008782106009896512,0.011548451499058393,0.00028193993646372095,-0.0019514200616610466,-0.0037351385443253685
2016-05-17,0.0,0.0,0.0,0.0,0.0,0.023760349171273454
2016-05-18,-0.0015851540023484878,0.010379770878247624,0.00609399890490131,0.005920665907595435,-0.002209864846157289,0.00730609167957034
2016-05-19,0.004482607012781248,-0.006445120455516651,-0.0018118202885529788,-0.008697297159058148,-0.0016897828652020497,-6.148023898403887e-05
2016-05-20,0.00710662773687068,-0.0052794339745311225,0.005458075871851181,-1.8386661642055824e-05,0.0022467901487920883,-0.009075183855663443
2016-05-23,0.003906647427461635,0.004710104568187906,-0.0012186365830957335,0.0054687595272381595,0.005113626489659739,0.0062337680140758245
2016-05-24,-0.006464607603085315,-0.019406739676415666,0.001273297562745893,-9.208244519898212e-05,0.006449962722178533,-0.011207594992107828
2016-05-25,-0.003278536980090979,-0.010539418980864385,-0.006401188950069248,-0.001697003019732607,-0.005937677140027825,-0.006576003386552212
2016-05-26,0.0053638003027630665,0.003194703480417005,0.0056500031125652495,-0.009335173355110304,-0.0020622441922517054,-0.00636958418246425
2016-05-27,-0.005395003510727193,-0.006205419246465338,-0.001289473063697014,0.005889351899831752,-0.005239806133113849,-0.005287830206229138
2016-05-30,-0.008989031752343602,-0.004934420770885018,-0.00305355076323377,-0.0013082898276505224,0.0008483741305431506,0.007689094609646174
2016-05-31,-0.00304161937267991,-0.0019465103583321819,0.0024923227881792354,0.0034257596333536477,-0.005097362154977053,0.018899940915565683
2016-06-01,0.003040828496262832,0.004793568947192212,0.0026518003382167143,0.0033098059466147023,-0.001986754589331202,0.003525462929689249
2016-06-02,0.00145094060235127,-0.004430818095295219,0.0035175360662533578,0.006999022705121606,0.0010956770256335137,0.016613849966246853
2016-06-03,0.007706888470443485,0.007951046231112036,-0.003891630948940683,-0.0015508004244529638,0.003692791507661497,-0.0014588936735633138
2016-06-06,0.005616487809383286,0.012987656919046187,0.0044792589599720045,0.0035949302973725394,0.004620087352504659,0.005780858738358966
2016-06-07,0.007957719167000018,0.01430552582983228,0.010864617417432054,-0.009741318845994124,0.003130368460271555,0.007545065296097516
2016-06-08,0.0029979797589784426,-0.007275255903991518,-0.0014963616783382205,0.008195494385451842,-0.006518071886028399,0.010049520340468243
2016-06-09,0.006316507861589438,0.0036024178844072663,0.005246845568963682,-0.006067314632574566,-0.0002293446604386129,-0.005533109834975196
2016-06-10,0.012271076677003815,0.014883822659404872,0.011310185993675873,0.009239012132990759,0.010276314573299325,0.011917365661610418
2016-06-13,-0.0013758207028523603,-0.0036583031164024067,0.0022250360919794593,-0.013348006807074797,0.001906320599034062,-0.005758205741551099
2016-06-14,-0.0010811866065064686,-0.008741999250197032,-0.00979322658974793,-0.008484119228056365,0.00044024794946293617,-0.013797257890971665
2016-06-15,-0.004232309269361467,-0.006080314458189878,-0.0010306111793504935,-0.008013234133767727,-0.008457861206112971,-0.011232521789299788
2016-06-16,0.010504398725611932,-0.0024800283698919626,0.005041212172883268,0.0013130772886189356,-0.00042389452438291704,0.00887098333584161
2016-06-17,-0.008471070754730553,0.007060257593167418,-0.016921185819709278,-0.005529436309468311,-0.012144019675591727,-0.0025679590425374843
2016-06-20,0.012388194694000598,-0.007798408292002512,0.014110881881520154,-0.0018780594772108694,0.0022055862056126196,0.01687111070089442
2016-06-21,0.016629276804961485,0.009922051725981179,0.01686654573062782,-0.015000645745635866,0.013013953617169727,0.0005563508275387985
2016-06-22,0.0007228235961197482,-0.009700121480251345,-0.010614365849922203,0.0007168463492807919,0.001836375072124946,-0.006237833621170363
2016-06-23,0.012897588937442472,0.003839936647039882,-0.0017409313485687028,-0.006988731411875587,0.0004479196267426211,-0.004138857720113409
2016-06-24,0.005905761778957253,0.01948317500874515,0.04048318119475053,-0.020863625162793407,0.010954680766514535,-0.011683145582456643
2016-06-27,0.003004855384604933,0.015375374787146127,0.013607337074956743,-0.0020265350072695685,0.0016969475168261867,0.001872994650201144
2016-06-28,-0.003140322827469788,-0.000852868233359616,0.0014893396614909181,-0.0010731170498522015,-0.0030765716106390777,0.00015011429689347185
2016-06-29,0.023184263645814496,0.026887442073168344,0.030257330430343954,-0.02312262406873475,0.011440510829439726,-0.005631145505715196
2016-06-30,0.019996763235069825,0.001261024326160154,0.027810623736206075,-0.008432374418223865,0.00863444598830726,0.020090167590154806
2016-07-01,-0.0011840991223110997,0.0021494056740828937,-0.006759411883865779,0.0037355097892496913,1.3501479839889141e-05,0.008130300538717394
2016-07-04,0.00464674304460071,0.004378793336974685,-0.00359926766578913,-0.0025946230882682108,-0.009585879525403485,-0.002209523639416372
2016-07-05,0.00987312313629014,-0.006482682232877134,-0.007350219514306188,-0.004080071606131885,-0.005566806102948065,0.0024853532112358192
2016-07-06,-0.002485441497960661,-0.0020458291382746243,-0.0021673638879453395,0.0021828986890712666,-0.003862762883764659,-0.0017048432016206984
2016-07-07,0.005163051472793778,0.005585856891728386,-0.00026253568477538347,0.0021817748695820427,0.004122722656548339,0.004358638304673002
2016-07-08,-0.013106757759733734,-0.004962918754456026,-0.013779986836746928,-0.0014441081081599807,-0.003193960029980781,-0.0199460830023942
2016-07-11,0.006600607162592387,0.012525546669683307,0.0075516511154938085,-0.01893053976954098,0.009739981617701222,-0.008961467306494091
2016-07-12,0.0031088222863044036,0.009759834044869265,0.005365069753511385,-0.013644415017240166,0.009479324737349762,0.029373609786194594
2016-07-13,-0.03152217656394993,-0.029121855850588407,-0.03234155587941845,-0.0319500856635942,-0.03108812596727281,-0.0526252091384069
2016-07-14,0.004860716427582817,0.010765857985548355,0.012614893712226766,-0.0011725750778440736,0.002735950945547516,0.008963317367635002
2016-07-15,0.035084414120751944,0.021555113935800757,0.032767992254777806,-0.01281573754583129,0.017113795022107497,0.019798095607552964
2016-07-20,-0.004421221929864744,0.010255496755813137,0.006397970683176796,0.0024778856460210275,0.009947126296363351,7.816559870190299e-05
2016-07-21,0.00030553066278982176,0.010203431202560844,0.004558403789574706,-0.013986503086003977,0.007542113712335019,-0.015601768630910097
2016-07-22,0.0,0.0,0.0,0.0,0.0,-0.017098300378918907
2016-07-25,-0.003701673429489238,-0.00518023530875511,-0.004029939886988816,0.002132651339459945,0.005182024384106384,-0.0020705550759716846
2016-07-26,0.0024767648257573993,0.015354519386234167,0.009926571553074165,0.0038312045158020724,0.005348835866981594,0.010309359993932926
2016-07-27,0.001497154749588614,0.00725184663245676,0.012379211660841827,0.0034658695527645667,0.008356420284799049,0.024999752191298165
2016-07-28,0.005314999524795444,0.007006917433047127,0.01249964630542122,-0.014773396945767986,0.0015613332070020525,0.0
2016-07-29,0.007725164606548984,0.0028446267239337075,0.011811847933658248,0.0063349762465621795,0.008468557222730738,0.003809673360386111
2016-08-01,0.004038923720435017,0.010896475844893023,0.004297709783224042,-0.0012146161144557972,0.0005297481945084614,0.003749940998575896
2016-08-02,0.0016954094363119902,0.0015834211250558955,-0.0030848476570674473,0.0035252314734361737,0.010355693987081515,0.006988484635732267
2016-08-03,-0.004736869595820715,-0.003280671426863213,-0.012059978316921491,-0.014351813406364065,-0.008606210202566222,-0.009956325391782461
2016-08-04,0.009200271333040827,0.005950912227878247,0.007834578937326447,-0.008041802066316522,0.006431264701816347,0.005056911935479913
2016-08-05,-0.0021164719185173446,-0.0023893582411011654,-0.0023893582411011654,-0.0005118517298123108,-0.003511712629140406,-0.00615746772384416
2016-08-08,0.0008534890670029716,0.007608548915660596,0.0029349572972764137,-0.0015293401364743775,0.00948971113736119,0.007080888610358271
2016-08-09,-0.0016507155918230598,-0.0048791187138962355,-0.0012960985846085515,-0.000280717365596983,-0.003004149415012425,-0.0018033028211058748
2016-08-10,0.005976671340742756,0.011906676650973261,0.005927584665162411,-0.005748469162067911,0.00645620375770269,0.002380163649994882
2016-08-15,0.007914875912779812,0.008932243398000861,0.009803362169827884,-0.0014237046857395463,0.0019462518384743277,0.0005324235357982987
2016-08-16,0.014960723812859233,0.013194694315566552,0.009032399283388476,0.008786741273032389,0.007776977460000306,0.009446988897136655
2016-08-17,0.005847177952211513,0.0064701792290010884,0.006071635884503851,0.0024193357111828295,0.005524070271730075,0.00538299679031376
2016-08-18,-0.005163788866877211,0.00566149155138948,-0.005317034212078797,-0.007014219601559318,0.008013988638534891,-0.011589408129335104
2016-08-19,-0.0019241635967787163,-0.0051729968047701915,0.003360359908682176,-0.011194098567931543,-0.002171724168659784,-0.02522087267845996
2016-08-22,0.004312692157917697,-0.0009271548335513692,0.004680665023066032,0.0011870408949998124,0.00826091047070383,0.004875956101481034
2016-08-23,0.008300329064405337,0.011047845159310732,0.010865282073080601,-0.005489596185982271,0.002164209823288993,0.028605308653237183
2016-08-24,-0.00020138035589117864,-0.005689556186046579,-0.000725236002972085,-0.012428714377579059,-0.0010827559263298647,-0.008478972374478654
2016-08-25,0.00028816485448849644,-0.005090306278339285,-0.0015670122911007514,0.0031515157413703285,-4.408366410398523e-05,0.00041067146683099187
2016-08-26,-0.0014892367422104642,0.0005262785792460095,0.0013681820211332246,-0.004742656940902301,0.007303288410033426,-0.0006601541141397205
2016-08-29,-0.006696489472549916,0.002171694707263888,-0.0012141218577755297,-0.011842305039626772,-0.004064787180241086,-0.003256165257862204
2016-08-30,0.0019000030847902971,-0.004792466542192175,-0.004531557723183394,0.006820962230687261,0.0011169557461109259,0.0022086979284314133
2016-08-31,0.0023145145701085174,0.009539542372476029,0.011643661635727455,0.011237359286194295,-0.002548507635848774,0.010113890226767844
2016-09-01,0.003304745307133622,0.0025575658296687898,0.0014423625204607882,-0.0011104830145392541,-0.003477578209090171,0.0
2016-09-02,-0.00030178118427950376,-0.0015717507811774392,-0.0003807494173387661,-0.001350324006236803,-0.00017145078401523703,-0.0002734197694213332
2016-09-05,0.003482588839423561,0.000539564316101804,0.00484090742193406,-0.00856108119916812,-0.00042107640433981515,0.0
2016-09-06,0.0014687778372755866,0.003576892842274887,-0.001613087806039054,0.0003028092197759069,0.004260137068730269,0.0
2016-09-07,0.01328137450113498,0.012465886357183514,0.007642196528329509,-0.012038147724819287,0.010549940369050798,0.0
2016-09-08,0.0075823127912167665,0.002832119838043573,0.003255552299380099,-0.002218847160483789,0.010010877038459376,0.0005879824952372548
2016-09-09,0.00911271395172572,0.006851769951854297,0.005800025332831749,0.008791975080636866,0.007861416871561416,0.006075485553662552
2016-09-12,-0.006159782981069728,0.002920095236671083,-0.008205431949007608,0.0036740105508103194,-0.0010573869035348793,-0.006416161556134103
2016-09-13,0.0022653148221858745,-0.0018757450110946277,0.008798763470364197,-0.00932934727369783,0.006266448329242799,-0.014306520729576944
2016-09-14,0.005253210991731899,7.341819618508771e-05,-0.0013524540519035955,0.0007524176327200482,0.004193187797041448,-0.004452803962963436
2016-09-15,-0.001794887814739539,0.004087968264263275,-0.003292797702487397,0.000777828617858467,-0.009107398048936788,0.0
2016-09-16,0.0009324864745433956,0.002943015973672931,-0.002609912718088229,0.007662815531281859,-0.01373036597834698,0.018860707872104365
2016-09-21,-0.0017588543585269848,-0.0070855244298475345,-0.00040711240917004057,0.002261850857128245,-0.00576458746905446,-0.008677605497777074
2016-09-26,-0.001576335049179478,0.0033838135905472355,0.007127721914795299,-0.000524118943491636,0.003750961573781353,-6.137813234165582e-07
2016-09-27,-0.0019834463930725513,-0.00022635918997899757,-0.0031447463006286877,-0.0034913394818757663,0.0010440379367616884,-0.004347708771158159
2016-09-28,0.0017858473972481026,0.009441342287666687,0.00012194600685494494,0.0004787031147219234,0.006949546647366939,-0.010029807639735877
2016-09-29,0.01557137122476629,0.00020402886285636468,0.022685879911255397,0.010305316995841585,0.02017298582117652,0.006661526716489275
2016-09-30,-0.019513781932615215,-0.008328086140621915,-0.01507496361979338,-0.022596663709977288,-0.006489847469956206,-0.01597598801090297
2016-10-03,-0.0011789208896550996,0.002538748334543317,0.0014300796492008883,0.0040085379519772535,0.007118590064093933,0.004221880306263174
2016-10-04,0.004788938019972689,0.004534811389025339,0.0027808380897740292,-0.0005428919243657625,0.002878371786722656,0.0020941607274417226
2016-10-05,0.0014627968022745683,-0.0041388931595026214,0.001863343270902496,0.00889606888069412,0.005555748585502607,0.0018353130575130547
2016-10-06,0.0044570102208788265,0.006546968439185646,0.00813731413770244,0.0039833884948164144,0.0015666019395365605,0.006610801417169245
2016-10-07,0.003102712103204841,-0.005338334189078392,0.00433649085089835,-0.00034459284559013037,0.002807958529327248,0.0031937313213336593
2016-10-12,-0.006189854891743729,0.005270054156212622,-2.6372891102383056e-05,0.0006904215409397896,0.004277626457047018,0.000992959125746384
2016-10-13,0.0013125384086309644,0.00015778298897678456,-0.0006920288556645782,-0.004294134293025248,0.007502627347916652,0.0
2016-10-14,-0.0071659484832666265,0.0010066442788691232,0.006698200029575718,0.00014515022791516952,-0.003123272775957253,0.0
2016-10-17,-0.0009911107203587621,0.0009599376730678733,0.0008070985513217999,0.0008324342001565233,0.007324027627434615,0.002408362454056608
2016-10-18,0.0016101530161398425,0.0021433462285428417,0.0027625014940727555,-0.0035988346836424434,0.008693758539707053,8.02399668484448e-05
2016-10-19,-0.0015339933468105915,-0.0008575086082828476,-0.000411462258812223,-0.0008503916679888368,0.002279623131572872,0.0
2016-10-20,-0.00023298728929035457,0.0020346355526293936,-0.002493991315785293,0.005154242021787491,0.008053952628003923,0.0023554292583013925
2016-10-21,-0.0036529549027720376,0.0004955837903698745,0.003705104483111149,0.0001016647899760581,0.00159907446755303,0.0
2016-10-24,-0.0054497197858524304,0.0019544537738427625,-0.001951538139883996,0.004408042252085825,-0.006126641155310503,0.0
2016-10-25,-0.007533170574110765,0.0027438296004360374,-0.009104285847192334,0.011147300078010264,0.005343073844306212,0.0
2016-10-26,8.819645983564314e-05,0.0011966844433006331,0.0008374926370647185,0.0025224297103548787,-0.00437508142412808,0.0
2016-10-27,0.0006812909389252907,0.004422994106663247,0.004422994106663247,0.0028481822172924383,-0.002368208614675571,0.002540325071483174
2016-10-28,-0.010192346046139234,0.00899532244637249,0.011153979265232296,0.00926705173754583,-0.000656352695813145,0.0
2016-10-31,-0.0016760035999078826,0.0033808528200975074,-0.004265284641280925,0.0006446789063064007,0.007127369029394953,0.002227410919685471
2016-11-01,-0.0034222449921181286,0.00384603636342179,0.00018557744655134378,-0.003389795326054601,-0.001973406402026201,0.0
2016-11-02,-0.0005937683724873246,0.00587386547363009,0.006126349184018687,-0.004642576004271292,-0.0015851954927209144,0.0015939707785578773
2016-11-07,-0.0015058296461798182,-0.0034465895281811376,0.0016614256969527397,0.013229135389749819,-0.0048936133456076725,0.00539095205598253
2016-11-08,0.00024705910808953124,-0.002795948468674999,-0.00386754661157714,-0.004899034387308877,0.0028014590948241733,0.0
2016-11-09,-0.017449128447508167,-0.005411489182741281,-0.014834099637161716,0.007332030091753405,0.007822265108770467,-0.020043134355003933
2016-11-10,0.025044160489843093,0.03005031262481528,0.027916352957108037,0.007138815763063522,0.018669710562833175,0.024443102177650642
2016-11-11,0.007360592948785794,-0.00498771624296419,-0.0012843393090962818,-0.010855173323245749,-0.012834228548615576,-0.001714176356695618
2016-11-14,-0.012764364542150844,-0.01305573029099596,-0.02015184349580268,0.014796551488863566,0.005534728050346916,-0.005216496277626659
2016-11-15,0.005073670195299251,0.0013934869031716703,-0.004154701663309713,0.008056238681316132,0.0062917304377558825,0.005676336030369745
2016-11-16,-0.006191890123336263,-0.005021467433001692,-0.005089314207676776,0.014987692026667054,-0.007441994971578048,0.0
2016-11-17,0.007633018842913286,0.00240394297756763,-0.009730271638279608,-0.0077098341811219495,0.005886610796106889,0.0
2016-11-18,-0.0029128724846059664,-0.002867464911799233,0.003609095804381868,0.0034273960724677368,0.00934045933482648,-0.003865877439499066
2016-11-21,-0.002238650821145028,-0.0018028317930218532,-0.007119417481695556,0.0011120879426471221,0.0011825819597863112,-0.0028746253349294522
2016-11-22,-0.0015066204193346256,0.0008248170206792474,0.0031717372880468494,0.0018769877491065844,0.0004960492811648006,0.005333250218177099
2016-11-28,-0.00034929721036871544,-0.0001800187174537675,-0.0020070985559621506,-0.0010398196808937053,-0.0002994226905874476,0.0
2016-11-29,0.005439054932257565,0.0006292177321283916,0.005905834284214428,-0.006695780578207853,0.003915470924968356,0.0
2016-11-30,-0.0014007000746709248,0.0036658861199967206,0.0007071034043082625,0.0030061571869024915,0.004092674662132834,0.0033954025918970787
2016-12-01,0.004779523062531066,0.007834646149406235,0.0020948127187958576,0.006248369041732893,0.008933212656521049,0.005430958219121651
2016-12-02,0.0045884522589972,0.008264658879595576,0.0016813500695787023,0.006655957401061907,0.0027365707277914103,0.005828436473147587
2016-12-05,0.0015085651791713283,-0.006186696441685302,-0.0011666684597511526,0.00778318085841685,-0.0014366916722212911,0.0008421137421972258
2016-12-06,-0.0008588311806646542,-0.0061018134923694345,-0.0013952446232720073,0.004025917567332754,-0.007416245493986479,-0.0029619192427572908
2016-12-07,0.005434837057823817,0.008269534381218382,-0.002036649770538812,-0.0024497267501080167,0.0005306097887383121,0.005443710546183292
2016-12-08,0.0016602489810233212,0.0003767341784023104,-0.007087344061704831,6.931367323279036e-05,0.006465529920048452,0.004131964355612908
2016-12-09,0.008068907540951376,0.004172093962834644,0.011129165126783882,0.011873384610886342,0.007656793657336313,0.007604905075698403
2016-12-12,-0.00043729722890555305,0.0012986242511089153,0.0017000610990767664,0.00026930988703655046,-0.004508140149857076,0.0
2016-12-13,0.012302189386957773,0.009760867553240548,0.007583700105123482,-0.01489955877139444,0.0071091751744902796,0.0
2016-12-14,-0.004272845031466166,0.0010554036292622854,-0.002400093443550567,0.0005353519799906622,0.0035946861474620566,0.0
2016-12-15,-0.0005244552567850169,-0.0013701847653666778,-1.2695739511303823e-05,0.00592147554563347,0.004026854601823793,-0.002967687703190447
2016-12-16,0.004737416280425499,0.0008780467657138136,-0.005955328909126778,-0.00443091468071235,-0.004284636550489873,-0.0023235816398765596
2016-12-19,-0.0006809733739973072,-0.0009405616595323576,-0.0022530435853314267,0.0024987407352289773,0.0012705212853591828,1.2591274467510516e-08
2016-12-20,-0.0017188635061673898,-0.0010744037780580531,-0.0018689191224519068,-0.0008454018458695869,0.005273820994612266,-0.0011618017072194675
2016-12-21,-0.0028591298217875765,-0.00423532536265634,0.0004044000875568,-0.004194301549025181,0.006228229962486021,-0.0009676788193508925
2016-12-22,-0.005533956791744532,0.005738702012542341,0.007641236399171448,0.009402505684278606,0.005327493341571899,0.0
2016-12-28,0.0014302158330955716,-0.0036516082376869766,0.0035410290857552876,0.0017213763521187753,-0.0029417378569008834,-0.0008738154157739153
2016-12-29,0.006908618232305574,-0.008526384728118442,-0.006947856910281549,-0.005143005523933009,0.0026995614962554543,-0.01735867109105088
2016-12-30,0.0024199069599468047,0.004855130700747878,0.002410144006039361,-0.004124636100456968,0.0014144990865544436,0.0
2017-01-05,-0.0028082863974943527,0.008641978309812658,0.006570650083455342,-0.0021086238425768846,-0.0021480391397250996,-0.0014429604106678266
2017-01-06,0.0034393165108966397,-0.00592012350778466,0.004295973676073794,-0.0017993022015114109,0.003599094190009899,0.018411997706347827
2017-01-11,-0.0024253717568306857,-0.0015546655890404718,0.007395809029958312,-0.001336122803544493,0.0030584333730719004,-0.018584135165332638
2017-01-12,-0.00267839361804283,0.0075943763247968265,-0.001894252089981552,-0.0016941421511340595,0.0022394631926429204,-0.0021363355566863746
2017-01-13,0.013545113995457492,-0.005250832801533156,0.011031877530339906,-0.007316034813912936,0.009868841019210928,0.0
2017-01-16,0.0071219854098486315,0.0028847008767922456,-0.005542260318017678,0.0007793921069489286,-0.0020743253393806778,0.002088846213675555
2017-01-17,0.0010725241903339344,0.0003616712654786469,-0.001291780236403972,-0.0033481092206891216,-0.001497353334647289,0.0014343606722996283
2017-01-18,0.0020485040859415716,0.002034022014869663,0.0022151498638549815,-0.0027081043351243395,0.006832793870925725,0.001916017546560178
2017-01-19,0.0007282916277125961,0.0053029413429461995,-0.0005859437239287277,0.01405402602181345,0.005775994729383817,0.011314865790735715
2017-01-20,0.0008549603205545431,0.009310131436592262,0.008191323161267833,-0.0059938145648188446,0.0023401042480057366,-0.007499093415904712
2017-01-23,0.005724372040946196,-0.004668014722381736,-0.005635226169136448,-0.0018016936799831462,-0.00553552507171351,-0.0029443906874575773
2017-01-24,0.0036261252530622734,-0.0011622712165165472,0.004296281047664774,-0.002835921039771566,0.0017996431623579778,0.006313216821109413
2017-01-25,0.006241111931368405,-0.0011907530588123336,0.0029902175475751366,0.0018480532570330115,-7.337578091477521e-05,0.005647091130086166
2017-01-26,0.006306722212156269,-0.004968065045778715,0.0013461432225700723,0.003496649717071888,-0.0008302958840681993,0.0016932361650330856
2017-01-27,-0.003472237255945544,0.005098525432139156,-0.00370836410896549,0.0010212124729162666,0.005716520035503181,-0.003214350592042744
2017-01-30,-0.0035605474717988195,-0.007151159985238437,0.004202684949551089,-0.0018653001732789887,0.005061221958838097,0.005661657186637026
2017-01-31,0.0037844577121614875,-0.008376601807177725,0.001242111395986789,-0.010350796980542837,0.00044262935861510977,0.0
2017-02-01,0.01295574386797288,-0.0044149636772432554,0.006189586490421256,-0.005705924288230274,0.008758932173378475,-0.004011975275075574
2017-02-02,0.0010157753914436796,-0.007762341288473085,-0.0012583461977107302,-0.0038102754885547263,0.013689388976351274,0.0056747303587937345
2017-02-03,-0.0032530719892996493,-0.0068203027955322515,0.0012016089380878056,0.0007421557583247918,0.0027492872632232995,-0.009514904561428672
2017-02-06,0.009868601052134496,-0.00876087552516408,0.002427058493902734,0.014406369598561064,0.011161054596998343,0.00901107961602238
2017-02-07,0.003438600091502357,-0.0032033481305430893,-0.007290857476605295,-0.005432928308883275,0.007584679007311449,0.0
2017-02-08,-0.0024148199154908345,0.0014286685926185871,-0.0044483877898745805,0.009972276213710746,-0.008216981191128514,0.008226042556975344
2017-02-09,-0.004301324432423315,-0.0053475568446321176,-0.0019110400739224265,0.005586469805085287,-0.003908923116246327,0.0
2017-02-10,0.00787727827706064,-0.00038394792049945003,0.004815798077853206,0.0047468627479270165,0.006205141560905791,0.007352054470883903
2017-02-13,0.002396630560731472,-0.00476426649687256,-0.0033741053522335918,0.0041475551180132795,0.004744278277189151,0.002650925528626268
2017-02-14,0.0060877780603503795,-0.008327600453449213,0.004743683552386219,0.0030251057436079254,0.00011209181070076513,0.003378835908211863
2017-02-15,0.0009715594571320096,-0.00019900579259141127,0.0028184441374147218,0.009094745552282624,0.001373892920224884,0.004778001430080854
2017-02-16,-0.003791575300140737,-0.00029149720957330483,0.0066921562588991845,0.003773021654762926,0.0014200295542161623,0.0
2017-02-17,0.002748341833741952,-0.012073871833594502,-0.0035872081424365146,-0.0009920243264773076,0.006409455225337793,0.0
2017-02-20,-0.0014726097662365986,-0.005421165927978255,-0.0029819983010838987,-0.005907251048539153,0.003201084181270142,-0.014244810144315445
2017-02-21,0.0010476852969689698,0.0016206784516430706,0.003594333408175221,0.003956055982544893,0.0009473679734622875,0.0074008660187303565
2017-02-22,0.0020711379204701175,-0.002363469123682016,0.001413849782768234,0.007251543840744945,-0.004324216348775084,0.017433714415993173
2017-02-23,0.002496643529230319,-0.0072435014655111984,-0.004245709221096544,0.005868098637859059,0.0005325804342930784,0.00854370763048884
2017-02-24,0.007387754797267965,0.00741386045574981,0.004212493774100756,-0.007547178804621459,-0.004869240650648421,0.0004604751550897346
2017-02-27,0.0006486372122800345,0.002792048547950298,0.0016043617837939953,0.003657693048553457,-0.0018169936156308356,0.0055774845381925675
2017-02-28,0.006350361376930819,0.0007601384162612412,0.00558813557710805,0.0014950506105024242,0.00909310522910986,0.009084605271898085
2017-03-01,0.0009600863560014217,-0.004175660808524745,-0.005493255676606801,0.009771396302706653,0.0026737884269349976,0.017211526314968584
2017-03-02,0.010379645553229165,0.0012259482072722644,0.008432196088175003,0.0042294764016491005,0.00941987746678199,0.00688080767150003
2017-03-03,-8.359347540518578e-05,-0.002242207197647672,-0.0017681107448793696,-0.001715458029590256,4.968816628598779e-05,-0.008550140904357129
2017-03-06,0.0041419060762597215,0.005578111394218599,0.00623582248392196,0.008478979272697695,-0.005627399199791466,0.0013892203615034847
2017-03-07,0.0026870795439351,0.0005049453864383051,0.001971941920515604,0.0028440507828022907,0.004927444243890022,0.004026142781228953
2017-03-08,-0.0009409117102849307,0.0023337286474701124,0.0040315790409496954,0.006238225628623473,0.0006280829027268398,0.00015542658213146807
2017-03-09,0.009333112142397626,-0.005631605232589802,-0.008216816916036188,-0.003963090052956734,0.000980044449400808,0.009451362979611577
2017-03-10,9.936209365568605e-06,0.002717254947451342,-0.0028774534778716887,-0.00694249380859388,0.004005838486068891,-0.008540884184777536
2017-03-13,0.005084707768449576,0.002618399305344965,0.0012611878924263797,0.00570667848207182,0.0017464997042112296,0.003456849917763756
2017-03-14,0.0032601075055875618,-0.0010997645018461458,0.0009149727467945737,0.004071434434245957,-0.0011695098246791158,0.0031579504935249636
2017-03-15,0.0005307352291855916,0.00750820213659581,0.0009895028412429674,0.004252391754774543,-0.0006848701863842455,0.0042652757768550185
2017-03-16,0.00419262296169387,-0.0008772848878420377,-0.0005859459299688936,-0.004558177600997342,0.004312293625803543,-4.403521910267838e-05
2017-03-17,0.0032505650030825173,0.002294001814105745,-0.00123929346695692,0.001253003502840827,0.005627335397337785,0.0032599881874841676
2017-03-22,0.007727272905490445,-0.00536147101861284,0.00977083338427114,0.012053480601528466,0.01256926508288272,0.015902843484528972
2017-03-23,0.004629292068243834,-0.0016734351256711133,0.004524382339849614,-0.004915284052781882,0.0059156334349564355,0.001134264888866976
2017-03-24,-0.003991357256182132,-0.005050104616050932,0.003376099766173979,0.0009213315618108453,0.0018889313960188947,-0.0019721194370261688
2017-03-27,0.0030024961078709556,0.002333605500617536,0.0036180624324401722,-0.0012242444471955993,0.004189234857822632,-0.0033285399813187304
2017-03-28,0.0014929503194245908,-0.0013608932975297527,0.0006904021744600364,0.0009226240627103199,-0.0011070171772702975,0.006427094474789285
2017-03-29,0.0031254116859395775,0.0008031884618882323,0.010538470795747351,0.0042679672161305415,0.0017404389821469302,0.0006451080150039201
2017-03-30,0.005123113717376698,-0.004151895150593471,0.004284621479227868,0.0006350448399969344,-0.0026957214158161713,0.004389093302641293
2017-03-31,-0.0015899931821739266,0.0038954491544485326,0.006271443778679997,-0.00921528476554051,-0.00565518148763644,6.835251098399886e-05
2017-04-03,-0.001625516880068456,0.003053323610970826,0.004381051849324191,-0.005482733346297508,0.005059771760175497,-0.006144715939039275
2017-04-04,0.0021379663004736484,-0.004657007965018866,-0.0037101695736237563,0.0019421061918970975,0.0036010496707907565,0.001354114856733241
2017-04-05,0.004823356739652618,-0.010017917333180493,0.004993227099869114,0.007203427756255599,0.0031178994137397442,0.00881809269019378
2017-04-06,-0.005306431023830965,-0.008098808941395086,-0.0009570590610525898,-0.004035665880034567,0.0015629819848453075,-0.0044761018192852045
2017-04-07,-0.0059777242525339,0.0026970742114541535,-0.003531028351017068,-0.005060849357608255,0.00351218696475325,-0.003924770256780641
2017-04-10,-0.0021053705710499587,0.004346878218097473,0.002376074752985646,-0.0007100297070639756,-0.0012398823458131605,-0.015310214743270434
2017-04-11,0.0,0.0,0.0,0.0,0.0,0.0011726875538015475
2017-04-12,0.005251243932649308,0.0009120062755156866,0.002077411694552944,-0.008719114831841346,0.004791932486661654,-0.0019172162850294619
2017-04-13,0.006581652296480722,-0.004296242476491241,0.006260027938277568,0.0011050548443710395,0.0032781573770059302,0.015157115686022663
2017-04-14,0.004412605742605907,-0.01420918229378551,-0.004100776545855389,0.0073630538112642585,0.0042532936217116735,0.013196412928780543
2017-04-17,0.005000054472210802,0.010514842512629796,0.00711684575647567,0.0035786371868762046,0.0029028352882999875,0.007488765151436501
2017-04-18,-0.003005132732261384,0.0033101191880313685,0.008203462258495275,-0.0027705119267890654,0.0034422453012275533,-0.004415576370214797
2017-04-19,0.0010432965099883562,0.007846000752430872,0.0020986341749227523,0.0008494242514125896,0.002356931521650152,0.003904501451734404
2017-04-20,-0.0018773707582691035,-0.014073050042039681,0.0015896043293136264,-0.0043849915716945576,0.011772363935705965,-0.0081034681169736
2017-04-21,0.0024766287129510123,0.0006801490119938691,0.003417049676720796,-0.0034244686478140385,0.002390677665319585,-0.0037261914720473355
2017-04-24,-0.00021624855119073416,0.0014659278003079645,0.0025248718650309476,0.0012945506015072106,-0.0012165972691163818,0.0021188131099065147
2017-04-25,-0.002684696531425501,9.229509264851998e-05,0.008069203091135624,-0.008104979761096809,0.003848110615384648,-0.007850729603454454
2017-04-26,0.014215244067686594,-0.0017542064252932255,0.015245727212846283,-0.012562950148880536,0.01063750176002684,0.018405744298093385
2017-04-27,-0.002924258495190707,-0.004410477699760246,0.001321538414484208,-0.0011023464921689485,0.0011141517453989447,0.000415941042424373
2017-04-28,-0.0013860357374741727,0.0058743298172095615,-0.004172714100738856,-0.0019511534042867262,0.005774583703889419,-0.0021351865817879063
2017-05-01,0.0012331096256491536,0.004783784780090838,0.0069463532801062045,0.005168417741825915,0.0032492453886389383,0.004198471728399544
2017-05-02,0.006740484598363163,0.005517715545812928,0.009773770378243032,-0.006806550614647632,0.0033416537209004504,-0.00011230220610318128
2017-05-09,-0.0002207998721956546,0.001495771377507848,0.0002219162843545286,-0.000341257415528551,0.007526351043021462,0.00415396152896282
2017-05-10,0.004090930732806709,-0.0011950479857086192,-0.0009804701900125946,-0.004811891401014123,0.008130956229921615,1.8103119270262936e-05
2017-05-11,0.000781085730197445,-0.003460986695286855,5.0895356868196906e-05,0.0017425867304907139,0.006200550247256159,-0.0038746495163701766
2017-05-12,0.01166197951316106,0.00677331382615749,0.005122658800078851,0.0017471766479824737,0.001944591745025215,0.008769494706304871
2017-05-15,0.008681251237009224,-0.0027539633362804405,0.006349895144491781,-0.0013329538991543547,-0.0032561600940806514,0.007112663989296308
2017-05-16,0.0024911955205905445,-0.008081053840327035,0.0009088291298903206,-3.70710405722674e-05,-0.0009066627443758413,0.00124917186415722
2017-05-17,-0.00270997789482072,-0.003220750722732091,-0.00795496126285336,0.0097345233829427,0.0016149391715582218,0.011000019069585198
2017-05-18,-0.011321827035994114,0.007645745764360546,0.012671657992045282,0.013906965795084481,0.006039605342278476,0.01863895212039246
2017-05-19,-0.00231630757608785,0.0030653268476867447,-0.004685804429172081,-0.000690805516663517,0.007505106278404349,-0.0008887960928688039
2017-05-22,0.008388275245379152,-0.00365206169952508,0.009171807738859394,-0.009664691287890093,0.007320700885831411,-0.012095750147268713
2017-05-23,0.007337626439252343,0.0018274904023048433,0.0063741763904120174,0.004670049555307337,-0.0053833446371101545,0.006945537871443957
2017-05-24,0.009942585679280358,0.0012607737126278384,0.005569383006508222,-0.003922784298909215,0.008957297250326762,0.004458670450004254
2017-05-25,0.0013301442232399319,0.003512037278890101,0.0007574555316237352,0.00019286179896219058,0.005698318756348353,0.0013257101530408932
2017-05-26,0.002513642650005199,-0.0015422956838229696,0.0021671388763422894,0.0040274393518368035,0.0025430196056333565,0.004300954674350876
2017-05-29,-0.0006563802917304851,0.0029003438274983195,-0.003571570936362345,-0.001251514012748478,-4.4583377001333746e-05,0.00014622693025556632
2017-05-30,0.003435430217941182,-0.004315693306062185,-0.007622230060439605,0.006778869944907756,-0.002692119976688112,0.006639460494224056
2017-05-31,0.0018609040609212923,0.005004692199449906,0.0026316880551251476,0.0025214005490983016,0.002653848250951024,0.0031528861514866498
2017-06-01,0.003335450410078411,0.004260913450646098,0.002052057686804987,0.006635656722515138,-0.0031119342172737825,0.00688747433675461
2017-06-02,-0.017087785864960826,-0.0029832141438168596,-0.0050622746757848615,-0.005164699082790004,0.004538696034395562,-0.011526336066874322
2017-06-05,0.004753292724475044,0.0007066526985767042,0.0022422066563531073,0.0025883764551531295,0.0043277455868607545,0.002270299163612081
2017-06-06,0.0003490028217394641,0.000488432329366195,-0.0006602828377812559,0.0018812367950484135,-0.001526579994233357,-0.003982213097538212
2017-06-07,0.00015250735707122987,-0.00028375569213792695,-0.001243840546092112,0.0024190997853250074,-0.0006994584045973695,0.0015041051324745647
2017-06-08,-0.004655940253640689,-0.004469418120032949,-0.0017708300941569799,0.0034195925102666882,0.004349110060898997,-0.0027605810806724976
2017-06-09,-0.0021132762151340853,-0.0021132762151340853,-0.0026169245172875224,-0.001959123010835251,-0.00355193924517978,-0.004298444481959596
2017-06-12,0.006219310788175303,-0.005695881244553381,0.007988554414053618,-0.0026899350489922656,0.0003258134912667022,0.010473347610187256
2017-06-13,-0.0016696400543953164,0.004472532554647835,0.0038066725312093878,0.0028533150718732525,0.006302289340578192,0.0010924740883686557
2017-06-14,-0.007397171158754676,0.005548417930724099,-0.010476967282112892,0.0032807636168277936,-0.00415147475915878,0.0
2017-06-15,-0.0039675866934212045,-0.0011189667523281432,-0.0030432099149557967,0.0020392870713979994,0.000318465874136753,0.0018421014959138686
2017-06-16,0.004602604946640276,0.004602604946640276,0.002047874834114949,0.008073609014049521,0.002938433995391676,0.007196930883007824
2017-06-19,0.00634434214998425,0.008445191322367318,0.004623383792178831,0.0019661045804960364,-0.0017568890944398563,0.013439280668173792
2017-06-20,-0.0005206075278083144,-0.003604301012329736,-0.0017120839819039445,-0.002203145530928841,0.002555971397609015,-0.00037953219305810913
2017-06-21,0.008762546759475354,0.003008380843545211,0.007402963156562359,0.010885349135472927,0.008596315530958881,0.008204987727869397
2017-06-22,-0.005182781087765079,0.0012265973343742094,0.0035823546903788186,0.0021469597114774546,0.005209128711306076,0.0012082906282485095
2017-06-23,0.0031849569883498907,0.0031849569883498907,0.003581442645864602,-0.003230983934333409,0.002966275368825655,0.007727132576363482
2017-06-26,0.00421018261803785,0.004501173837318628,0.0020429288885695507,-0.0020130646546849262,0.004500265462893949,-0.0022812358753112605
2017-06-27,-2.1247770961435597e-05,0.0004710959789766822,-0.0015790305737227728,-0.000733047506111445,-0.0009166542254875343,0.005898580501549566
2017-06-28,0.005099233321237129,0.007398287997521902,0.007782284958119057,-0.007308345979457481,0.003573621971465407,-0.004181376694327499
2017-06-29,-0.001714544347354796,-0.0002380778284719609,-0.0011148942542777707,0.0029904385230497266,-0.00037219360931423084,0.0
2017-06-30,0.008965071977451528,0.0062655904556561115,0.00731660709570181,0.00017196214130404952,0.0028875218023013682,0.004780793143944639
2017-07-03,0.003443970070592939,0.005138412094850886,0.0049754813799164355,-0.007426277146456162,0.004729195689822774,-0.00760488789510172
2017-07-04,0.00977137272050712,0.0074588444431660465,0.007750406490824768,-0.002414432803162204,0.0007464541086554592,0.010677178945159183
2017-07-05,0.003321520370770936,-0.0016037704129229502,-0.0031351573084816287,-0.0007353062619651352,-0.007634235698272374,0.011641532519702569
2017-07-06,0.005683622003938044,-0.0033916426540034073,-0.005801815742768418,0.005376767281638661,0.005609161466046564,0.008551651291404727
2017-07-07,-0.0024141857298523024,0.0022283355709258696,4.053221424094012e-05,0.0010209863086694249,0.0014390870473330137,-0.0031524248341573136
2017-07-10,0.00229987186090988,-0.003620529160897362,0.006729752429719377,-0.006328677365028623,0.00925101686414151,-0.005763871364305617
2017-07-11,0.0024179657773677476,0.0023988142048617434,0.0026815781083650682,0.0014824771636505973,0.005854498803269004,0.0035135688862050394
2017-07-12,-0.04581612006552932,-0.031195639354142934,-0.04507223091625748,-0.028697720687787143,0.0008564492526566825,-0.028415295467749523
2017-07-13,-0.0003441710472222026,0.0011176545339317556,-0.0025560069296921284,0.0029857133799051916,0.0022301652317748832,0.0007002703928232581
2017-07-14,0.014884329723485523,0.07571662814573371,0.0712895572106772,-0.06519700277942433,-0.05122854593828627,0.012851384041373388
2017-07-19,0.0008272033614019902,0.0014070939245372227,0.0008461609002173853,4.873992325399312e-05,-0.0028040575040346183,0.00308459482714483
2017-07-20,-0.0021366426094436564,-0.004331582052556238,-0.0017022618659196243,0.007681320851622431,0.00012471542584241435,-5.225934657915321e-05
2017-07-21,-0.0030085380995077404,-0.0030085380995077404,-0.006265312642664528,0.004860507923368423,-0.0064410289084449734,-0.007971278067001764
2017-07-24,0.0032895571014013025,0.0053600751589684414,0.0010159390290787051,0.0015230350897215417,-0.0013904263648108761,0.007251384279913619
2017-07-25,0.006729693870166234,0.009383096456906603,0.006717318262619158,0.004318494776905785,0.005877803456843928,0.011068432486897112
2017-07-26,0.005619365478801069,0.00942038549741031,0.005101453195624134,0.004846570073856332,0.005795743697317668,0.005946917638216753
2017-07-27,0.004395156648717835,0.0050989762207539705,-0.00027901953264539717,0.00013317774120431554,0.006147596434784287,0.0022508347488976455
2017-07-28,-0.003541897006193266,-0.006834878946330725,-0.0014070640979888525,-0.004593189257576938,0.0026887557559736788,-0.010172658195067593
2017-07-31,0.0107052344428967,0.006134477225121421,0.0038579907914813028,-0.0005802915913950824,-0.00027248326627557495,0.002962020528411176
2017-08-01,0.0006967223091933761,-0.005081562083479374,-0.003951730113904844,-0.0032517564292281753,0.002865144448459006,0.0007241029944918228
2017-08-02,0.005291397373597351,-0.007050570061219674,-0.0005958386931916304,0.0036482769529841974,0.00433302614869463,0.004372929430476255
2017-08-03,0.0015438734354716044,0.003134718633629796,0.0013744949481217794,0.0008263112471462997,-0.0007258531269389856,-0.004099816224988265
2017-08-04,-0.00033698299706819124,-0.002566112593065207,-0.0038525085298028116,0.002710954821791378,0.0023849188948845473,0.001324137230669496
2017-08-07,0.0038768193244417717,0.006146130154054497,0.0032182979717334972,-0.0007051401676619888,0.0032901325785222426,0.0028775022209422216
2017-08-08,0.000988838396415559,-0.0027877495723189483,0.0005256640102400123,0.0070265227144388764,0.00546417984270936,0.004133133348936391
2017-08-09,0.0028709033857927113,0.000981743259730522,-0.001117090231864043,-0.00031791194386210364,-0.004406636219150661,-0.00182729614300194
2017-08-10,0.0011354276998544466,0.0027159129229774037,0.005914861975524793,-0.0034110339507463228,-0.00046185095307713087,1.93703626157895e-05
2017-08-11,0.0,0.0,0.0,0.0,0.0,0.0
2017-08-14,0.0029274475667350197,-0.002935105226536866,-0.0009617417166922493,-0.00202344936957935,0.00018415129896462434,0.006349263513642603
2017-08-15,-0.0001966353382996111,-0.0008199058712760059,0.008097885959233886,0.006765384702368947,0.01409159359407767,-0.009558209083048608
2017-08-16,-0.006244375080602049,-0.0037736904317259654,-0.0068587783276301915,-0.00146136753293132,0.0070849627682720104,-0.008125033901428713
2017-08-17,0.003798991591445977,-0.009673425796745572,0.005513160268675321,0.0010910505271199966,0.00944517691590327,-0.0023069485944433032
2017-08-18,-0.008639767559561862,-0.005135562103237801,0.007484150313264726,-0.00518774010132903,0.0026234949153564275,-0.00836753095292826
2017-08-21,-0.002931834908717873,-0.0033222038038073776,-0.002104037977900486,0.0007661200499227971,0.0033105758007504205,-0.002625720595404224
2017-08-22,-0.0009241923072632976,-0.0030642283171768607,0.00010393582150628865,0.0008414071710232486,0.0019832613636752887,0.0021057760820005766
2017-08-23,0.009641819429107357,0.008998103753082853,0.008714887110213593,0.007725709569107703,0.006489961507781472,0.012133079615407067
2017-08-24,0.0,0.0,0.0,0.0,0.0,0.004306812520290748
2017-08-25,0.0034538120849123923,0.00435044192251847,0.0015676903089482477,0.001752601119290838,0.00530712155397058,0.0035477455843976784
2017-08-28,-0.0013240217666604381,0.003457794216099458,-0.007195348413023495,0.004359346766388383,-0.0027318834641962275,0.007924459248013408
2017-08-29,-0.001857338945660314,-0.0028795460127011008,0.0009953482529924118,-4.209958709974759e-05,-0.003064183135285614,-0.0013281011167783538
2017-08-30,0.0005044627219806253,0.0018223670762921307,-0.002865974756787626,-0.0004781262405490483,0.0010763428619631754,0.0023629182074975663
2017-08-31,0.0058367211641617844,0.0005638696420456335,0.0029469576242538986,0.002855893737906956,0.003090416955802977,0.00848398769522667
2017-09-01,0.0,0.0,0.0,0.0,0.0,-0.0020167696400994473
2017-09-04,-0.007214305512869058,-0.005488965010019698,-0.002983276552844472,0.0011418765770519815,0.0017038502814604288,-0.004058380467136602
2017-09-05,-0.003041539725023884,-0.003537091385211799,-0.004333043855204943,-0.002795636252143824,-0.0013304622590538107,-0.0032893221374654504
2017-09-06,-0.008722914076238542,-0.0021722693404871707,-0.004360028342923095,0.005964809183981595,0.0014485435212338582,-0.004500943368095922
2017-09-07,0.0010585040354839093,-0.00027660954215968925,0.0019174254115049139,0.001809867435941498,-0.0057481947243044895,0.0012069721878474882
2017-09-08,0.009663019719382585,0.010389991293507372,0.008693132421780528,0.002943106593918091,-0.008296922402170948,0.002466573953424589
2017-09-11,0.0038596382696288734,7.79560907803456e-05,-0.004454681724204712,-0.0034095088235989446,0.007152133846102082,0.0031274700353747685
2017-09-12,0.0034730297632270257,0.0024616869424415877,0.0017079081396104145,0.00037714402621855103,0.004538508798969526,0.0041921080284061385
2017-09-13,-0.0005207813544459766,-0.0009101653409456568,-0.0005004074942461358,-0.004223550537116649,0.0004466016326369446,-0.003422344543931445
2017-09-14,-0.0011098825229559628,-0.001621653845215787,0.00010223257280148057,-0.002098647482801863,0.0025372615033277257,-0.0009960404973492934
2017-09-15,-0.0003892020361150883,-0.0044156414495226115,0.0026834205960677704,-0.004906480394160168,-0.002727085101970811,0.0003278374405585316
2017-09-18,0.0,0.0,0.0,0.0,0.0,0.0
2017-09-19,-0.0033914443811759567,0.005645535507816925,0.0025078249756942837,0.006208195423975749,0.001956725851228858,0.002388038614997294
2017-09-20,-0.0049606902284217436,-0.005569394949452883,0.000210128573676166,-0.004785365855696555,-0.0012086905032968331,-0.004710649107419429
2017-09-21,0.004315514393101783,0.0036506838793471945,0.0031819487119732147,-8.807248914189172e-06,0.003155122610786698,0.000357120685317883
2017-09-22,0.009588876608257163,-0.00017914983532474338,0.006373756615027565,0.0002481657474389942,0.009452187407775231,0.003829318928642683
2017-09-25,0.00158853567040651,0.002894627968118013,0.008380750882063654,0.00662664697510747,-0.0012545942566921284,0.0067153786050166975
2017-09-26,-0.005398544852718808,0.0028777960673426195,0.001146058373478069,-0.004010963924698241,0.004946865658687664,-0.00234069260630453
2017-09-27,-0.005092990162161914,0.001509608335351002,-0.0017810019370385994,0.0004103053921140634,-0.003271993365391302,-0.007600166367108141
2017-09-28,0.004320801518386458,-0.0028157950667811737,-0.0014924924249070382,-0.005161348454159775,0.0031945326049085676,-0.0042138653745657315
2017-09-29,-0.003247134228608173,0.002546219120351134,-0.0008113750633438888,-0.0015355860495259444,0.006194944859320706,-0.0021376700397372672
2017-10-02,-0.0042384814094148515,-0.004173534016511859,0.006839882980061974,0.0056438481396948745,0.0006086244134863254,0.004227826920690014
2017-10-03,0.0016376376767574421,0.006825817626311915,0.0023624441609860327,0.0005464348812450172,-0.001075018315021192,0.0027288076288775553
2017-10-04,0.0036030841367129976,-0.002630332807539349,-0.001214113236960968,-0.00535633484631104,-0.0001730334476253599,-0.0012728686374411827
2017-10-05,0.00610083749324733,0.0012170319119232664,0.0021091205868424556,-0.0024537844851498514,0.0050926014463914815,0.0
2017-10-06,0.0016755544148214785,-0.0024110312024909486,5.0119109389068495e-06,-0.003082482726748298,-0.0009087400739203055,-0.0003216866888396143
2017-10-09,0.0,0.0,0.0,0.0,0.0,0.0
2017-10-10,0.0011821469639445303,-0.003747871265361552,-6.078712922472085e-05,0.002428759511113515,0.0024127669514793226,0.001055661771619661
2017-10-11,-0.0061083597563672265,-0.004726387919014724,-0.006149051827133711,0.006479565905799678,-0.0062284637030392,0.0014696559880785776
2017-10-12,0.002098585111446783,-0.0014295116005430767,-0.0026003154348172696,-0.0026913032713895557,-0.0006262110097807973,0.002576018199076195
2017-10-13,-0.0029718228573465404,-0.0009920535161465744,-0.004933523340181777,0.003423662920803117,0.00100383741179082,0.0012398903788441995
2017-10-16,0.004678614506962386,0.00200805892182343,0.001669631761908763,0.0009849289425490904,-0.0032815557277435237,-0.0006516471362298481
2017-10-17,0.0,0.0,0.0,0.0,0.0,-0.0024738404138533454
2017-10-18,-0.00016116585088514013,-0.00013513278546709983,-0.0006433975228496611,-0.002206032456534279,-0.00017777478381945477,-0.0035507974611291293
2017-10-19,0.0004121253648220834,-0.000981482595052004,-0.008901867483565768,-0.002430763044761826,-0.0032943769133321568,-0.002250710703398495
2017-10-20,0.0,0.0,0.0,0.0,0.0,0.0
2017-10-23,0.006555695230998526,-0.0010709683682733617,0.004307983154202666,-0.00818220361303838,0.010545694634937522,0.0049982999836019615
2017-10-24,-0.005452768681712239,0.003214642148326924,-0.003897699290128953,0.0014125694901378771,0.0013683059181797963,-0.0013075586995546784
2017-10-25,0.004303625363691924,-0.004743490143549577,0.002328320114998358,-0.0019067185175907588,0.0072176236787059676,-0.006228283281398645
2017-10-26,0.000647187838348745,0.0002704091992487001,-0.0005212941518244196,0.00043754676733345765,-0.004506367925415478,0.002821424943241002
2017-10-27,0.0018976975082722614,0.006947413283173387,-0.002418948203622262,-0.0032030292846383646,-0.004791931865839177,0.0016871561356152087
2017-10-30,0.0,0.0,0.0,0.0,0.0,0.0
2017-10-31,0.0,0.0,0.0,0.0,0.0,0.007042333315794107
2017-11-01,-0.006079419599830577,-0.0020103274838697838,-0.005971719663585756,0.005807834404712581,0.004989490521405432,0.009829038938058587
2017-11-02,0.004340580151232176,-0.00042816948147110035,0.005005619473225309,-0.002403889772440659,0.0016667645483014288,-0.0006098532752096078
2017-11-03,0.0,0.0,0.0,0.0,0.0,0.0
2017-11-06,-0.007289198441691069,-0.008910444713467913,-0.004865007466048732,0.0018911151865282916,-0.002159257874388143,0.0
2017-11-07,0.003862346929757121,0.0032710759213897267,0.019380461179254627,0.0013950801652201916,-0.0033780112592395883,0.0011119223543092581
2017-11-08,0.002953438745036988,-0.00033394294005058734,0.002005634157658346,-0.004467716032328909,-0.004180996546640762,0.005409039930428405
2017-11-09,0.004097853633690263,0.0037884729905159455,0.004034026128292689,0.0019581320114640645,0.0124431319767637,0.011212736281056734
2017-11-10,0.0,0.0,0.0,0.0,0.0,-0.0011701051261686635
2017-11-13,0.0017005711963518078,0.003725959618675123,-0.0016838751146776242,0.001783980214210734,0.0037482566673656017,0.0
2017-11-14,-0.010289454885497928,0.0038166576823251974,-0.004043567330372033,0.0070168932096248415,0.00348497672394274,-0.010258873557031256
2017-11-15,0.011388958012973627,0.00582302416636149,0.008536081246867416,-0.014444373405043343,0.010328329556317517,0.001489435480905743
2017-11-16,0.0,0.0,0.0,0.0,0.0,0.008538126665062762
2017-11-17,-0.0021998849086509362,0.002635198308285846,-0.013804677050593739,0.0012167960396313182,0.010396571902136682,-0.010191857352633615
2017-11-20,-0.0021448179960336933,0.00017406579068585115,-4.373288828271593e-05,-0.003161799137629595,0.005503322667757438,-0.002365680983080931
2017-11-21,0.005203360388811713,0.004898868013856897,0.0024606788408821894,-0.003098780208796208,0.009977459596983224,-0.004187315609390748
2017-11-22,0.0,0.0,0.0,0.0,0.0,0.0
2017-11-23,0.0,0.0,0.0,0.0,0.0,0.0
2017-11-24,0.0,0.0,0.0,0.0,0.0,0.0
2017-11-27,0.0011110998716050147,0.0022970535992694885,-0.006413951580857641,0.012968794545976048,0.010511247371376625,0.008229695666358268
2017-11-28,0.00991552659655681,0.005771920078505947,0.008015554215479354,-0.01426202498850489,0.006821555358627052,0.0
2017-11-29,0.0,0.0,0.0,0.0,0.0,-0.01151756956006785
2017-11-30,0.007101622071855206,-0.0012372172886610851,0.0036835565925180218,0.0007649445194615187,0.0016960516684556342,-0.0004959864463620248
2017-12-01,0.0,0.0,0.0,0.0,0.0,0.0
2017-12-04,0.012288616943171488,0.01826586757439813,-0.012200040865673695,0.0004959448733798388,-0.00363701727493862,0.007603195881241887
2017-12-05,0.0053481249668287925,0.014026880105588946,0.00017408818452143218,-0.0005165129848187706,0.012160952906481521,0.002626335761700682
2017-12-06,0.004864652940575883,-0.005407472536504013,-0.01266247912853428,-0.003432355524195888,0.0010180687370798058,0.0
2017-12-07,0.0017909333873642463,0.004276177617475008,-0.002453152800538566,-0.013462787590637099,0.004296603638032387,-0.005862006705015208
2017-12-08,0.0,0.0,0.0,0.0,0.0,0.006771821978244514
2017-12-11,0.0,0.0,0.0,0.0,0.0,-0.00470562993260748
2017-12-12,0.005902132869918475,0.009475238320180324,-0.00021292527434602082,-0.0037410896516075487,0.00032326376575769755,-0.0059621189048698064
2017-12-13,0.005159105442372441,0.01439764049108827,-0.004530172640888591,-0.007404203603984666,0.01013453509939119,-0.000769601294221758
2017-12-14,0.0025180543026270077,0.00439313940131177,-0.0010001899035673536,-0.004428386125391462,0.00590197587103732,0.0
2017-12-15,0.0,0.0,0.0,0.0,0.0,0.0
2017-12-18,-0.0044041570215365144,0.00046974622955128775,-0.010007813519632314,-0.0018953236560054487,-0.003473377449291992,-0.0025164346861197284
2017-12-19,-0.006628131779448571,0.0022629170022566147,-0.004591620869463436,-0.0042059557960155425,-0.0033121256159818757,-0.004769883347520001
2017-12-20,-0.001503595172484995,-0.004837440321336095,0.0074119204394144655,0.0074268434264367356,0.008419110726399448,0.0037170553386928207
2017-12-21,-0.008488242802684898,-0.012153216267982712,0.00861518678658535,0.00207966281926956,0.004935432151607374,0.0022082287598524262
2017-12-22,0.0,0.0,0.0,0.0,0.0,-0.003284717938410342
2017-12-25,0.0,0.0,0.0,0.0,0.0,-2.8887233916030652e-06
2017-12-26,0.005778886614428214,-0.0007148323874250073,-0.0034235754770917115,0.0063553002915998635,0.004800039763248776,0.0012746779954768803
2017-12-27,-0.0005312199651477112,-0.0038171023238418034,-0.0039540648006717305,-0.006464940374015793,-0.006462288631247093,-0.00272931967706469
2017-12-28,0.0014051755722067627,-0.0036791557608917003,0.0018501519391449783,-0.0035566805591449036,0.0006777351835874634,-0.009218878942357844
2017-12-29,0.0,0.0,0.0,0.0,0.0,0.014387680527461736
2018-01-01,0.0,0.0,0.0,0.0,0.0,0.0
2018-01-02,0.0,0.0,0.0,0.0,0.0,0.0
2018-01-03,0.0,0.0,0.0,0.0,0.0,0.0
2018-01-04,0.01978555949745442,0.027597402117161496,0.0253484822554797,0.020277107691667517,0.004152361309282482,0.017898594729061558
2018-01-05,0.008364323112221092,0.01120853043232839,0.010892086458310633,0.009510449572049197,0.007273144406627852,0.008078833669094196
2018-01-08,0.0,0.0,0.0,0.0,0.0,0.0
2018-01-09,-0.0024833306422798462,0.001233375632650635,0.005863395920303938,0.0007494997182312391,0.009364515699754106,0.008470979130496548
2018-01-10,-0.00880259065125305,-0.004746930041088532,0.009053094203308881,-0.00477522528853469,-0.003648062930843826,0.001117512470327986
2018-01-11,0.0,0.0,0.0,0.0,0.0,0.00188049495361207
2018-01-12,0.0,0.0,0.0,0.0,0.0,0.009586854901969588
2018-01-15,0.011808666274808838,-0.004804055930237583,0.007652423214646792,0.003287208999737612,0.001084020516542078,0.010058480192905467
2018-01-16,0.004727962350898156,0.008413607993367359,0.007347608396338597,0.0037784453522650137,-0.007112992258049954,0.005115418863855525
2018-01-17,0.0,0.0,0.0,0.0,0.0,-0.00923782434672582
2018-01-18,0.005839038463144208,-0.0068904681888619645,0.0032392750788060587,0.0006499894088242142,0.00905447932739431,-0.004962827960826144
2018-01-19,0.0,0.0,0.0,0.0,0.0,0.0
2018-01-22,-0.0029613147738201673,0.005650466374433338,0.005562807446034296,-0.008000546909220058,-0.0028725064269388145,-0.006320857780560574
2018-01-23,0.0028904759051266993,0.0021422532756951163,0.006345750289563801,-0.0016167547024334428,0.004470719739102208,0.0028904759051266993
2018-01-24,0.0,0.0,0.0,0.0,0.0,-0.006984447158001572
2018-01-25,-0.0010963297348933199,0.000862658244004999,0.0026975557129082506,0.0014594826187246945,-0.0037156668635116574,-0.0013885440925967222
2018-01-26,0.0,0.0,0.0,0.0,0.0,0.0
2018-01-29,0.0,0.0,0.0,0.0,0.0,-0.009864360633317193
2018-01-30,0.0022809239972859663,0.006044196278778197,-0.004914748861850782,0.0012041263350098252,-0.0076351433136758184,0.00615522878752528
2018-01-31,0.007575196430715164,0.002709122491311333,0.005157789531133494,-0.006747209935378251,0.005379049833819122,0.004805744106366888
2018-02-01,0.0,0.0,0.0,0.0,0.0,-0.011362282174120183
2018-02-02,0.0,0.0,0.0,0.0,0.0,0.006938808627648396
2018-02-05,-0.02287390889626814,-0.007373977988248431,-0.01370655124735412,-0.01012646556604388,0.01748026931774546,-0.03085361408890985
2018-02-06,-0.0004792827804842581,0.010217869360731158,0.03537128306471968,0.004121457634635423,0.0008134046086710756,-0.023543144767025237
2018-02-07,0.012834604038173249,-0.0032637710361830942,-0.0015486898406923202,-0.004438528169909928,-0.007068862738924244,0.0340808761248127
2018-02-08,0.011807510105684593,-0.005115168630448419,-0.01571414814614211,-0.0055214760386624595,-0.016210476118287853,-0.013816517427179412
2018-02-09,0.0009646152337996117,-0.007242140559530689,-0.024883843322605622,0.014022129770263177,0.022439488114139167,0.023200687980407864
2018-02-12,0.0,0.0,0.0,0.0,0.0,0.0
2018-02-13,-0.004776469960520613,-0.0029973308572875945,-0.008970331181995361,-0.006720356363271174,-0.009317426318859068,-0.018053511523261567
2018-02-14,-0.0003994858384541722,-0.01358025509310229,0.0023166167853014563,0.00601822665290519,-0.00942733816709923,0.0060014881856939595
2018-02-15,0.005136078047177084,-0.006561946422069198,0.0031917419264107794,0.004972096070624099,0.015710739606079077,0.001663421360852596
2018-02-16,0.0,0.0,0.0,0.0,0.0,0.0
2018-02-19,0.0058180424907153805,-0.008633351722605237,-0.0009843115999555174,-0.00703350892199614,0.008445231381554591,-0.0023247674648629486
2018-02-20,0.004559058042543454,0.0005826288660484292,0.002359586418293369,-0.014729099250132511,0.015056240254736987,-0.003926773204590339
2018-02-21,-0.002137231821320945,0.004385513209880509,-0.0005832415939927005,0.009521850170182422,0.00041125610617984143,-0.0006038409677597474
2018-02-22,0.0,0.0,0.0,0.0,0.0,-0.006268617453825971
2018-02-23,0.0,0.0,0.0,0.0,0.0,0.0029006883756220736
2018-02-26,-0.020507995754056003,0.012274036481769725,-0.020664017492781014,-0.018103778699308567,-0.008701882662278374,-0.02604456491174978
2018-02-27,0.017219231218447095,0.017596748532984208,-1.0338774404372586e-05,-0.009986294836106302,0.010071160035019039,0.0017255960471232647
2018-02-28,0.0,0.0,0.0,0.0,0.0,0.023885541971516006
2018-03-01,0.015157803761390115,-0.002204738847586818,0.0046670193826327255,-0.0051843488696924345,-0.004434873981923271,-0.010674854390631882
2018-03-02,0.0,0.0,0.0,0.0,0.0,0.005853627935906269
2018-03-05,0.016463004976452977,-0.001894456159177521,-0.008719205807278696,-0.007877508633804292,0.0024141963897990892,0.011277872602602379
2018-03-06,-0.015756054757872152,-0.02774715742649614,-0.02749799093319875,0.012471817965526839,-0.01813972781767211,-0.006394339256892367
2018-03-07,0.0,0.0,0.0,0.0,0.0,0.004795680197005048
2018-03-08,0.0,0.0,0.0,0.0,0.0,-0.0018953136969568352
2018-03-09,0.0,0.0,0.0,0.0,0.0,0.0
2018-03-12,0.0,0.0,0.0,0.0,0.0,-0.0028277463411081607
2018-03-13,0.0,0.0,0.0,0.0,0.0,0.02580756036870091
2018-03-14,0.0,0.0,0.0,0.0,0.0,-0.0017808907754841008
2018-03-15,0.0,0.0,0.0,0.0,0.0,0.005044302518426876
2018-03-16,0.0,0.0,0.0,0.0,0.0,0.0
2018-03-19,0.0,0.0,0.0,0.0,0.0,-0.02876762464012454
2018-03-20,0.0,0.0,0.0,0.0,0.0,0.0
2018-03-21,0.0,0.0,0.0,0.0,0.0,0.0
2018-03-22,0.0,0.0,0.0,0.0,0.0,0.0
2018-03-23,-0.025517940572871073,0.021438080371181334,-0.01706227253988915,-0.01993958515636357,0.007821030719568745,-0.02341647479881958
2018-03-26,-0.001949087240335527,0.001183330916346148,-0.0024308509307421717,0.0030861017965742032,0.000830452109395142,0.004981551670789878
2018-03-27,0.01229112825105379,0.00757630497968494,0.003907150979450935,-0.002545110938635112,0.0010579537007176683,0.007217353738558585
2018-03-28,0.0,0.0,0.0,0.0,0.0,-0.02535552778842909
2018-03-29,-0.0019767659773367212,0.006543649363050185,0.015664233079251577,-0.010329784332311943,0.0019450655198934485,-0.01299870837803041
2018-03-30,0.0,0.0,0.0,0.0,0.0,0.0
2018-04-02,0.0,0.0,0.0,0.0,0.0,0.0
2018-04-03,0.0,0.0,0.0,0.0,0.0,0.0
2018-04-04,0.0,0.0,0.0,0.0,0.0,0.0
2018-04-05,-0.010427806463169133,0.005336753989759227,0.0018725225969554353,-0.007441983596359762,-0.0033477707465113795,0.0021506422890087695
2018-04-06,0.0,0.0,0.0,0.0,0.0,0.0
2018-04-09,0.0,0.0,0.0,0.0,0.0,-0.000804757594783434
2018-04-10,0.0,0.0,0.0,0.0,0.0,-0.015105967460004605
2018-04-11,0.0,0.0,0.0,0.0,0.0,0.0
2018-04-12,0.0,0.0,0.0,0.0,0.0,0.0
2018-04-13,0.0,0.0,0.0,0.0,0.0,-0.029892011069397928
2018-04-16,0.0,0.0,0.0,0.0,0.0,0.00652141406907808
2018-04-17,0.0,0.0,0.0,0.0,0.0,0.0008175108648461604
2018-04-18,0.0,0.0,0.0,0.0,0.0,-0.0028504127964851613
2018-04-19,0.0,0.0,0.0,0.0,0.0,0.0016757105222275914
2018-04-20,0.0,0.0,0.0,0.0,0.0,0.007374377325412906
2018-04-23,0.0,0.0,0.0,0.0,0.0,0.011406263202790423
2018-04-24,0.0,0.0,0.0,0.0,0.0,-0.004767466978663815
2018-04-25,0.0,0.0,0.0,0.0,0.0,0.007121075651608799
2018-04-26,0.0,0.0,0.0,0.0,0.0,0.0
2018-04-27,0.006582315837741789,0.010364106029337683,0.006679808070208441,-0.006571082069351124,0.004050975984592179,-0.0015601042424707723
2018-04-30,0.0,0.0,0.0,0.0,0.0,0.0
2018-05-01,0.0,0.0,0.0,0.0,0.0,-3.75712802500594e-05
2018-05-02,0.0,0.0,0.0,0.0,0.0,0.0
2018-05-03,0.0,0.0,0.0,0.0,0.0,0.0
2018-05-04,0.0,0.0,0.0,0.0,0.0,0.0
2018-05-07,0.0,0.0,0.0,0.0,0.0,-0.0044287101170392695
2018-05-08,0.0,0.0,0.0,0.0,0.0,0.0
2018-05-09,0.0,0.0,0.0,0.0,0.0,0.0
2018-05-10,0.0,0.0,0.0,0.0,0.0,0.0
2018-05-11,0.008530643775980524,0.01309598524389018,-0.0013144877716246839,-0.0003675930408314123,-0.01205541517132221,-0.006940180388068262
2018-05-14,0.0,0.0,0.0,0.0,0.0,0.011621871784497471
2018-05-15,0.0,0.0,0.0,0.0,0.0,-0.02731139804080207
2018-05-16,0.0,0.0,0.0,0.0,0.0,0.0
2018-05-17,0.0,0.0,0.0,0.0,0.0,-0.006012795320031961
2018-05-18,0.0,0.0,0.0,0.0,0.0,0.0018446495771142768
2018-05-21,0.0,0.0,0.0,0.0,0.0,0.0014419892030684833
2018-05-22,0.0,0.0,0.0,0.0,0.0,0.0
2018-05-23,0.0,0.0,0.0,0.0,0.0,-0.002515940244363449
2018-05-24,0.0,0.0,0.0,0.0,0.0,-0.00025351907614715175
2018-05-25,0.0,0.0,0.0,0.0,0.0,0.006440953444734415
2018-05-28,0.0,0.0,0.0,0.0,0.0,0.009836045782338765
2018-05-29,0.0,0.0,0.0,0.0,0.0,0.0
2018-05-30,0.0030333203147629995,-0.016844294499221018,0.012113539565075403,-0.0094176468740725,-0.012053986445528426,0.003013591463269849
2018-05-31,0.0,0.0,0.0,0.0,0.0,0.008382227936424957
2018-06-01,0.0,0.0,0.0,0.0,0.0,0.0
2018-06-04,0.0,0.0,0.0,0.0,0.0,0.0
2018-06-05,0.0,0.0,0.0,0.0,0.0,0.0
2018-06-06,0.0,0.0,0.0,0.0,0.0,0.04946289392070269
2018-06-07,0.007645293700887587,0.015122890197499904,0.013621806278944604,0.0074830197546553725,0.008215873593348966,0.01915830568387228
2018-06-08,0.0,0.0,0.0,0.0,0.0,-0.03914159786985505
2018-06-11,0.0,0.0,0.0,0.0,0.0,-0.0005400014808536469
2018-06-12,0.0,0.0,0.0,0.0,0.0,-3.48664390034119e-05
2018-06-13,0.0,0.0,0.0,0.0,0.0,0.016650972802222164
2018-06-14,0.0,0.0,0.0,0.0,0.0,0.0057561766067505404
2018-06-15,0.0,0.0,0.0,0.0,0.0,0.0
2018-06-18,0.0,0.0,0.0,0.0,0.0,-0.007316313353211664
2018-06-19,0.0,0.0,0.0,0.0,0.0,0.0
2018-06-20,0.0,0.0,0.0,0.0,0.0,-0.0006511609002105194
2018-06-21,0.0,0.0,0.0,0.0,0.0,0.0
2018-06-22,0.0,0.0,0.0,0.0,0.0,0.004615537243381373
2018-06-25,0.008731018998215195,0.002604312342222358,-0.0016540898916315907,0.008428261432122497,-0.008002911447861472,0.0
2018-06-26,0.0,0.0,0.0,0.0,0.0,-0.0013459661395456846
2018-06-27,0.0,0.0,0.0,0.0,0.0,0.004166854462231084
2018-06-28,0.0,0.0,0.0,0.0,0.0,0.0
2018-06-29,0.0,0.0,0.0,0.0,0.0,0.0
2018-07-02,0.008902240923577637,0.007879164803384214,-0.005142912980785119,-0.009564367543373309,-0.00011602367070340236,-0.0026081060861942174
2018-07-03,-0.03429560983569265,0.006950010642506554,-0.006957155871259334,-0.03888428990200014,-0.00898957733228456,-0.0278166620044957
2018-07-04,-0.0003547689559394811,0.0049266969902262234,0.007360899109046137,0.009785449645074882,0.002370703545392372,0.0
2018-07-05,-0.003936515074225655,0.0020075084437402024,0.0026034776438996488,-0.0004680424603264455,0.008624629422603974,-0.00507727464226761
2018-07-06,0.002925099635567307,-0.00026324582828548193,0.003801812419973423,-0.006971808403761546,0.005738326590067751,-0.001792196328323614
2018-07-09,0.0039707046259468415,0.0042957272441002115,-0.006669337479854209,0.00285552705467218,0.01147212170331996,0.0062344319397458214
2018-07-10,0.007757799273972932,0.005843131513953104,0.011355731234391223,-0.0056228854447807125,0.006093352647707429,0.004793625810523117
2018-07-11,0.00250316567864578,0.0034582252983278716,0.002513289888420367,-0.004166263518046692,-0.00016593116959290333,0.0016970193729320057
2018-07-12,0.0,0.0,0.0,0.0,0.0,0.010701593466861364
2018-07-13,0.011856060025066784,-0.013381587800415595,-0.011951758784790711,-0.008717307708156319,-0.00896979065661796,-0.003144812688758769
2018-07-16,0.0,0.0,0.0,0.0,0.0,0.0
2018-07-17,-0.0008576419517880574,-0.0067319673703446214,-0.0019912908617149006,-0.006896681274280003,0.005268260987836781,-0.006754022839141061
2018-07-18,0.0,0.0,0.0,0.0,0.0,0.006155828017535928
2018-07-19,0.0,0.0,0.0,0.0,0.0,0.0
2018-07-20,0.0,0.0,0.0,0.0,0.0,0.0
2018-07-23,-0.009351858294165367,-0.0072719835897102625,0.002627109198978054,-0.011019340965285562,0.01009759989890117,-0.008880698393533348
2018-07-24,0.0,0.0,0.0,0.0,0.0,0.0
2018-07-25,0.0,0.0,0.0,0.0,0.0,-0.014219378015632556
2018-07-26,0.0,0.0,0.0,0.0,0.0,-0.01297252679975765
2018-07-27,0.0,0.0,0.0,0.0,0.0,0.0
2018-07-30,0.0,0.0,0.0,0.0,0.0,0.0
2018-07-31,0.013876056421118482,-0.00044357594070383875,0.004844414471461629,-0.00726515814574306,0.0011339521342790253,0.007833602688490648
2018-08-01,-0.0006000560597009819,-0.008272062615004211,-0.01152699600890944,0.007701145915504082,0.006779563427994517,0.004485695317673362
2018-08-02,0.0,0.0,0.0,0.0,0.0,0.004647869354390618
2018-08-03,0.0,0.0,0.0,0.0,0.0,0.003956017581595953
2018-08-06,0.0,0.0,0.0,0.0,0.0,0.007115890256595314
2018-08-07,0.0,0.0,0.0,0.0,0.0,-0.00596265379004568
2018-08-08,0.005463743572238443,0.0012148630018659437,0.0016660303390557316,-0.0005007593919064499,0.005262756547167383,0.014934977588977105
2018-08-09,0.0,0.0,0.0,0.0,0.0,0.00417172611049893
2018-08-10,0.0,0.0,0.0,0.0,0.0,0.0
2018-08-13,-0.0019486636934281654,-0.008261636124221733,-0.001626036599664371,-0.011947372909636073,-0.001011199101916327,-0.01192042828542095
2018-08-14,0.004564010290385168,-0.0010513228476464187,-0.0035774502009258136,-0.0025203612866689373,0.0017703379572246436,0.000525796246468091
2018-08-15,0.010911529541378305,-0.002974769264485773,-0.0022143655912367404,0.00014756096144345271,-0.01659495312458355,-0.00010138485296046218
2018-08-16,0.0,0.0,0.0,0.0,0.0,0.007913791760480599
2018-08-17,0.0,0.0,0.0,0.0,0.0,0.0
2018-08-20,0.0,0.0,0.0,0.0,0.0,0.0065531552058430975
2018-08-21,0.0,0.0,0.0,0.0,0.0,0.0
2018-08-22,0.0,0.0,0.0,0.0,0.0,0.0
2018-08-23,0.0,0.0,0.0,0.0,0.0,0.0
2018-08-24,0.0,0.0,0.0,0.0,0.0,0.009578668392126954
2018-08-27,0.0,0.0,0.0,0.0,0.0,-0.0002896999096649129
2018-08-28,0.021496046821412818,-0.003662717172433827,-0.029511699252156354,-0.018751246423952723,0.0016166130742717448,0.007984094125807362
2018-08-29,0.0,0.0,0.0,0.0,0.0,0.012345911393913833
2018-08-30,0.0,0.0,0.0,0.0,0.0,0.0
2018-08-31,-0.007863318612643222,0.009615002913008503,0.0032495298002714144,0.00863601338851457,0.0028330811647689167,0.010421181171237453
2018-09-03,0.0,0.0,0.0,0.0,0.0,0.021973158827116757
2018-09-04,0.0,0.0,0.0,0.0,0.0,0.006077736725877192
2018-09-05,0.0,0.0,0.0,0.0,0.0,-0.003913685067107153
2018-09-06,0.0,0.0,0.0,0.0,0.0,0.029599693809461702
2018-09-07,0.0,0.0,0.0,0.0,0.0,-0.008350967866975811
2018-09-10,0.0,0.0,0.0,0.0,0.0,0.011033038960367225
2018-09-11,0.0,0.0,0.0,0.0,0.0,0.018156607782165102
2018-09-12,0.0,0.0,0.0,0.0,0.0,0.0029467983058392897
2018-09-13,-0.0024135134256924053,0.015762207261766394,0.010786066870377236,0.0002492096567188553,0.006409156656180987,-0.0009547278430426243
2018-09-14,-0.002047493521488697,0.003883906391004702,0.007269417913908116,-0.010841146374711378,-0.009468260172966906,-0.005686239492555645
2018-09-17,0.0,0.0,0.0,0.0,0.0,0.0
2018-09-18,0.013346315877334397,0.01820712984907205,0.019811696816101038,-0.01329206345196321,-0.004524357453756761,-0.006273081498685782
2018-09-19,-0.006300878019613652,-0.009091792573891663,-0.005325912003975921,-0.0007446458754862826,-0.005256200749173435,0.0014256257707172541
2018-09-20,0.006128706990944283,-0.008618839346273943,-0.012705325726783706,0.0024551646246696868,0.0033633583771407183,-0.0004942331350830664
2018-09-21,-0.0007968398646028829,0.001295193011620066,0.010788283928698461,-0.0007015037380396771,-0.010714133247793856,-0.005993356878955192
2018-09-24,0.0,0.0,0.0,0.0,0.0,0.0
2018-09-25,0.014290220031577816,-0.00857652580450785,-0.011422121041776812,-0.009829721004226244,0.0029374866801022415,-0.00133146657392183
2018-09-26,0.00700624172139815,0.002606160774851503,-0.0023335194622641957,0.0037661367852273404,0.004825382918744569,0.006110149757328154
2018-09-27,0.0,0.0,0.0,0.0,0.0,0.002811206090998275
2018-09-28,0.0,0.0,0.0,0.0,0.0,-0.018873188006678032
2018-10-01,0.0,0.0,0.0,0.0,0.0,0.0004595627187484741
2018-10-02,0.0,0.0,0.0,0.0,0.0,0.001033604258189491
2018-10-03,0.007512194891698926,-0.006610415536981938,-0.0064266232437653415,-8.944514496500606e-05,-0.0022929379606965164,0.011134124620100883
2018-10-04,0.0,0.0,0.0,0.0,0.0,0.012263694848547594
2018-10-05,0.0,0.0,0.0,0.0,0.0,0.004576202180515928
2018-10-08,0.0,0.0,0.0,0.0,0.0,0.0
2018-10-09,0.00030691347124550683,-0.0024901151267562316,-0.00891458823134142,0.0007779719517782002,0.0065722917010006265,0.002769698438527007
2018-10-10,0.0,0.0,0.0,0.0,0.0,0.0
2018-10-11,-0.01300765388802369,-0.014714908038237468,-0.015615284651641775,-0.007574352072546198,0.0023522657794160795,-0.022451622144671085
2018-10-12,0.004042149384930119,-0.0025889696506041417,0.02369106324902004,-0.004583274429260505,0.011084552336639037,-0.012055277185224145
2018-10-15,0.0,0.0,0.0,0.0,0.0,0.0
2018-10-16,0.022659800704951768,0.02149192269968196,0.005624522407004912,0.013097175003313642,-0.022081797436594698,0.03941270133139935
2018-10-17,0.0,0.0,0.0,0.0,0.0,0.0008411032306242889
2018-10-18,0.004412606237662856,0.0025296022576509376,-0.005177860178964783,-0.001135607685475974,-0.003844791666004155,0.003932987762384266
2018-10-19,0.0,0.0,0.0,0.0,0.0,0.003735883682650376
2018-10-22,0.0,0.0,0.0,0.0,0.0,0.030553123246824448
2018-10-23,-0.011856385713035572,-0.005977282324522493,0.012170219568361812,-0.0065550109221873265,-0.008683466864944173,-0.003954541515696253
2018-10-24,0.0,0.0,0.0,0.0,0.0,-0.0063481697389009915
2018-10-25,0.018058046768816033,-0.007344611661294048,-0.00029724991458215944,-0.00284311019577288,0.015531867748361933,0.013316611604929075
2018-10-26,0.014656141177664969,0.014078991374185518,0.0050548897479607184,0.02411033053572942,0.010025025003531567,0.022470074712053978
2018-10-29,0.0,0.0,0.0,0.0,0.0,0.0
2018-10-30,0.0,0.0,0.0,0.0,0.0,0.0
2018-10-31,0.010588939905306887,0.019776506673170397,-0.006560694145370861,-0.026250826674270995,0.015232026849982002,0.0005945177887971553
2018-11-01,0.005929302385437466,0.002538381221677414,0.006961943904414994,-0.0027794204484986222,0.0025559896094252688,0.004479384102831144
2018-11-02,-0.003291402848903945,-0.007752671846827597,-0.01018474467979491,-0.0005032939022090832,0.004089117148649273,0.009762756970446707
2018-11-05,0.0,0.0,0.0,0.0,0.0,0.0
2018-11-06,0.0,0.0,0.0,0.0,0.0,0.0
2018-11-07,0.0,0.0,0.0,0.0,0.0,0.0
2018-11-08,0.0,0.0,0.0,0.0,0.0,-0.00030016536998545007
2018-11-09,0.0,0.0,0.0,0.0,0.0,0.0
2018-11-12,0.0,0.0,0.0,0.0,0.0,0.0
2018-11-13,0.030642377912512203,0.04270550905959514,0.0049664465551758075,-0.03778584469601534,0.02155139553706581,0.02545495686797386
2018-11-14,0.0,0.0,0.0,0.0,0.0,-0.024808099615991452
2018-11-15,-0.00840363444131605,-0.002997819415122783,-0.02522015849431732,-0.008065806652073348,-0.0021442140909829766,0.00736879282949221
2018-11-16,0.0,0.0,0.0,0.0,0.0,0.0
2018-11-19,0.0,0.0,0.0,0.0,0.0,-0.0014483031921670442
2018-11-20,-0.005062312388677298,0.0005821147356931122,0.00471363457625118,0.01962000624805696,0.0016860005906793596,0.006878282463174273
2018-11-21,0.0034016689103471744,-0.004459802747420934,-0.02153392754637858,-0.008257092698379265,0.010220422482875469,-0.008064805378644055
2018-11-22,0.0,0.0,0.0,0.0,0.0,0.0
2018-11-23,0.0,0.0,0.0,0.0,0.0,0.0
2018-11-26,0.0,0.0,0.0,0.0,0.0,0.010574758436608617
2018-11-27,0.006994925804021251,0.004633839544000817,0.01040643104782421,-0.0005380851433297584,0.010749699368021337,-0.012721267572511463
2018-11-28,0.008734836421384645,0.0028502336502015946,0.011665073305758833,-0.005976322334712902,-0.008298130673229764,0.007605684534577411
2018-11-29,0.0,0.0,0.0,0.0,0.0,0.0
2018-11-30,0.001534505185494768,0.0036421703012360362,-0.001965145714236523,-0.0017407744741404496,-0.00274939759135695,0.003724448517796075
2018-12-03,-0.00018580322740902044,0.0010859879337559997,0.00286473513726504,-0.0005885001268888523,0.0011636406508916397,0.0024212883357770387
2018-12-04,0.026841816499496057,0.0008398772231631062,0.01455599370051319,0.004661155294957475,-0.00014167402173148602,0.0383646522485277
2018-12-05,0.0042228193932825064,0.014010242911902393,0.0028660626735693417,0.0161575551755124,-0.00027858965345953224,0.011017039352138793
2018-12-06,-0.003831016811093352,-0.0037189402210077716,-0.0038811938203768825,0.0013805031952693336,0.002825522876564679,-0.0006620524169660244
2018-12-07,0.0,0.0,0.0,0.0,0.0,0.0
2018-12-10,0.0,0.0,0.0,0.0,0.0,-0.005556234078442784
2018-12-11,-0.010333041964619481,-0.006934314541352885,-0.005051448214772658,0.016064098814418837,0.0020839488268374166,0.00561671718955122
2018-12-12,-0.002797782288242151,0.011906184213302806,-0.00018307028896716315,-0.005445053051039178,-6.202745355357586e-05,-0.0020002986286768165
2018-12-13,0.0,0.0,0.0,0.0,0.0,-0.02041744822109204
2018-12-14,0.0,0.0,0.0,0.0,0.0,-0.0008169592915174088
2018-12-17,0.004333909136027381,0.0067309331593805866,0.0022968046799893005,0.0015191891571085525,0.00459310751782066,0.0058950903038130775
2018-12-18,-0.006559853999004694,0.006283573068276538,-0.015699597555790226,0.004321507847416316,0.0027816408889045356,-0.003388308628940722
2018-12-19,0.0,0.0,0.0,0.0,0.0,0.0
2018-12-20,-0.004422093179517139,0.0019734785766452323,0.009595749306807844,-0.014820003621882488,0.013775346468471145,-0.012110790673032798
2018-12-21,-0.0028742929037500753,0.0021645865757384426,0.010973666365772128,-0.003026701655810908,0.004615248180973549,-0.0030981182484332197
2018-12-24,0.0,0.0,0.0,0.0,0.0,0.0
2018-12-25,0.002555346447661755,0.01691244421937571,0.01139146949207942,-0.004337891627075097,-0.004807787294017762,0.00372286215677926
2018-12-26,0.0035121179403174493,-0.01601488383435421,0.026750910464252223,-0.04513900819263448,0.0063260628245169976,-0.021434549764472864
2018-12-27,-0.005438673044903641,-0.02410313080785681,0.006815225769478961,0.018691289750697393,-0.012236285118541246,0.03492715092616372
2018-12-28,0.0,0.0,0.0,0.0,0.0,-0.00047951460477857477
2018-12-31,0.0,0.0,0.0,0.0,0.0,0.0
2019-01-07,-0.015127558281185227,-0.029261477379652567,-0.02118587644752168,-0.0023061030568473084,0.0099163943781434,-0.006255188331862005
2019-01-08,-0.0004904100299107372,0.0017565827303197556,0.00453731721345646,-0.001497209678846645,-0.003002162027917643,-0.0001101520895481203
2019-01-09,0.01658202958354804,-0.0007677736626586773,0.017697097427137404,0.013420422149611477,-0.006242891966282416,0.03233889036922588
2019-01-10,-0.0001880723280869303,-0.0034958952467217808,0.005739425728598201,0.00501972985516023,-0.009682370109028948,0.009609765042280949
2019-01-11,0.0,0.0,0.0,0.0,0.0,-0.013920185983555489
2019-01-16,0.00678147366071824,-0.012787409479162126,-0.011955210019492363,-0.0013196161782154468,-0.010178589787767013,0.00755946640650133
2019-01-17,0.0008538759895717063,0.008512225199656609,0.004798209530075981,-0.01042691487093203,0.004023112031726062,-0.011020263113604295
2019-01-18,0.0,0.0,0.0,0.0,0.0,0.0
2019-01-21,0.0,0.0,0.0,0.0,0.0,0.003366233254622264
2019-01-22,0.0,0.0,0.0,0.0,0.0,0.030852023264005823
2019-01-23,0.0,0.0,0.0,0.0,0.0,0.007423090909742414
2019-01-24,-0.005437693212100747,0.009518746629405828,-0.008441721656138823,-0.013830264853342433,-0.016126040819493898,-0.012548832372552238
2019-01-25,0.0,0.0,0.0,0.0,0.0,0.0
2019-01-28,0.0,0.0,0.0,0.0,0.0,0.0
2019-01-29,-0.012794420535064327,-0.0018103761390225737,0.013562654281329994,-0.0011190777839815425,0.00299601252298054,-0.024695277676312112
2019-01-30,0.015233493382661861,0.01362151520323679,-0.012676237978142352,-0.009820310284344408,0.003901101539891483,0.012053460321481468
2019-01-31,0.0,0.0,0.0,0.0,0.0,-0.0005420308800244875
2019-02-01,0.0,0.0,0.0,0.0,0.0,-0.001604260369409305
2019-02-04,-0.0037536184867574826,-0.0005212089371709359,-0.003379360954602141,0.0005407168559822934,-0.003453052777621847,-0.0034947730586671315
2019-02-05,0.0,0.0,0.0,0.0,0.0,-0.0001214526307704944
2019-02-06,-0.010027302470589028,0.0017574040292747855,-0.0065001028832295145,0.0017799800819452054,0.0032877568365435503,-0.005200625857482488
2019-02-07,0.0,0.0,0.0,0.0,0.0,0.004476276399491469
2019-02-08,0.0,0.0,0.0,0.0,0.0,-0.0013181810421596385
2019-02-13,-0.0027071541276874056,-0.012946553948622874,0.0007283141189620701,-0.006396913582218611,0.006383699650357233,-0.02848208171855142
2019-02-14,-0.016209651456726405,-0.009665286065762892,-0.015608884015472963,0.0029342264873587114,0.006122174019612681,-0.01869918593091463
2019-02-15,0.0,0.0,0.0,0.0,0.0,0.0
2019-02-18,-0.00020423204254421679,-0.008190870225531999,-0.006178806036137741,-0.015022664097889715,0.004147046737366156,-0.018228350374283924
2019-02-19,0.011490932774072815,0.00824523754647119,0.010397923910280271,-0.0070922162078649875,0.006771294375083253,-0.005740302614074951
2019-02-20,0.0,0.0,0.0,0.0,0.0,0.006230193091529834
2019-02-21,-0.004753684162470683,-0.0009210777060425502,0.0020141811497659257,0.006786146317504922,0.002652141084559541,0.005348649714414695
2019-02-22,0.0,0.0,0.0,0.0,0.0,0.0
2019-02-25,0.0,0.0,0.0,0.0,0.0,0.024937747525385117
2019-02-26,0.0,0.0,0.0,0.0,0.0,-0.008399189000740215
2019-02-27,0.0,0.0,0.0,0.0,0.0,0.0
2019-02-28,0.0016246819079150654,-0.0009975656685915768,-0.0007159878821477172,-0.0018499030282920215,0.0036643392049122703,0.0018376975853371946
2019-03-01,0.0,0.0,0.0,0.0,0.0,-0.013736632848371122
2019-03-04,0.007562046816995044,0.0033542705456753585,0.007562046816995044,-0.0006408241639049017,0.005456211888483442,0.004501780893527901
2019-03-05,0.0,0.0,0.0,0.0,0.0,-0.0035004599906847678
2019-03-06,0.0,0.0,0.0,0.0,0.0,-0.007323333915128405
2019-03-07,0.0,0.0,0.0,0.0,0.0,0.016958645709105102
2019-03-08,0.0,0.0,0.0,0.0,0.0,-0.0008755628342688726
2019-03-11,-0.016489322802947542,-0.0030599970614701155,-0.0033388455745412826,-0.004110630327689019,0.008061023270500178,-0.010318921666540692
2019-03-12,-0.014131183455919683,-0.01943267262472731,0.011521421384556113,0.0010478587348320412,0.0016153465159654823,-0.019595952356690205
2019-03-13,-0.0010615347848259293,-0.0049517053632431585,-0.0042997945641642665,-0.0030382335784140124,-0.0010932037216165869,-0.0063636828850726634
2019-03-14,0.0,0.0,0.0,0.0,0.0,0.0
2019-03-15,0.0,0.0,0.0,0.0,0.0,0.0
2019-03-18,-0.0006309198208440114,-8.529708494897648e-05,0.007201769298635086,0.0029535969105441984,-0.0033417005349730133,0.0016977907184732022
2019-03-19,-0.0005582263231103668,0.00093763365281746,-0.0021881242171055137,-0.0011472034580350399,0.0068123140102138435,-0.0022164294651528527
2019-03-20,0.0,0.0,0.0,0.0,0.0,0.008565208109865607
2019-03-25,0.009355711795784316,-0.006900408081990883,0.005316520226266533,-0.015776330165014486,-0.0004754703287658255,0.0
2019-03-26,-0.0003649448448007908,0.015694870758433732,0.0039230996179907,0.02218442248138311,0.014038296581732584,0.0
2019-03-27,-0.0052576414847549935,0.0023741258060157033,0.007386225357472076,0.0034156022898746974,0.002724423590778652,0.005478363622862877
2019-03-28,-0.008100439763785123,-0.004140552694062032,0.004987971548399324,0.0024818370682289453,0.008891901238366733,-0.02011239248587008
2019-03-29,0.0,0.0,0.0,0.0,0.0,0.0
2019-04-01,-0.011910674105188718,-0.018415580470117078,-0.0002054414368789885,-0.007313656260947635,0.009966090932812824,-0.022652263989492716
2019-04-02,0.0239501956246104,0.0025340895683751974,0.030793425043752876,-0.023413283660458667,0.009562133902209585,0.012276267810845417
2019-04-03,-0.00243051341349787,0.009761936616918598,-0.004052379239862874,-0.005096953467879389,-0.0033009100022107496,-0.0015330398715704885
2019-04-04,-4.726989800218906e-05,0.004313861454745688,-8.950894818365862e-05,0.00800292340677261,0.005867517931078092,0.004436028527422567
2019-04-05,-0.0038888439565484545,0.005010278563463394,-0.0024546153658397685,0.002202050593522048,-0.005524171662495775,-0.006160619762782556
2019-04-08,-0.01668645655132381,0.01695292337907811,-0.015492918922563659,0.00800332439866347,0.0074248724011942435,-0.003121966094932242
2019-04-09,0.005896636679606828,-0.0033458225877995634,0.014798371947021762,-0.0035507944826778334,0.012356377628849294,0.0017292810646908725
2019-04-10,0.0028865909282678633,0.007370599679894507,0.00030350715539952935,-0.0005617075036905114,-0.0007838121650963763,-0.006039005839854116
2019-04-11,-0.007234912134960636,0.0010008447151214905,-0.0062446873140104,0.005175766842148849,0.003840173678189812,0.004385632129058126
2019-04-12,0.0030071971523229677,-0.0025482779281260264,-0.00878670985204714,0.005681685911770947,-0.006183940365254713,0.0033471127895500774
2019-04-15,-0.001670208140685997,0.00450062415013483,0.007275551387799478,0.014622203536486161,0.010926202203036223,0.015576975241730018
2019-04-16,0.0023806604181639546,8.114140476594978e-05,0.0010985767884804376,0.0037044737671351746,0.0007331015948935649,0.002496524495908166
2019-04-17,0.005244665467673049,-0.0034312964949226865,0.007226293502862746,-0.0022798887019751246,0.009149966928388098,0.005856163302876355
2019-04-18,0.0028723950485960437,-0.004103735106055273,0.0012533317183994752,-0.0015757355146501228,-0.0011731628391282167,-0.00023265395632963515
2019-04-19,0.0015197945323647266,-0.0066807012626591,0.002487847182701952,-0.002161650436717122,0.001251145429749273,0.001758069592468029
2019-04-22,0.005570967492207063,-0.0004744333548306334,0.004797594446125875,-0.001666129017219159,-0.009078532515494342,-0.003978239212504342
2019-04-23,0.0011074024153533701,0.0011100129471185438,-0.0015857648737507002,-0.0008747904515482297,0.004759302404339916,-0.0029852760658549693
2019-04-24,-0.0057114563256991015,-0.005169251634386862,0.0007747006596920585,-0.0005469934323488007,0.0018189590522958243,0.0013659277183407645
2019-04-25,0.013122621639527987,-0.006859172629343324,0.013122621639527987,-0.005337231073768323,0.009788324473128218,0.003468362971994543
2019-04-26,0.0040871766631686846,-0.008506285903939287,-0.0017961619397588446,-0.003274045388656638,-0.005223543887081905,0.0
2019-05-08,0.007329036525800349,0.0011000195175575372,-0.0015241294960452124,-0.00018734188449249858,-0.0005899396250217625,0.007568569662389724
2019-05-09,-0.006357528345179309,0.00037143765524505533,-0.002940848249062733,-0.0009461333389221508,0.006592727556184452,-0.005308869384743287
2019-05-10,0.0020046994831602882,-0.0042793922355817415,0.0007416576814001652,-0.0004011710810305491,-0.0010763904124149737,0.0010790982316498296
2019-05-13,-4.4319477734977575e-06,0.006784837162024215,-0.002820416668034148,-0.006811490332452624,-0.0026301943120481397,-0.0011221918328992255
2019-05-14,0.01889492106383811,0.012431339503336553,0.014459469820558124,-0.0062403019471862775,0.0011497635995135758,0.008263894682830833
2019-05-15,0.0014390894337824585,-0.013512600208606227,-1.5454070838990738e-05,0.00905832089207122,0.010299370247240073,0.004402935634093441
2019-05-16,-0.002193543384894303,-0.00595374521659553,0.009433711276302104,0.011060352744254709,0.007892778502903486,0.007280283029884558
2019-05-17,0.001546770791661739,0.0038570503922612243,0.00857062235326475,0.009053913163515614,-0.010554046905709658,0.0029091305502455165
2019-05-20,0.002189330390251154,0.0037272952849653207,0.002189330390251154,-0.0018877428634947457,-0.0034403800385295613,0.002411560849245913
2019-05-21,0.005970012273677688,0.0005504448964525344,0.009172068029218938,-0.010110755003544025,0.003087192723402493,-0.0018620091226882463
2019-05-22,0.001779375019611007,-0.0027338408341528817,0.0028493225987494077,-0.0007971413006691384,0.0026092751346302734,-0.0011199775977618711
2019-05-23,0.013290058084482321,-0.0031417531611003247,0.013290058084482321,0.00536230379824254,0.008267441796191728,0.007845591156414885
2019-05-24,0.012177065974944001,0.00041247807502622913,0.013225617848993343,-0.0035326185695067347,0.009741055572192903,0.006204120114028637
2019-05-27,-0.01777874182686634,0.004953284900246342,-0.004505957409077924,-0.006094296836023249,0.013397058581006184,-0.0174499560332681
2019-05-28,0.0017671114329260995,0.00679222340902591,-0.00010930645433301911,-0.001582281954800785,-0.0028644624181942135,-0.007143836118765641
2019-05-29,0.008363817781252447,-0.0030325688702037557,0.007572586748441162,-0.0038062699824024104,0.006510006515281552,0.009787856821963231
2019-05-30,0.008730904856832108,-0.0043814330291254144,0.009565594482389287,-0.005111447954158299,0.00597136178379117,0.0
2019-05-31,-0.006657910155435737,-0.004223288347619064,-0.005131965046991344,-0.00025478329573294656,-0.007687233879895644,-0.0016403448391465825
2019-06-03,0.006917256521119366,0.008172665254654944,-0.006040311748650785,-0.012611669616671461,0.0030192523453340453,-0.004928488420904431
2019-06-04,-0.001520453532047661,0.009342810825695168,0.0018051114543673477,-0.005813235704244347,0.0030368138875739303,-0.002265637605052273
2019-06-05,0.00509345397614216,0.0015736634232343953,0.008610158943773616,-0.006410639110027461,0.002363068138222291,0.0009620639758507092
2019-06-06,0.009722476048327128,0.010323593969249478,0.013508164862002375,0.0011007649722991064,-0.0024775335185094893,0.01759986434390931
2019-06-07,-0.005027777835487385,-0.0076869352956445425,-0.000884700305251479,0.006218176595108843,0.0009685593862211461,-0.00508640244786653
2019-06-10,0.0004620089553751261,0.0025046882088172184,-0.003906917374397523,0.004719225873221988,0.004645162828681493,0.000727410355387148
2019-06-11,0.0054231854137385405,0.009442474342059082,0.008775976872951896,0.001473719745127361,0.0038379387875175086,0.012326146457502518
2019-06-12,0.0047597598400934416,0.004217934619675262,-0.0009217540798017454,0.0020549427916204954,-0.0007373319465281969,0.01279061873914324
2019-06-13,0.004150757318800213,0.009092377320364886,0.005799532215949615,0.0006523589103728245,0.004868811046537358,0.006717419886121437
2019-06-14,0.0,0.0,0.0,0.0,0.0,-0.001038290430017371
2019-06-17,-6.791640261094578e-05,0.0025061001386322834,0.0023455762364017474,0.0003339569405167997,0.0008659745121466222,0.0008244149479855005
2019-06-18,-0.0033349821206875904,-0.0033395572936707916,0.0029713548780318177,-0.0033976631158769473,0.0019555214064258756,-0.004851527430791608
2019-06-19,0.011261365704274072,-0.012199175430355097,0.018253809124330545,-0.0016544222102086615,0.0068906083962618995,0.008127143381892094
2019-06-20,0.0,0.0,0.0,0.0,0.0,0.012396331520278137
2019-06-21,0.00544769724960444,-0.0013109126187598559,0.0009841088320035798,0.008250605814996556,0.007214274986144205,0.013585314821002115
2019-06-24,-0.003462924107976828,0.0021323220105641805,0.003074918027382023,-0.00876791136661878,0.0014028418991980096,-0.007554828227321425
2019-06-25,0.00690662657115563,-0.0065648316046938975,0.009835377215593874,-0.005980320251571062,-0.006971745454228184,0.0017241212071819796
2019-06-26,0.0022496511298448763,-0.00024103257496066455,0.004539229234243963,-0.0024683637850313467,0.006140238654663621,-0.002705766937656739
2019-06-27,0.006980265008497882,0.005036961321988026,0.006929419452553404,0.006739744544424636,0.0056018376500504286,0.006411348504041554
2019-06-28,-0.007591446414588236,-0.001999712091031632,-0.005077233666086774,-0.003484074109204149,-0.000638804670787696,-0.004575042321939837
2019-07-01,0.002135592771977124,-0.00363049008736176,0.006853919890184846,0.002095826002257285,9.490454265719244e-05,0.00041341283685414863
2019-07-02,-0.0015266847809640937,0.0001283031166491534,0.0019293119656584202,0.0019937827653676576,0.0009097260483788233,0.0022352802760098323
2019-07-03,0.005010143218649232,0.004008287373306468,0.0055194788941979045,-0.0035729751338640092,0.0031316618550950304,0.009452036089902971
2019-07-04,0.003487831894732285,0.00015794986839798297,0.005301312101639144,-0.005540767188531165,0.005693633584688107,0.0023464617349928663
2019-07-05,0.011612914548555692,-0.00916479820939601,0.007623902467646732,-0.006066431633171331,0.001321659350147978,0.0005186539269230739
2019-07-08,0.0032993008260754136,0.005670061375992086,0.004832870302433334,0.0011164913339830388,7.558756668886167e-05,0.0013697154664114584
2019-07-09,0.0033409472646878102,0.004416588756049955,-0.0006140587004534348,-0.00038400288250954844,0.007402387483430051,-0.0032842977398289674
2019-07-10,-0.005574304646582107,-0.0039083141405249055,-0.02497554498643553,0.014884648957160795,-0.0005085970652882292,-0.00362173985538472
2019-07-11,-0.0032873122665784127,-0.005451531920724451,-0.0008446934278371621,0.0032183809956854714,0.0057453696166191726,0.006481656544016076
2019-07-12,-0.023505088766455996,0.055143932840246906,0.052641464762633934,-0.04892588102634087,0.004653398964729864,-0.06321366329026197
2019-07-17,0.0005864200264094344,-0.0010544973520377754,0.00011425409039927947,0.0014795654750643095,0.0017434250021343412,0.000341378532658948
2019-07-18,0.005101564336120813,-0.005961818525176389,0.004303233651128723,-0.010217889073002674,0.006976715463203598,-0.0027209162866443926
2019-07-19,0.007239569563209064,0.0036811567656939714,0.007421513022898951,0.006618605124896509,0.0030501638932579067,0.009330407327841739
2019-07-22,0.0051763669950842806,0.0036380427866147813,0.0057273636644160075,0.002230458340983177,0.0019143157794561938,-0.0001333757865604468
2019-07-23,0.0071550888166872495,0.0017098473146296145,0.007390598138256377,-0.0014893228369041722,0.004406337948763245,0.005919426617281805
2019-07-24,0.006514300411091467,0.0017945292964783033,0.005853165773548247,-0.002876739730249128,-0.0019366280911339295,0.0032033604999900933
2019-07-25,-0.003670316960830422,-0.008875756206490427,-0.0046308841265936635,0.007422682362485851,-0.0027287426971746385,-0.006066682933886958
2019-07-26,0.0014800143854309666,-0.0019355501270353903,0.00038154657446662354,-0.006937019238665465,-0.004517595192795348,-0.0028804411628825886
2019-07-29,0.002398718006267342,-0.0020330120396896967,-0.004487134491935718,0.0018468371463634947,0.005865790401613141,0.0018514651674988625
2019-07-30,-0.003482725023734312,0.0028389634071398773,-0.0035425252866136403,0.0010631824577796156,0.004308575394416453,-0.000980936675860322
2019-07-31,-0.002492414210781168,-6.052098164210885e-05,0.0025728598566054912,-0.0003807790916200422,-0.0019366504591542544,-0.0035193357276515434
2019-08-01,0.0014093729501192531,0.001380804251473411,0.009419964571793421,0.0014514993280928812,0.004850677966002914,0.007136641486731952
2019-08-02,0.007810681704226188,0.009422389022228141,0.0036615660492726135,0.003696109359806888,0.005222411009595796,0.004163537124305025
2019-08-05,-0.001475517951033356,0.0006533959568616022,-0.0018595648055361072,-0.009167735715820457,0.00971419495957544,-0.004605797228708285
2019-08-06,-0.0063987400194273954,0.005152063357767855,-0.010166685565070811,0.0014441460580842495,0.0005423435436917152,-0.0031786597161355696
2019-08-07,0.014605610494023202,0.015376509041226533,0.012962553473900212,0.013861558755646264,0.004498130780321602,0.016522431522956404
2019-08-08,0.009566621427457539,-0.0020010079486721677,0.013560999839329069,0.016544778093597473,0.012328006721675444,0.012306218630188591
2019-08-09,0.0009393478372567983,-0.004597436614857697,0.010838058008654273,-0.007915063618655304,0.00044656283084472045,-0.022159012703375128
2019-08-14,-0.015950697078809084,0.003434995724029999,0.008040783142763769,-0.004452490224026551,0.00684441177659989,-0.019955079607936986
2019-08-15,-0.0034488970513133718,0.0063464395506546804,-0.004393764751205387,-0.0030447378427713276,-0.00316941570411815,-5.8964662206923736e-05
2019-08-16,0.004936367148385967,0.000904669112289952,0.008135603564394717,-0.0005258744634265289,0.006857434530644357,0.001765742179479085
2019-08-19,-0.00024744732950326975,0.004019847740640403,0.0024873473057520634,0.0031376822088824974,1.75187688702394e-05,0.00611676821579273
2019-08-20,-0.0023553146761221555,0.0017984051202989404,-0.004997065814913354,0.001463975426870101,-0.00010888384486071323,0.0012446925993316775
2019-08-21,-0.0014559332710705197,0.001729728999475738,0.001225323381764204,-0.001744327655237382,-0.00035291681822754994,0.00023168390086153456
2019-08-22,0.0018259627201955009,0.0016702033991558562,0.003676234481107432,-0.003184748224085099,-0.0074928697283986045,-0.001271284013660695
2019-08-23,-0.0019265036595577656,-0.0003300861286321677,0.00034061061833770556,0.0029186184565425655,0.005240704268176077,0.00519472747853426
2019-08-26,-0.0018444944338769308,-0.0002287397902403618,-0.0011533748828039363,-0.003273244673796684,-0.001435049481156914,-0.0027426969343147993
2019-08-27,-0.003926729842988086,-0.0056032223236950895,-0.0048706119028493755,0.006088556667825429,-0.00361889765098089,0.00044185549829589576
2019-08-28,0.00021230233417043887,-0.002454378531382334,0.0004788845611992387,0.004470857546692408,0.0003884089603481411,0.00047992991919454354
2019-08-29,0.003086396638563249,-0.0011716871929413897,0.0010073754019343517,-0.005334143241340489,0.0012506940251176268,-0.0018661155785620145
2019-08-30,0.0030652301859894204,-0.002892061532172918,0.003380477802336135,-7.000971645412801e-05,0.00755300267003764,-0.0018314964042630375
2019-09-02,-0.0005435263023071679,0.0012450616737046116,-0.00033536924244256805,0.0005810026051334682,0.0019132389069500266,0.0038669962576906025
2019-09-03,0.0035442715142178782,0.004383498627958859,0.0034338785825641653,-0.002352814169071516,1.4771087761400372e-05,0.0031740695117116373
2019-09-04,0.002358187620831509,-0.003937938341456254,0.003148925394139579,-0.00027671323186828634,0.0005562109905120349,-8.682108032342928e-06
2019-09-05,0.008027748777980126,-0.0012935961514006777,0.012918910216263235,0.0004900052745012151,0.005818684580324307,0.008164727183746723
2019-09-06,0.008579081816044332,0.010788209499739937,0.007034542040800007,0.0014550624103512322,0.014322692510020774,0.01046306446199402
2019-09-09,-0.005739573371328865,0.0031917993997674587,-0.00481077220674957,0.005133964227410904,0.005188453828177652,-0.0001378537318484544
2019-09-10,0.010389967692253978,0.009200816891084452,0.00706622272493691,-0.0013718692959370006,0.0044422715405608715,0.008388009504842326
2019-09-11,0.008706522331788523,0.003984287658994767,0.006926785057226548,-0.008739281952478396,0.0037656685867868416,0.0009708022840212811
2019-09-12,-0.0043194909382451305,0.0015315383575253971,0.005245356815930791,0.004865474644664624,0.0030165255494653664,0.008250530085744315
2019-09-13,-0.008731060429182008,0.008563402705177886,0.006868719455594058,-0.01347567185051865,-0.006163831703392214,-0.014642110906891676
2019-09-18,0.008358962367183921,0.0004883707876967458,0.006913530748227605,-0.0032050033692289977,0.0076510356347264,0.009184527717454557
2019-09-19,0.0035210709993394873,0.005318709631083995,0.005449038770355713,0.0014727187021592036,-0.002079277004927993,0.010229860396590943
2019-09-20,0.009734008209776213,0.0038549971521722346,0.005623228093893751,-0.005150728282498961,0.006437323631306734,0.0037476856949754667
2019-09-25,0.011035836680407834,0.006426705435235658,0.012050337343004008,8.053322787454631e-05,0.007810475122348864,0.007497581997091999
2019-09-26,0.0014711665979466326,0.002340501167229947,0.004101415978242234,0.004811807043233307,0.007632966741814823,0.002218701464444731
2019-09-27,-0.010239717234301532,-0.002119609047317811,-0.010239717234301532,-0.00994083421619224,-0.004989259959030323,-0.016356620783556985
2019-09-30,0.0032155172106021757,0.007227398177275718,0.0014655120121289666,-0.0011322411389775022,0.00866541102355739,0.003653141361608899
2019-10-01,-0.005350200088552914,0.00010272861392538824,0.004412933719053786,0.0025851704007831735,0.0016147709707208246,-0.0032687215252528157
2019-10-02,-0.0061874463156537385,-0.004317360313960045,0.0010612627369955274,0.005983745080406694,0.006491629050117048,-0.0036182040521165384
2019-10-03,-0.004489730295098027,-0.002435696404845112,-0.00468806879450987,0.0015302140280862627,0.00998724820501502,-0.0007312582695179759
2019-10-04,0.0,0.0,0.0,0.0,0.0,-0.0017958852714851092
2019-10-07,0.00037502184296167584,0.0020638965014466715,0.0006679247312029735,-0.0007317819243436441,-0.007992098270464543,0.002382233603937578
2019-10-08,-0.005100329320285294,-0.001211099458969356,-0.0062039969376393635,0.001344250505709151,0.0071219130932025365,-0.0050888804063305235
2019-10-09,-0.003050302005985911,-0.002339560080790587,0.0022877817678072787,0.0069506799940496355,-0.0005283020481453848,0.003045096088455851
2019-10-10,-0.000288587200167445,-0.0002042614617249472,0.0038689377007829207,-0.0015116590327043933,0.0035116048144997747,0.0022032878754807044
2019-10-11,-0.0005060044889450555,0.004241801097104758,0.000253638371485565,-5.2513505213513945e-05,-0.004921818002166012,0.005167961735863055
2019-10-16,-0.004153511766532692,-0.0010881162765119068,-0.004379086667351605,0.0025185738474745815,0.0036378799860576016,-8.023559572748785e-05
2019-10-17,-0.002120229690227654,0.006080977251992664,-0.002084815959495695,-0.003637401937268109,-0.005200637667527097,-0.003299486809871752
2019-10-18,-5.407869649347582e-05,-0.005577273357845925,-0.005758743873668016,0.0026038211555628583,-0.0027441263988412733,0.0005843606658146872
2019-10-21,0.00179734804958262,-0.0016451379298448865,-0.005333163158403431,0.0010550065297850464,0.0009146180428715733,0.004705446985826904
2019-10-24,0.00453816776028515,0.000917814331143435,0.005217397787323275,-0.011583435413086263,0.0008039093620764715,0.003666302896810285
2019-10-25,-0.004941362594593268,0.00443807008023403,-0.004691779399162155,-0.001736929764175832,0.0015018746654941462,-0.007502522262677397
2019-10-28,0.007621921814051386,-0.00146889968492106,0.006810045076314414,-0.004220412816584668,0.0034307028755429514,0.008092990821999916
2019-10-29,-0.0047120042394623194,0.005218436119525061,0.0048840807833546935,-0.0019229738368107042,0.006959868405551052,0.0006879239903363031
2019-10-30,-0.0013471561658484179,-0.0018201691193647782,0.0030942843215006734,-0.003281113097835653,-0.0017291777315187498,-0.004411846192077194
2019-10-31,0.0009956636977965505,-0.0018014851559705891,0.0002637293193733792,0.0009353246184712338,-0.0026089150292059604,-0.0002291467132495837
2019-11-01,0.005207965940138726,0.0009579093779707171,0.011942213470450241,0.004554802906077127,0.010670711706422337,0.013258450556010121
2019-11-06,0.000471810249796506,0.0010114697994761668,-0.0007195148141005414,-0.004404496954323628,0.0020919684217012846,-0.0043189903095237625
2019-11-07,-0.0041088882592698285,-0.001996282480611989,-0.005480263089451466,-0.00292919971842951,0.002280740573689078,-0.006329741861445748
2019-11-08,-0.010223008225133312,-0.017882790763329794,-0.0017431437435506678,-0.014372140376765732,-0.002172922852281855,-0.01424070045171915
2019-11-11,0.002211108712528897,-0.003707124821566765,-0.0008606655371981465,-0.0012303080843811594,-0.0019943669332040063,0.0017576836498469084
2019-11-12,-0.0011990348693877162,0.0030885267481683687,0.0008977221003024505,0.008698642395328304,0.006669643179172763,0.0030593641280351755
2019-11-13,0.0008663713746763779,-0.0045454771052641394,0.0009164839329042441,-0.0003040061770954285,0.005993016625886849,0.0
2019-11-14,0.004995283494773117,0.001100947393312346,0.00653436865926842,-0.0025311800064394367,0.008443097901368412,0.0
2019-11-15,0.003284506877636816,0.0022888538153241766,0.003670508595889022,-0.009704725192174912,-0.002945193084572787,-0.002961295024826079
2019-11-18,0.0034962467189017417,-0.0019023602882688902,0.0012337049735964504,-0.003887327954293141,0.002823219670268173,-0.0067216143105844894
2019-11-19,-0.006929988114490747,-0.000847075947414,-0.0008813522321444054,0.0021577994834405478,-0.006629011443595734,0.0
2019-11-20,-4.376147379003825e-05,0.003231996333583148,0.0017826152952504781,-0.0036983361150757788,-0.0015393517655535038,0.00917795650337172
2019-11-21,-0.0018792541816363693,-0.005085414406094913,-0.0010331828683046715,-0.0013710273227960812,0.00292079762462516,-0.013385147759000682
2019-11-22,0.0013385058499169322,0.0020810760170940357,0.00178728422423588,0.0010897536706018784,0.001477962272908917,0.0016200569717271605
2019-11-25,0.0005254646359523774,0.00720441572573266,0.0017466217547907337,0.001971345262713309,0.0069163371833325105,0.003701240162059194
2019-11-26,-0.005071336327186066,0.0024742092477814392,-0.00264872281429529,0.0052245831832901934,0.004747060398044761,-0.0024037361063932727
2019-11-27,-0.0038713842909073866,-0.0029733167975157793,-0.0030897386661647096,0.0014595759640637861,-0.0009153780260213521,-0.0006097939744581504
2019-11-28,-0.003867034409384462,-0.001822951916753579,0.0005073643051328736,-0.0003321294690649679,-0.0004420429645058954,-0.00032414989406280115
2019-11-29,-0.0021046154759316593,-0.0008252021294106182,-0.0025646712219818957,0.004487809386385655,0.002117810901996031,0.0026835661621817204
2019-12-02,0.002402186826631486,0.003934716341335992,-0.0030275468607807443,0.00379376319914812,0.0019064919787810664,0.0004028032189381525
2019-12-03,0.004383668020926689,-0.001430792910047263,-0.0021847527086547684,-0.0012156482173506073,0.004310374094382463,-0.001522635920089499
2019-12-04,-0.0003407760434309959,-0.0020672405466063415,0.001193083166606379,-0.0015964987756809934,0.003670082458892332,-0.00485660712959618
2019-12-05,-0.004721306267286146,-0.002607544017237645,-0.007314843442122521,0.006431811311685021,2.3735306284689006e-05,0.0023982892716064757
2019-12-06,0.0032568279645399656,-0.0004366071460176202,0.0032542915753243085,0.0010804934613261596,6.335442858323992e-05,0.0028302960213845937
2019-12-09,0.01033361943939598,-0.002812550076690734,0.013122876420465945,0.0026472588955282483,0.01390697809895447,0.006607719895452686
2019-12-10,0.0027315218671370434,-0.00019205065733735038,0.0024499743390144213,0.0011183649777724014,0.0027988978093680394,0.0028523804991355873
2019-12-11,0.0030098379488307514,-0.0023756846023824107,-0.004288745528377352,-0.0008497798135138623,-0.003601092525150784,-0.002301468061209677
2019-12-12,0.001147495190619019,-0.00525194329355827,0.001259650360989406,-0.0020405312967907707,0.003955611464399489,0.0
2019-12-13,0.005740365599875591,-0.013315472419581337,0.0006775435545783304,-0.00797700048444705,-0.008212577045131536,-0.008440321060200774
2019-12-16,-0.007087210559068302,0.004576158146626902,-0.006926766622194547,-0.007360712354677862,-0.0068910331800426106,-0.014245693391015779
2019-12-17,-0.014672599791738341,0.004905276506707002,-0.00632609096971073,-0.002859995868959218,-0.00027392373485437584,-0.015976018888061938
2019-12-18,0.004103155277670717,0.005624877269497008,0.004812895744846446,0.005720390194486141,0.0038838055015323336,0.0010834393884533002
2019-12-19,-0.0004519491503454542,0.005551939510019866,-0.0011236310403974544,-0.003451247207254049,0.001980966592300004,-0.0038243872325840257
2019-12-20,-0.004290776444565048,-0.003460881263536969,-0.00412249545809501,-0.0006403078781337945,-0.0052227428937728915,-0.004646941694360085
2019-12-23,-0.00272609380060469,-0.0014107794584388822,-0.0014374591487946729,0.005826061602980892,-0.004906642767348113,9.375054196059107e-05
2019-12-24,-0.0022579570979276153,-0.00458760835871358,-0.001960367580600475,0.0013445655638849308,-0.0002354256079546979,-0.00152482477633491
2019-12-25,0.0008409687059439674,0.005290208421581816,-0.004288031542463766,0.0018519425819930602,-0.004083963900514576,0.005337615681562161
2019-12-26,0.0025273339864588795,0.0017200808531939171,-0.006249299454396118,0.005683565995603379,0.0033519853673025235,0.005283153582510894
2019-12-27,-8.669633771368757e-05,0.002200460651773678,0.0017927166815170092,0.00039868885722019187,-0.0007095119351704648,0.001147769903321372
2019-12-30,0.0028815920386313087,-0.001143066645898222,0.0027543981737556122,0.002402174979130506,-0.00482084600346433,0.0002579638359435643
2020-01-07,0.00438695937099558,0.004527376481019152,-0.000542336044344438,0.002457161936257579,0.00018064573969158782,0.0021296067869596143
2020-01-08,0.008563292950278025,0.007086666454529712,-0.007530146689337138,-0.005010397760777385,0.010107291965868306,0.002784763305224597
2020-01-09,-0.0133540721587194,-0.007562279298580822,-0.013684790390199542,0.00788987874712721,0.009256281452520644,-0.018374968355980514
2020-01-10,0.004015822393039066,0.002868545628527563,0.0024353772764084125,0.0012486110553049379,-0.001980942249069602,0.004206963388949991
2020-01-15,0.0016078166826228868,-0.004222823585393359,0.0053005760307463234,-0.005052966132177289,0.00042764055733016115,-0.0027179507867748365
2020-01-16,0.0028197090074196796,0.003745090323187439,-0.00025119873264576307,0.0023570705886239995,0.005263885457339223,0.0047790002336402515
2020-01-17,0.004803430858315028,0.002222601045882955,0.0033232187958505133,0.001886544364549575,-0.0028980952028080653,6.50031877759416e-05
2020-01-20,-0.003206952802491919,0.003453314707976579,-0.0037898396837040826,0.0025349201331252014,0.0012444150489794026,-0.0017635925321429768
2020-01-21,-0.00019993772525075406,0.0014916665134607097,0.00255999841191068,-0.002215890175626667,-0.0027569171708032416,-0.0037496535414522913
2020-01-22,0.0018623002043299587,0.002250999774859053,0.0032312204410971383,0.002655733684358785,-0.002079246878033447,0.008041066756101278
2020-01-23,-0.0003145493156119228,-0.00035542659031279067,-0.0021614709987371195,-0.0002531813030699215,-0.004462931662458619,0.0047917056991493845
2020-01-24,0.0037784806184913977,0.0020919830871183875,0.0037784806184913977,-0.00021670497125211852,0.0022921329112562117,0.00433054832117713
2020-01-27,-0.0008854066245374881,0.005401915216765252,0.006442906724126727,-0.013924123542644874,-0.006501484287656088,-0.0067589061036994694
2020-01-28,0.006632159265702821,0.002587815888725053,0.004945486207102335,-0.002072066062481914,0.005870165488163526,0.004604746645543278
2020-01-29,-0.0011349003146071124,-0.0018097065265203216,-0.003584985046014094,-0.0055628825231745505,-0.0012732860914887179,-0.004843155947997852
2020-01-30,-0.0019890511767214347,2.474060801385073e-05,-0.0033604728667734124,0.002948162392207454,-0.0011699394600242384,-0.0018741003132735912
2020-01-31,-0.001433150989351123,0.0019978841185172846,-0.003505432404457054,-0.0017938908082905936,-0.0005726305479915039,-0.0031281108115003655
2020-02-03,0.011531466448849004,0.011050118158004302,-0.004857924775773653,-0.0042512349053799026,0.008621358305833604,0.002860420585779631
2020-02-04,0.004034032707408319,0.009883760231128958,0.003657341996317376,0.0032222957202660885,-0.0015251865594359208,0.009632374050626705
2020-02-05,-0.006032913620041214,-0.008888897439229514,0.003149369970588989,-0.00021552886382649687,-0.0018839845016922485,-0.000462065574014773
2020-02-06,-0.0034572806114829546,0.009073197024771856,-0.007173653128322965,0.01557115435379322,-0.00023624658439766466,0.012953533476268299
2020-02-07,-0.005182778703070295,-0.0025730202896833143,-0.005902132016378708,0.001996057739030249,0.0020048672663992018,-0.005276090132635108
2020-02-10,0.0,0.0,0.0,0.0,0.0,-0.013013221698898292
2020-02-13,-0.0037927442240443254,0.0036989322511665756,-0.0009488675766422539,-0.002383852779224621,0.0014426517373703485,-0.0006048221029369971
2020-02-14,0.0041900721910273775,-0.001751599823486244,0.0004182173627992891,0.007659497785599767,0.0006360788351080782,0.006353878554195742
2020-02-17,-0.005085891542488241,-0.010131754435010798,-0.011054131295616455,0.0017622313221045576,0.006026680828054621,-0.00835042225016307
2020-02-18,0.000587783592657343,-0.003716077935244067,-0.0033719528990303173,-0.01179264185134057,-0.005137844653023138,-0.01597482282775453
2020-02-19,0.004686010802094853,0.0027983463112569162,0.0029633744900097736,-0.005298360635465099,0.0002951054017364396,0.002044084424274756
2020-02-20,0.005912779442535654,0.002631198784609823,0.008222190053121692,0.003825492506301764,0.006490709470426015,0.011633212607752665
2020-02-21,-0.004516330019640552,0.007086287061258967,0.00014684959389313357,0.0024388666723740293,-0.00549162908649678,-0.002374766591419932
2020-02-26,0.014122101374804696,0.00897611643412628,0.014076674551550306,-0.005237470753671048,-0.001826800241401294,0.003961323024259186
2020-02-27,-0.003436779047690997,-0.0002773581356933395,0.006869261361870561,-0.006492196926000583,0.0016034811774241933,-0.006901990133146824
2020-02-28,-0.008762198854997407,-0.002217025722834042,-0.0023437233071721617,-0.008394937472049804,0.010447649394982172,-0.007020251594421263
2020-03-02,-0.003616102618709594,0.004895315738559437,-0.005027311688859551,-0.002746105479286265,-0.005322971722598903,-0.0012322529245103072
2020-03-03,0.000727882885494191,-0.0007800732890999923,0.009172959476459441,0.013484879297584483,-0.007331130319006587,0.0012309014784401082
2020-03-04,0.00732661853252059,-0.0033501893174417334,0.0035606730990304105,-0.0015962998421252374,-0.002914766551129211,-0.002325099991240738
2020-03-05,0.009212318431525257,-0.004925420412850712,0.0005839386619788112,0.013553692122866445,0.011460929507791595,0.012458898184960468
2020-03-06,-0.002918337123968074,0.0019489476356614236,-0.0029001041373634133,-0.0037189080644058686,0.0017553218661136012,-7.09208699293481e-05
2020-03-09,0.0016798858600288514,0.0022725720678957286,-0.006963113382899989,-0.0008912510130054678,-0.00016521134796889606,0.008567993977797705
2020-03-10,0.006612612853007206,0.004627412146205567,0.010718951033406676,-0.002268819408163414,0.0050582990618297735,0.0012894545746284416
2020-03-11,0.0031775723119089605,-0.009375232073244156,-0.0053596401667628255,-0.0004252213190554903,0.008931794558865102,0.008619386573064158
2020-03-12,-0.004508405123647341,-0.0019858614955664774,0.007247982346695677,0.003974266445268327,0.01372318458977011,0.004228768376230263
2020-03-13,0.030874841559088928,0.020253733199982207,0.028111109788303355,-0.011529665111716028,-0.03803995229883801,0.012653213013048975
2020-03-16,-0.014737581512269315,-0.03446103978672524,0.0408766082891132,0.03733865457953405,0.006346923070884561,0.0009406592556788218
2020-03-17,-0.010168329632587222,-0.021287878918277017,0.005497448627616228,-0.0012974002509221509,-0.008971836908692275,0.005586552533365596
2020-03-18,0.005601116654850906,-0.006700035644721613,0.01563493029806689,0.01653531099636656,-0.0058422221556572815,0.024285181196880556
2020-03-19,0.012223298606602385,-0.002833758762624993,-0.000260077864830554,0.011567137605303037,-0.0010558147040911048,0.008673930497276947
2020-03-24,0.00330476915235618,-0.004443599318243054,-0.025988437023104317,-0.0011889483450560918,-0.001765238074516869,0.0025642203209202807
2020-03-25,-0.01048047485557482,-0.017844759001284415,-0.005088433448964213,-0.027332761045576782,0.0003799225843494451,-0.05510551804388841
2020-03-26,-0.009235403250241124,-0.006568159366085678,-0.006404499225376983,0.006870646572994365,-0.022395729117614383,-0.01935521399199225
2020-03-27,0.004143606664504685,0.0036155397991034744,-0.02187988017991236,0.004453152421777907,-0.008059070959307224,0.0014650487614135503
2020-03-30,0.007065738118746024,-0.01018206409902378,0.009075968271611235,0.012156547434501185,0.010185409027469363,0.012415212384791024
2020-03-31,0.006677674460166272,0.013508885018248207,-0.004819880075048901,0.004358460995511515,-0.0018851844364208281,0.011442994864104671
2020-04-01,0.007916169820076657,-0.00922655741125733,0.010560375415874245,-0.0057393753009257215,0.004865116362751531,-0.011396803382554332
2020-04-02,0.002623994805472529,0.0030020630017622675,0.0010735863551262657,-0.00643058494565798,0.003319166137644004,0.00532268023167412
2020-04-03,0.0056923156254715945,0.031282141269126096,0.015285273925554621,-0.018249446419255938,0.02664040163400186,0.0
2020-04-06,-0.0017680505541303407,-0.019874449455300636,-0.010688897518634312,-0.01729453023435106,0.0017209784683782424,-0.01915768716067391
2020-04-07,-0.009894331594662195,-0.01052693113458867,-0.0126338334423322,0.0069905930528801,-0.0009940630812394604,-0.0017610045222686086
2020-04-08,-0.00023292313963521605,-0.0018600214977687879,0.003045582209472375,0.010378005632020543,-0.00646542115423393,0.017788134757954044
2020-04-09,-0.003714239237981365,-0.005321266565361582,-0.007664135495138308,0.01104436537752937,-0.009034846859818174,0.0
2020-04-10,0.00026377500796229136,0.0133825686381773,-0.0033997725652048782,-0.004197631539625268,0.002985107965445599,0.0
2020-04-13,-0.015248074917869371,-0.007678505010666847,0.010254336482838555,0.01175547512340991,-0.007463587381580062,0.015143073200172275
2020-04-14,0.005341113568134298,-0.003580506739154693,-0.004974252425300862,0.0028260144521042307,-0.0016919678750013933,0.0012142026182898381
2020-04-15,0.012423756812777603,-0.02129696902918085,0.007584850161723639,0.00492133548420795,0.010983821366483515,0.012207519938180339
2020-04-16,0.01500402501495518,0.014859691899827304,-0.006647922713734711,0.015873684492075296,0.011104963739638457,0.020290595879703454
2020-04-17,0.004613852310927369,0.0007306663681697079,0.016998280529424592,0.01404525976657145,0.005124468112111424,0.003973477041200938
2020-04-20,0.002036449901240545,0.0026076763719553816,0.003384999251777953,-0.00017690214001542248,-0.00275504714725825,0.0
2020-04-21,-0.005333182275885723,-0.0033145344394002185,-0.014055707148090402,0.010431622618250397,0.005583287014721716,-0.0013429056638835637
2020-04-22,0.0003440958463700747,-0.007826395036983527,-0.007584424644256128,0.0024184359677715365,0.004063776970032795,-0.004027613886220895
2020-04-23,0.00423159341305443,0.0033573467539059765,0.0016650218523652505,0.0032437369936517413,0.010048096936285972,0.004322485292960569
2020-04-24,0.015548322451574597,0.007969152594675047,0.008104253981317644,-0.015548354183732573,0.01486927942407638,0.0
2020-04-27,0.0037613479002071683,0.007399071533566917,0.002980039537664324,0.0015448942599169955,-0.0019182009812346301,0.0028210782680090736
2020-04-28,-0.0064536821727911855,-0.009310977531402219,-0.00353300000933916,0.006263690935776124,-0.0017233586285408942,0.0
2020-05-01,0.007566262783754829,-0.0029379054501030644,-0.01047331293535323,0.002491119685709098,-0.0029633459757597335,0.004477843331701821
2020-05-08,-0.0027995312403690255,0.0009354032710031433,-0.0010904623462183914,0.0071239736504459476,-0.0017743960845332048,0.0
2020-05-11,0.019706981911640532,-0.013104659563371255,-0.013651505204123261,-0.005898065002863274,0.012509985233334953,0.0
2020-05-12,-0.0011307597277619708,-0.002389835877093849,0.0031167444686172607,3.076567097454186e-05,-0.003077742430483199,0.0016316021759709854
2020-05-13,0.017264357214334503,-0.0037235220447678014,-0.0032921472492090757,0.010329463414899154,0.013176523406731411,0.013071461391034222
2020-05-14,0.014314391685760097,0.005084652178488996,0.0011782513223151103,0.004006287441213119,0.007078451543510639,0.011263686825683255
2020-05-15,0.007418381145852804,-0.003438115783607837,-0.008094368412912917,-0.010034900200672103,-0.0006834393152173879,0.0
2020-05-18,-0.009556952639281097,-0.006188449099461961,3.457717310647191e-05,-0.002327266278544848,0.007868859056276805,-0.013657062821489003
2020-05-19,-0.007907710879674845,-0.009136449401911773,-0.006397004035060078,-0.0005081196452519643,-0.008594959463557622,0.0
2020-05-20,0.005384348775018256,0.00970969599782876,0.006827608699821484,-0.005595446620320787,0.0032862096935553746,0.000897588235522679
2020-05-21,0.00421530516061408,-0.000713027193450344,-0.001358585963406434,-0.002673227689685031,0.005222337016514051,0.0
2020-05-22,0.0006419213504952059,-0.0006375542326435557,-0.004101469665755364,0.002539881430722396,-0.0022366309166593767,0.005743314448028725
2020-05-25,0.007298548867967242,0.004164476663026467,0.00685660227992263,0.0030851408672201708,0.01356090805276583,0.009951717198243875
2020-05-26,-0.004736178567197592,-0.0024713194327633733,0.009551094891042444,0.008211986249028724,0.0032244912846531634,-0.0022722786248431754
2020-05-27,0.01447751160723605,-0.0025865615805561455,-0.003335322051525734,-0.018903466167793617,0.014715250751901344,0.0
2020-05-28,0.005547709489612763,-0.0020156485141536785,-0.0031912909424672833,-0.0016994938042401706,0.012119078206850277,0.0
2020-05-29,0.004223064538401128,-0.003162015355625686,0.00418720211289636,0.01155654997470118,0.00823341577251746,0.0026874713051486965
2020-06-01,0.0055518323150993264,-0.0014909887433838922,0.005223687074498319,0.0068302449656696415,-0.0006615200208275327,0.0069337792725618795
2020-06-02,0.00757880957532615,0.003259284928458639,-0.004623656666940157,-0.007834099888518242,-5.539516228707589e-05,0.0
2020-06-03,0.0032174747083615336,-0.00026689919749598454,0.0011871318026627892,-0.0018106465997269157,-0.002551987771100839,0.0
2020-06-04,0.010806810074549379,0.00443731153511826,-0.005602366667113733,-0.014518823753935829,0.008765344538773801,0.0
2020-06-05,0.0006875695498401446,0.00426067249304779,-0.0008715571590937887,0.0018208363074849743,0.009336749301585678,-0.00919198443379704
2020-06-08,0.008827427837453716,0.019863699261651612,0.0027509302589013413,-0.025969680533950677,0.018004756533707124,0.0
2020-06-09,0.000855470200721453,0.0044303878141978,-0.005007221001155982,-0.008172514043962222,0.009274517365611266,0.0
2020-06-10,0.0016117967601284812,0.0063921258615333935,0.005443473765086604,0.00349545570803349,-0.002093506412115076,0.006511249590707606
2020-06-11,0.0026902545703199714,-0.0015840424066153383,-0.008812727332682659,-0.009602269951300958,0.004452634429923629,-0.004474709251233533
2020-06-12,0.017531335672892535,0.004280006264062528,-0.001838461148560169,0.0024061370880282366,0.021329795132540675,0.008549229361688579
2020-06-15,-0.012948977257214158,-0.0030159489022181024,-0.0051025441763806745,0.007918271223964114,-0.01686415893199043,-0.02890769798593562
2020-06-16,0.008642669323479346,-0.001689815176782794,-0.009203761689355883,-0.008156125340805342,0.018428718981225112,-0.0056123277317888425
2020-06-17,0.0018608125825647082,-0.004035459998958768,-0.008009212464343163,0.005242732149387086,-0.0027255445852087945,-0.004709770218123799
2020-06-18,0.0072434213301314065,0.003885778244912475,0.007761199607346536,0.013565116880364683,0.007685506488261473,0.008537714762684612
2020-06-19,0.005983725776327376,0.006163567581052699,-0.005104860259686972,0.0038107016269089975,-0.006924642449174545,0.0046423274880580175
2020-06-22,0.002017756511149926,0.0024128599714491328,0.0034796536811801727,0.0054413108053120276,0.007852667650984958,0.004396825197804998
2020-06-23,0.0033312502015839358,-0.0047871980886011085,0.002932141355833906,0.0032706328331335572,-0.003967785335848694,-0.001192516723162544
2020-06-24,0.002025974006692882,0.0013817019711870049,0.00023412084567450697,0.0035234149790629443,0.0023542812211248265,-0.001047534902578123
2020-06-25,0.007449283032221865,0.008056908905936189,-0.00018298890682985625,0.001894113628078259,0.005249024652994871,0.006059555184822752
2020-06-26,0.004423450614547476,0.003925848959538492,0.0021847799426953254,-0.010698468539603191,0.004872072058905941,-0.004738338685188377
2020-06-29,0.018990174521917137,0.017388852236172057,0.011412929935151705,0.002147167949305184,-0.001087332456974499,0.007028595937113025
2020-06-30,-0.0036324086034462246,0.003772910371617578,-0.0030040792535573242,0.004196762715461056,-0.0012207197202950045,0.001435992063648344
2020-07-01,-0.0009293140128395772,0.004043098797591654,-7.350943800513154e-05,-0.006977941048712327,0.004717587033249315,0.001286171674639569
2020-07-02,0.0059009351517883115,0.004308216553036769,0.006249350126284248,-0.010520390181046625,-0.003338056694256509,-0.00267266076338879
2020-07-03,0.007401355635198281,0.004332926559657391,0.005469949316018796,-0.006100919564173246,-0.003876218402203868,0.0029898960420418064
2020-07-06,-0.007139169567994919,-0.0033123996902202583,-0.004793391138031722,0.00559984121837045,0.0019075175546499732,-0.004527100558828249
2020-07-07,0.009631635788527016,0.0044030612434731616,0.003943184720533722,-0.0023341308425220086,0.004849143544285251,0.005588788510802763
2020-07-08,0.005727481728719374,-0.00010035931395957487,0.004807666680789559,-0.003370497123337724,0.0018698234956603611,0.00529135703336219
2020-07-09,0.008472132452249979,-0.0016033792161927565,-0.005874609308409263,0.0015447365468461486,-0.0006014020190336252,0.013436108389926944
2020-07-10,-0.0025667575485223137,-0.003654537359838694,0.002308635506863109,0.0016880899963697127,0.002617287796137236,0.0062743499938852365
2020-07-13,0.004501785339167829,-0.0023108043302690453,0.0021884499418518785,0.0034433738520247116,-0.0065851473068802464,0.009423548410210314
2020-07-14,-0.04445101002333379,0.003670401061683759,-0.0029259049057881736,0.033137147966936426,-0.03258068867088973,-0.0026688604767049
2020-07-15,-0.03555330235645107,0.00704409827350881,-0.024197588637739152,-0.019541053947581058,-0.0214467559611263,-0.033841808508219884
2020-07-16,0.007056420335221442,-0.008382175355259952,-0.004662613838851581,-0.0001295392751235469,-0.0030275470913804226,0.0007390546223401961
2020-07-17,-0.004332524204441718,-0.0015403237736767716,-0.0098110117169182,-0.0015531829213912551,-0.0053943119031653886,-0.008000804784755178
2020-07-20,-0.002438593636621411,-0.0006182659766856557,-0.0002739099332506323,0.0043339015959578675,-0.005842163440356429,0.0
2020-07-21,-0.00010682963966135472,0.005819368412251859,-0.0001923131116345453,0.0022503851195864403,0.008853004057978954,0.009244004286393529
2020-07-22,0.004234409612568685,-0.0012594134206780905,-0.0009868676598412673,0.006460351023685473,0.013850343752735805,6.155548149236467e-05
2020-07-28,-0.0037542453267800646,0.0015194515245403883,0.0011704345803233707,0.004389280008359003,-0.004691617584510005,-0.009480489487498245
2020-07-29,0.0033253647227483862,-0.013087546837589559,0.006435045615306084,-0.004410948416483457,0.008809867389192788,0.004684286185977345
2020-07-30,-0.009623213852869572,-0.006928566151366944,0.005320595077268064,-0.002610450038547707,-0.009873677579960771,-0.0014854776155220537
2020-07-31,-0.003949757991527613,-0.006357904170153384,-0.0033270724055556086,-0.009064396674928777,0.005919459973580455,-0.0026554631452036237
2020-08-03,-0.0015817930368829392,-0.015033659881790229,-0.004563318505118624,0.0012152039597119468,0.007008323202259192,-0.0012094449651897463
2020-08-04,-0.002105851341864228,-0.0046754599326440886,0.0046158816853272295,-0.003788258526236233,-0.008303787008262599,-0.003169688067109765
2020-08-05,-0.0006774798951666885,0.0024921115027527253,0.004667811453414595,-0.0036706562709700307,0.0008911048206016845,-0.007891472799925895
2020-08-06,0.008023609605025508,0.008206538297005395,0.008743798461119967,-0.008802723967969439,0.0037942734229734947,0.0032232135930246875
2020-08-07,0.0008410301987832988,0.002761168275749549,-0.0012161530480553125,-0.005773122698131239,-0.0008507560425575542,-0.0011504711168050519
2020-08-12,0.0022798022630104546,0.004796014501787505,0.0009861665389266456,0.0049565409964252615,0.021575264240665117,0.022218444154157913
2020-08-13,-0.0010612268124076786,-0.011091121003919048,-0.004959746190653958,-0.0022176934151072695,0.004070445536351719,0.003146079488357656
2020-08-14,0.0011950756869426149,-0.0048833482671012405,-0.0023008100364860116,0.00957110354064119,-0.0020318422997075204,0.004078057904369057
2020-08-17,0.0046049827804721,0.005328449514122392,0.0017029328782127715,-0.004345087273962479,-0.0003627657683291433,0.0038883465305649557
2020-08-18,0.003408412438721032,0.001353960435734236,0.0019459691370033783,0.00028237907458144055,0.003107877358367728,0.00627082312038041
2020-08-19,0.004114607295599898,0.0009683199276094845,0.001071618230835819,-0.0017768170525961358,0.004841553581879626,0.0017693885719164044
2020-08-20,0.0017324191280762846,0.002895590935449638,0.002743599710220701,0.003491854916659376,0.005146127441779225,0.005333165618375176
2020-08-21,0.005610064179422919,-0.0017735664793037675,-0.003746960536755245,0.00508571393517368,0.0020815384887671595,0.005865908808339445
2020-08-24,0.005447634599413265,0.00853957452775982,0.004856696874487932,-0.006244283523859996,-0.0004843421828767845,-0.0009908683143560193
2020-08-25,0.005764812247111051,0.0066239284272426435,0.0032918479350716023,-0.0025099665764355627,0.005878273573250548,0.006529626137877864
2020-08-26,-0.005537305680775401,-0.0014636172922382618,0.0051747079524122885,0.003262169143271515,-0.0003560801197789454,0.006171885035275604
2020-08-27,0.0036849408025274866,0.0030924377820125692,4.093140160607578e-05,0.002846930601657277,0.00935018562460993,0.009880789627585578
2020-08-28,0.0006920836695304853,0.007924157703537871,0.000146897759851705,-0.006998825063737635,0.01213887063260717,0.0035836465583203025
2020-08-31,0.008521020429147574,-0.003029575429014364,-0.007113791851448181,0.006167804619457207,-0.0006022316126526035,0.005446279577168589
2020-09-01,-0.0014822886585903468,-0.003227038075829314,-0.0034901379448938124,-0.00017508015446159302,-0.003893698045612592,0.0005890214268507998
2020-09-02,0.007442482512916038,-0.002804118877780981,0.0050288553945767814,0.008871726671758597,0.007557517752738075,0.009765586410975913
2020-09-03,-0.004126833897338145,-0.0028835064730240224,-0.0030147981824641956,0.007529113539318467,0.0016349589743540173,0.002829398366172168
2020-09-04,-0.0019460828955071728,-0.0002001359883075926,-0.0015979364460067863,-0.0007902222235892868,0.008923954226115804,-0.0028617624628058946
2020-09-07,0.0063167855089903534,0.0035461403294720245,0.0021886938833777015,-0.006655163879967585,0.004741289297032836,0.004910827115079887
2020-09-08,0.005012573876965032,0.006571223713694029,-0.0004140539564176705,0.0017869568752210572,0.0005536851782137258,0.003606649316946495
2020-09-09,-0.0018606566332044273,-0.002709028476406572,-0.004731216715008868,-0.001729198245058794,0.001743943539477333,-0.003634168798595145
2020-09-10,-0.0033979939813760353,-0.005818769596668649,0.004853681153232458,-0.001973531849120547,-0.0019503004498466535,-0.003872563150549698
2020-09-11,-0.0010723677545905422,0.00012457745809930595,0.00029415589292876017,3.7046239021232275e-05,0.0031361950844517096,-0.0002575318763074208
2020-09-14,-0.0034320978136397344,-0.0005270866942161938,0.00022530126065327708,0.0010581262083690479,-0.001449320113934905,-0.0017096933919654167
2020-09-15,-0.005445130292566547,-0.006093556455811956,-0.008157507051429523,0.005303752542724016,-0.0012093402037555605,0.004429352711248757
2020-09-16,0.0038158032189669734,0.0023528633041441037,0.0011179238999293297,-0.0035691778756067336,-0.000658501697603664,0.0012990516499445937
2020-09-17,0.007456622947117991,-0.005061879731238256,0.00028668187192171235,-0.002021969878775981,0.004997880871056792,0.002860011319145513
2020-09-18,-0.0026276956748695125,0.0011632235000691216,-0.00035449859856617717,0.004030847439151564,0.0029829297345273834,0.0003850083038353771
2020-09-24,-0.0028670560027779014,-0.00425889335483125,0.003577552802552719,0.0017867075058786816,-0.00244936259258346,-0.0021218827971345444
2020-09-25,0.0012109337954021582,0.007054524772537152,0.0026346681218806234,-0.0038134680503048024,0.0022062346073541406,-0.0020614720307220074
2020-09-28,0.0019345079631616574,0.0032116389184508654,-0.0020029805161174033,0.0023815746023059916,-0.001267699617684981,0.0024853876652310984
2020-09-29,0.0074500676218602685,0.0030624896350761378,-0.009311153501242498,0.010156644922000259,0.002962844905012596,0.012861201482958606
2020-09-30,0.008468726758938684,-0.003758327588257316,-0.0013132157087638813,-0.006419471360836161,0.0068036891953703995,-0.0007677100681589737
2020-10-05,-0.004431213013278335,0.004228552581338587,0.0023061949655164503,-0.0016097881779153504,0.0003327240690467634,-0.0023162700815364534
2020-10-06,-0.00253640127736815,0.0015132861962052213,0.0005716707000436583,-0.0037809874743024996,0.0051443807235988515,-0.01037790701970657
2020-10-07,-0.0038163767056592864,0.0049818668589892935,-0.0004806383822026912,0.00046083517157349254,-0.008287976743436887,-0.0006031949669665177
2020-10-08,0.004383993721897461,0.0009468107922093521,0.003160400697911459,-0.0010847793591368012,0.004468574420324601,0.007350301373141799
2020-10-09,-0.0038608889258902324,-0.008980850435401339,-0.008847619275661273,-0.00019398559015768035,-0.009861112568341768,-0.0024634682096437337
2020-10-12,-0.0003789184214089582,0.0004794806702826728,-0.002721955196678483,0.002477170889631908,0.002071417820246935,0.003180884728596789
2020-10-13,-0.0018464866934299884,-0.003893254329190604,-0.00123509776496597,0.005504221244098717,0.0013402641328257303,0.004599392831334999
2020-10-14,0.004358477063138633,0.009643448122486242,0.0009177650636369161,0.0030567519777436325,0.006943826768846306,0.010654521096625309
2020-10-15,0.0023189564229919857,-0.0020571234272741545,0.003368393763724581,-0.0012303808516647696,0.004025014095550755,-0.0002463618480681882
2020-10-16,0.000811951952308254,-0.005502639189733527,0.0007817346210199144,-0.0066525024742827505,-0.0034773559897617106,-0.005139076754671743
2020-10-19,5.94198064909901e-06,0.0013269985406089424,0.005301405195814651,0.0027915441786217354,0.0012219930922233169,-0.0036914401875032983
2020-10-20,-0.002225284028489455,0.004270604387597077,-0.001146438759878271,0.0038907480115601134,-0.002613610437042946,0.0008989681525711775
2020-10-21,0.003410154882629829,0.001950027003150251,0.004598649582843728,-0.003949119765317172,0.0019018507798148343,-0.0001529191906755416
2020-10-22,0.008433563299230895,0.0009734061293090457,-0.0022002542254266344,0.00513089880096787,0.004457674308668225,-0.0005223248627346799
2020-10-23,0.006830761938858343,-0.0024060173632528825,0.003291654172636771,-0.011523147870492828,0.0036876124738930705,0.00028365573782995193
2020-10-26,0.007673008175551011,0.0022002694429121613,0.002577039993004582,-0.005287532637244241,-0.0033252862239677716,-0.0008466262428973026
2020-10-27,0.0034117485741986813,0.004177935010682288,-0.00046530909972202167,0.0027825871976499667,0.0076058377796763416,0.00503188759732473
2020-10-28,-0.004744134290191715,0.013086426167278866,-0.0019855400409833465,0.0004961426248680351,0.004193255444758349,0.01509678026220638
2020-10-29,-0.004856564925215551,0.004197341291434592,-0.004748618505559188,0.0003969795823430544,0.0010442203944844575,0.0008401223894634411
2020-10-30,0.006768059991062758,-0.0014331317264687509,0.006104351396826746,-0.002573066436428073,-0.002977789048140545,0.004717004573407152
2020-11-02,-0.007878773705604136,-0.0019404020620626405,-0.00646399832940564,-0.006494502775740041,-0.002805277430564912,-0.012199001571430732
2020-11-05,0.004869770773835547,0.017202473289490372,-0.002163796381847355,-0.0005478531514116758,0.011694461598220324,0.01353206916827615
2020-11-06,6.59967517203429e-05,0.005327150537758275,0.00556423952606373,0.004565497089039482,0.0068309157680846114,0.007989030408645403
2020-11-09,0.004560674852754644,0.0015312612971685627,-0.001274437511998274,0.000316276994717146,0.0001954012031541105,-0.002825847984485596
2020-11-10,0.012535999457851953,0.017682289717152733,0.0020165391948379525,-0.005645445789780634,0.012891239593907897,-0.004826532394548166
2020-11-11,0.004190942730283421,-0.005250524376936272,-0.0020779513700645916,-0.005792400632032724,0.005158854563574721,-0.007804628925441482
2020-11-12,0.0019964281378518803,0.013653244469964455,-0.0019462563913635214,-0.0006795170795550467,0.005651079314987673,0.004851035710629873
2020-11-13,0.007451054939310919,0.0019467482292906957,0.0011935220602922736,-0.0025641580444622225,0.0007698157596135458,0.0034466063797145745
2020-11-16,0.01073081902182449,0.007654735773044761,-0.001290145981832992,-0.009763410158735698,0.003680927962014468,0.005402776426514487
2020-11-17,0.009268133950173542,0.006719822089719863,0.002007796335846466,0.00026191315744004094,0.005643676898218609,0.005514324160757847
2020-11-18,0.0005003322172793205,0.010764349033573617,-0.0037024661687720343,-0.0037705170720537364,-0.001527932586543867,-0.003543071644798307
2020-11-19,-0.0007633650199155625,-0.010131920938342188,0.014316063454513951,0.0011303346919980584,0.006436014665513513,-0.0012506340071147815
2020-11-20,0.0008292425642244749,0.005820765461832344,0.004296049804405899,0.0024418306746160747,0.00547771018759371,0.0016845601294910163
2020-11-25,0.001982923700293871,0.005531595130340029,0.004923056185828601,-0.004365268850122207,0.005926805102229538,-0.002593364457546432
2020-11-26,0.00745829677954038,0.006757277202818102,0.00766790685262253,0.009531185031947803,0.0012238692549584318,0.017515103216517725
2020-11-27,-0.001522831229691879,0.0024958678101598686,-0.00031226404563536314,0.004358356606815328,-0.003393795774056768,0.003737935749226133
2020-11-30,0.001820735143815799,0.006893266087513462,0.0020690500056891104,0.0010966271118481928,0.00794871896777789,0.005780263459129224
2020-12-01,0.002331117780542357,0.004257721557200434,0.0011699048395682919,0.0010451435176211947,0.005476197929951933,-0.004234873031606301
2020-12-02,-0.0020465695930686817,-0.003391105022756592,0.0010141370299099556,0.0008754562074362983,-0.001929630052913155,-0.0012616569819555914
2020-12-03,0.003437189783735778,0.006320690722458888,-0.007719134924445509,-0.006825681711043058,0.00136493777491406,-0.015607316721396775
2020-12-04,0.001933432307208016,0.007740402911491317,0.0033023990578980424,-0.00394039575844194,0.008794737811844611,-0.000456483498533093
2020-12-07,0.012247795638228266,-0.004245228901933818,0.011128434790940878,0.0016041701918722228,0.013149097178741001,0.008492634621326068
2020-12-08,0.0027313732655307676,-0.006609266715032525,0.0026838192594969452,-0.0029197314892984933,-0.0015278519354794849,-0.006165815650574595
2020-12-09,0.0007021912283562636,0.0030811937423566027,-0.0022438761647148864,0.004572310581396356,-0.001573377417439481,0.0075724670837776405
2020-12-10,-0.002033531419521894,-0.00027175585660565993,0.00023741486691346552,0.0020202980339547373,0.0015111304366461245,-0.000809035599229661
2020-12-11,0.0003597027757820114,-0.005555482686139746,0.005588479921999111,-0.003077967284585515,-0.0014675571528366851,-0.002480579151364265
2020-12-14,0.002143205720723218,0.0012087685586379404,0.006347527412645439,-0.00020236185470823168,-0.00022588438950426042,0.0051490472685070295
2020-12-15,0.0033147829281174436,-0.0007315121846973585,-0.0045326073368961994,-0.0012883612542429644,-0.0003786550365130648,0.0029246514135953896
2020-12-16,0.0012570858587463984,-0.0013728233570681758,0.004374981293796543,-0.0013469969089579537,0.0010368845203673482,-0.0029291002430241577
2020-12-17,-0.006605911880492199,-0.0003047780901286768,0.0038657237935767925,0.0025090109493874917,0.010060152779950248,-0.004561199014226802
2020-12-18,0.007627279120845,-0.0014146437855772518,0.0064792336226573,-0.006608213099591033,-0.0005397367579940361,-0.003198026801393694
2020-12-21,0.0012759366708348316,0.0020403526842156074,-0.0022941390528235187,-0.0019442361698706727,0.0023593204424336538,0.000647534268692425
2020-12-22,-0.0018336171834222761,0.0025637383477309823,-0.003552919872339188,-0.006951853773813711,-7.26921569208947e-05,-0.006322208189311803
2020-12-23,0.0022976121512548356,0.004578641999613331,0.0054553515685548115,0.0016808669603435521,0.004991454579959332,0.010771408458834564
2020-12-24,0.0040885487423413915,0.005577352252205259,0.007134228593046554,0.0037520696401386554,-0.0022254900426472274,0.004218410831432318
2020-12-25,0.000740206027532952,0.002921032723803018,0.006422682638525813,-0.003941094916831546,-0.0032143683160655414,-0.005773706425273917
2020-12-28,-0.001485243496767064,-0.0017914790809320461,-0.002202524254392358,-0.0006830749474577845,-0.001674276538388586,-8.934882563771396e-05
2020-12-29,0.006229209451582429,-0.0007412627692506835,0.0021232128777551205,0.0031654418042131646,0.002791016329014573,0.004620330780197838
2020-12-30,0.003654781601637325,0.002357166261562282,0.005399466156794519,-0.0006722285453422572,-0.0008634810157696295,0.004743780024368076
2021-01-05,-0.004304913441660663,-0.002129878170855748,-0.0026712245279398423,-0.001965528998042454,1.5487265503688705e-05,-0.005619284244769538
2021-01-06,0.00742898692097873,0.005602076763350849,0.01236876802179241,0.008165050148944732,0.0024305944331003415,0.009012034284202343
2021-01-07,0.005188793217621557,0.006489554051308444,-0.005091926441197137,-0.0074048795233296,0.006888750167597425,0.0029689702786454006
2021-01-08,-0.006830700279009139,0.0032172864410813912,0.0029732207900576403,0.0012688276048824717,0.010057412755585271,0.005521136272722327
2021-01-13,0.0030615729975891127,-0.0013825658941378108,-0.000567587877010234,0.003292690621409711,0.0032296806091355107,0.0037354460054764282
2021-01-14,0.004283761634778416,0.0020329229230380942,0.001646948787227598,-0.0017326804391169185,0.00381248377043224,0.006269952098136929
2021-01-15,0.007524004652930817,-0.005902617598980187,0.006511020807090474,0.011705286394555103,-0.000379264266213731,0.003353428995334185
2021-01-18,0.006721791107962361,0.0023469636424439107,0.013302322956255155,-0.01316097424640088,0.00991714146195759,-0.001551539513007516
2021-01-19,-0.004261038732430911,-0.0006584405727463104,-0.003695963852667661,0.004306035200078973,-0.002431793463147147,0.0008625015601462227
2021-01-20,-0.003808110723943515,0.004894482668668321,4.0428490559296757e-05,0.006211754149835903,0.0066156450468581865,0.0007198978238208511
2021-01-21,0.0005834624878268805,0.005040482570173667,0.00041781593287857407,0.00209029695795251,-0.0014008230363938166,0.005846764282338102
2021-01-22,-0.0027477518576067284,0.0035886999119087437,0.004110585305368009,0.0010963019022975362,0.0011511771163417173,0.01501717439051542
2021-01-25,-0.005834684515504151,0.0008241289058428467,-0.006098166372994385,0.0019173004132994943,-0.00027263015645115915,-0.014297608611947732
2021-01-26,0.005661465688612899,-0.0007239669401388322,0.00946855868777845,-0.010626457350797126,0.006290947977488571,-0.0007195064124883572
2021-01-27,-0.004023901585420897,-0.0006441403195577952,-0.0012188322070306292,0.001385128844066941,0.0005942914663925381,0.00019730009006761274
2021-01-28,-0.0021180565429581365,-0.0013143653922956587,0.004344223031651474,-0.00472186510096402,-0.0016294662307156263,-0.006515033561263706
2021-01-29,-0.0038081183163788113,-0.0016217873757184142,0.000995303407178988,-0.004038910387846789,-0.003664859317668051,-0.00035500766264042393
2021-02-01,-0.004141840836168698,0.0012011415493361488,-0.0003939098562936172,-0.007605807439558548,0.00766437018326363,-0.007410531265439808
2021-02-02,0.006590536435389805,0.004289625653362595,0.007598572829702378,0.012912908435707447,0.0020658518642092,0.012423216070243492
2021-02-03,-0.002136930443838381,-0.0009704067716946875,0.0011071075480707743,0.0004828917480089068,0.0033850304088947065,-0.0028632749435478777
2021-02-04,0.0036495913504260404,0.008077701183959052,0.005035267326435888,0.0007204126425362614,-0.0051739309465255855,0.005600370600226183
2021-02-05,-0.002998232315680394,-0.005663294201888802,-0.0026833462531771885,0.0027801291739018466,0.0012117739402943473,-0.0032441996892023455
2021-02-08,-0.0036419463636039096,0.002954513491594768,-0.0009674145620348846,0.004216579554349153,0.003467601795587182,-0.0017741839519979843
2021-02-09,0.00527875308240473,0.0072083893557235885,0.001106794580170023,0.004374858608367439,0.004456676931771786,0.0033142511242977746
2021-02-10,0.0023852552468037968,0.0013790385083037875,0.0023553085836368393,-0.004104312355438711,-0.0003637774394424256,0.005252092153581134
2021-02-15,0.009784119273195646,0.006650158880107471,0.005462779257029383,0.007668750021917425,0.008625709853162977,0.005108821528626774
2021-02-16,0.004800271862435191,0.0024076544601131285,0.005258063738535813,0.005960786896997928,0.002735042633462026,0.003856921663764463
2021-02-17,0.0010831540711950134,-0.0036110109366751077,0.00046639946243545114,0.004138322882883449,0.0003444142342067028,0.0037829830872410986
2021-02-18,-0.0036862512520967395,-0.00024080365113174872,-0.005017294613962275,-0.00331411932971184,-0.0051916987668412014,-0.00693865628570706
2021-02-19,0.0046685671861490755,0.0041179611756880785,0.004776967508764241,-0.005693683186047972,0.004767449520221413,0.0
2021-02-22,-0.0015121546175498328,0.0037284520443051426,0.0010429682338062743,5.6500011107597174e-05,-0.000950616865814613,-0.00011567246788919293
2021-02-25,0.01601190181559389,0.01156715629163214,0.013301262947285376,0.012931093526238247,0.01034690801984035,0.013689173335079102
2021-02-26,-0.006489233886273671,0.0068841872799933375,-0.008030346654278975,-0.007732158724394967,0.00840599769619308,-0.006112540325085056
2021-03-01,0.006988235099127429,0.012821179269296337,-0.003281892005869036,-0.000153823996899804,0.013910252779791077,0.0028270335869926555
2021-03-02,0.0004535327627843697,0.001097370987996804,0.002363275798227704,-0.0029016613324562616,0.0006554708830763816,0.0026372537477144693
2021-03-03,0.0002717384418921224,-0.00019281035299993903,-0.0019574892110543426,-0.0048415864861084176,0.00011643674167312042,-0.003709122123005404
2021-03-04,0.0064214465052848235,0.008398967907779898,-0.0009561518558829586,0.000491975750966733,0.006492177448942105,0.0021163086195282502
2021-03-05,0.0012024949937574638,-0.0030333204294391127,-0.0071310925505513765,0.003949645750860166,0.01248526657254936,0.0020446167623821686
2021-03-08,0.0020875574011862017,0.006064571775147632,-0.0016114313322312275,0.002511259941451139,0.007551822343638271,0.000508175547286438
2021-03-09,0.00013214701386146058,0.00820263780797914,-0.002326207467258401,0.005230049158012574,0.006554776309747457,0.005668540328425882
2021-03-10,0.009650734666269202,0.01783469654007166,0.0008236817553649363,-0.011819065524002893,0.011155045877915225,-0.0071248704652394825
2021-03-11,0.007115999815662644,0.009894912960146307,-0.0075505852832407966,0.010237519349774573,0.002363376825730068,0.006760306744494032
2021-03-12,-0.007970797265087716,0.007837523234748225,0.0026881757753437936,-0.0033647384404781764,-0.004924762454983035,-0.006569226458994567
2021-03-15,0.001079997391569165,0.0008531472438679797,0.0017725623776827734,0.002142470207564551,0.0010953310348414066,0.003442288729610027
2021-03-16,0.003000226611076351,0.0035343181858931375,0.003360178193516883,-0.0035794892896921175,0.0038811342424206257,-0.0019580871360238192
2021-03-17,-0.00326762567239891,0.004023837290778265,-0.003323899730642,-0.006234032254590205,0.0017683208470477662,-0.012719637076977541
2021-03-18,0.0042610724719163605,0.00048401360191281423,0.006922011184311261,-0.003938023026917259,0.003322973749724456,0.0009290202746123914
2021-03-19,0.0010522548954834394,0.006991857803758483,0.003978821879983418,0.002209834344300843,0.009198816266788293,0.004082621920150464
2021-03-22,-0.0009985781641227878,-0.009644882560473755,0.005338710854209317,0.001981246060651687,-0.011289052094311348,0.0024099866280159477
2021-03-23,0.0009578647942693588,0.006508157723186869,0.0004871639925435376,-0.001851690990590793,0.000594972826852658,-0.005946901223132387
2021-03-24,0.011802529496886961,0.016932427883278513,0.011417757223752179,-0.014673658823174885,0.010994432028802261,0.002486481712759392
2021-03-25,0.010595208835826077,0.008022991411368885,0.0007753517787826738,0.009961427037713766,0.009483394870814399,0.012875077508155974
2021-03-26,0.0015545080124133468,0.002392343279258923,0.0006231171776863052,0.0015713372105853086,0.004984485313728282,0.0010053441186668008
2021-03-29,-0.004234014444698531,-0.0017037979145991138,-0.003175080153885723,-0.0011416385490851772,0.00760627356309196,-0.0029211236716345504
2021-03-30,0.0012541312660875768,0.00471139948176349,0.0017295922491535438,-0.004508519824944912,0.000135229256911762,-0.002798630605486352
2021-03-31,-0.005439991562112145,-0.0056912325144361075,-0.0058837380244293625,-0.009748504684771554,-0.0009878644829309116,-0.007678634516772441
2021-04-01,0.00046994736785608285,0.0044783631937904255,0.00046081651951492735,-0.00903413587430053,0.0030051823415206736,-0.01198033007196797
2021-04-02,0.002062318475116287,0.0007849850911513466,0.0026860534442201935,0.00036430869537311655,0.005360643178083002,0.0001209584811141405
2021-04-05,0.005543126115405661,0.0006482816586399485,-0.0001541406200219473,0.0015108000025414235,0.005542661723915821,0.0029099701080752107
2021-04-06,0.00394446700617217,0.008541138062320375,0.003805656744468133,-0.004141526140358743,0.005729603486592615,-0.0013391795687185404
2021-04-07,-0.002936274861521704,0.0015579916233129597,-0.0038604547534869527,-2.34090821575883e-05,-0.0007792772410464059,0.0049112902614742255
2021-04-08,-0.001531398439885323,-0.0021205471097703655,0.0019099191456553035,-0.002451289467941242,0.004424128110121428,-0.0039139007475734915
2021-04-09,-0.004408597127059011,0.0039201417114002055,0.0012624655739359,-0.00362607582684511,0.003332861250381525,-0.001297260840754248
2021-04-12,0.005620019107188346,0.0008639616851147116,-0.0006783370640329304,-0.005360934802197926,0.005487175987824399,0.007815842625206626
2021-04-13,0.00035128148221508237,0.0019567938213618467,-0.0006487095101648909,-0.0021078987624387536,-0.006338918647330626,-0.000485691165007629
2021-04-14,-0.004677858415224835,0.0005623771538787905,-0.0024649342753773505,-0.002453679398271169,-0.002295848501452725,-0.005019079576335239
2021-04-15,0.005646401383562138,0.006133462124747236,0.006546660647461123,0.006026283583220616,0.005613839244678798,0.007541816502361476
2021-04-16,0.00022111203091492712,0.0009093653216546206,0.0029428313119255643,0.001848177856201949,0.005158262416036874,0.0029292435055457977
2021-04-19,-0.0015668879040536823,-0.0011159239355046592,0.002774019848665232,0.00044631093917462143,0.0019932428033187176,-0.0035731358994731677
2021-04-20,0.0009281796908853896,-0.0011242865523317664,-0.0053225829311581265,-0.004862910173407587,0.007895636520204441,0.0026962995216991046
2021-04-21,0.008174670332348978,0.01158870072631344,0.00821733911089222,-0.008145478071843916,0.006939064797644079,0.0020723731860723387
2021-04-22,-0.001851012913920802,-0.0008404480265115091,0.003324276408565164,0.0007642930114241551,-0.002715397614237136,0.0021240912076923627
2021-04-23,0.001460864754878788,0.001960208671004638,-0.0024963516438728296,-0.0022024266246586824,0.0009023691577197955,0.0016357907214769407
2021-04-26,0.0030247367824952193,0.004494235489675625,0.0038843797352293486,0.0031051057445465884,0.0048719004703039245,0.005882596180314864
2021-04-27,0.00015468598315913071,0.0016033718627542993,0.0038664181690154964,0.0011567074930096458,0.004433211101341495,0.0040223042536734555
2021-04-28,0.0037774282583536104,0.004320096956161513,0.004222262957377088,0.007063747732452131,0.004076145587682546,0.0036274453985372765
2021-05-07,-0.0009810587688459551,-0.0005769965773874341,-0.0013221940712947466,-0.003336805753872918,0.006933839828910716,-0.004665591322545958
2021-05-10,0.003086814177103858,0.000427673009533147,0.0033481961622827015,0.006852220230181905,0.0075150953811159,0.006778720565667718
2021-05-11,-0.0007383252959112464,-0.0011104005307606363,0.0010273128476914197,0.002081523973418809,0.0023287424182043995,0.002625688898305889
2021-05-12,-0.0017952666189237076,0.0059018462126320115,-5.739227892127526e-05,0.001726780339063416,0.006527849879412906,-0.0003115130194779048
2021-05-13,-0.006164281941500161,0.00018772275409353369,0.004780744891404875,-0.0026410357867334483,0.01034464961003614,-0.0053500104994794176
2021-05-14,-0.003963195181905155,0.005525915446316355,-0.012123197501251905,-0.0020715283368420326,-0.0024571038059804963,-0.01355690001707277
2021-05-17,0.004916669068469859,-0.0033182234493527975,0.003668594902509859,-0.0015552851571714928,0.0015945972966213474,-0.00263518901576687
2021-05-18,0.0047018611974374075,0.0028372256792553955,0.0070862248128938715,0.0046220865990836526,0.005284435506401164,0.004347058076716943
2021-05-19,0.0014329468594232115,0.001917722581219184,0.0008114927540627149,0.0007435704189576724,0.003213854775029734,0.0013544527157604766
2021-05-20,0.0010517307285231813,-0.0032052777162322912,-0.0006667920964831044,-0.00120861027968735,0.0028210004974869697,-0.0031850550270136795
2021-05-21,-0.004122843238888586,-0.005510524795776605,0.00013937136471928722,-0.0023177235542773504,0.006519865709081628,-0.00922073394801733
2021-05-24,0.0036368165429797148,0.002013905752215517,0.005977774333310194,0.005710947773813979,0.004272261049081228,0.005462025490583
2021-05-25,0.0026541507915440517,0.004245275174895147,0.00261305068039055,-0.004763793327534826,0.0010463396911368332,-0.0016337510474565555
2021-05-26,0.0029910840206105902,-0.0070005156236473635,-0.00304940205810138,-0.005134290067934244,0.008245630398026772,-0.00042536161330027295
2021-05-27,-0.007387297985973707,0.0016950626559765428,-0.004905785538016993,-0.0013653656305979479,-0.0017714077875351961,-0.0027566857319009097
2021-05-28,0.006572991763830549,0.0007622626106807537,0.0035646491880239263,0.0038162389049265274,0.004671899279062775,0.0064163475964373615
2021-05-31,0.004682133413181577,0.0025023004010801715,0.00042751457581364767,-0.0016950298499544434,-0.0010384109960816406,0.002126423810732636
2021-06-01,-0.005896771582691683,0.0018462334571741847,-0.0026834128454056756,0.001286810960791973,-0.0003756091636361259,-0.004804327357012907
2021-06-02,0.0053986866143354234,-0.007735125710748614,0.009849061886222477,0.004346424446335973,0.005261242439980118,0.0029881368827291144
2021-06-03,-0.00013560653950428508,-0.0036000413852970152,0.0028286226206743594,-0.001896752362073739,4.994504627722215e-05,-0.0022747515784558303
2021-06-04,0.0005764884397695626,-0.003210162543267958,-0.006180851064453918,0.005795235714437696,0.00658547806358607,0.0026655657018429344
2021-06-07,-0.0012260837844592534,-0.00018907057008894513,-0.0013297313125623766,-0.002159509004531346,0.003912181551707651,-0.002367657843017179
2021-06-08,0.00657504550847321,-0.005999715003247209,0.008860494482834368,-0.009144690433861102,0.008525387816581385,-0.001924534767568366
2021-06-09,0.000241006825573709,-0.010502170168536053,0.0004886364843022411,0.00012615143242231661,0.00562594678977022,0.0007421796674157988
2021-06-10,-0.0001171820633648847,0.0009733234802459911,-0.0003272077344285805,-0.00020554371603354076,-0.00018490730647062768,-0.00094844724527716
2021-06-11,0.003745510362077709,0.0046002535623599124,0.006797485800377579,-0.005207946995442004,0.004264593201144496,-0.0002459432993960527
2021-06-14,-0.00473061658279752,0.005073345019226582,-0.00196611248781542,0.0024713658872364875,-0.0019068277359671985,0.0011942856996491665
2021-06-15,0.0024103272962835653,-0.0008523183723445631,0.004082779711046025,0.0002341574522429779,0.0038614325642460476,0.0012817293108652872
2021-06-16,0.0026380825544774396,-0.004114428161446449,0.002798861447115564,-0.0014824802678310655,0.004236891648768882,0.0020153515870973363
2021-06-17,0.006654423835698919,0.0005063951947723798,0.006535538727762913,-0.004133463420836625,0.006829449494210849,0.0018622275423098463
2021-06-18,0.00996016746231534,-0.006673770128860458,0.016209055992581226,-0.0056018208374941205,0.013584029807367726,0.0062852704564236115
2021-06-21,-0.012589082212376403,-0.0005708565438007343,-0.0018499848179935885,-0.008467303727085818,0.0027577318470100257,-0.012151429294856032
2021-06-22,0.006649210265809337,0.003007983993399501,-0.006935779945269927,-0.00036797647499517937,0.002559677031768316,0.0022328640037362337
2021-06-23,0.0014707303048391294,-0.0024461975108748036,-7.692521303812594e-05,0.003632000850203232,0.0014646903740172194,0.0026971015183027136
2021-06-24,0.001055526755807401,0.0055824937452432,0.002569334347239294,-0.003932654778865664,0.0009697811888955911,0.001946166397013993
2021-06-25,-0.006407390531388125,-0.0014474919701581435,0.005061633786511388,0.0022038008448547423,0.000833918301078151,-0.0012154598966801489
2021-06-28,-0.0003778609293233927,-0.0004442915109032392,-0.003142367358437537,-0.0027830567764403737,0.0012249059270758476,-0.003524230542107709
2021-06-29,0.005943789659542297,-0.008778093727104386,0.009767962141599496,0.0006305045827404098,0.009501789132217931,0.003934893209065482
2021-06-30,0.00103236742191386,-0.006513512644238806,0.002835133715222194,0.0027217229168078785,-0.0033658486563542533,0.0017681866851247119
2021-07-01,0.00171982116991769,0.0014926681758053784,0.0013547068742214119,-0.0016846689858552423,0.004158499764275071,-9.985113979912863e-05
2021-07-02,0.0033620216965829955,0.0011407421333219816,0.0046950442287306375,0.00022623238993131362,0.000277128519001346,0.003937877714825427
2021-07-05,-0.0018379356049561093,0.0020877027218939585,0.000537927456236442,-0.00352463314078475,0.0003088164070708108,-0.0041933477203996245
2021-07-06,-0.005222893180008681,0.004346810781632282,-0.004209926916871387,0.0005922328591074335,-0.002086088261473895,-0.005923111326174992
2021-07-07,0.005026173049151961,-0.011388748028724647,0.009151757519568893,-0.005227711492633547,0.00883963515577877,-0.010574422045555643
2021-07-08,0.0022352057854313936,-0.004184141205586611,0.0011396690273972158,-0.003171897618651176,0.0023608448555891403,-0.006735923046342296
2021-07-09,-0.00011412500155651975,-0.002647626348078513,-0.0011991485236276353,0.00341088553851121,-0.0019075285093886223,0.001427623688192269
2021-07-12,0.0015606674637436155,-0.0016489971614969809,0.000945052059872832,0.0004405416029118481,0.0038783311336869643,0.001148645593091446
2021-07-13,0.002382230211547531,0.0033133116965934125,-0.0005619353422606555,0.002776236154938738,0.00033957382725167224,0.0026336908957227396
2021-07-14,0.010130604014894629,0.003590674071419952,-0.006821087908693803,-0.013572277545803993,0.012457162009085289,0.004859967971201933
2021-07-15,-0.0100281867101502,0.008909873809953828,-0.007132034847820279,0.014711575795087087,0.004939999217957823,0.010304079134673644
2021-07-16,-0.002252233972141671,0.007213044603907769,-0.00586652251295019,-0.002495864935541281,0.000691343568391001,-0.0077986291406222565
2021-07-19,0.0046357276537394975,-0.0015436462712937978,0.006803087383819318,-0.001295542326086552,0.0014363520262722358,0.00018771358872928488
2021-07-20,0.007076107604462334,0.0027814777098624562,-0.0034866318624342534,-0.0057708580915069255,0.004086352287223716,0.006742975840060783
2021-07-21,0.010504450985798552,-0.004891093372838773,-0.0006863891540644031,0.00466665227987737,0.006838951362959645,0.008660638788263175
2021-07-27,0.002499197594194813,-0.007630300629916764,0.003304612393154783,-0.0023265881363030427,0.000264184294214865,-0.00011558246981384639
2021-07-28,-0.0009938378143203419,0.0059550738096166185,-0.005385401344587161,-0.0021947059656990398,0.0007474992986244109,-0.003415380302443242
2021-07-29,-0.001987560291961143,0.006297490455019928,0.00035694493617994833,-0.00888545979769364,0.007249556223996967,-0.003133055070352997
2021-07-30,0.003923396405701496,-0.0015397048578701389,0.0007563398297113724,0.0009142079760898754,0.0023184290247970636,0.0011828276019306507
2021-08-02,-0.00227398382359767,0.0020706882897314934,0.0043959362122215195,0.0011630888110780286,0.005385751309346531,0.0019873170918692784
2021-08-03,0.001480820491299562,-0.005547322615505146,0.0035767310042192253,-0.0019451874815773484,0.003353522053679759,-0.002447079916567248
2021-08-04,-0.005083113254827755,-0.0025993480426522277,0.0021730954476576027,0.003829683959557273,0.00020683602389399712,-0.004158884746978231
2021-08-05,0.00035146144485187513,-0.0006489393206276835,-0.00015597326763359108,0.0027411960840474595,-0.0010442871025850178,0.0021786962455256076
2021-08-06,1.2722615787730404e-05,-0.00026367718845654565,-0.00041209507969302027,0.00015349377013531545,-0.000654468237026773,0.0006108647745126927
2021-08-11,0.002329673297422907,-0.003928938554437078,0.0015390608928476095,-0.0024201279319251874,0.0034654939579125805,-0.0031786287703778338
2021-08-12,-0.0001121404311569933,-3.451790833457479e-05,-0.002717011507223965,-0.002106957719646774,0.0014659413140862385,-0.001074592341356422
2021-08-13,0.003339254247776547,-0.0013638053753772363,-0.0007247345630704282,-0.0051453636940057565,0.0012925631623634361,-0.005957320840465186
2021-08-16,0.008739899512409988,-0.0032603206416232707,0.006968349785086247,-0.0018941322546316862,0.001463590631012046,0.006241775993530596
2021-08-17,-0.004548554770847212,0.004663949131917189,-0.009560666876218971,0.0037405832510854385,0.004326705476087113,0.0023894141628018426
2021-08-18,0.004084673865173499,-0.004188426550723462,0.006147604419238867,-0.0060206248451213085,0.003802538437598424,-0.0028777568076478093
2021-08-19,-0.0055025191908285595,0.004432978093475826,-0.005469250491410737,0.003311293853524622,0.0030910242038780346,0.0011720946450327991
2021-08-20,0.0025514747364891355,-0.010898065854744754,0.00617101899904038,0.004451116454130965,0.011240363836909429,0.007667570445839655
2021-08-23,-0.0003719913257202994,-0.008662202119725727,0.0033004463835789814,0.012586173965509916,0.003415137087531717,0.004890300234247524
2021-08-24,0.00218237588402832,-0.003927622809493681,0.00010446800584937863,-0.001915135198954298,0.002992368654843136,0.0008482652834028825
2021-08-25,0.0034665960117240767,-0.00992767435009627,0.007425614527153624,-0.005933813098668716,0.007238281681759773,0.0011687135388041003
2021-08-26,0.0063228759796557284,-0.0044140516447471745,0.005454393689398552,-0.002125280446556733,0.0026268866913802917,-1.2206688805286746e-05
2021-08-27,-0.003427127079022218,0.0019607204232209075,-0.0010353587513665108,0.0003857186381212241,0.0015395972860140273,-0.003966005537691145
2021-08-30,0.006485329464230195,-0.00016255529393502887,0.004730989359118176,0.0038087605901729873,0.0007091043068395699,0.006852352133658135
2021-08-31,-0.003350509889879927,-0.00297338127051825,-0.006432728451614645,-0.001703410694845986,0.0008090439383578129,-0.0031764256311117194
2021-09-01,-0.00023170489369823695,0.0006023140602971601,-0.0027659195624049064,0.0013650758350086888,0.0025216611699055754,-0.0008780630023410564
2021-09-02,0.001966778826397797,-0.008778246744276274,-0.0012022748747455127,0.0056643283816824935,0.006982710421725646,0.0034798107399166
2021-09-03,0.001375145137256295,0.003781896621679959,0.0003071366381127928,0.0023545844784828244,0.0006856390861263331,0.0029702841571285594
2021-09-06,-0.0010653776333091163,-0.009443182151784968,0.005568140734309646,0.000811490343557186,0.005918511576328679,-0.001179718947739411
2021-09-07,-0.0016341881644025946,-0.0017294574627897848,0.0006929019657430755,-0.00023088232209689274,0.001915567865703283,-0.0014403695695626162
2021-09-08,-0.004172311251409467,0.004112560031255797,-0.003631244401630652,-0.0013484577264197383,-0.0014460631216312247,-0.0030324864355710524
2021-09-09,0.0013051788591831983,0.00356336554569956,0.0031788259076045884,-0.00818961182628777,0.006399696099876495,-0.000181745635690594
2021-09-10,0.007011809183596451,-0.0025568382386146112,0.003623361150392434,0.009826766711152946,0.00842918516767166,0.012351885256980234
2021-09-13,-0.0006346209723377738,0.0010901029260505179,0.0007366957344189682,0.0012971163581446234,0.0019028327244742017,0.0006975719685772077
2021-09-14,0.002070867554531075,-0.0023853980269509024,0.005037481700484526,0.0019841231447422112,0.0017132529219518577,0.004510990829716677
2021-09-15,0.004974987818422472,-0.0026649005534617578,-0.0007013829954139786,-0.0023165134739955738,0.004317367725045318,0.001675544415976245
2021-09-16,0.0043149368498080825,-0.0033547229038764174,0.004510855441111051,-0.004304643082004733,0.0039120363581340864,0.0018568637132108546
2021-09-17,-0.000253624129189833,0.0037236552195707875,-0.0005840962347409161,0.00032608075790041503,0.0003518068428685294,0.0015816646801379898
2021-09-22,-0.00030613230693443693,-0.0034085639501145303,-0.0035651975223931274,-0.001328245708913411,0.007660202325412824,-0.0018332512296951038
2021-09-27,0.0025700431528540516,0.0003889312408868811,0.0038436357613281574,-0.0048229600660473215,0.006676668129157128,-0.0025830230699908363
2021-09-28,0.010323308625961205,-0.0016192756957781997,0.011104179460953701,0.0028569872656053043,0.0064138949856893165,0.004480384409520866
2021-09-29,4.985151534666669e-05,0.007066866238925339,-0.0021048659461820668,0.0013263032561456447,0.00997928372227941,-0.002583727891841655
2021-09-30,0.0006346026497921819,0.0015719070655185743,-0.0007594775954199664,-0.0010714491467843424,-0.00495076789879605,-0.006454871856127437
2021-10-01,-0.005244996484117137,-0.005951135761913263,-0.001734159058476736,-0.0023682430240629325,0.0008834561822534505,-0.005107031313530836
2021-10-04,0.014483356361342483,-0.0007742251524613059,0.005842571119857088,0.012476891063434725,0.012123364210779619,0.008715568429352658
2021-10-05,0.005128359753424583,0.013108465571898733,-0.0026154048220266004,0.007802315958943429,0.011624722688554367,0.00889623046428728
2021-10-06,-0.008377399173604961,-0.004979474015261731,0.0017051747515429041,0.004661521699157855,0.009442867727643956,0.005781690264446859
2021-10-07,0.0023606739374468777,0.008338142330825794,0.004448797533958836,-0.012679064289813384,0.007541048309871149,-0.005974081234723963
2021-10-08,0.00044036010088288613,0.0015168079237353636,0.00023927812734605243,-0.014683633344561155,0.007549935853832568,-0.0030948645797914034
2021-10-11,0.0037196327022879444,-0.004300510662231161,0.005204310931876566,0.008676464505138905,0.0029962305884165367,0.00622659140941172
2021-10-12,-0.006634227499588021,-0.0072481182655194775,-0.008145346554278989,-0.007081003964404985,-0.0030902943939172577,-0.0040639155598493956
2021-10-13,0.00435613877184089,-0.005753369024685151,-0.00292642915575394,0.004859792989352885,-0.0018105371574835161,0.004736352687046346
2021-10-14,0.001531425313825746,0.006017755167766148,0.00103657069938079,-0.0037169784410413798,0.00791351655441716,0.00013106017213865284
2021-10-15,0.001603961007554489,0.006989799858051349,0.004617405326780676,-0.003669129486088619,0.007675371126220342,0.00042690796558308985
2021-10-18,0.004197195542595233,6.077780923785525e-05,0.005814156111578805,0.005896351652322762,0.0028219570188235286,0.007557136608374427
2021-10-19,-0.009576937789183138,-0.0020966594729768585,-0.013059921587847726,-0.010104450809670953,0.003573173925701978,-0.009262131339055471
2021-10-20,-0.0023114299852080135,0.0009895946218391842,-0.0004117579458656547,0.0019051027334494378,0.0009757450539296111,0.0010790108431313339
2021-10-21,-0.004102545092981691,-0.004746939562612717,-0.003759631952503151,0.0011240437324598227,0.00407965715859695,-0.011952705516262374
2021-10-22,0.00434342088750559,0.007321861149598964,0.005939783159783496,-0.004994478421146177,0.005961596179332385,0.0010680388997512669
2021-10-25,-0.0010843462241752143,-0.002455528421580122,-0.003891131054296171,0.006418546460814278,0.006285359755609154,0.01721519569608254
2021-10-26,0.0008292961786661171,0.004158437421904694,0.0017331526109627185,0.0028207500244811666,0.004707702560339145,0.0013601954266460525
2021-10-27,0.0007475271041057272,0.00023024064030223706,0.0006603037752880958,-0.0012571495119972687,0.001682862945967534,-0.007005051986063493
2021-10-28,0.004688981911606117,0.0016149365803416194,0.001463149811192333,-0.007095108643052274,0.0011328530441898858,-0.007553428763352743
2021-10-29,0.005971294306083808,0.0037186500926262188,0.0006309670826370353,0.0027827680886276084,-0.0011886377873552294,0.005527003089918381
2021-11-01,-0.0017714454771978081,-0.0057051658619810194,-0.0012845728450412868,-0.005736595803965282,0.005646155688256282,-0.009486296768499214
2021-11-02,-0.0007363096360298194,-0.0017001630802714555,-0.003244085579011147,-0.0019010143841783123,0.002401918449911644,0.00011105554421300146
2021-11-05,0.00477118649169741,-0.0051771031105051,-0.006208979689677597,-0.005528776662487723,0.0064226416328209135,-0.0018356038172014089
2021-11-08,-0.00017538726712238426,-0.00544859042277801,-0.00601901525638866,0.004906391222963103,0.005740054294699214,0.0038242520112456713
2021-11-09,0.006784400833389715,0.007422219149518861,0.005828198011953668,0.00170677168658111,0.0049774331638967615,0.004062214197264963
2021-11-10,-0.0025612741783388017,0.00038078496944196074,-0.004640227635623639,0.001481112612518909,0.0015798766955521962,0.004401969885708845
2021-11-11,0.0005610054393201621,-9.860684270568399e-05,-0.0012147056859413085,-0.0009881771391891951,0.006443976451656598,-0.007091363321203562
2021-11-12,0.0039741483934310215,0.0017957330659392758,0.003482666141447966,-0.0021067783415348314,0.002375784030360518,0.0003419920218241945
2021-11-15,-0.001928612183291656,0.0017354552642414379,-0.0018938901694671938,-0.0008878977066199001,0.00823133794307982,0.0010561154915306181
2021-11-16,-0.0057820196965316486,-0.0037920423172815637,-0.004163273673357959,0.003274500819942628,-0.0011731789906991974,-0.0033124517236142363
2021-11-17,-0.003923082396853018,0.0051422895218015355,0.002189504065131299,0.0008357742703389193,0.0070780075805889405,0.0042148448808140655
2021-11-18,0.0020683497378939596,0.005034890609199637,-0.0022421972126323913,0.003273862541459339,0.0033701691637912927,0.006526139569485612
2021-11-19,-0.002664739026363705,-0.0008041259711900617,0.00022908784052184665,-0.0011827930429468615,0.0017851619695161912,-0.001812718526389867
2021-11-22,0.006241983331813029,-0.0027134302477584303,0.005197239003860977,-0.0045935355820687866,0.007374553486437452,0.014929585551210378
2021-11-25,0.0012476815807866972,0.0005232812430657318,0.0009112684931516399,0.005829388015206406,0.0019459233044876625,0.0032647292148164898
2021-11-26,-0.0002660865318549373,-0.0005580682601496131,0.0031466953815134425,0.0011590932814532274,0.0005509767345128981,0.0002491684339371563
2021-11-29,0.011066485066666675,-0.0005178963747979979,-0.0005603233540197202,-0.00233851137550949,0.00718696734052837,0.008964216449653062
2021-11-30,0.004690424455093687,-0.004222181900825461,0.0007321272034500827,-0.001962947755194255,-0.0036568369811021298,0.002866235816227136
2021-12-01,-0.0009804532860270276,3.4819421405307954e-05,0.00040269825616847657,0.0041738998841131855,-0.0007249634131408335,0.0016713145076124865
2021-12-02,0.01652190015379862,-0.002344775478733996,0.010208558154942062,-0.004686323136435889,0.008110914996797726,0.024428516382241472
2021-12-03,-0.0027914606219751944,0.009141450856815102,0.01017010926139479,-0.0031004138558648814,-0.0018595231065317256,0.0012471001659227214
2021-12-06,0.002905064152209237,0.005293746126257483,-0.0009509730459313684,-0.0023339499875622005,-0.001351526117370661,-0.0018070853284450905
2021-12-07,-0.0044176227539278745,-0.0066442244796920845,-0.002289330977361637,0.0019523697040442654,-0.0003806756650128753,0.004357380919467357
2021-12-08,0.009914119645575314,0.010872726307698822,-0.0015931123843529568,-0.0017266122286245136,0.004385183490117073,0.010581235702008935
2021-12-09,0.0026069357445220433,0.0031430401549369827,-0.000980769756117739,-0.0014867197613377405,0.002319620006014467,0.0010088884364833905
2021-12-10,-0.005727776182614863,-0.000873563006974521,-0.003090590622841516,0.006804924913629518,0.002083223785557431,-0.0073825156058513475
2021-12-13,-0.0027711926906443638,-0.0014947779323065016,-0.003410214198600503,0.003607060654564798,-0.005095533704490986,0.0048910396375438925
2021-12-14,-0.0020365680622357113,-0.005047361973758169,0.0029625872263510772,-0.005522435257598435,0.006418893607400067,0.0009505367733110281
2021-12-15,-0.0008331970385012877,-0.0010001680940853186,-0.0013840729493008296,-0.0031655986630247713,-0.0010838360029976177,-0.0032266020783136857
2021-12-16,9.985160558469944e-05,0.0015742281774727028,-0.0008317460424113413,0.0027569792206278533,0.0005459041908842284,0.003878232592600672
2021-12-17,-0.0036563119003403923,0.003205757875346782,0.001155586555248278,0.004472594763027082,0.0010319118023138566,-0.00041160302199400386
2021-12-20,-0.002610707893223863,0.0009192373863516452,-0.004964245368644127,8.748987654763054e-05,-0.001069735310488795,-0.0016529025079534201
2021-12-21,-0.001587809301900256,0.0029111132551594473,-0.0023219324305016275,0.0014315857729866096,-0.002010154406952203,0.0
2021-12-22,0.009322342535849348,-0.0038833650474240367,-0.001333158391280398,0.0031411470907212746,0.008180824993937685,0.0020776149874427003
2021-12-23,-0.005306656483639393,-0.0060451406783291525,0.001196107599032015,0.004078777679367195,0.0005367289278903175,-0.005226341161001735
2021-12-24,0.005087628359461061,-0.0040396720356371775,0.003912770603522819,0.003852851126068746,0.0016397226826176951,0.0020947442145360894
2021-12-27,0.003973747046880339,-0.004097474431590165,0.004245720313213864,0.0037223320775503273,-0.004038644940908154,0.0034300267990063638
2021-12-28,0.006357355190994073,-0.005656352624478034,0.0034291470552194623,0.009596303749042611,0.0019511550363169312,0.006035341246685225
2021-12-29,0.0017690733764329281,-0.0009365972578717186,0.0013131033067254716,0.0014707831158628617,-0.0002229546161544247,0.0010060401106655554
2021-12-30,0.0032568241828308643,-0.004258088836726848,-1.0770227650946712e-05,-0.0052031882209918395,0.004657548327675865,-0.0010888448306607215
2022-01-05,0.014019096236612905,-0.008729175970568371,0.0075080408300605365,0.003720641273018699,-0.01220608025972576,0.009563927004125929
2022-01-06,0.0009861251269692507,-0.007341537719024639,0.0009972508241652195,-0.003668000071525723,0.010941453575080896,-0.003360350216367547
2022-01-07,0.0002066378553239761,0.0004665056293144728,-0.003101173818023484,0.00013262129169506695,-0.01088424330857374,-0.0031856180110708646
2022-01-12,0.006937893952871745,-0.0028202721435277803,0.0032588421221346983,0.0042827231846254135,0.007419954558509211,0.003175402329513538
2022-01-13,0.0040559580761454946,0.003450997247159493,0.007354437409105753,0.0009269365330424771,0.005472238107339544,0.003331901483567028
2022-01-14,0.001287061743765849,-0.0038247587181528216,-0.0003771977405394144,-0.001012056778384562,-0.004663044115724471,0.002795273040661265
2022-01-17,0.0034355755623051163,-0.008192694243198972,-0.00418998359900975,-0.00923257141659648,0.0035996299273120206,0.0
2022-01-18,-0.0015293696940448468,-0.0007572353547043772,-0.0022682357656409464,-0.0006119389767362146,0.0012822711746313328,0.0
2022-01-19,-0.0021927345187825902,0.00035120296006716607,0.003057891300131632,-0.0003076573428475219,0.008291044183157759,-0.004815158183015872
2022-01-20,-0.0005025530810456094,0.006052712479468459,0.0037983211445611342,-0.004567673840354148,0.0065360707402322814,-0.0053337922296022855
2022-01-21,0.012755626964823664,-0.01176477968519174,0.0026939321543638,-0.007475891427315262,0.002148734287565658,0.002090313371075403
2022-01-24,0.008008101137358704,0.000864495540127174,0.012673329499347276,-0.007153488492135463,0.008948228268974703,-0.013050881604696862
2022-01-25,-0.0073270486998282544,-0.0028246409982385363,-0.006604152915807761,-0.009331283845988227,-0.0015508801792834426,-0.006623147391195488
2022-01-26,0.0010578768278944667,0.01126550420630874,0.009357837604185959,0.0015111605400451424,0.007537236627453381,0.001426831617956978
2022-01-27,-0.0025427386358132906,-0.0031725420205690243,-0.005253629595365727,-0.006418227484947159,-0.002880076240290053,-0.0027986904552079524
2022-01-28,-0.001949299196318899,-0.0010103923055429847,-0.004338853062888014,-0.004315879320157557,-0.007208377886150075,-0.01650676097393511
2022-01-31,0.0022282345599950568,0.004806004191984336,0.002422902430961814,-0.008500844883967386,0.002134071097815204,-0.011937360494887602
2022-02-01,-0.0009656202546397543,0.011084875200066513,7.479978720494935e-05,-0.01132057444247745,0.014917950705849581,-0.015408734335077945
2022-02-02,0.00027128815300914177,0.0012435972041582753,-0.0030338186109998724,-0.003113658020625665,-0.003247210738571372,-0.003393937419646087
2022-02-03,0.0008940380227839832,-0.0011189840423111884,-0.008674478642715979,0.004647095649996458,-0.0024357089488428853,0.0030680972356816874
2022-02-04,-0.0020189661086450704,0.005505079971070659,0.0022781902596649807,0.009811569453058366,0.0015279904910814547,0.004252239785262635
2022-02-07,9.99526290095809e-05,-0.0002601670963667535,-0.0015344026907341268,0.0026307911369000403,-0.0019304209878858725,0.0009250426929499802
2022-02-08,-0.00016851227765599542,-0.012731986794461192,0.0003956523821666549,-0.006563430165289997,-0.006307303678473119,-0.004414670191169745
2022-02-09,0.0013353755320782085,0.0023054299384353215,0.0007930294629912454,-0.0020752667452929464,-0.0007072302769922221,0.0027330305968037982
2022-02-10,0.0007062355847698323,0.0010887937827934956,0.0015921712220943397,-0.006402225633178849,0.0012187879084776254,-0.0056052753965776525
2022-02-15,0.0038602211333904632,-0.007266336672124329,-0.005573501154435135,0.0036230682900563415,-0.0033144266304846017,0.00770509193600552
2022-02-16,0.01195301758023515,0.011119891076965562,0.0018531412214987304,-0.016342275256779403,0.01723683827580529,-0.003214308043722247
2022-02-17,0.0016618908863284656,-0.00476886746975811,0.0013990970316440918,0.0030856906266414135,-0.0009518103429090761,0.0026938883611382584
2022-02-18,0.008307257987574035,0.0037115277664447896,-0.0010610957657690725,0.00011003628307471036,0.009034671931104254,0.0032686191764202495
2022-02-21,0.001111376299944334,0.001991013282068298,0.0062680409298453196,0.008297161505442706,0.0003096683033529284,0.002992353602139352
2022-02-22,-0.0002463592016625606,0.0002829052346365879,-0.0030876042500335593,0.00016541613085647826,-3.4556611258218344e-05,0.0005619890959455368
2022-02-25,0.015916761220931865,0.014472928238648694,0.010209644999161795,-0.023368038111758943,0.01907684251790349,0.0014578533631488528
2022-02-28,0.00016873919310522777,-0.01143728486918263,0.007152563670196854,-0.008722848972969864,0.003645637566753157,-0.003601120825898983
2022-03-01,-0.0035302163101619483,-0.008554820917537675,-0.005547875766317967,-0.008821263856444972,0.005139485085216178,-0.009630511994188906
2022-03-02,0.004270706884686026,0.005503833356137667,0.003633813608976457,0.004043479669040707,0.008504429146159053,0.010285058836757593
2022-03-03,0.004696361289499951,-0.002648504405239028,-0.0057636393940774695,0.005897551064882389,0.010631920678684549,0.011924182964465957
2022-03-04,-0.004398245341006346,0.00276232456453378,-0.007028945073660232,0.008620181042131202,0.004765607505065316,0.009587885032246946
2022-03-07,-0.01231613133923688,-0.008588236991401167,-0.008258581874760761,0.020948193940417956,0.019890145309893505,0.010989086975441023
2022-03-08,0.006879170399276281,-0.0038637835353427363,0.003074180171385876,0.004409369801853025,0.005593004473152541,0.00013570844859852205
2022-03-09,0.004370000073957958,-0.006864910864405526,0.000638037434618166,-0.004950265483660444,0.003322477625942733,-0.0015959589192705902
2022-03-10,0.01448265162147111,0.02256497007459242,0.029076749264791407,-0.030629913602363158,0.029780408268642988,-0.009664865898862137
2022-03-11,-0.01535190368517918,0.005310124078842459,-0.009559929836491189,0.0031735504107012875,-9.648188135433656e-05,0.002395212420308706
2022-03-14,0.005074239692540172,0.0005496025810959758,0.0013239262259227445,0.0008031748519982114,0.0037416216811503753,-0.001581389512484441
2022-03-15,-0.00012897919463481476,-0.0005234329588713394,0.005240160981090236,0.0012803794444768983,0.009155054071044,0.003847948804027381
2022-03-16,0.006697127889464371,0.0019646787624072017,0.006460046780628635,-0.008819788022430977,0.005927921935593639,-0.0010889566872315242
2022-03-17,0.005393785356374046,0.018965272947866565,0.001130491405593093,-0.01601040159496221,0.009017418956712441,-0.00836526259413134
2022-03-18,0.00019149488441749817,-0.008396293578002445,-0.00024502574420737233,0.002654943964186929,-0.001218216087037205,0.003160125452778273
2022-03-23,0.001375326482190874,0.0006963377500602158,0.007842250756156587,-0.004934056814830169,0.0012021310836069607,-0.006023463029866116
2022-03-24,0.0004543439677667368,0.010486265765938764,0.0068894870873446035,0.008282690905039105,0.015519460493046689,0.0053925852383437285
2022-03-25,-0.0021623976069621966,0.003985300278210692,0.004126100933685572,-0.006798905745548777,0.0016223359647743246,-0.004488879394842549
2022-03-28,0.0010388695628710694,0.0009248025372267765,0.00014726759164707137,0.0058363097122134285,0.007171983894551359,0.004692092597204267
2022-03-29,0.004332675525525898,-0.005416635735160047,0.009786002950028006,-0.011440846276357754,0.01354638509555357,-0.00299657956123478
2022-03-30,0.0014578447686210082,-0.004383814320507584,0.009698832113860804,-0.01139086259099629,0.008810491760553329,-0.01723696544515335
2022-03-31,0.004918579938759927,-0.004166961758605359,-0.00020592780170787355,-0.0010579007484675658,0.008037179982534127,0.0012342296912552968
2022-04-01,0.0010689915688993695,-0.00032468577673299163,0.003663293469261774,-0.00011652296639450563,-0.0011932765498790863,0.0010519064048521154
2022-04-04,0.009195450858120303,-0.0035254436526629845,0.001566814740102184,-0.0030397156245986607,0.00668758316186342,0.0025417932868315174
2022-04-05,0.006927069145187104,0.01017449412259992,3.816712144948387e-05,-0.004854487098208926,0.012242708121463665,0.005615119409457239
2022-04-06,0.0033646351331120265,0.004315539585341589,0.0034989042518749356,0.005413517962983173,0.0068701966698131,0.008376245790581854
2022-04-07,0.005976115566975148,-0.002544357269179298,0.001192071003256823,0.003138157192394896,0.007297063523144121,0.0065202377626965
2022-04-08,-0.004714140611767448,-0.006098718685230374,-0.0014167991521786708,0.005508453074879172,0.0051484218208827995,-0.0033008284694899803
2022-04-11,0.0025766092800197484,0.0007064064165568157,0.009564838895606753,0.010482429818749937,0.00901783371817304,0.009742220767852233
2022-04-12,0.00461706106939681,0.0038762382611137185,0.004155265959572141,0.0011978633212030856,-0.0007961855513532129,0.001680621768618473
2022-04-13,0.00103859414690155,-0.003429753176147311,0.0038070682155416876,-0.003962969427907482,0.007640975231029756,-0.003277536272529291
2022-04-14,0.008764689889840627,0.0032964451991231336,-0.0024188528853693603,-0.004948865559026473,0.007440714798018045,0.003720727810986618
2022-04-15,0.0039889809358775626,0.010866041328111087,0.007992861886223258,0.007565222240877346,0.006571537427839757,0.0066643872009483855
2022-04-18,0.004144385316692302,0.0073610528670220885,0.007301244986054755,0.008059169251526298,0.003284808701377773,0.00784899038208517
2022-04-19,0.0005576516016123623,0.002467454257036828,-0.0024768604847261962,-0.0026091752784091608,0.0010246562874358653,0.000920043574864267
2022-04-20,-0.003020615402387939,0.009157553665797359,0.0072950734332356115,-0.011971422844599934,0.00819920331048538,-0.0061118064957355065
2022-04-21,-0.0022838783352561393,-0.000248281508752779,0.001732031825288627,-0.0027482844332399337,0.001024504323792952,-0.002555190575223613
2022-04-22,0.003663502972054711,0.007022985941683312,0.003021461918038826,0.005975034576670701,0.0018016207538911217,0.010205369632936528
2022-04-25,0.0028504640015839084,0.002227198992823974,-0.00176004182137195,0.004783973082827056,-0.003964028242509499,-0.00014820190430419244
2022-04-26,-0.0006718801764953096,0.005346913673624855,-0.0006883997531235359,-0.005200535937064843,0.004415835561402194,-0.0019668761894756272
2022-04-27,-0.003686491746476994,0.011082860298949782,0.003235768452412003,0.01096736528974913,0.015234823732207171,0.002882178093864197
2022-04-28,0.008938110818714387,-0.0035316530143078228,0.0004372383337296837,0.0010565178325140367,0.011002528318562412,0.0034487893392866004
2022-05-09,-0.006414383059481766,0.011275321976871441,0.012437145995230181,0.007157498631166149,0.004166216485880315,0.0015051779819510724
2022-05-10,0.008755126956722361,0.006660968724154982,-0.0006526750990794477,-0.002965226607095795,0.008256492440706056,0.003745238873391508
2022-05-11,-0.00119635627189969,0.0021791328990272254,0.0015587638748577176,-0.004009302407340275,0.0026641972193522274,-0.007006425012697576
2022-05-12,0.0023698817131597716,0.01321438306237335,0.007074296815228598,0.010699431027180961,0.008660441663441864,0.009899885997754244
2022-05-13,-0.005097863739398312,0.0011671910170558911,0.005462760830251256,-0.0061807115205920315,0.0016260394245654725,-0.0012748533011510783
2022-05-16,0.006211701730909658,0.006163944904951402,0.0013426276485755985,-0.003530340294167989,0.007524284691643901,0.004242190307014374
2022-05-17,-0.0112998141981832,0.01656719441401613,0.014054462098265687,0.013296242769107416,0.004359433505354038,0.0030742739023206234
2022-05-18,0.00474343574538405,-0.001694619087617787,0.0015489261946578512,0.007154331888263045,-0.0032511172592712303,0.008590607843906861
2022-05-19,-0.004062332234413789,0.007903361951842668,0.0003189370150441309,0.0037217053982817614,0.0022387225024999924,-0.0006067155546299226
2022-05-20,0.0034307277422038767,-0.0014903091251515785,-0.0027702999508162802,0.0038417012791150287,0.0020218368338471137,0.0012790243153439742
2022-05-23,0.0013637742474250651,-0.0069068762388871715,0.0005531489447212932,-0.004521827233155307,-0.0015506286437522382,-0.004189274903085183
2022-05-24,0.004697293306324201,0.0008413717541578601,-0.0011897747120330315,0.0004386223717550929,0.003105277027959286,0.002270500504061212
2022-05-25,-0.00026719586256842534,0.007163551867513896,0.00037777291597129714,0.00029532389323640997,0.005905823771223862,0.0006586179450170002
2022-05-26,0.0014950882019806545,-9.339412693791754e-05,-0.0007411838666160355,-0.0037203852079160217,0.002269316096508378,0.0011558469820984907
2022-05-27,0.005099703400140187,0.004163856658179334,-0.0037752569858926946,-0.0004196369284924727,0.006092543675605721,0.007390677209110342
2022-05-30,-0.0004225496742528822,0.0015983522593177473,0.00046522795976890923,-7.867636631551109e-05,-0.0025649558069452466,0.001945152825652663
2022-05-31,0.002255291678071836,0.0056091832887173124,-1.4222510639650288e-06,0.0018586832529559946,0.00033370566351458323,0.003154057567012591
2022-06-01,0.002512255598810187,0.0007489163924712327,-0.0006109435754880984,-0.0026129472957650444,0.001016632769486536,-0.0029897809874252605
2022-06-02,-0.003166434671439067,0.001610559601210726,-0.0012399967331466976,0.0010810816696504412,-0.0014276980839604161,0.0013618202626293876
2022-06-03,0.00468876474466482,0.005600486341067513,-0.002241790976923452,-0.0011022025719029213,0.0035942509894284934,0.0002560179304086738
2022-06-06,0.0015738521215280742,0.007502615118271216,0.007537646193151072,0.00728580661451106,0.005555720175100732,0.0063556843917411026
2022-06-07,0.006073289413363115,0.005686069086516653,0.001483155223613219,0.003801688760304423,0.0028195660179965555,0.0059311984510337645
2022-06-08,-0.002421402582079013,-0.005144505447656567,0.0019658464333160547,0.001950882949914234,0.002349897584642857,-0.0025538991586743585
2022-06-09,-0.0005454298567868939,-0.002792706528763023,-0.0015970302328701445,0.004523402009003585,0.003713150640401741,0.004727452876390888
2022-06-10,-0.0023645343885304146,0.009353845868480558,0.0032406354643010897,0.00361684451059805,0.0005450745160195504,0.0025690919601544238
2022-06-13,0.006967571669589523,0.005835083985706536,-0.0019101031508784497,-0.003688014123623518,0.006591823997887915,0.00600018841613965
2022-06-14,-0.0013011360537304787,0.0023590431590534188,0.002063746762226051,-0.0003310395578851825,0.008360816322533073,-0.0011694316536785977
2022-06-15,-0.0026738504320744437,-0.0037606953949671953,0.0017198704533917032,-0.0016374303415271465,-0.002344887754724279,-0.005736309800673339
2022-06-16,0.0015144909813673106,-0.0036583018839969625,0.010400274451829762,-0.0033176092634383146,0.01400469902654191,-0.00230296636861882
2022-06-17,0.006834962874731,0.005879253210784241,0.006360593895576484,-0.00436498115215216,0.008961258856534253,0.0031968111326336392
2022-06-20,0.009380415249750085,-0.0124320596457034,0.007371162124374186,-0.008385349370628226,0.012370120998532724,0.002239436059141814
2022-06-21,-0.005125160762883851,0.008118290268752881,-0.005944234159438766,0.007622876010066414,-0.002531510129729986,0.0035505742463307066
2022-06-22,0.002437951282735141,0.0057814920405368855,0.008838288573783793,0.0033848304812853515,0.008425165461703932,0.005998319289233667
2022-06-23,0.0020665069811790504,0.003974730956640293,0.004587310988863003,-0.007012681979493873,0.002468079495365672,-0.00026435019639965934
2022-06-24,0.005341627171601294,0.0025799732244969013,0.007380102893979724,-0.007060892144675046,-0.0032149443876566377,-0.004742893953323129
2022-06-27,0.005041365337273572,0.0032414536058336992,-0.001416225146548599,-0.0014861215651540418,0.0026964267292650668,0.0005014642226562893
2022-06-28,0.004747051455517148,0.004935518995218424,0.007221101986385791,-0.0027515948227252894,-0.0029128190975438836,0.004573426815308109
2022-06-29,0.00506637728914583,0.006507157696213883,0.009146676794912923,-0.0003036166429257085,0.006532386976324789,0.004249679589254485
2022-06-30,0.007696130634788912,0.006874418642229974,0.006075540436283512,0.0014238985997077514,0.005871427514641515,0.005496856797885874
2022-07-01,0.012150819680098702,0.003559145308657286,-0.0059112854405489745,0.0026806319704187225,0.0027164286027552952,0.00926965728157339
2022-07-04,-0.002091932025692401,-0.0032551483472168076,0.005159862781673819,0.004911375369700589,-0.0004461382858366612,0.002216457041329556
2022-07-05,-0.0036700081319004825,-0.001246932831425718,0.00041792918979564127,-0.003186880610781384,-0.0021713463370621527,-0.005027390406643739
2022-07-06,-0.01108460418854447,-0.020324046984856948,0.01729656233793049,-0.00344208651362923,0.017869652625014523,-0.012176842653376152
2022-07-07,0.0023100306254256737,2.32299288349439e-05,-0.002350820962366406,-1.7443886835022317e-05,-0.0012955537914075546,0.0014479051985614607
2022-07-08,0.006730123679617163,0.008357286551954913,0.0011762395387264755,-0.004466253597699233,0.005646787463638824,0.0011289067412982115
2022-07-11,-0.004182589058764874,-0.0006510916656420117,-0.0019795731379693908,-0.006354277496914663,-0.00011290443976110713,-0.005437234082806489
2022-07-12,0.004722885967827174,0.0033670628684506986,-0.0021015188872252734,0.0012355066392888416,0.005865773310800583,0.0019952557958125288
2022-07-13,-0.009042833440110918,-0.011469903705118068,0.00033701295860788505,-0.011576119101637874,0.008130847729144209,-0.02349518056840988
2022-07-14,-0.004459460459036691,-0.005540517545399126,-0.012307484883394261,-0.007996666777751304,0.005084085415702221,-0.0016273194498076403
2022-07-15,-0.007701330023399544,0.00011797005111416087,-0.002721046779984213,0.011735749834500986,-0.01709290050500236,-2.2170602420160807e-05
2022-07-20,0.007359647715848139,0.004296821306809751,0.0033410358960036294,-0.0030476318494891516,0.003036963944377069,0.0086591451041668
2022-07-21,-0.001126262510838405,-0.0015275990922463572,-0.0017358829336568736,-0.0006117372717012512,0.00704820570070599,0.002755934763168747
2022-07-22,0.0027494170197389423,0.0009757989049752561,0.005261392184808011,-0.003002883933408262,0.002127677364031477,-0.0008596439324818961
2022-07-25,0.003936171695101498,0.005015097862665918,0.0026692481929909704,-0.0009028450043023107,0.0026975786079517007,0.004350988620984104
2022-07-26,0.0017702253880136352,-0.0065076186855710155,0.007538821406203056,-0.002373279556955321,0.005604770909505775,-0.0012502649956899576
2022-07-27,0.003482164934276955,-0.00022384156177441812,-0.002533199080008797,0.004237651366132078,0.005963657775772457,0.0036382216140253606
2022-07-28,0.003070081873808129,0.00323033985003658,0.002633794422940117,-0.003954804661488165,0.004491372635105329,-0.0016658395577087148
2022-07-29,-0.004953670098400265,-0.0008019020284070426,-0.0007430970882192245,-0.0031287304520868807,-0.004835595117920376,-0.003640610048214698
2022-08-01,0.0016147199313533594,-0.00246080116756342,-0.004410598599684157,-0.005466887123722519,0.0009163727537423005,-0.0026299904583686846
2022-08-02,0.001533944096037732,-0.000765277865801872,0.009437539158771635,0.00435950387165971,0.003037955871215403,0.0035282877002200015
2022-08-03,-0.0015298421036012535,-0.0012368943062949667,0.001190947518756147,0.00010515615261459373,-0.0028595568804757887,-0.001910238290368867
2022-08-04,0.0069559013683366385,-0.0024397794236697304,0.014015548480643191,-0.00673887033950722,0.010641211577344635,0.00042623914892885294
2022-08-05,0.004873328841956526,-0.009428455160914173,0.008162348595779578,-0.0005482716266643766,0.007337438551850495,0.0007682834562769041
2022-08-08,0.006704861520594995,0.006610151079564509,0.003926618070438348,0.0017530572738871713,0.003466853989168284,0.005956826381236041
2022-08-09,0.001572807287641198,-0.0006993656516244063,0.0027170290744853226,0.0032976130559153384,0.00677622697876188,0.0048223481247671165
2022-08-10,0.0008212313660248331,-0.0023634979041450514,0.005061343291255716,-0.0030651071640462437,0.005302534817839001,-0.004414357547912889
2022-08-15,0.006842776240243853,0.00443929502400393,0.007267093118720136,-0.0004568331718068696,0.00029286151373311177,-0.0016994521599960068
2022-08-16,0.003714187292820692,0.0041190773730542364,0.005963163849474906,-0.000359162969424531,0.004536135857300438,0.0011655197668008765
2022-08-17,0.00024077216077964545,-0.004050698033876943,-0.001223692307901425,0.0003880751234711876,0.0023767262992211878,0.0009598283156218024
2022-08-18,-0.0011758960013400707,0.003440019152956353,0.005595116214710382,0.0007555725000141678,0.006786166251194127,-0.002971709569907813
2022-08-19,0.0050737839675513595,0.003024122679605834,-0.001640733726878407,-0.0024456495767657847,0.004671256920431377,0.003899050707943469
2022-08-22,0.0013128761616989946,0.0059640748120434635,0.008102365741497941,0.0006507418561340964,0.005539939003618577,0.003040783715301631
2022-08-23,-0.00034805564103264136,0.005318733252388829,0.0038143533376968197,0.003303553922510227,0.006911742675880173,0.003962042715237831
2022-08-24,0.005423149600408706,0.006653604228934129,0.005883387507730453,0.0021151655505320614,0.0065082041160555056,0.004488486427222781
2022-08-25,-3.623662991341091e-05,0.00013301122691955497,-0.0024300852741129695,-0.0014248117614269029,0.0016748369577120007,-0.002002875446688053
2022-08-26,0.005565128950822352,0.001856393263715317,0.0024371913380858644,-0.00326651573822665,0.00620266344976932,0.0027620522485668764
2022-08-29,-0.004419112715982342,0.007164034617881863,0.009167675185812142,0.005275923995046571,0.006550329094384999,0.002549603534386897
2022-08-30,0.0035379313620634628,0.004010401242080297,0.002832423366627878,0.0016006747068007436,0.0024691251163234456,0.007796473647948924
2022-08-31,0.005424390245008272,0.003069152190183245,0.00027149683121869715,-0.0011997062589655717,0.005808919939126801,0.0018551324853351425
2022-09-01,0.0004433711469324479,-0.002723437661646399,-0.0015155029492404325,0.0009783334518722597,0.0020095563502033455,-0.003794425279713576
2022-09-02,0.006062797679627941,0.00531881648395043,0.004421062157802782,0.0011456325394094689,0.005318393998997894,0.005574636895505659
2022-09-05,0.006524433725917267,0.005843130145966202,0.005438213934783721,0.002185288027411425,0.0049406086201378985,0.008768816601105584
2022-09-06,0.004387179759583759,0.0024082329883696523,6.983936089444208e-05,0.006221668434336626,0.0008917998857118859,0.009982267888736036
2022-09-07,0.00047796596162035226,0.001175958625929896,0.0015302390803866974,-0.005813050361441774,-0.004238049832585911,-0.004539487766774133
2022-09-08,0.008185615418907612,0.0077350732226270785,0.0067441906394073,-0.0004285225572431047,0.007113687783386059,0.0011088442650508024
2022-09-09,0.0025620788989539458,-0.0007810839760097999,-0.001803731785776952,-0.004923018105544963,-0.002849119096527053,0.00045394193045728004
2022-09-12,0.005360018835332215,0.0046037881723171034,-0.0009123120076201638,-0.004348023788264488,0.008151823979164828,0.00020380439019894014
2022-09-13,-0.0014039109519653925,-0.0013886221180417825,-0.004272194779138339,0.0029310492277192734,0.00015370256907154545,0.0023725562305091006
2022-09-14,0.003839591733020464,0.008368880265864223,0.00414600679337793,-0.006818136107140792,0.0019054289834800056,-0.005581293899117101
2022-09-15,3.271998981306819e-05,-0.0009085847259281857,0.0009557386281628501,-0.0021447575246859698,0.003955623467875746,-0.002283948474115409
2022-09-16,-0.003464745927519686,0.0006311929028671503,0.0048925833764514644,-0.0005323844787137766,0.0029151275150805177,-0.003993589971091782
2022-09-21,-0.0009241617348346943,0.0007711658444001135,0.001128417558255502,0.0009701029219065127,-0.00031344803246442543,0.0013509268829066108
2022-09-22,8.831245801364036e-05,-0.00017400634798292458,0.004192855396477157,0.0008985945854089513,-0.00038752975302249783,0.0006480238980916819
2022-09-27,-0.001462906510497275,0.0005947616763299469,-0.0012936306048704663,-0.0012008912512973206,0.0016216176546480555,-0.0009578545066579642
2022-09-28,-4.609664907693199e-05,0.0009057622868875242,-0.0016015833104607194,-0.0020459677217796067,0.00501583913280268,0.0011084891359602886
2022-09-29,0.003045419952134276,0.008342001890000006,0.014115097899109362,-0.006629086034134035,9.100305431188798e-05,0.00615557766574922
2022-09-30,-0.00105574423377115,0.0007365459267694389,0.0007499692143455587,0.0009329261607878172,0.004489820835439806,-0.001731614622273031
2022-10-03,0.0009311813504665476,0.00020985402351911855,-0.0033443892243941063,-0.0009567053779041322,0.0020051571806901872,0.005304174951201557
2022-10-04,-0.0014908660140219528,-0.004604524116648535,0.0024510966035705436,-0.0004439546253581115,-0.003775127447167748,-0.0033309492684638897
2022-10-05,0.004237239298595031,0.0058047302078893205,0.0036483179759624566,-0.004530152850804559,0.0012476652291787183,0.001402054297507782
2022-10-06,0.0008613897357630408,0.0032574849029098248,0.0011661048187638474,-0.0024135185136624944,0.0012626170854250335,-0.001260392716553806
2022-10-07,0.0013245223888860517,0.006165181451106072,0.004959359241405557,0.005710709489669075,-1.3816237170382988e-05,0.0047386607309974245
2022-10-12,0.004177011494186635,-0.0005208383995123796,0.0018833146779040134,0.0004718961421802169,-0.004548335976821961,-0.0004992274525585706
2022-10-13,-0.00015022785828937556,0.0014104388466994683,0.0023412557745726924,0.0028996793747971816,0.0044736584262013105,-0.001691259246017124
2022-10-14,-0.0010297320459702998,0.0017247824074436932,-0.0018276809678051233,0.0003990334932213453,0.0008621976810345698,-5.193565318782102e-05
2022-10-17,0.0035696779344091883,-0.002775257822806099,0.005096276845598191,0.006013920918440175,0.00027465409779905406,0.0047363391500137575
2022-10-18,-0.0006358147764596199,0.0042462250817746575,0.004661315561511881,-0.006991564532975403,0.007803725382634673,-0.004941383673115104
2022-10-19,-0.0007871924004620335,-0.00032439597857758507,-0.0015737580763861337,-0.0026704375228891585,0.003011237313845249,-0.0007986312080503122
2022-10-20,0.0016535062645876898,0.011407919432180245,0.006996288450604517,0.002467738836622857,-0.0051970265220103295,0.003424145808655205
2022-10-21,0.007672945278394504,0.0019667479377946115,-0.002100395583292336,0.00441160065696853,0.006289139771043438,0.006171018638015925
2022-10-24,-7.292079486771481e-05,0.0011901107696199466,0.0014060644996276585,-0.0038766292243164655,0.0010130289396317322,-0.0023783081773741657
2022-10-25,-0.003223270600915673,0.005001644611774171,0.0035791792298219605,-0.0020673006860717946,0.0014108999300707081,-0.001553983238163655
2022-10-26,-0.003501742207015734,0.0015538310950956368,0.0007477801433084078,-0.0014077798639868357,0.002294823922472977,-0.004275979074934432
2022-10-27,0.000693587509313498,0.004011333227040903,0.004454785650188687,0.003536174175618511,0.005078441023591562,0.004285552057015934
2022-10-28,0.005657575008830308,0.005098900919892268,0.005783297775002838,0.0013448807705718439,0.0019658545023574893,0.0036490832017176404
2022-10-31,4.9987534434184225e-06,0.0037413276102315814,0.006001130964774838,-0.006692835831314437,0.005178853589893362,-0.01032738771375467
2022-11-01,-0.0008666834040958579,-0.0005384766010872787,-0.0052466323341486595,-0.0003186219460655337,0.0010257935494420779,-0.0012960833278026131
2022-11-02,0.0016009326005136382,-0.0015691068860139716,-0.0015027912186239547,-0.000984681547242161,0.0029808780747154536,0.002557442433113899
2022-11-07,0.007264055226760789,0.0047397856485709156,0.0019342302132632676,-0.0028245856561987634,0.003469496096865932,-0.0005864931477462983
2022-11-08,0.0002423797708360992,0.0009553622637799453,-0.0004130921401494631,-0.0006668503751898309,0.00366161840008612,-0.0012423231528007055
2022-11-09,-0.000554196997785672,0.0039176803976827875,-0.0017632480093016326,-0.002964867977317232,0.007291709315050388,-0.0009166103208486844
2022-11-10,0.0051316585880945235,0.004987137029688938,0.006994125932514074,-5.056818726691933e-05,0.0020080078845164497,0.007264890737403329
2022-11-11,0.005857602770332847,0.015823473218608487,0.01131557500064755,-0.010314125090192049,0.018577731042927724,-0.006256476472854544
2022-11-14,0.005904555770659093,0.0010300262406602201,-0.005255002786463336,0.0017425286225605462,-0.00021352522355528873,0.00703961472536425
2022-11-15,0.001792767803858647,-0.008129152115463667,0.0008980568674217815,0.009581579704678378,-0.0016344852749209104,0.005613192808400825
2022-11-16,-0.0035782048118692344,-0.0010161531201159143,0.0017327544571625443,-0.00303530948687567,-0.000707127747894343,-0.0091380670026856
2022-11-17,0.006323981228496755,0.008160462158327575,0.004398308133122807,-0.003685331052484431,0.0008794345691279122,0.007145033496615716
2022-11-18,-0.0024426108611107053,0.003964637387630243,-0.011108168578836697,-0.006573715533031942,0.0014267540726046854,-0.006202722572534568
2022-11-21,0.002688071892393995,0.00220513656136585,0.0022408486541995124,0.00042960115895682686,0.0015326898479154582,0.000984462898437699
2022-11-22,-0.0003002174100499518,-0.0019840185415900707,0.001185478063344569,0.0027271811584802506,0.005136312994200144,0.0004774537880474104
2022-11-28,-0.0024645997661018274,0.0002547669528397023,0.004168291763196707,0.0023890300568923275,-0.0012485943110562391,0.0004088474576720735
2022-11-29,-0.0017522631860168447,-0.0010573927196425358,-0.00019952061078973825,-0.0007832503839866334,0.0006285610161525846,0.0002294938532990899
2022-11-30,-0.002320187702061727,-0.0033468547270556264,0.004189935444249726,-0.00011531823868964378,-0.002616339685005897,0.00017021008521829906
2022-12-01,-0.0007206129189928357,-0.005461161125963021,0.006139692572817234,-0.006348078611221177,0.003952468436451363,-0.008050167073455303
2022-12-02,-0.0033807222700299685,-0.002413373455091428,-0.004641634802998928,-0.002415545921614592,-0.0017175436665491036,-0.0035180891617825564
2022-12-05,-0.006516492995919788,-0.0025566015306509155,-0.0028258206315976866,0.0005155849303834396,0.002253169949448375,-0.0032080201235773487
2022-12-06,-2.845738787549089e-06,-0.00016100373404275275,0.0011682829186177026,0.000719431393313519,-0.0008290136434237817,0.0008973683102970753
2022-12-07,0.008368282718272125,0.00651528972036366,1.03642974659037e-05,0.0037323938857837025,0.005639084506811432,0.008697616437665607
2022-12-08,-0.0024076078565873353,-0.0005568398271491585,0.0030217280286496846,-0.00021446607354860293,0.003958764336327514,-0.001854267775277973
2022-12-09,-9.866990733482536e-05,-0.006011010290323605,0.004361023052741042,0.0027317101816441086,0.007622301623128026,-0.001720632082843121
2022-12-12,0.0008290000156557564,0.002531797438242478,-7.74624788839165e-05,-0.0020774694226207923,0.0017591071188171941,-0.0018932835093317297
2022-12-13,-0.006890506371804928,0.0023247120817099457,-0.0052920018199240195,-0.0001567447585687058,-0.0018291894960538624,-0.007392148456425163
2022-12-14,0.006104863976707037,0.0012357701592539683,-0.0015673689437743776,-0.0004377239862821125,0.010133345928540732,-0.0005617524465679662
2022-12-15,0.0034364679448257054,0.004011921597591984,0.002753375017067472,0.002705756511573121,-0.00039101719136667176,0.005636674648576895
2022-12-16,-0.001712148568694549,-0.005065581249280959,0.006943374334458485,-0.0032637832570342256,0.004875199441011668,-0.005939464764718997
2022-12-19,-0.00011425005685212737,-0.005228339194545085,0.005233445143750438,0.004526658488433011,0.0030103580740030054,0.0061950511851037535
2022-12-20,0.0019569400315394116,-0.0007226669703980005,-6.648730070653048e-05,-0.0009817134970875774,-0.0009374584628160988,-0.0004738875405362608
2022-12-21,0.01333779681045384,0.0015749507904226911,0.011577777108624978,0.009076533870725467,0.018043353115188343,0.015590970364486883
2022-12-22,-0.0025789701958522705,0.006352987356583851,0.002112762231808231,-0.0020141384017193123,0.002704293005233783,-0.004687686423428416
2022-12-23,0.005326968740791727,0.005296532164004875,0.004568747439007505,0.004074134437327071,0.0035444509936493297,0.007965715919317717
2022-12-26,0.0017995068234276882,0.0007491090389945886,0.0004653561502041099,-0.0059957941347288605,0.005722999860540236,-0.0025834261122100743
2022-12-27,-0.00011447671466426881,6.087984906266719e-05,-0.003461809907175306,0.0016217308765304585,-0.0004606506348060703,0.0020976255683740064
2022-12-28,-0.0009302677120579973,-0.002387925351000142,0.0037966848685822454,0.0033841574820409285,0.0015241495596970633,0.0012443923426489847
2022-12-29,0.0015569379012369653,-0.0007729417846347399,-0.003056569255201148,-0.003861781957263055,-0.0014380944379231984,-0.0024033856515120193
2022-12-30,0.004370861569554796,0.002066396585489127,0.007287594869941373,-0.003544337070528192,0.0006701353091695732,0.004183933499648351
2023-01-05,-0.0032420489084580735,-0.009996751584902944,0.007859466241839374,-0.0017413920288539724,0.0061898467347740955,0.002808827431144967
2023-01-06,-0.00140879609466622,-0.005331210411728571,0.000617822720709782,0.0059723347108970645,0.0034205495630339035,0.006156821348430411
2023-01-11,-0.0003226639140337049,-0.0002429729909189549,0.004627667336486785,0.007845381609229873,0.0031203000497521897,0.008101665314394907
2023-01-12,0.0038556155663012513,-0.00259955058827408,0.00639546171743579,1.1844703364838056e-05,0.0012747872706087905,0.004551632155875395
2023-01-13,0.003449293238176487,-0.007779658850464053,-0.007065841918224524,0.004211785981877258,0.0014996363911744081,0.003258923498993349
2023-01-16,0.0005949897509430094,-0.009774361147278277,-0.00672559731895821,0.0063233717987633,0.00624770254630822,0.009618901134901936
2023-01-17,-0.0008404023432110551,0.0012857382177712485,0.0006723312096606371,-0.0007101822119560454,0.001708597968183323,0.004035895018246749
2023-01-18,0.001026272271682993,0.0005483168828761099,-0.0017280535958387854,-0.000581040732717697,5.732572863730309e-05,0.0004132806904736759
2023-01-19,-0.0007979423015538113,0.00021505322945338792,0.00788582667609219,0.005686506918101242,-0.002411633584209838,0.0003863069977384256
2023-01-20,-0.002153615563011857,0.003945973635585066,0.004420033036466366,-0.0018729276575568,-8.370626329061697e-05,-0.0037754731662363685
2023-01-23,0.004334974657086699,0.00603487962020597,0.008163191599562847,0.0005177855565248197,0.005618293115636908,0.003042211606685631
2023-01-24,-0.002488403114384941,0.0027693788396503157,0.006563630487581217,0.001591001455030061,0.0022210398164194123,0.0011984376077298258
2023-01-25,0.0042644593406387715,0.0021266008036122446,0.0020824721694022276,-0.0035875043546139463,0.00098335144230981,0.002862096791789707
2023-01-26,0.0008985046017814691,-0.002605038225504797,-0.0016945807982182261,0.0014893906612321486,-1.7644597582400267e-05,0.0006881254656987112
2023-01-27,0.005869138284545628,0.000802773927127731,0.0011367342277645242,0.003727187075087058,-0.00040131749785365906,0.005537107958477801
2023-01-30,0.0013070219046707797,0.005978310745177872,0.0039867257092247805,0.0019595580567890233,-0.0033342939413993694,0.0052029521198970925
2023-01-31,0.005105262812649091,0.003745894009908901,0.0014944674899405766,0.0010526461959856404,0.0051345009055914215,0.007131485377860421
2023-02-01,0.0004117920972788846,-0.0016755797433563038,-0.0018457219911804047,-0.0008473925643683435,0.0017988638414502493,0.0009958632841904624
2023-02-02,-0.0018940079581133862,0.005334271417392334,0.004781609881140713,-0.0012651650763660484,0.006325612144876036,-0.002072780218042025
2023-02-03,-0.003916803254535051,0.003901140572052242,0.006329926430729138,-8.168169597186923e-05,0.0025643911564249946,-0.0011374060435133506
2023-02-06,0.005153752735741368,-0.00514970966187367,0.0007864509577337085,0.0006172101638393327,-0.01064119030095436,0.004653133393550946
2023-02-07,0.005510503594264393,0.005510531123964446,0.003860848635390157,-0.002535570787440578,0.008004731170721249,0.00683576942670544
2023-02-08,0.0016630379849102098,-0.000327505022176177,-0.002583759400637531,-0.007466125455276496,0.0004949323779695821,-0.00013249733233979813
2023-02-09,0.002957424293893896,-0.002184978177136076,0.0013209666049921465,0.004148166717113155,0.00042983845042685606,0.0012847509580605023
2023-02-10,-0.0007682222017180171,-0.004300585404070745,-0.00042198733585518977,0.010650146975498907,-0.007447217820780505,0.004931424327756191
2023-02-13,0.0008773769349839313,0.00577064862728076,0.005018321610204302,-0.005131827860791805,0.004401991841222896,-0.005387005761661696
2023-02-14,-0.0004994405052029633,0.003803606851898067,0.006645444807698197,0.0006418981310553295,0.0018633999428396388,-0.00026596564105013654
2023-02-15,0.0032624227873518934,0.0027219552469303077,-0.0012311401220641565,0.003454936784925922,-0.0001848466896577684,0.004677028741395634
2023-02-16,0.00011421778761782058,0.0011752780987771784,0.0012641621953969114,0.0026546950649822152,0.002800398710786167,0.0062879512792271
2023-02-17,-0.0034357747318751524,0.002944838489450442,0.0029575049011056898,0.004420802118595835,0.003567398912051379,0.0010157931731092271
2023-02-20,0.006023755407001641,-0.0022349198179409725,-0.0009947514644883526,0.0039745324084826455,0.003415282618156823,0.008103565021856163
2023-02-21,-0.0015161304409961884,-0.0024496090090517565,-0.0015176208339953813,0.0021243148626246097,-0.0021287406696521407,0.002179840264472007
2023-02-22,-0.0012335237675616508,0.0011428379365499898,0.006145410510167816,0.0026179943264635465,0.001421994271610627,0.000140942607053403
2023-02-27,0.0032556560433780303,0.002043599146497877,0.0041051811726119155,0.0003747141529084621,0.0011310990337483067,0.0014630013869659565
2023-02-28,-0.0012974280337519468,0.0034886192091313053,0.004322093322790344,0.000536271853896042,0.0005270782137562604,0.0013722744440905158
2023-03-01,0.003013695754783097,0.0007894314112342426,-0.001658199603311239,-0.000690430529149011,-0.0014018904311075444,-0.0005543926092578256
2023-03-02,0.000392974316576522,-0.0003163823339069837,0.0008651455078485747,0.0025087982318187985,0.0030408756188291313,0.0011755466194388053
2023-03-03,-0.00405478442529712,-0.00041069436636407273,-0.003906409010872025,0.002628860182464976,0.001977241058695833,-0.001891648069264562
2023-03-06,0.006662656787376787,0.004393414551728059,0.0022023448729377565,0.006467032437665976,0.00046617033966183166,0.006677182161925421
2023-03-07,0.0005036026258303573,0.003258678865443088,0.003076954186795633,0.0006395364370296753,0.0008440657166538968,0.0027941689148073268
2023-03-08,-0.00026597656816238483,0.0010538043717473584,0.003303073812345603,0.0011592327012343918,-0.001926274014747076,0.0029619410140722478
2023-03-09,0.001339807006542504,0.0020707032187177177,0.0022607290442008487,8.021755988129936e-06,0.002900352132722218,0.0004901486020361483
2023-03-10,0.00035268943749864365,0.0003400509126590071,-7.671173041929875e-05,-0.0010737533476664176,-0.0001969460068445676,-0.002407552540615605
2023-03-13,0.008997451959937775,0.005316957502342802,0.0021259416165203774,-0.014005440731414076,0.005226489434459826,-0.004751249786393778
2023-03-14,0.009646544744260743,0.006977941246400254,0.0094279426459394,-0.009616476771471637,0.009762385164284803,0.0014395558041580374
2023-03-15,-3.173868386012642e-05,0.004995799452153981,0.003723676114261278,0.010661107061295283,0.01869515900098586,0.026645168754684017
2023-03-16,0.02233605097962739,0.019958822706820836,0.019683942322887726,-0.017677265261943374,0.024576168797995065,0.002749813736042994
2023-03-17,-0.0024597611334334244,0.0008180592592604396,-0.0003039437488946187,0.0023254098638705975,0.0029494111903928034,0.0015619971153360366
2023-03-20,0.0023444971167122745,0.002199054884911034,-9.348559630879632e-05,-0.0016008885909272194,0.00409946098925078,0.0035637449051841848
2023-03-23,0.0003949568103994935,-0.0010236762407994434,0.006592545961454622,0.004659887761195682,-0.002698750155755314,0.003117033824471649
2023-03-24,0.009189876096290739,0.004644252807740656,0.0070170235864184475,0.0037310166239427076,0.007219518664786629,0.01151655661066886
2023-03-27,0.00012026123079600382,-0.003373893135458284,0.0007410319463383441,-0.0037343673208058534,0.0016901722393172672,0.0009030743379379409
2023-03-28,0.006277103909286175,0.006504580686038541,0.010823352454379952,-0.0012806533198544748,0.006375812766442923,0.0031535843103435157
2023-03-29,0.0016207472248876752,0.00042138929983646115,-0.004810644998647784,0.0037688202994992765,0.0021415233838202987,0.004117993875648141
2023-03-30,0.0036252879449555353,-0.003710567925612196,0.005041338420936126,0.006278656455757159,0.003219545334576801,0.005269461401369525
2023-03-31,0.002931178147676828,0.012704883473526852,0.006024232902635252,0.008740229417007873,0.00783974127562448,0.015589066252821915
2023-04-03,0.004561779965933544,-0.0005477155797549039,-0.0015229397634392685,0.0005038577368908126,0.000301187988320372,0.001840622667975392
2023-04-04,-9.469470751446441e-05,-0.0016933596365634517,0.00018658937713191838,-0.0006795525936219575,0.0019474002143894606,-0.0015722769558325302
2023-04-05,0.010746172207816374,-0.009871643298352151,0.007318312216944723,-0.005845686943699069,0.003490412323051339,0.0073955172425611004
2023-04-06,0.0048322339327100845,-0.0034097047870199405,0.004607009925573391,-0.005719914938036719,0.004699570660631447,-0.003398621102918886
2023-04-07,-0.00191661829516403,0.0012887396951061008,-0.0034559514624114,-0.0011152767228102657,0.001569900358598253,-0.008214929960887574
2023-04-10,-0.0018189196977741904,0.0005346330341278625,0.002315842627222376,0.0030679315837714334,-0.0009512109966256961,0.0012801750634245934
2023-04-11,0.004133238842959443,0.00047707348884133997,-0.0004298302019988933,0.0033345176435112056,0.002733981914182726,0.003620788020105423
2023-04-12,0.0013487635288768505,0.0027124595283503526,0.004327252990094999,0.002894391219814896,0.005288913393365924,0.0034929234666928547
2023-04-13,-0.0016014847553838419,-0.0011385243264810275,-0.000991191393253277,0.0009897911776355795,0.0019257127504187068,-0.0014838987266006189
2023-04-14,0.00014907259946972287,-0.0018009644743197217,0.004080743727791035,-0.0005798342001970712,0.0005915495989665669,-0.005464696559168036
2023-04-17,0.0021239146354928187,0.0003989731737809697,0.0027641941518645294,-0.004718541675871579,0.004417647204559127,-0.0011993848729143996
2023-04-18,-0.00017274306983994215,0.0012177861895308337,-0.0019365739143863974,-0.0007776417225678677,0.0012750593004494438,3.6072579508346966e-05
2023-04-19,0.00035314891216511293,-8.112103399551257e-05,-0.0026723741944791215,0.003069655626265577,0.0028278066091923294,0.0014101821071041964
2023-04-20,0.0034890821850696472,0.002685106914526103,0.0017872264356219025,0.0010341562197722532,0.005883322702885097,0.0025560453206292634
2023-04-21,0.0006412674317007427,0.0031780256130189426,0.0004855231406434292,0.004829392410461053,0.004781716211728182,0.007195438228229406
2023-04-24,-0.000722070423900445,-0.0010328447253105557,-0.0006012113384181284,-0.0031026106086637696,-0.0012230081531168892,-0.00652798780568703
2023-04-25,0.00028703749965868224,0.0005166663375846704,-0.0024321680551211864,0.0006438149756506474,0.0016312591598224738,-0.0008432750932058826
2023-04-26,0.004081447462323218,-0.006794586822297834,-0.002420889250924186,0.003132036185761589,0.005134158249665654,0.002618088590544446
2023-04-27,6.016947555242784e-06,-0.0046151681338481906,-0.004491623589192483,-0.0007363866120940754,-0.0019649233030132993,-7.090253970041573e-05
2023-04-28,-0.0005681713471433756,0.001295225738358919,-0.0035097245739390773,-0.0018554396055485026,-0.002021414976382286,-0.00259588232164225
2023-05-01,0.003561399305367541,-0.0008173371408256797,0.0009361756491014003,-0.0006177096493621634,0.0022688577715934246,-0.0014168048462123162
2023-05-02,0.0010080744803920628,-0.003244746949779209,-0.001606425164200509,0.0011879539362628759,0.0021515498090888927,0.002293976682080815
2023-05-09,0.0001857704687912245,0.0003676246529369818,-0.0038360401584698997,-0.0031807167144161986,0.0007426137643445909,-0.006859259948927628
2023-05-10,0.004911660792970407,-0.00227186212320909,0.0068727124404306394,0.0019985758856616797,0.006817407167860036,0.0030796786577793984
2023-05-11,0.00011241578833047813,-0.003217427441084531,0.0038776129867668986,-0.005782523811689576,0.002149085116658345,-0.0026086740838642043
2023-05-12,-0.007014157250621711,-0.003134814497577199,0.004658824585625099,-0.007637796073180205,0.0019366976098359025,-0.005453470341312929
2023-05-15,-0.0018724430427389254,-0.0017611914316305387,-0.00013264535555079825,-5.520800975087345e-05,1.4425553103935575e-05,0.0002815577224705532
2023-05-16,0.004266287700426741,-0.0035384051142585363,-0.002695937823362416,-0.0030139993882893905,0.0022654738069137095,0.003051972732952971
2023-05-17,0.00927860449687674,0.0019327354776890629,0.0015747908431773105,0.0004443568668344392,0.004929011056529875,0.006611076253591252
2023-05-18,0.0072027077600596906,-0.003116375307344166,-0.0005887355810766162,0.0011694081547502398,0.0025449811648438295,0.012480333369270014
2023-05-19,-0.0010715459429410767,0.004835659632955049,0.005868481688952377,-0.003978405248673189,0.003324156659971545,-0.004274707887980622
2023-05-22,-4.224076310155669e-06,-0.0063355104846059,0.007537136233090558,-0.0058601802875738246,-0.0045823628470797574,-0.0002682712500633455
2023-05-23,-0.0006453490090042812,-0.006395314621869841,-0.0023148497610646634,-0.00625362471747486,0.0006265533245939587,-0.004561771845063975
2023-05-24,-0.0032406320742617073,-0.0032899474012486824,0.001530877640508854,-0.002031539485429957,0.006950777875318061,-0.0024553807800246816
2023-05-25,0.00258084672205854,0.0035613888015829207,-0.002351203504900012,-0.0010445662512827752,0.0048494577941014414,0.007817052733986658
2023-05-26,-0.0028653793732680735,0.0016216469778295827,0.0037705272371400217,0.004500163233809395,0.005448376239632679,0.0008816265625906319
2023-05-29,-0.003241985691813642,0.0035660459755008757,0.002023167792529091,0.0021825720550247224,0.0011742999141922895,-0.0024647178022525473
2023-05-30,-0.0012808136838389887,-0.005561342839879347,-0.005615072959346602,0.0008269335891545105,-0.007315928343666834,-0.0006556750704003467
2023-05-31,-0.0001284229025866556,-0.0011151959338847161,0.002595397337180039,0.0029884087554803204,0.0028283048930625174,-0.0008314022354659421
2023-06-01,0.006691660060545024,0.0008758407980553162,0.0003709378496354668,-0.001454853476982532,0.003840308564836503,0.006364181870471203
2023-06-02,0.0007280033056588974,0.002335111738970542,0.0034622170640401743,-0.0021539182820398354,0.0016172496551942308,-0.0021781419375847353
2023-06-05,0.007383505730304574,-0.0009265847927031347,0.0017048799717775515,-0.0006391602280134455,0.00443350825570854,0.005369349096432663
2023-06-06,0.007933458701044116,0.0036672518074560186,-0.003413036008556714,0.0039697524259393775,0.0038979066866227543,0.009809259589328378
2023-06-07,0.001883107513536575,-0.0004447528009067451,0.0015278466668246394,-0.0038879445895521063,0.002541951918614527,-0.0012566648510197174
2023-06-08,-0.004726320603901947,0.004460727313231484,0.009213070187969996,-0.0053992661285611875,0.005535434760986636,-0.00538818075950546
2023-06-09,0.004092940171558524,0.002852116317629539,0.00596908360001205,0.004682114434891861,0.0034378626658592157,0.002541651801691025
2023-06-12,0.0027722938335748245,0.0014352481976949833,0.0022409507850000834,-0.0005495769913558932,0.004376771493402742,0.0014725555727519157
2023-06-13,-0.0009806147262225728,-0.0010915737669741743,-0.0017040170489539541,0.00095928403934038,0.0004898289969510472,0.00030174278972780466
2023-06-14,0.010782963921741873,0.0037452961362416364,0.0032096345756844604,0.0003810038786014934,0.004400089650803764,0.007888264596454808
2023-06-15,0.0012114733085058617,-0.004500768068071493,0.001661907400781715,-0.0005626431071020562,0.003684227853190803,-0.0003579307324413177
2023-06-16,-0.004561825377805984,-0.005517804952482441,0.0011859365680171319,-0.0037421638330647827,-0.0024641883194940874,-0.0038775506395788695
2023-06-19,-0.005182550152572607,0.00043388070103838065,0.0029757040903910957,0.0014924677598458164,0.002136926848266563,-0.0031889763745448496
2023-06-20,0.001362327031769017,-0.0027478089294964876,-0.00028750698869211026,0.0026297738652016904,0.00029019891630510664,0.0019260611593876111
2023-06-21,0.005487567187490305,-0.004724859538222792,-0.0012219255136242555,-0.002576723382857149,0.0016785613254371554,0.0008768171327223628
2023-06-22,-0.0075856309764948514,0.014560247647514114,0.007958766334354328,-0.0071726682325095725,0.004127664205539694,-0.012325339753686899
2023-06-23,0.001957250717932135,-0.002614219070410995,0.0006208179679963791,0.001645044761673198,-0.0008931563271882938,0.003948746098108394
2023-06-26,-0.008279593422246179,-0.004947904349393518,-0.007551356789744236,-0.008384652162201167,-0.0030111271642382365,-0.009219384823400484
2023-06-27,0.004129201052618137,-0.003732339337405999,0.005639172804141057,-0.00039170911913506435,0.00287679266866685,0.00028776980307039247
2023-06-28,0.007884163588470883,0.007926138101687298,0.0006184534383575144,0.003126460650444241,0.006645428490014127,0.010055669057738498
2023-06-29,0.010221828933399268,0.005813171536681482,0.002642556392793227,0.0003246961072843834,0.001337259135804203,0.005805143274345432
2023-06-30,0.00031872895224345217,0.003690004619079135,-0.0002197762694170046,-0.0032827455133372483,0.0012911851826798992,-0.003194140322955036
2023-07-03,-0.0023235887740637117,0.0032416735532064143,0.002927960938062313,0.0024529760277275606,-0.00047799822341931743,-0.0027633507443477843
2023-07-04,0.005723586429483852,0.0059498549257768,-0.004864622599769164,0.001844340672540379,0.0043412467451001465,0.005480413960703002
2023-07-05,-0.002972694848648438,-0.0023102044693956714,0.00472587447281847,-0.004097495248285621,-0.000608670424155622,-0.004526498072324259
2023-07-06,0.0015308935973206816,0.0033079171499111218,-3.782128791867149e-05,-0.0033155071886489472,0.0037242648430842137,-0.0015574458454666873
2023-07-07,0.0025860041817183047,-0.0019354249907823646,0.0008284494360453635,-0.00176348123883423,-0.00037059725927732765,-0.0013416172518816438
2023-07-10,0.007074456295772747,-0.0016340551453567945,0.008125331168443295,-0.006314530320806445,0.006569650516771342,0.0007114606492503728
2023-07-11,0.006694774609472609,0.002879176780217674,0.003840409255284394,0.0018029076031948366,0.004707373070022202,0.0060019944592812685
2023-07-12,0.003751528517779201,0.003419773077025079,-0.0022898736721992164,0.0007864091384841567,0.0025882520216453653,0.0016772058369881717
2023-07-13,0.00048069474628784645,-0.004509412906421973,-0.004873080709222344,-0.0051476174970933606,0.0043927542970004126,-0.0016350289139654983
2023-07-14,0.004042326680791454,0.008857463877445149,0.0021125674117397986,0.009365761376714677,0.001581095382060396,0.004653470843590506
2023-07-19,0.0023837876073406145,0.004659287398495061,0.003270844671886054,0.002052779773138225,0.0010548941115805731,0.0018866348090457404
2023-07-20,0.0012275607616621276,0.0036975672090327595,0.001155220747926,-0.0007604766961189169,0.0032346890237962443,-0.0015727457794462536
2023-07-21,-0.0018075347195897651,0.005699128336605597,0.008066857671323537,-0.005742316232851507,0.0031886041989200647,-0.0011103897021114138
2023-07-24,0.0037377652625991244,-0.0009745802007887776,-0.007338218054612477,0.0030225349869936746,0.0004621064464828352,0.009009885571343412
2023-07-25,0.0017820084250057548,-0.0014561490681126667,0.0025824240886628716,0.0011363908859759468,0.00026888172702959083,0.002427991152449271
2023-07-26,0.0009859039648974833,-0.0008703897859629883,0.0019280312789140552,0.001107927469663195,0.004293060452371412,-0.0008257953453287465
2023-07-27,-0.005680651614819699,0.0037588140307824426,-0.001593618109080253,-0.00429319391937122,-0.00013386986353949295,-0.006453344465700129
2023-07-28,0.006122166784228144,0.0004764682887028913,0.0018521442268278456,-0.003274421053980037,-0.004194570290530475,-0.0003635082985464864
2023-07-31,0.0009112631032349057,-0.004495445212646087,-0.0035763723921390608,0.00507575230586581,-0.008354604732292482,0.004301527967934926
2023-08-01,0.002332811176134109,-0.001655717137915303,-0.0003279675691230335,0.001609168218952073,0.0005279182459984271,0.0006840650600749931
2023-08-02,-0.0034766380222896577,0.002861482476788191,-0.0034105943470567716,-0.010022296518509877,-0.002727297975169862,-0.005628920776713795
2023-08-03,0.0058068666897096895,-0.0013137902248250067,0.0002065968070667167,-0.004441246145781164,0.008399696812433423,0.00016525850268822584
2023-08-04,-0.0007816851147719687,0.0006139471224043457,0.006843055905145446,-0.004462671210358128,0.0054367168561912935,-0.0013069607319994817
2023-08-07,-0.0038770885369888266,-0.001971360311648152,-0.00047698713525987655,-0.007646841401087822,0.0010276887269474954,-0.0056928617508911206
2023-08-08,-0.0008344950840699194,-0.0009548679198343015,-9.027270045520731e-05,-0.00032385369901644133,0.001674285438930978,1.2841019822851674e-05
2023-08-09,0.0027973136224670016,0.002113896284046324,0.004939345375650751,-0.004742119480694607,0.0006164116308393862,6.244249623327258e-05
2023-08-10,0.007035180247629014,-0.0012216041839383518,0.008013125259044875,0.00524891864346937,0.009449763984051576,0.00616346624567786
2023-08-15,-0.006124197827182676,0.005235333329217639,0.002656444498542942,-0.0012693352373371871,0.003589362509818561,-0.003949599805384636
2023-08-16,0.007299494590479051,-0.0008803488073940054,0.0006487869677932029,-0.003501017752021586,0.008086565911009114,0.0002166323695274035
2023-08-17,0.007334358202175607,0.0028790151786378896,-0.0027274522136977904,-0.00554355807251481,-0.0010181418899354313,0.0008331983687401104
2023-08-18,0.0006343223335723458,0.0015632367239557738,0.0012434471140498446,0.0031927763085103367,0.0036017988550351987,0.0022364978011878197
2023-08-21,0.0041391314278952825,-0.0018117486687503571,0.0006869526052605715,0.0007077300583073765,0.0006122482032103747,-0.0009923408112962884
2023-08-22,-0.006545106036264681,0.003588851121596193,0.0017398017189872222,0.0021893504181976333,0.002432118496597968,-0.0009827652903100226
2023-08-23,0.00454347395919581,-0.0008440878632423488,0.0015276032242928397,-0.001291391200744929,0.004504512865301491,0.0041128260405030375
2023-08-24,-0.0037754858044058088,0.008501573032009668,0.0034114942971860567,-0.0025928036166194437,0.0027251354577252584,-0.013805367757401377
2023-08-25,-0.0005137388836490508,0.004614270728935654,0.0025033694892244492,-0.0006027253425798353,0.0029624629766069827,-0.0009088044598406073
2023-08-28,-0.0024189653401464287,-0.001923981242977746,0.0025480866703917466,0.0012740898591855566,0.003793068123160117,-0.0059145861600443305
2023-08-29,-0.00035740843928344646,-0.0008231168507366161,-0.0009055075070548038,0.003807679914759188,-0.0018272202635750466,0.0018963168325356423
2023-08-30,-0.0016909378589527342,0.0012465268969573894,0.003511279351848095,0.0011519916337793033,0.0030246652076581612,-0.003244971683929343
2023-08-31,-0.0014873722232279453,-0.005178919269173642,0.0015661142749178846,-0.0007762854904517667,0.003251013753391341,-0.00042868713674248937
2023-09-01,0.0036737505360308516,-7.573490958165939e-05,-0.00010646135030929478,0.00037778169045179534,0.0015873667839584327,0.001490548506554923
2023-09-04,-0.0010777194023606773,-0.002151392449332535,0.007187627443208978,0.006773341712720505,0.0017550815103850148,0.004025614433728453
2023-09-05,0.0027431965517662254,-0.0033224794569142405,0.0010896172969733883,-0.0012315812547599948,0.00212877569031944,0.004360394645281179
2023-09-06,-0.0015092847575586266,-0.0007589253836178145,-0.004091622266254459,0.002118344302215825,0.005237710489355018,6.548908101014494e-05
2023-09-07,0.0003608288474805433,0.0029006274658865965,0.004817303541184038,0.0021182547177541755,0.003374613980417718,0.0007174526829691957
2023-09-08,0.000786360684777798,0.003698997065925491,-0.004762129577539408,-0.0036269798440438992,-0.0006244556033609515,0.00392204853759783
2023-09-11,-0.0028812539905357813,-0.0027094251378382735,0.006106808475838665,0.003693673674108311,0.005033317422399786,-0.0028894023920827774
2023-09-12,-0.0028352017459239765,-0.00048293485455679357,0.0006033560074299781,0.0022883389534563924,-0.0019234157662563868,-0.0004928544206085714
2023-09-13,0.0004575593020400337,0.0014691772670041956,0.004212213936916443,0.0038268563545039713,0.0037423705808713684,0.0031146113778051485
2023-09-14,-0.002603021954149165,0.003241888754978329,-0.005176335126800468,0.0037828068308074503,-0.0008299443678794648,-0.001113442818726806
2023-09-15,0.004225010166968834,0.0030461606299553527,0.004619272677029064,0.004477315532871762,0.0023804845024409716,0.007106443801159509
2023-09-20,0.0007731453260326759,0.0025170055250544722,-0.0028217644007408897,0.003178180075930915,-0.0019580700495035242,0.005468710920284847
2023-09-21,-0.0013686210723264038,-0.005681115741874932,0.0003698543508939174,0.002431075493814295,-0.003629620175897497,-0.0013938533057622493
2023-09-22,0.003970176809473913,0.0019058120285165843,0.004589570106350016,0.00020865624486783346,0.003975313738558129,0.0013783922320581843
2023-09-25,0.0038509217376175853,-0.0014931005411283672,-0.0033291504202774378,-0.004707976655221668,0.004688571748509141,-0.000964719092156785
2023-09-26,-0.0004500438888838555,0.003538630999530645,-0.002739349555632509,0.0012531308197878841,0.00040410783024218437,0.0023760509042786426
2023-09-27,0.0017208240574554832,0.001889971415695957,0.00034422211827067595,0.0009111493398008539,0.0052067273207909714,0.0009846799204279327
2023-09-28,0.007444903728985056,0.004915718779688195,-0.005364273206187022,0.004097640763194322,0.0035723166729022776,0.0046356652053600456
2023-09-29,-0.0041686885262257395,0.0017227786679851805,0.007828394337315903,-0.00713281483684205,0.005806837729376846,-0.012556790144781005
2023-10-02,-0.0030609665014210245,0.0010249089870968619,0.0013529312013960348,-0.0041706811967340725,0.005189673236034965,-0.002718185277560292
2023-10-03,0.007852389850048703,-0.004476161654179278,0.0010094473679318487,-0.000234113585175377,0.0015716745978427988,0.00299609649252075
2023-10-04,0.00038990981183189156,0.00038148323669287033,0.0017274241678219464,-0.0012384534273401923,0.0029425481422827656,-0.0038531168140916727
2023-10-05,0.004404228250438358,-0.0079020990814048,-0.0007524963901057718,0.0018291151672574116,0.002941982538886068,0.002688800948961438
2023-10-06,-0.007038375003876185,-0.0035392676395425986,0.0008195083633381948,2.429344086169999e-05,-0.0005774874832425784,-0.007047908109127021
2023-10-11,-0.001005181257884069,0.00032084661358144917,0.0016584131590694274,0.002397842611603607,-0.00010729929217307972,0.002471695281389833
2023-10-12,-0.002444687933567424,-0.001198733233916016,0.004582244127884638,-0.003158649330791307,0.0039729601655022154,-0.0023306523529196908
2023-10-13,0.004959699707350463,0.003443146516278173,-0.0019656502572675378,0.0037750845957130307,0.0031920398177372805,0.0016399923264839977
2023-10-16,0.0004790858699990515,0.005803016144691208,0.011414166267313949,0.008143075451930978,0.01267493774890671,0.0062447070024134
2023-10-17,-0.004124516843926052,-0.003504811399502539,4.78460984140389e-05,-0.0013820379105468081,0.004559107235574067,-0.004318007320563109
2023-10-18,0.0037092393229353434,0.0007874112280705335,0.0035678460514797293,0.0028756787257387954,0.005724279446804515,0.005233710230249976
2023-10-19,-0.0034420685382658524,-0.006217997806213904,0.007645844349940289,0.005499009640567444,-0.002316484346583625,0.007903560419131133
2023-10-20,0.0057849070988954315,-0.01177791646480919,-0.0028406267654306205,0.004153699434340252,0.004451462146587759,0.00939266126648079
2023-10-23,0.0070742556935018625,0.0019316439111973335,-0.0006208976954734213,0.001711653210803954,0.0061497612406868915,0.006056848600163645
2023-10-24,0.0012399334760897051,-0.0018700985370228458,0.003294973115780464,-0.007056976080924483,0.006571174862369889,-0.002837138585871035
2023-10-25,0.0058804828237572155,-0.008265113327588836,0.002057688103114508,-0.0072875272679405086,0.00755168375665676,0.00019903840420978057
2023-10-26,0.002905674632394129,0.0013419086462515672,0.006593473191940412,0.005613232899967624,0.008017261430943102,0.004743764710379052
2023-10-27,0.005783854595198458,-0.004012267088530463,0.0018077576188673342,-0.0049938013693934915,0.004152414125233796,-0.002351131497171495
2023-10-30,0.010026880620346802,0.0097270713329102,0.0021997130816820308,-0.004818347594937533,0.007806224134177109,0.0021002029623180545
2023-10-31,-0.002878177455282538,-0.004264491645307667,-0.005314312109344721,0.008394934951166277,0.006221380154506684,-0.00056554468446568
2023-11-01,0.00364281088949814,0.00021107308490067112,0.004361844395728377,-0.008454730980765122,0.0062052753240718255,-0.003118751260629141
2023-11-02,-0.008455715383399377,-0.0008546710510799909,0.0011777341318182089,-0.005080659557517596,0.002880130085893073,-0.003514234288505391
2023-11-07,-0.0027124949658200006,-0.0005569785865171758,-0.00217580403855393,-0.0034818982754750262,0.00020326936695289608,-0.004448991884687226
2023-11-08,0.00220835287059562,0.0033304737442040543,0.0036577294252023054,-0.005443715932450587,0.002106227057702914,0.002321099032775359
2023-11-09,0.0022128009216339176,0.0018814675997071758,0.0006847975543535556,5.9895676772759214e-05,0.0025563060500588316,0.001687764416175797
2023-11-10,-0.003086394702430417,-6.263767055449858e-05,0.0029586462676743706,0.0020073178966861565,-0.0004951172409434214,0.0014620632667718403
2023-11-13,0.00010310302446776614,0.0002505799420303046,-0.0004998363705989381,0.0012326000893699176,0.0034224585376533946,-0.0009892328825410464
2023-11-14,-0.0077484174467547864,0.002513078526315016,-0.001618323008457434,0.0009440314171197395,0.004648899104399074,-0.0033511689216206837
2023-11-15,0.011645273939975852,0.00295854622241558,0.00513069518471183,0.0006112688261767471,0.00023229422903408084,0.00789917088985063
2023-11-16,-0.0024918948318839004,-0.0008603021781639743,0.0025260797635032308,-0.0012727744116303396,-0.0013041665755231246,-0.0019008541932444645
2023-11-17,0.007556034711898497,0.006080625213355284,0.007515329173556729,-0.009493508949843597,0.00298413784160565,0.0015944887939846053
2023-11-20,0.00015497534499155893,0.0008728775600938654,-7.400113419948613e-05,0.0006967288590657094,0.0014051319758213497,0.002163614309745765
2023-11-21,0.0017957312429717873,0.004668300181875718,0.0023419635408212795,-0.0013731413791125526,-0.0019429351489519853,0.006500789366100768
2023-11-22,0.004524659740626569,-0.002468669005467583,-0.0025646451758774003,-0.005004332893112463,0.0025233219544828606,0.0038064868676545385
2023-11-24,0.0014219206777077438,-0.00374221517393929,0.0008047116573797195,-0.0017381596194702364,0.0010845107526435082,-0.0023739278917556117
2023-11-27,-0.0004304389623346562,-0.0016773475964080961,-0.004474192711251668,-0.0015717829520196741,0.0016115033730946364,-0.0027086833982099545
2023-11-28,0.00300633940422368,-0.001471651103731553,-0.0010705114658894125,-0.00024309686275856247,0.004356785706694311,0.000935602918793288
2023-11-29,-0.0036464215394324652,0.004984052840034003,-0.001968059163929237,0.00316628119789626,0.0052199623663052195,0.0013297832705880253
2023-11-30,0.0032538018007745254,0.0009495765447325776,-0.002323917972796163,-0.0005254517713033204,0.00129554783430792,0.001484147658367374
2023-12-01,0.002441117736004639,0.0027298773312222743,-0.0004071385158977755,-8.732422226804919e-05,-8.303814303114478e-05,0.0050126391581348795
2023-12-04,0.00024470794458879557,0.0032243974726149367,-0.0010261126756461179,1.415444470345144e-05,-0.00011327498476774154,0.0021496614923591784
2023-12-05,-0.000486452644835755,0.001565333478443698,0.0023098337356087795,0.00024721719129534576,0.0008358671291569977,-0.0003002958400711572
2023-12-06,0.0007931072843177402,0.0016163151513247874,-0.00039359087496184666,9.563171372892751e-05,0.0035665540070925154,0.0032313224492518944
2023-12-07,0.005755053142726507,0.0013121201319082018,-0.0005839759726795181,-0.0001306559909731277,-1.0322917722360626e-05,0.004329674761731989
2023-12-08,0.005288542024492805,-0.001418674438908597,-0.0016770101827648487,0.0007636103141748678,-0.002272980142493198,0.0038580757895689084
2023-12-11,0.011492917909277178,0.005849910811180513,0.0003389351302455004,0.0008529074519920236,0.00913401168701742,0.01318624663370882
2023-12-12,-0.00180127284973184,-0.006292158970585504,0.00014681891553420818,0.001099298587534014,0.0020231053770172645,-0.00155936168731059
2023-12-13,0.002633385494524343,0.002857150106924711,0.002857150106924711,-0.0009299387161852744,-0.0018398152815105153,0.004371511383447713
2023-12-14,0.00786464687821189,0.0019448207655210939,-0.002573650373189751,0.003318674499111784,-0.0005279449696880657,0.004477405922478366
2023-12-15,0.004464974281491419,-0.006365579682578116,0.006419376682485224,-0.007741216650194382,0.006028822208646667,-0.0038254440747940155
2023-12-18,-0.0037646490926658287,-0.0033514703775625147,-5.7890507845637616e-05,3.325616928142629e-05,0.0023215406694788053,-0.0027894031551429317
2023-12-19,-0.0016012575462323706,0.005667216000722465,-0.002501883290492635,-0.002053872014444646,0.008085105959041706,0.004292489039501291
2023-12-20,-0.0020435900137951947,-0.00356441620220056,0.005919901677352346,0.004028693323689048,0.005039717094351182,-0.003158960425990509
2023-12-21,-0.003716434589742513,-0.0030175676262167214,0.005189465809837167,0.0012998798625643909,-0.003982397384816028,-0.007615469380932068
2023-12-22,-0.0014727486459559678,-6.426583990251116e-05,0.001962620121045911,0.0032550952905606723,0.002740342477989754,0.002585648326342338
2023-12-25,-0.00031937327706659316,0.0008755469617499848,-0.0024046311808835204,0.0022458875937550133,-0.0011722930399467252,0.00409865337043377
2023-12-26,-0.002555560179248717,0.00042393254666330807,0.0006495829689818988,-0.0004338140245319978,0.0016952605722213355,-0.002368423782607047
2023-12-27,-0.00047902896628833065,-0.0039663889832834975,-0.0003602554225371254,0.002675263682559148,0.0013092878393357488,7.703671218180826e-06
2023-12-28,0.0004992369109525276,0.00010400557719856293,0.0007283355078365526,-0.0004116209580464768,0.001505255025955265,-0.0015246431112053427
2023-12-29,-0.0007046994890046456,0.000955691069320274,-0.0007665563028462332,-1.5995308650129745e-05,-0.00037898746100524234,0.00027601599018769096
2024-01-05,0.002721790809257563,-0.0018121794926445613,0.0009848131375114425,-0.002355609996369545,0.0013983858467995882,0.0015246376524875316
2024-01-10,0.0016716817613622536,-0.0005094779689997168,0.003200106160810568,-0.00024104213653379774,0.006350774839750885,0.001545376869726852
2024-01-11,-0.0024885192670588644,0.003901271445713572,0.0015309007761165729,-0.0038708303242890106,0.006243721703122951,-0.0017345215550921278
2024-01-12,0.0015433329221326015,0.0004561229356628174,0.0002184039046458921,-0.005527401520327801,0.003553775528982283,-0.003502604369002312
2024-01-15,0.009602033459427738,-0.009471766884791299,-0.013393439434046982,0.004897120295739698,0.005159796429543251,0.006083415894792387
2024-01-16,0.006337096453568548,-0.017652045724530496,-0.02070190606883111,0.006272744521295158,0.007403348266278665,0.004688948855483809
2024-01-17,-0.001855192469409306,0.0004069741589038054,-0.0015232223091351973,-0.004127999676237626,0.0015087093041235235,-0.01162195924617837
2024-01-18,-0.0016600185731625583,0.0021898188114410026,0.0011307442493403207,-0.006350344333725677,-0.0006770301068543812,-0.002429197684003237
2024-01-19,-0.004399412915395962,0.004144020594867827,0.0026759473961667436,0.0053833179167146255,0.0074806410889409316,-0.0007381946676196798
2024-01-22,0.003500562309369526,0.003672037004957841,0.001993507568717901,0.0037722046898528206,0.0070009487646439,0.0034145662630669987
2024-01-23,0.002132309515182507,0.00244875260920141,0.0036889670473203356,0.0019337698589142252,0.00044851307861304434,0.0028109888638020294
2024-01-24,-0.0030791293714809154,-0.0031897931115159486,0.0019152913159027345,-0.004930416381557778,0.0017200197085569303,-0.005670095052723571
2024-01-25,0.003249099362642172,-0.004614322002834893,-0.0047776684608226375,-0.0008324688489899089,0.004769887013523322,0.0002844290352580045
2024-01-26,-0.002171254369324616,0.004477430095688661,0.0025322139037075473,-0.004476214108254894,0.004289916751850043,-0.003133469954146806
2024-01-29,0.003292141528496928,0.004922313936795342,0.006915553881914227,-0.005025020718952677,0.0052376779154804,-0.002648848332471273
2024-01-30,0.0028266373815243554,0.0011431390299854406,0.0018460813762204873,0.0018757061280711975,0.002333246958074575,0.005386408806560569
2024-01-31,0.002973640500364816,0.0024221564482836523,0.0005342889316336531,-0.0014426121191292828,0.008895715485898138,0.005808746065528669
2024-02-01,0.005278645587870145,-0.0034833111409440895,0.0005147581231743853,0.0006284680700638264,0.0018110713636934736,0.0016897508837511546
2024-02-02,0.0003190872702751866,0.002629837229542598,-0.0008956734727053387,0.0006626854602026944,0.0034487469032628004,-0.0022618103325448926
2024-02-05,0.0013891729953918294,-0.0009594529953859344,0.002802847041564061,0.002463265073921717,0.0020416101170309016,0.003564374720925378
2024-02-06,0.0001747993087418911,0.001555523343920151,3.721973062931162e-06,-0.0007365553196040818,-0.0011057590964630884,0.0014431759597401579
2024-02-07,0.0008309140745471624,-0.0012779249232782067,0.001614321798919161,-0.0016999025174358577,0.00411441712159586,-0.005062044653564502
2024-02-08,0.001917154139971755,0.006590478379798849,0.006266611922204058,0.007270404904561146,0.007043407252377976,0.005859189327293951
2024-02-09,0.002019822678831007,0.0011484613758281801,0.001464717274978744,0.00049159546077826,0.005575162240604325,0.0021345099122791703
2024-02-14,-0.004112167246579124,-0.003139779513294694,0.001910793715421221,-0.0013346418120744779,0.007245846638735842,-0.005042395495415809
2024-02-15,-0.011072599866668354,-0.007674068005818447,0.00031325912307984555,0.008657393949984995,0.0018061434628654286,-0.008600330062229822
2024-02-16,-0.0006554806526176907,-0.014658166423646502,0.010900764123983553,0.008040662310117665,0.002025044192919756,-0.00025107742259986563
2024-02-19,-0.006065477770624449,0.0031747742426571747,0.0026592582412486407,0.0009243118573822873,0.00173288002227332,-0.011628551914700636
2024-02-20,-0.0025923518327121585,0.0022220227274353686,0.0007927054891752714,0.00024095117285203308,0.00018043695659033507,-0.004124144631585169
2024-02-21,-0.0039830443996883074,0.0027814095207321144,0.0013482855354269188,-0.0015025807397157417,0.000682283761974545,-0.0037227104127768675
2024-02-22,0.010023369258886914,-0.006588317827174617,0.0002927431106552799,0.004019193736682427,-0.001508398376686548,0.005166637494216463
2024-02-27,-0.000651981217422981,0.0001864312361157251,-0.0027318175602536908,0.0008827722502333658,-9.931846080299926e-05,-0.0011729938965582662
2024-02-28,-0.004119416999547099,0.0005826559963236998,-0.0024429554106722984,-0.0007710032020435743,0.0024616091695241595,-0.007636435650206876
2024-02-29,0.0037474796875039294,0.0007978067407263367,0.003305004610692497,-3.155065998450312e-05,0.005113797154851342,0.0008592040106493468
2024-03-01,-0.0028785682154407032,-0.004158812012026481,0.00033787027262324173,-0.0010152826976756795,-0.005910244370424778,-0.0018373597314974937
2024-03-04,-0.01402798391287714,0.002549588786339041,-0.005046299958749656,0.00711129551664198,-0.0010133253522346404,-0.006816084605313947
2024-03-05,0.00019414209870911568,0.001228840282778232,0.0022186328244656163,-0.001440404838813336,0.0032051882448183465,-0.00017994578930874416
2024-03-06,0.0007722346448005404,0.004016949994375362,0.006551505250980183,-0.0037131411458667376,0.0033863195551691932,-0.0014933598738594163
2024-03-07,-0.004741658226725232,-0.003345240928506188,0.004013182056445519,0.0036591230412863496,-0.0016437729597368555,-0.001414567277979173
2024-03-08,-0.006177390307651543,-0.005511751278712596,-0.0077817670969643656,0.0019232776304251905,-0.0018245934339171446,0.005671866811316761
2024-03-11,-0.004753575028306068,0.0161997714464462,0.01576734558182951,-0.006014967674194472,0.012134351061839334,-0.0025250064715884504
2024-03-12,-0.012900386475262083,0.006706433639386279,0.0025624713377160775,-0.015142920067165357,0.003012634620216347,-0.015211462579923896
2024-03-13,-0.01077200802910543,0.004289571091531296,-0.004181242648704142,0.009882827738528955,-0.0009615714090025042,-0.0022059238241213253
2024-03-14,-0.0008720008387173237,0.0035593120766540536,0.008076626233867491,-0.0019053422512461005,0.002557330902168742,-0.0002218434046077539
2024-03-15,4.769608181367537e-05,-0.0017436823800147663,0.000646615279989193,-0.001214984249293649,-0.00038644202164175303,-0.0003972312235728802
2024-03-18,-0.00036310901315261845,0.003103342917733177,0.004761115790153214,-0.00076907903583634,0.004469715493456894,0.000758750256062424
2024-03-19,0.005288116673938225,0.0027892904408352904,-3.3698756568955896e-05,-0.005652439518782316,0.0016294960512842406,0.002195319424500408
2024-03-22,0.002770105838198633,-0.0013019469315143297,0.002952061191946266,0.003266430090378925,0.004066194928845213,0.006114510365557269
2024-03-25,-0.0006452516287204447,-0.001753215290788202,-0.00883527863485163,-5.9536164853679326e-05,0.0046860295892479755,0.005531064828509846
2024-03-26,0.004824122386196606,-0.0006731375517182504,0.002328729095068538,0.00434985333487179,0.0018025320390453012,0.004949120462727678
2024-03-27,0.0014508019468972844,-0.0010304720652746903,-0.0033977060103462797,0.0012049432031567163,0.00038717685584908033,0.0033126913057214265
2024-03-28,-0.0018254614383259819,-0.005749746005378231,-0.005047438583528052,-0.0012476578690822312,0.002254903692757759,0.013207585312583259
2024-03-29,0.002375005462920443,0.0037382921772846074,0.005095854419127521,0.002035976150100671,0.007482639081925679,0.0005635033460579198
2024-04-01,0.001050005716871549,-0.004820392557105891,-0.0036111587364827885,-0.002774000176266367,-0.005665195119433419,0.001118902321288045
2024-04-02,0.0019339216697350056,-0.005721399970299457,-0.0023499188886388477,0.0024850148205581403,-0.0014285877083582753,0.0010355697127412133
2024-04-03,0.0008729043123651304,0.005848086967410327,0.007842665213172163,-0.0017122290753607274,0.00592536230148939,0.001531980659744566
2024-04-04,0.0029868771925759766,0.0028370770212737817,0.002792436389454701,0.004054646299921849,0.005338506606637464,0.0032356943929024514
2024-04-05,-0.0016613459366111361,0.001514291712503368,0.002900078528539263,-0.0032826755241047055,0.002114987712857053,-0.002304109189857002
2024-04-08,0.0027724998548569477,-0.0014557962836077689,-0.0021555759136762773,0.005088908373193158,-0.00288544905036876,0.0045998284437115036
2024-04-09,0.0019420552161579343,-0.0008758564763499568,-0.0007607475977540856,0.00047261854449895933,0.003254910076430018,0.001625497558943793
2024-04-10,0.002118152988693156,0.001972167092128996,0.0020169421539941498,-0.002093700880547767,0.004280366291670279,0.0031498752387209006
2024-04-11,0.000972663586163169,0.0021270707548959986,0.0014449630661643282,-0.0007142261675007196,0.0010071021126755618,0.010099684794870833
2024-04-12,0.0033190928825506997,-0.0013048054939088344,0.002449613189882838,0.0017354552171829243,-0.0016780357799066616,0.01837374675417114
2024-04-15,0.003543933073701933,-0.004185088928095126,0.0010272413520560318,-0.006339210648781558,-9.893771690310232e-05,-0.006930064168940449
2024-04-16,-0.0006454959989741673,0.004060763431896053,0.007948323265880065,0.0006787968004587043,0.006948675110281521,0.007720515323110817
2024-04-17,0.0028655544872879138,0.003411541187542012,-0.0036154499716016817,0.0015841415700293521,-0.004197530673255723,0.00893781462996901
2024-04-18,0.007808530372937585,0.0013711501926816586,-0.007626058397299951,-0.009596937242798554,-0.0008228920986144805,0.0008728716867509867
2024-04-19,0.003681938397396767,-0.002444883862727588,0.004481903297528711,-0.0035467130893152457,0.007168749484782568,-0.009939730920131395
2024-04-22,-0.006962316659289947,0.0016064267868492353,0.0009159149520430176,-0.0035054044800716176,0.0032302205491538507,-0.004123612126145168
2024-04-23,-0.0016217815128084293,-0.0012046950923472635,0.00016166452362820346,0.0030789578255309815,0.00043972911999410344,0.0031154278285369097
2024-04-24,-0.004351254576957775,0.004242005344591271,0.0040427634408474866,8.909443138902526e-05,0.00627472571116372,-0.017745234258309484
2024-04-25,0.006257039775369977,0.003942271681669584,-0.0032766787606902,-0.0005483821701399941,-0.004170631376595325,0.013032195192374307
2024-04-26,0.002892751278354444,-0.003318219293127234,-0.0017804874555988454,0.0008435409010083552,-0.0035889788339466206,0.003495333703257275
2024-05-01,0.0014711448028851054,0.002873443937540076,-0.002438929992444993,-0.00903248925098954,0.008174838895329906,-0.006418905889763404
2024-05-02,0.003213370058101739,0.002883711276409117,-0.0025830549435646335,0.0014826642073223705,0.00422125178747197,0.003310943311114589
2024-05-08,0.0014705049912841388,-0.0013664591434085166,-0.0022708309997903297,-0.0027083647576094053,0.0034465451191700415,0.0038802521378801247
2024-05-09,-0.002887516621134712,-0.0032837108866570655,0.006007190735787483,0.006387893044937965,-0.006602663835871958,0.00785278229316344
2024-05-10,0.007958147470416744,0.0026770220902123665,-0.005359619089949175,0.004280133671134069,-0.003101944181562799,0.004576983533196278
2024-05-13,0.0009828570515646006,0.002656985914075838,0.00443906387823565,-0.002650023431645443,0.0026301519790165487,-0.011835573073280481
2024-05-14,0.0016454013971569426,0.0031211633321233338,0.0024437189639403335,-0.005705625741095721,0.0020284426193765363,-0.0038067651951980697
2024-05-15,1.3834572708626511e-05,0.004767719578307949,0.003748980745130837,-0.0008616717345853341,0.001860334940906561,-0.0030188207424725238
2024-05-16,-0.002837003490995915,-0.0017556062622109184,0.002525744644634953,0.00025936025442727676,0.0020672562969255236,-0.0035072778719420303
2024-05-17,2.1262989321169448e-05,-0.004167407608553076,0.0007248518281217867,0.00038510710641743713,0.0017350573144891304,-0.0046801058709310395
2024-05-20,7.161786499714228e-05,0.003190319076746628,0.0010963603688775914,-0.0010793781039016184,0.003809826295477148,-1.6140496612907635e-05
2024-05-21,-0.005390761228047247,-0.006875371375513306,-0.007558547792590309,0.006160696441098889,-0.005464953802858918,-0.0013744334742644693
2024-05-22,0.00026821535718548614,-0.00340414923483734,0.0036626970103939005,0.0014837802554691357,0.006003250857770981,-0.0021718530357444643
2024-05-23,-0.0013170114124640088,0.003169595216870991,0.002070639356944248,0.00029679430716393867,0.003380784254114455,-0.004360537821840482
2024-05-24,-0.0036678316068436746,-0.00139422406637757,0.0032292970848858417,-0.004400536235306585,0.006545173860931319,-0.004758936839623806
2024-05-27,-0.0005893033553353135,-2.8983051082676504e-05,0.0005113171100603833,0.0028286800946569772,0.003185912533418489,-0.0002140812655541534
2024-05-28,0.0011935399013977442,-0.002435954168803111,-0.0009745006334129114,0.0036102033198752497,0.0011275315528594069,0.0018141066081855104
2024-05-29,0.004906173431596407,0.005580598148276496,-0.0005833766585220614,0.006995060264009557,0.003307305698615126,0.005354281344429398
2024-05-30,0.0007282878134040162,-0.005907693107753987,0.0018238744195792304,-0.0036524835387850454,0.0009722349672745653,-0.005970930472301128
2024-05-31,-0.003334095735146336,-0.0016854988286584055,-0.00033675425976893497,-0.001682148793739336,0.0004845740287861666,-0.0014194926253115656
2024-06-03,0.0026816135446654514,0.0008546370215635423,0.0011608541738806102,0.005379498397488325,0.0040291863473415745,0.0060319538735602585
2024-06-04,0.0016451638645646582,-0.0007306665859377005,0.0030651745679588288,-0.0006294133449015416,0.002613262052195209,-0.0011914814885293223
2024-06-05,0.011604167170099402,0.004384006786468686,0.009832919319425181,-0.008514054243257041,0.007980033522502027,0.007863401653182278
2024-06-06,0.003229204987669166,0.0008936362232589102,0.0017207936871923139,-0.001122554847201496,0.0003337515083395638,-0.003736054293747959
2024-06-07,0.0022341911114524666,-0.00510529499571899,-0.004170553235495356,0.005492384833355058,-0.003438439033420271,0.0030306593982462053
2024-06-10,-0.0059400908721708445,-0.003960216291279806,0.0018452458140267415,0.003022913106400904,0.0007437567064942693,-0.00035956533652063173
2024-06-11,-0.007251735044622977,0.0061901902184326564,0.007367253481583869,0.006820928530401616,0.00033317774839696174,-0.0018474617762410288
2024-06-12,0.0008286460190216833,-0.004888605129062728,-0.0010173688075685093,-0.00013456206020703203,0.0009285281628236938,0.0024931476504087557
2024-06-13,0.004128569139971328,0.002207968548857298,0.0028138658557935073,-0.002084004479836632,0.004717755175824689,0.0013864885987824682
2024-06-14,0.0018645685888233122,0.003761352941298935,0.002994867490941378,0.001306767078382421,-0.002604485579507366,0.01234567829280031
2024-06-17,0.00044328248010259193,-0.0032412165224570137,0.0006035481879716812,0.00133348224537011,-0.004224422937926154,0.0027948772930981858
2024-06-18,0.01026946581515975,-0.003649669475502937,-0.0054134254582683065,0.00427985009630969,0.0018508135310732806,0.009015878352647833
2024-06-19,0.0017485619023646093,-0.0016546303498892194,0.0012490605916324333,0.0004476557440957316,-0.0013977533096221962,-0.0008813850158645996
2024-06-20,-0.0015020683966332049,-0.002272034795139422,-0.003960747225598004,-0.001500730998406619,-0.0028192094048445694,-0.003037067551647953
2024-06-21,0.005536048521219872,0.007287538977012332,0.005548782543908937,0.007917354442364499,0.008458551399937453,0.004791048147610721
2024-06-24,0.0058325798691055905,0.0064361384942823955,0.00483895004507926,-0.003929789537827012,0.004464380413604085,0.0022599010166621247
2024-06-25,-0.0008323675329917847,0.0036572629002589617,0.006582560928182168,0.000722880245987123,0.005432923643074017,-0.0004719046132429577
2024-06-26,-0.0024719261405552035,0.001781737185667609,-0.0011628186403369826,0.003930792011876982,0.0007849523866849452,0.0019947669797369576
2024-06-27,0.0004403117474080396,-0.0011636834477787295,0.0024546045640844393,0.0014488735625772576,0.0022610314105479643,-0.003927239261943938
2024-06-28,0.0033200482125917753,6.603311624346956e-05,-0.0035039592716711978,0.004610998528286592,0.0031492902640919422,0.004711776954284478
2024-07-01,0.005547020688005855,0.007841661980796789,0.0015344474581872707,-0.0006199074270462287,0.0008519512208499341,0.002856800280549931
2024-07-02,-0.002423046819972008,-0.0017145548625568273,-0.0006317803829771985,0.0024651324522594557,-0.0011996677171713934,0.003534582304001703
2024-07-03,0.0018300913684271337,-0.0048222315528089425,0.004730167067452996,0.0023436883625791434,0.00445519446850664,0.005183139311016349
2024-07-04,-0.00019439807356966786,-0.0029953591956982445,0.0015375179296967197,-0.000968376494132661,0.0009494929509207273,0.0009534784182510712
2024-07-05,-6.948178860406436e-05,-9.256203738794433e-05,-3.785896956145498e-05,-0.0004979512770118208,-0.002777072543510495,-0.0003189271913187706
2024-07-08,0.001393883476018476,0.0027621742543468605,0.00116314724469595,-0.004044614787933432,0.002235188899538265,3.071450963015865e-05
2024-07-09,1.4745467258281424e-05,0.0007932888746355891,-0.0007498714382154546,0.0008155779067152256,0.004422248175386545,-0.0008820686934952303
2024-07-10,0.0045383565964698174,-0.004514100977365266,-0.0011434135658917376,-0.0007795600998435905,0.003513356318815464,0.0023184554436346816
2024-07-11,-0.0011655891700949718,-0.008322456497338183,-0.00010592615087054978,0.002121045800005938,0.007212941795785999,-0.004139781571560067
2024-07-12,0.001490816906777037,-0.0017265173450713212,0.012052033036831956,-0.0038566949252051303,0.012097904177583031,0.0005631994583978894
2024-07-17,0.0016873487480198127,-0.003803695526078421,0.0016536387487458895,0.0009244004550780895,0.0010276762304453294,0.0025617072034706534
2024-07-18,-0.011070643069738043,0.004140837525252206,0.00562755555454193,-0.003707835144490579,0.0026892265228739796,-0.009713545359731873
2024-07-19,-0.005075561939448404,-0.006104576747943647,0.002791666926593273,-0.004527730878360759,0.000974805649071264,-0.005586419649490787
2024-07-22,0.0017884688059239817,-0.0009727293345304087,0.0019414471457124493,0.003994000545330412,-0.0013522453742779166,0.0025631884945355363
2024-07-23,-0.0051079999675793354,-0.006411337106557903,0.004302591692411939,0.0030014906906382856,0.005177724910721659,-0.00749104213300041
2024-07-24,0.0021907179540526125,0.0004673042170359132,-0.002982572873310274,-0.0007037849802014499,0.00024913277696763064,0.0019361869693865497
2024-07-25,0.008320403972733526,-0.010587569205221435,-0.005051979367283411,0.0015898796718323278,0.0020599973208345725,0.008650378478522586
2024-07-26,-0.002048477832693907,0.0010590328110567703,-0.007065708771157775,-0.0012194731096027314,0.004556049358445202,-0.004053578882300568
2024-07-29,0.006336122624994722,-0.013824405288726058,0.0013169980800115336,-0.0007828785281346559,0.006556149091463938,0.004741819461961727
2024-07-30,0.003372991360738475,0.0018348580905189315,0.0018970823924479466,-0.0021289878737480892,0.0030190571423653447,0.003132046038598994
2024-07-31,-0.007327405179711399,-0.014034772055729762,0.007483387044638136,0.007941476945653747,0.0097479484033439,0.0012917838252130723
2024-08-01,-0.009178237252696664,0.010049299129076662,-0.00397384792420783,0.008234416682431212,0.0009908704244305996,0.00703617976421141
2024-08-02,0.02999271332754714,-0.021004769571044316,-0.01609577775968425,-0.01744178369271772,0.007123157393067995,0.007675992862887393
2024-08-05,0.05731203341454255,-0.01935390936740038,-0.03274979774330209,0.002170817915519825,0.03931179505543288,0.0404334217665371
2024-08-06,0.08141767198435995,0.0468563568593231,0.04304200402725937,-0.04072131606678975,-0.07582238013492151,0.01245309526750836
2024-08-07,0.007768409998299331,0.001003108161929678,-0.003259948006204349,0.009384891577791633,0.005720747778097435,0.023881995534415057
2024-08-08,0.004786035990603123,-0.0064557263503838055,-0.013420843405396421,0.012494898281658708,0.002313651330353818,0.014057264524357774
2024-08-09,-0.01360804062574526,0.014098296424269276,-0.0010391424698591228,0.010155720551531598,0.01793854258960812,-0.002824536277540979
2024-08-14,-0.0050400391833334,-0.00027570643459811137,0.0008979421804243609,-0.007909587271827577,0.004253002201457478,-0.01131206828792708
2024-08-15,0.001778663246464141,0.0039028659076226773,0.0019781333097161685,0.002397074315619418,0.0030360796756123245,0.0029982524976924036
2024-08-16,-0.008573865043239646,0.00022397850569819654,-0.004500451620026258,-0.005731255604636096,0.00881745915369754,-0.01200735429473987
2024-08-19,0.0031975123046553704,-0.0005562343798789063,-0.0026714557566572157,-0.0030426311630362022,0.005342165067309379,0.0006237013897916199
2024-08-20,-0.0028883730693925356,-0.0014859454509384296,0.004189693548473006,0.000565027601397229,-0.00020804993495824372,-0.0037052128665002
2024-08-21,0.006198168986192854,-0.0008281685696530441,0.004484789603865115,0.0025214126668901904,0.0034882911103585102,0.003500632976803364
2024-08-22,0.0037231862558792855,-0.001251456627831349,0.00010577930570665467,0.003781709868473082,0.00011156444647613122,0.0044612415295345684
2024-08-23,-0.004889550375516194,6.085630776921937e-05,-0.004566896540640353,0.002955707875338742,-0.0012670695327237744,-0.002286917526291417
2024-08-26,-0.0011051230869189908,0.0014170764877681874,-0.0035665743568743294,0.0003162873988141303,0.0015244386270233394,-0.0034695952924385836
2024-08-27,-0.0003582840818127991,0.0008273351453005562,0.00078332120730431,-0.002139286061370549,0.001643357003237234,3.6614667953682734e-05
2024-08-28,-0.0006280813749665713,0.003040711464810708,0.0005059424958455683,0.0031323687144517052,-0.0023231388101124795,0.004046512267584493
2024-08-29,-0.0004722061995665383,0.004467107145732219,0.0021294572483054443,-0.0033329256253670668,0.005075637132953004,0.002777503266940484
2024-08-30,0.0002841187149284387,0.0008062452808643038,0.0020476049639939434,-0.0013702913915223601,0.003737040242824619,-0.002764081501693383
2024-09-02,0.0013384968588230344,0.002127340714821657,-0.00040731046442445996,-0.000603840382666365,0.0025085895654396667,-0.0012012973891522656
2024-09-03,-0.006439027686519716,-0.0032427901195680514,0.003056662654737008,-0.000594745489422266,0.001530653728248321,-0.007904769907067982
2024-09-04,0.018239007496261662,-0.005878327507195347,-0.0015835051693636098,0.008808270879166536,0.01566839357758483,0.014847198484127036
2024-09-05,0.013391929141486968,-0.003770406602125265,-0.005217283733170387,0.009040476032739674,0.0010439304287151781,0.014921744310632062
2024-09-06,0.002749177255889368,0.003890470040408678,0.0019587477115086353,0.0017585436942668899,0.0010884117106382263,0.0019696752186507236
2024-09-09,0.016797143498185976,0.011896158689535554,0.00238179505857432,0.010707835595560523,0.01079864250951863,0.01815548533764203
2024-09-10,0.005046460279141107,0.003047418576604977,-0.006400795186530828,0.00048826696954809074,0.0038326102953780026,0.010654548937084507
2024-09-11,0.00948399937317419,-0.0036281094880601383,0.010352278065807075,0.006835845847382616,0.004217031381590331,0.009344606999787798
2024-09-12,-0.009120998933481773,-0.0017461343061456521,0.0013728821060100325,-0.011769650260608921,0.00574327919256872,-0.008845665231415223
2024-09-13,-0.0016084718091778697,0.005597175096859775,0.00385543474120631,0.004563364474596887,0.0010884238941882617,0.0005485882873929593
2024-09-18,0.007972122129617577,-0.0009132905789175368,0.001500536984599731,-0.003416755961967199,0.003966422786325152,-0.0023499852893681394
2024-09-19,0.004912250615736368,-0.0033877415320729774,-0.007503771943751318,-0.00789523217435808,0.0004963841351159901,0.00015741005448544022
2024-09-20,0.013339796047026422,-0.0023392516513803152,-0.007555524141805538,-0.010562269432473893,0.0069142127041012195,-0.004222319484558423
2024-09-25,-0.011503868159469065,-0.0012959335752743997,-0.0009070818890658523,0.002488008119197805,0.002599884783282747,-0.008677043871925177
2024-09-26,0.0024024491503161103,0.0010704500487546584,-0.0005557030335357376,0.000663266229751436,0.001375240757778817,0.004669110414071155
2024-09-27,-0.003356583040961359,-0.0011791698790618815,0.0007175691802736362,0.0004491905647517674,0.0005375627497459018,-0.0008941245876951105
2024-09-30,0.004925189614753725,-0.005535206782653084,0.009288186872968488,-0.012287574429924609,0.011307113012519809,-0.013399529190766202
2024-10-01,0.001819645200866616,-0.0025096369030753085,-0.0038505725988075656,0.005503767718513375,0.00029991248190750506,0.001696154024913521
2024-10-02,-0.0021022530798686214,0.0021018579580622154,0.00851345909204686,0.005649361360686168,0.0097496655297862,-0.0003488059040752298
2024-10-03,0.003617842661407745,-0.002517273189131911,0.0021775322245345405,-0.00378234533764621,-0.0019194768912377484,-0.004240772045153236
2024-10-04,0.005234255507491793,-0.0011197368511931983,0.004435397211263891,-0.004862044839919921,0.0034677085045091488,-0.003101572325624024
2024-10-07,0.0015034237647462145,-0.002126007904905293,0.0005520180895695476,-0.00542131589432424,0.009929151817675844,-0.00556909846958209
2024-10-08,0.0035662422953414603,0.0005066062376192886,0.006177350938154593,-0.0016112053517722824,0.003887824619383839,0.003732356357550758
2024-10-09,-5.7457642037240554e-05,-0.001688697977430209,0.005633829949065137,-0.002450871028243284,0.006299992653768505,-0.002642983229629303
2024-10-10,0.0061476439130517604,0.0016556306439170503,0.0014479391026039675,-0.010214099620158115,0.004381414370585502,-0.007068770628469038
2024-10-11,0.0017554940280628316,0.003036079006798498,0.0007033850798340733,-0.001242062255459553,0.003663351807575133,0.01078710248609636
2024-10-16,-0.009855541141403412,0.002770290079429439,0.0002577645614070015,0.004684049050040496,0.005299908369446448,0.003953574993643859
2024-10-17,0.0009427788321137334,-8.707308922495399e-05,0.0031957741699971233,-0.0023720293144448906,0.0001473721063821822,-0.00862956279152055
2024-10-18,0.0017707664266884305,0.0023352684764396114,-0.004014084517280603,-0.0026371122555090666,0.004600537354324108,-0.005579533968046299
2024-10-21,-0.002346112101687248,0.0009941924347182773,0.0015786940441881113,-0.0019036416404292432,-0.0007783760108914573,-4.435481531758946e-05
2024-10-22,0.0019195120462272902,0.00206648020669391,-0.0016732634865653795,0.0013841155736918909,0.005245526959986436,0.00295411490233814
2024-10-23,-0.003911499750947223,0.0029370543025500464,-0.00795145292254389,-0.007116916579583822,0.004366749174023489,-0.008668085241408477
2024-10-24,-0.005479544654403746,0.0016846174119284911,-0.007325982148989096,0.002339746543225641,0.002140654700487032,0.0021207998232483467
2024-10-25,0.0013513849519334981,0.003280339365144558,0.002356404502247944,0.004433197425831125,-3.4405333799658534e-05,0.0036480389194728877
2024-10-28,-0.0066565755401835295,0.004296336378461763,0.005152950838634564,0.0010996295359225307,-0.0022918542666433344,-0.00543371863547933
2024-10-29,-0.001331722342507846,-0.0019325471831904248,-0.0005223567357441221,-0.004637480036737718,0.005622243345240219,-0.0022592271677340232
2024-10-30,0.0005409074589136863,-0.0011144704213024382,-0.0018631392544920414,-0.002568026971822901,-0.0008714035033327463,-0.0018213684697664001
2024-10-31,0.00021123746908187097,-0.004764718251586329,0.005983374032797117,-0.003062528829994893,0.001035812144388837,-0.003934020234218294
2024-11-01,-0.002653377669229036,-0.00860035555622771,0.008267200603002785,-0.002581014893427858,0.006129402617536472,-0.005744853561937572
2024-11-06,-0.0040416815122550805,0.005495179368758386,-0.0033797856151161604,0.00820455097989954,0.00827838304259796,0.003549580100975674
2024-11-07,0.02015363258669363,-0.0077649899771306,-0.009446984804068071,0.01249955843346471,0.02098320395490845,0.011823299918996825
2024-11-08,-0.004640678299345824,-0.0032056296585668115,-0.0008622177581079976,0.0021250454392177437,-0.0023703357031828356,-0.002468399700604307
2024-11-11,-0.001090349740740626,-0.00010054414071196697,0.003799712622146379,-0.003843590449513945,-0.0019684996978898365,-0.005637864868043518
2024-11-12,0.006155800447159287,0.004418884187913963,-0.0017020225062408527,0.0019648222020714366,0.004962192309078395,0.0043240633563404835
2024-11-13,5.507939430604569e-05,0.0049268381177903775,0.005057820573600757,0.004432766930293642,-0.0004717758388051993,0.005554728214194078
2024-11-14,0.015539304739178039,-0.006634204753503892,-0.0016491642422011836,0.012233695354849215,0.005152093626646726,0.013784519512487797
2024-11-15,0.010356643692502023,0.002408276363567863,0.005530529537064278,0.00435521003749415,0.0045092221433348685,0.007654843563454167
2024-11-18,0.0004921430366376929,-0.0027210757061009836,0.003064330779702495,0.0020192434843867126,0.002992304084326469,-0.0005194874486683149
2024-11-19,-0.002358526271643102,0.0035112824288759063,0.002359853562331593,-0.0010175786719512027,0.003485613807141053,-0.0057602493924102105
2024-11-20,0.003192424558996621,-0.00622014130415498,-0.004794138230540358,0.008321591866366829,0.001982710488912254,0.003624060239685173
2024-11-21,0.0029000305676889276,0.0007842640971845503,-0.0011654094469960795,-0.002877586654569164,0.0025519852615965904,0.0013056301452627986
2024-11-22,-0.0006147842103099381,0.0014129331375132945,-0.0003096326183440472,0.001988967258020958,-0.0022138709487934394,0.002130117392267183
2024-11-25,-0.00015453984523210477,0.0014457405153626816,-0.0012070017579596923,0.003460752636843978,0.003400126094497891,0.00038506753514857563
2024-11-26,0.0047555789465499885,0.009343716544051903,-0.0017237907255902131,-0.008309318541404554,0.0013857802707929905,0.0042223452163403456
2024-11-27,-0.0008855200434491503,0.0012785491182173868,0.004257593260363169,0.002642921218690919,0.0021218553719241527,-0.0017078018632187275
2024-11-28,0.004710439348840146,0.006658536705632169,-0.0030475863961763492,-0.004129060791335681,0.002049541150630585,-0.0009447206132639121
2024-11-29,-0.001838489922563169,-0.003636415322961018,0.005806049338807129,0.001806344995246212,0.0023445798881232215,-0.0009425164083620985
2024-12-02,-0.0010291813998834832,0.0017489184481112477,0.0001254208141049594,0.003556636195508789,0.000573809610649967,0.0025746181467794565
2024-12-03,-0.0008277162652189586,0.001201600613331744,0.0009829040210546309,-0.002118456792112644,-0.0020744633488984482,-0.003952684151136143
2024-12-04,0.008027252579590517,0.004801115780301225,-0.0056505762187127676,0.008208164776983717,-0.0004502562918730522,0.006784266279776241
2024-12-05,0.0016038148210675287,0.001573857913167532,0.00045157306900529565,0.0017435285767378964,-0.0046018966599845395,0.0002486774954452522
2024-12-06,0.00960911360006249,0.00716305201609646,-0.00015135852876322313,-0.0056162092031294625,0.005545375076403757,0.006485875108783512
2024-12-09,0.0019777467752099434,9.226512982676307e-05,0.0015722777596840934,0.0002579637375578426,0.0016274769823713345,0.0012163474694965816
2024-12-10,-0.00779077487767903,-0.0029768800251888335,0.0026866921679918002,0.0029601142225243356,-0.0017070341556787213,-0.009187504611727015
2024-12-11,-0.0006442255778171144,0.0016295456906905367,0.0004758874099096476,0.0023436369905161184,0.002273044055121454,-0.00037007302842129164
2024-12-12,0.0022165913206355636,0.0014502506623106817,0.0005486410476370986,0.004109823838879301,0.0027514866653257633,0.0038206451919187145
2024-12-13,-0.0049695992663926,-0.002941992131866833,0.004232810783544493,-7.087287518305947e-05,-0.001476819462462387,0.003951528902607637
2024-12-16,-0.0011738675587271929,0.004374940162684582,-0.000545907593176875,-0.0023234364843317543,-0.00041760583200602954,-0.004694216158146358
2024-12-17,-0.005011827316277962,-0.0013066967328986497,0.0011224584783104958,6.60802510270514e-06,0.001489018297861766,0.0029170085795564384
2024-12-18,0.002226162382222929,0.006644434901445217,0.00032181980546444047,-0.0012895133196629159,-0.00015421456286133215,0.004896878657008422
2024-12-19,0.0003310474888345012,0.0004346615858265902,0.0023040133847757266,-0.004573470642832577,-0.0025902466462932373,-0.0040679066136645355
2024-12-20,-0.004072608668802925,0.0021925561541601196,-0.0037942412046028107,0.004007079396395796,-0.0009209284691769734,0.002320850449698319
2024-12-23,-0.0033891047763823685,-0.0029260204826957016,0.0024577642693640834,-0.0005497488157716558,-0.002353098597777325,-0.0004528837851244991
2024-12-24,-0.0034518099791736923,-0.004909986600266869,-0.003928053913213003,-0.0043923940291096695,-0.001092274536593352,-0.004757835909923902
2024-12-25,0.005099549773331558,0.005505286669196407,-0.002592287568152974,0.00139865961823753,-0.0024178347451663477,0.00010869626298493128
2024-12-26,-0.0038250193811896205,-0.0028007642112880095,0.0036732593386445294,-0.0026952377408265837,-0.0006602083370635952,-0.00280130787231699
2024-12-27,-0.004566006392414047,-0.009342898256687306,0.010003372396905654,0.0061914611863377765,-0.009168593534922052,-0.006434332741953042
2024-12-30,-0.0010895700888519108,-0.0016931118450113523,-0.00029510776482157865,-0.0002208640227823412,0.002386719698247597,0.00044850295368876764
2025-01-07,-0.0032425473393302494,-0.003105421943845843,0.004694191673203329,-0.00014901865341772108,-0.00048086809890861575,-0.00315155655552394
2025-01-08,-0.0031024152269952593,0.004221027686829837,-0.004477098189812789,-0.004199637329248218,0.0012457093287954193,-0.00484204639162461
2025-01-09,-0.0032019097891678116,0.001863690046676503,-0.0036793667414274592,-0.005641181418965369,0.0025250626324626155,-0.004151925261490452
2025-01-10,0.0009385276290648781,-0.0008344965475184376,-0.0011118654360523948,0.004010711101021247,-0.002368088732632923,0.003898381248687466
2025-01-15,0.0007392466312897469,-0.0021467565254938764,-0.002444601860189843,-0.0033563930678456094,-0.0012296753542005764,-0.0005891390338251153
2025-01-16,0.0017551502097269186,0.004562377937604767,-0.001915879564105527,0.0012750030933082802,0.0038984234317087636,0.004750874275453731
2025-01-17,-0.0027456831366853736,0.0031518954139241107,-0.0021309295143777216,-0.006180416031818181,-0.0035573672649318994,-0.0029026047040214276
2025-01-20,-0.000532438698831462,-0.0015352522653329097,0.003769253885693847,0.0019053103166581712,0.0007911733671988274,-0.00045268620133555055
2025-01-21,-0.006889335056568568,-0.009016614816897127,0.004230389640395883,0.004865129871867357,0.004689741863338104,0.0006691482762181782
2025-01-22,-0.0013796238936124806,-0.007748934225757509,0.004959081825576072,0.004301697235787994,-0.001784500511769327,0.000396427682741618
2025-01-23,-0.0009839938794036886,0.003595764700015681,0.0015198128718108884,0.0010305702550249098,0.003059193036510499,-0.0035902865060895572
2025-01-24,0.0023505331869618125,0.0006775374019355903,0.0010832861779804144,-0.0002766380815744311,-9.86782930400222e-05,0.0019438199483024499
2025-01-27,-0.002732645015775104,-0.003655430649009617,-0.008345081320982306,0.0018394228121906503,-0.0009497128218429291,0.007460785635280966
2025-01-28,0.00036628343138891403,0.00017369774073583422,-0.0031929324548882754,-0.00579933120010523,0.003960167540025105,-0.006015732837219365
2025-01-29,0.004779838594217245,0.0033763209975629094,-0.003098836096609481,0.0016264345695901515,0.001163902632552638,0.0034721626727093895
2025-01-30,-0.0020296638980132455,-0.00105389627835617,0.0030145461861863067,-0.0014793161382306243,0.003865192776300708,-0.002484958673868942
2025-01-31,-0.0028520686645897133,-0.0002274285032858756,0.0006164909698827663,-0.0020863197764862565,0.0004369491053345164,-0.008732041617856456
2025-02-03,0.004489855873342163,-0.003466199746886867,-0.0028471015238969574,-0.00934811481274709,-0.003512151078886516,-0.006546765393646589
2025-02-04,-0.0075071250460469596,-0.003918200796121685,0.0014809443587047166,0.005616484389713161,-0.001546806515113453,-0.0020580426425480516
2025-02-05,0.004615175740525102,0.0012936613691942435,-0.006417226274115472,0.0003285715099482498,-0.003074155861329907,0.00013258344554276298
2025-02-06,0.0016777258811720985,0.00011280589647266748,0.0006773553876199714,-0.0012613143414350598,0.0021314494116747356,0.001915771944548098
2025-02-07,-0.002787800399699569,0.00034573816430103486,-0.0052928601348035675,0.001375080802773554,-0.0009509535358795062,-0.0008414699928320337
2025-02-10,-0.002264653408770201,0.0033269211144800305,-0.0015684022764326233,0.005705266731137737,0.00037103039258652465,0.006112915424503883
2025-02-13,-0.0009418920881896665,2.5973604570461066e-05,0.0018938016112327372,-0.0025406721721934916,-0.0018571078692609874,-0.0008385724661460103
2025-02-14,-0.0020872205581837114,-0.0025455581241796035,0.003375276454247534,0.0016537065762783246,0.0047165899542803485,0.0025567136228671905
2025-02-17,-0.0028774283041754557,-0.0040363528008420255,0.0025078241626063317,-0.0028510808101106285,-0.004452233953438789,-0.009499747635991169
2025-02-18,0.0006309975332448924,-0.0006218458120023085,-0.0006360414995542074,-0.00034558207375012806,0.0013434897889720964,-6.096577328124081e-05
2025-02-19,0.0005920940882850666,0.0031117413818665617,-0.003056466090025878,-0.0036188429055767912,0.0036879398478056654,0.00046700259080404804
2025-02-20,0.002771386448634039,0.0008518543492471054,-0.0018386067863266577,-0.0039010927455382484,0.0046560605079711825,0.0032188559614719317
2025-02-21,-0.004508067090938361,0.0012729995088247789,-0.0005822976116539145,-0.0008958498694637611,0.008342826308905394,-0.007695690062405086
2025-02-26,0.0011088584653670135,0.0029321974401161246,0.002422463975874534,-0.002416449624317596,0.00588433343212078,0.003822411316827923
2025-02-27,0.006668460229405393,0.005256166332284829,-0.002641015012330539,-0.000287768471856009,-0.0014773916790866478,0.0026570930931095697
2025-02-28,-0.007962628594307276,0.004302455301306172,-0.002006323469656035,-0.005060533625475715,0.0021784665420723215,-0.0125419499885005
2025-03-03,0.008862872628746611,0.006487656819480404,-0.008320544048472421,0.0033621522561679386,0.004813164168459183,0.008662464931226743
2025-03-04,-0.0004125265420254591,0.0030066743073912778,-0.00486741915605522,-0.006577622698273046,-0.001538913355638383,-0.012039387256745877
2025-03-05,0.0031061093458305093,-0.003741325769412707,-0.003411100481865126,0.0013580272294035464,0.005640963402362376,0.0065770677573603505
2025-03-06,0.003248840596786695,7.470651249179608e-05,-0.0023585888459919605,0.0016056932814598305,0.0012421189488374788,0.0014965374440303212
2025-03-07,-0.00208986559129738,-0.0008506061359390809,0.00407528098251564,-0.005395634071501987,0.00818190666146845,-0.0032735786642948683
2025-03-10,0.005334442352889203,-0.00388438960670401,-0.0011335784035353853,0.0012724912571604908,-0.00980771379129566,0.010469772639178698
2025-03-11,0.0060272115036766,0.005495344535278912,-0.004756583602766117,-0.009862890632453582,0.00832035680888308,0.0001454518266402376
2025-03-12,-0.0041804023413605906,-0.007242683934608607,-0.00016898022610558564,-0.006372497792347721,-0.0033046551510608874,-0.0025636052728512885
2025-03-13,0.00961130249059312,0.0055286103785555886,0.000116300303476158,0.00015255115373253875,0.0031489145591229173,0.0027524079628722885
2025-03-14,0.0003663387015693689,-0.004174111827382698,0.00012840729399425958,0.00206638173691176,0.008303219357137471,-0.0066957969042176204
2025-03-17,0.004199430052125308,0.0013602426329286212,-0.0006918406337596216,0.00037167626727474534,0.0026492089060374813,0.0022922229687763283
2025-03-18,0.00751317298460994,-0.0030330251995329244,-0.0028250230570890707,0.004535135923648869,-7.01411495453979e-05,0.003952331749627269
2025-03-19,-0.0052450356349279526,0.00781536084387251,-0.00684148530813158,-0.004602530417349128,0.004936760536970209,-0.008742012705071106
2025-03-24,0.00498027977620883,-0.0026570093271464316,0.0017652172473920482,-0.00016627035066041368,-0.0017127679131291986,0.005083833939142801
2025-03-25,0.0021520879905327027,-0.005859622508186436,0.0035302747016529917,0.00035379998305451433,0.008175897576971458,-0.0004200924268766616
2025-03-26,0.0059965792638403195,0.004987645041548761,-0.00161725673116524,-0.003587736181146251,0.00283243507142632,0.0021198419358513408
2025-03-27,-0.0062799604479802495,0.004022278866916175,0.00127083113381965,-0.005029595324182345,0.008900445301642912,4.5006764806232447e-05
2025-03-28,-0.005300112292471582,-0.007299688343360522,0.0025621796456252186,0.001868718963843153,-0.0023856130125321064,-0.0030171851254553457
2025-03-31,0.00737747041965162,-0.003250984499782605,0.0036270763174072644,0.005803745807873373,0.010507463327654067,0.011428909516756847
2025-04-01,0.002540733701056385,0.00300194553352413,-0.00032721457770361556,-0.0002003357672032192,0.0019651408749204345,-0.002206386937447829
2025-04-02,-0.0009186213034750206,0.004241388955685731,0.004784634341599349,-0.0025887648857839682,0.0017583134884134879,-0.0030462025368934833
2025-04-03,-0.01622988784201973,-0.002848531300590774,-0.0011304476746125478,0.0019051089651906774,-0.006661493628068827,-0.007111821088402507
2025-04-04,0.020107173068644447,0.0022806979531187167,-0.00526278395722799,-0.0018765245209901406,0.012853059024307624,0.019502049104970928
2025-04-07,0.05503678644041313,-0.05919155053467484,0.004638589745512692,-0.010041547713854435,0.07974975594650163,0.039396999374170905
2025-04-08,-0.028064240818106878,0.03349730709164072,-0.0387989291831175,-0.019027220574508612,0.0005084710652000866,-0.030449465745155148
2025-04-09,0.01189036013141367,0.014123707017355902,0.008453854165864217,0.01263303188079041,-0.0039006199938793396,0.01593402955404638
2025-04-10,0.07904425057313791,0.08356100081475368,0.017741537885127605,-0.06325442592835033,0.032942643214745104,-0.018985369845470917
2025-04-11,0.014995491536037341,0.023247239355137513,0.009910654791757262,0.013884463050332174,-0.00492306706815684,0.023019955047437514
2025-04-14,0.009027816821873837,-0.0008806487560316888,0.007446606974277058,-0.00792662983693646,0.0004112973264100985,-0.013527680901275374
2025-04-15,-0.009239490394097062,-0.004072556680713069,0.004881870136213483,-0.010537943962887965,-0.00888651286600646,-0.006224246571329126
2025-04-16,0.0032146856318075127,0.005051403137276545,0.0025738243614845894,-0.003162468794828643,0.0046960193772248365,-0.001865027496384175
2025-04-17,-0.002522829146962557,-0.0026450591057838317,-0.00020576883622680495,7.510498202105702e-05,0.0006204595854030878,-0.0015169103251996274
2025-04-18,0.004680344137811199,0.0007985748309017769,0.0072199704850418826,-0.01054146540866694,-0.0067279632041894475,-0.015667582717992956
2025-04-21,-0.004598492099696272,0.010553729467453875,-0.0028280920645272324,0.0036741912201170516,0.004013615273791095,0.010187126848505312
2025-04-22,-0.0035802253670348173,-0.0011265722554193447,0.0015316413468806414,0.0006940714828436166,0.0045651079143239175,-0.00010269230013441421
2025-04-23,0.012423866354056037,0.009938424246139688,0.009163413741282378,-0.01355023395729527,0.011947251537843817,-0.003372331585974277
2025-04-24,-0.007832775392019342,0.00914707799908774,-0.0027593144990202276,-0.009853581534180724,0.006113603169589666,-0.007048357215744094
2025-04-25,0.009540662705627655,0.011276338593039004,0.0003185430691351025,-0.012329366302980494,0.003004554713963415,-0.006159464637212619
2025-04-28,-0.004098405856716836,0.004075182422171219,-0.0009553098782113528,-0.0035528880668607376,0.001617935301517904,-0.005074230790002668
2025-05-01,-0.0014384820607306727,-0.0010436134776987463,-0.00041347691395974287,0.0004557701145527335,0.007079709255100708,-0.0030048257631692093
2025-05-02,0.006966338871811484,0.005819668589288085,-0.0043982235969243,-0.0031361819120267137,0.0008008789705862276,0.002281212354381612
2025-05-08,0.0071482861904708095,-0.0076867225409376514,0.0041660297185205815,0.0029313513647423626,-0.0016206520454834065,0.004148934584054705
2025-05-09,0.0027800007612094335,0.001933539749006519,0.009753102076051469,-0.006392805864126427,0.0014305270988016485,-0.011695324375045502
2025-05-12,0.005455636584935929,-0.0008787534173462668,0.00826392078595355,0.0018242885842403077,0.006940784050528605,0.01163848685208485
2025-05-13,0.015543465918544386,0.012941276772238487,0.00219114639064013,-0.019574664161008375,0.0076330979294078035,-0.014314946670273554
2025-05-14,0.008075580562118568,0.00811060254537146,-0.008208564989379807,-0.005708259175227149,0.004057240151107578,0.007895397223338207
2025-05-15,0.004348956914196988,-0.0025584693412813893,0.001284967298469142,0.00211015665459866,-0.0019606455424233445,-0.0005347625840099908
2025-05-16,0.0008050754016438303,-0.0008343164743736644,0.0013238999437493292,0.0007393193783170608,0.00184623219893838,0.00029469190687846417
2025-05-19,-0.0014739926156435825,-0.0010771612013635633,0.00157003112215357,-0.0007730967256214254,1.3942013310020102e-05,0.0013231205531910861
2025-05-20,-0.003753633679700674,-0.003138038449664915,-1.7116482998072273e-06,-0.002450542008895096,-0.00041631774287038655,-0.0038735609435727844
2025-05-21,-0.00654987418311821,-0.001906025279071799,0.0012808038532962755,-0.0021367055023690184,-0.0030027251462327875,-0.006073688536376575
2025-05-22,0.000756761416254714,-0.0023369070101079813,0.004229708455628622,-0.0027607864519871633,-3.829976358311589e-05,-0.003948214645451226
2025-05-23,-0.0006215051124622393,-0.0005274674079122299,0.0019087057130861224,-0.002537187014634457,0.0027644522376612194,-0.00729987256063632
2025-05-26,0.00016898838175958284,-0.005369631596431092,0.005805423431883084,-0.0015464611503983598,-0.0015820902288631086,-0.0027685117108736126
2025-05-27,0.0010487306360935644,0.0018489319086620218,0.0009143179885516379,0.0022090546891426754,0.0020166618053491627,0.001984069518250442
2025-05-28,0.0005779362683782092,-0.0010650111997101866,0.004888018486792902,0.000955949061244521,0.003426998216465505,0.00029774066756838025
2025-05-29,0.002011837510625303,0.004518371838253343,-0.006318873122915704,-0.002563309023410022,0.002970571971561964,-0.001637959801241734
2025-05-30,0.003897063760603725,0.00914269025501755,-0.003084731027379539,0.002268337503909757,0.005335347450088079,0.006359356494628191
2025-06-02,0.0047645982938882905,0.00719426044934637,-0.0011034013378011802,0.0017455865390541667,0.0009599470227114725,0.005712209337207331
2025-06-03,-0.003880870442600926,-0.005001463415623509,0.0007909944790081002,0.0016769827110100224,0.002959098556484152,-0.0027214288064913716
2025-06-04,0.00553798146634521,0.005645545325802415,0.0017144524237002084,0.0008324988261473984,0.0018676494385512,0.005040236170388457
2025-06-05,-0.00095641216508846,-0.000831776694906461,0.0007777732508547963,0.0014912086273660254,-0.003745983810412312,0.0007885298164868326
2025-06-06,-0.0010632760198185042,0.0032871563102127243,0.00145988754869415,-0.001439240920813378,0.0020196334133802283,-0.0035017213458082563
2025-06-09,0.0033051917993313753,0.0012926008839543091,0.0017741025720212637,-0.002881466700233126,0.0016275792626165853,0.00023427816099186316
2025-06-10,0.0034042497937415437,0.002844774007026674,-0.000729607776171304,-0.0019028415752833099,0.0011933064576535421,0.0005939064475854183
2025-06-11,0.0005028055827167143,-0.0011514582473437064,0.0003615370370213971,-0.0007945961128864364,0.00496550334228565,-0.0002642721213892414
2025-06-12,0.0009333214805117064,0.002011962262018252,-0.0007191497638865841,3.673407086801758e-06,0.004056404277068948,0.0017622057598579049
2025-06-13,-0.002332578153306697,-0.002327481126253184,0.00191250317901932,-0.003129464591309517,-0.0013687092606542441,-0.005122223467481554
2025-06-16,0.004806963454796431,0.0013524606163722638,0.004302561483960465,-0.003250279114455835,-0.002372488156029817,0.00042103614420402075
2025-06-17,0.0004361373679520719,0.0033295205953645327,-0.00019075561612580394,0.005172835206082804,0.00580702036884555,0.004742719394221995
2025-06-18,-0.0006083410600665082,-0.0009117280968135244,-0.00015926802321528674,-0.0017532807651217566,-0.0005443911052101403,-0.0008359182322828229
2025-06-19,-0.0009205494717705153,-0.0028093501702001647,-0.0019689238409932534,-1.7656713326985596e-06,-0.0006293868443613124,-0.0012858159094770504
2025-06-20,0.0011875016362384418,0.0020726618666697893,0.0026439394580700217,-0.003372378785712149,-0.0015105448552100275,-0.0003191669034629419
2025-06-23,-0.00040944920420782317,0.003298773179852943,0.004611015791286799,-0.002186260512369165,0.00737117655957631,-0.00043582500033672016
2025-06-24,0.0030859451747155438,-0.007022492433219618,0.011003922579873726,0.00648312786394596,0.00316447775096338,0.00294260502463331
2025-06-25,-0.004829146208919787,0.002855835720065136,-0.0025210314652734933,-0.0007825997527387554,0.004332363989860722,-0.005594321396143316
2025-06-26,-0.004451082769528304,0.0016412618174635129,-0.0012687609382962435,0.003424564352085913,0.0009533134330216295,-0.0023237669452685966
2025-06-27,0.0032942920190140775,0.005124322707208506,0.005114313451100161,0.0027673976843832103,0.0018040668353905612,0.005458643499251256
2025-06-30,-0.0015616395468285751,-0.0004889872532283014,0.002869556140677855,0.005180086432116961,0.0030170226622087126,0.002273746510551215
2025-07-01,0.002949922080023226,0.0014005305588987494,0.0015610705575327627,0.00580590604809237,0.0009776614595569779,0.005435392873462508
2025-07-02,-0.0023401449101512427,0.005440280739552738,0.001522954240535901,-0.008602341857289364,0.0039457320411976134,-0.007486505700138377
2025-07-03,0.004813306314152377,0.006169564042537966,-0.0022210083921779815,-0.0024621844159335546,0.00191675783003018,0.0003503703298806484
2025-07-04,-0.005780072852869167,0.00895763951936448,0.0021209376870859895,-0.0008725827011911937,0.006814261194577309,-0.005443791825021119
2025-07-07,0.002943085217923058,-0.002813054734533238,0.0013389243701125379,0.0006676493028797249,-0.004928108013194765,0.0030516188185608635
2025-07-08,-0.0005374228884394982,0.001991921612212444,-0.001853004696561911,0.0035491483727341684,-0.00012344196279812105,0.00369556255266403
2025-07-09,0.004023923665079776,0.004884571185230601,-0.0014516542980623774,-0.001029617567757213,0.006682020191770955,0.005028975935198909
2025-07-10,-0.00046390452623590295,-3.7283760696471676e-05,-0.0013617156878774409,0.0006608207609620769,0.0009759669251797616,0.005328584884476369
2025-07-11,-0.00202327821000674,-0.003005931389583916,-0.003458283182098666,0.0022393497757441597,-0.0010756541795732045,0.0
2025-07-14,-0.004451282258310486,-0.004010780231407617,-0.003521682549691386,-0.00890075476950052,0.006499275370073798,-0.006185320847674401
2025-07-15,-0.00422520974193823,-0.0044819118191393075,-0.007251600795908874,0.0074456118862152205,0.00416216243554315,0.0
2025-07-16,0.0007127948042557008,0.0003474534927886187,0.0005076662613477723,-0.0009134149705566363,0.0021743189331133953,-0.00465520991340429
2025-07-17,0.0027873324646778153,0.001698587473123214,-0.0018997449472854195,-0.0016786120431074416,0.005914293202992371,0.0
2025-07-18,0.0021600265514971633,0.0003812036562745203,-0.0013251354497450854,0.0019010424588482792,0.0002989180173534666,0.0018515492660559551
2025-07-23,0.0038974495075854137,-0.015392216197294941,-0.0014687535501209485,0.008122324245757675,0.0006185447482251138,0.003451255967315806
2025-07-24,0.012316076804797939,0.005272552024086652,0.00391621619301441,0.0117612877380457,-0.004619858730565829,0.008492324317097693
2025-07-25,0.005841694593722481,0.006035114206875414,0.0031777514669283145,-0.004582885312967556,0.004270538058797402,-0.0014511149162262926
2025-07-28,0.0026714401863542347,-0.0035350183711968975,-0.00252918754822673,0.004313892830970189,0.0010740202010335988,0.002721423298462507
2025-07-29,0.0012722594732839767,0.00042878589923289767,-0.003435212976554846,0.00015353425948669915,-0.004195402919797831,0.0013526383404364986
2025-07-30,0.0007644113249379416,-0.0006326416343860996,0.0011893990973314227,0.0013099084474657902,0.0016332140209710077,-0.002299138952262414
2025-07-31,0.0022751055298249057,-0.003095899702453897,-0.001028814454380633,-0.0019995990492754244,-0.002462362652436223,-0.0007325636815304071
2025-08-01,0.002313490260100415,-0.003225721448154917,0.0012561933171658876,-0.008041093465351735,-0.0047572681706338,-0.0027218211272026505
2025-08-04,0.019066405263468835,0.010079712119470896,-0.006502877735780931,-0.01751447144207543,0.01649739063857616,0.012325775477209533
2025-08-05,-0.004297274106270809,-0.001562051196997638,0.0036525098488580324,0.006867733835358947,0.0016180669057509485,0.0
2025-08-06,-0.0008045645502507749,0.0021325421012218684,-0.0024952714714490793,0.0012301065926906716,0.002900715501976214,0.00130811755585476
2025-08-07,0.0027967261288449176,-0.001147945981360965,-0.0009879427785129515,-0.0030035436913491862,-0.0008560848600351226,0.001347834969350481
2025-08-08,-0.004076830939542186,-0.0006791895251018865,0.0035626575572146324,0.0021096157110700453,0.002289462486114635,-0.0021245515776051604
2025-08-13,0.003809872274000071,0.004890559187991972,0.0047891002579612645,0.0015248782549603934,0.0026660308492765464,0.004338364493346925
2025-08-14,-0.0002555079253578231,0.0016369401310215139,-0.002029980623516403,-0.003465041082256626,0.0031098975880263563,-0.002279455388639151
2025-08-15,-0.001022435964191426,0.0009238986631081802,-0.0017281124703597322,0.001579631569434947,0.0034578932042612868,0.0027528221982432875
2025-08-18,0.0011074030157204322,0.00020830559227476018,-0.0012378035130374608,-0.0005748057330677847,0.000841376261646287,0.0008998176445288812
2025-08-19,-0.0019267978448225921,0.0006786196530891741,-0.00029415750972645643,0.0002839368147668388,0.003329335913958831,-0.003964260215002921
2025-08-20,-0.0044709623970403236,0.008090219839837754,0.006170803977299478,-0.00547553868592936,0.0021528297218520007,-0.007215624864996379
2025-08-21,0.003924354595759971,-0.0024087726898673447,-0.0010919869670797278,0.0001724809547831495,-0.0022258293697857037,0.0019590396887418536
2025-08-22,0.006634107017711811,0.0021343795031035784,-0.002326159223622093,0.007689854587590728,0.007878740087265326,0.009130207892642872
2025-08-25,0.0035919869333907793,0.004427857180685746,0.003202327325904197,0.007295030939883351,0.004498214187550787,0.009377376490462547
2025-08-26,0.003749999888074518,0.0018844070803449187,-0.0005348438662049039,0.0031345446375738995,0.001147482521043175,0.003804249438388152
2025-08-27,0.000725412984197371,0.0030348650213095634,0.0005825783080809056,0.0021098413871349694,0.0027367717263904632,0.0034370648434825625
2025-08-28,-0.0006933204599706809,-0.001136028049333904,-0.0010572539630990141,-0.0014042767449650383,0.001325222408794491,-0.00035459477385404444
2025-08-29,0.00478937874201788,0.0027785906700172,0.002220951084238476,-0.0007629687457735956,0.002918949961142614,0.003348070867829645
2025-09-01,-0.0022271042719838262,0.003393868622490426,0.0030717517981396106,0.001982295489494734,0.003337120616711853,-0.0012244640494213587
2025-09-02,0.0030598443824284114,-0.003387869293765067,-0.0011953880969812528,-0.0022439002950518597,0.0015857726456645735,0.0008106109262790537
2025-09-03,0.0033583805399884934,0.00160883781599912,0.004046322749870201,-0.0017243765523223377,0.0017779701496408286,0.0034657711824537065
2025-09-04,-0.002706205427745822,0.00931208443726319,0.005488901604089946,0.0017528920136465453,-0.0010743835483315812,-0.0028963677809275
2025-09-05,0.009567083731170411,0.00580165374875432,-0.003046552695848215,0.0003697940027432635,0.003199998375531754,0.008734506059589886
2025-09-08,0.0024723313829534636,-0.0035717145058779204,0.0035528444952819265,-0.0013991695204766514,0.003952277381912639,-0.003455277357763854
2025-09-09,-0.00018847303811977403,0.0005290430880463325,0.0018193750711123617,0.00011987627457901143,0.0033712697434834732,-0.0007211706121041717
2025-09-10,-0.0021603343114751095,-0.0033446238630419293,0.0004534094064320149,-0.002443295626723208,0.0022755619307349042,-0.004072667099064342
2025-09-11,-0.0007037783734888509,-0.0025679211965907948,0.0044750766159398,0.007318541794343614,0.0070796592007783335,0.005591124433920144
2025-09-12,-0.001997568704982756,-0.0001281688994202,-0.004987014044987648,-0.003478730696112909,-4.246410150015082e-05,8.704418501466211e-05
2025-09-17,-0.0012837081833067423,0.004127682191574311,-9.67231002373391e-06,-0.0028592811447263108,0.0037242742444982607,-0.0017669261608034338
2025-09-18,0.0005384691552873466,0.0017218758633281927,0.003157260775505244,0.00014078965366268742,0.0014239910480335683,0.0014394508795156468
2025-09-19,-0.005873412575338689,0.009497162713270814,0.007620116389294185,0.0011489413879140378,0.002486520853810248,-0.01158325687216218
2025-09-22,0.0014980471439663748,-0.0017511699469214828,-0.002916086878478552,0.0017786915440612726,0.0011194878694474662,0.0009720636628007444
2025-09-25,-0.0017252228151287243,0.0019037575364921015,0.0025878529668732944,0.00235133180771272,-3.434008123313036e-05,-0.004668294681415719
2025-09-26,0.0025339133965821773,-0.0020149558657335696,-0.0053678573240312005,0.004192726730034635,0.0043491258236075135,0.0032443632477457294
2025-09-29,0.0033622165570379673,0.0013342428189652817,0.0029346757486571114,0.0019506678326336013,-0.003783318723467644,0.001967506403184068
2025-09-30,-0.002579942147904913,0.00011696062345405438,0.004557062788797307,-0.001246429970454121,0.006615795424347471,-0.004612246426637268
2025-10-01,0.0048077868056653605,0.0027720073466793505,-0.0025661033216302317,-0.0037498541209856516,0.0037363432233527894,0.0012893270823765384
2025-10-02,0.005935430372803731,-0.0023312907409983154,-0.010985947419446342,-0.008654363904855324,0.0010666202790880817,-0.006917317432579765
2025-10-03,6.674830027708642e-05,-0.00021537737332111284,0.008174742044277594,-0.008545898150431342,0.004352441886714953,-0.008245212004342417
2025-10-06,0.0008193053533025259,-0.024449913955591995,-0.026650263721766827,0.00671089162298835,-0.016133291081904557,-0.009237046011604442
2025-10-07,-0.006270918786084767,0.0053401608380686085,-0.0005834201386903498,0.009464967280826487,0.0017793829664419561,0.006371979143439677
2025-10-08,-0.003454845465786249,-0.001489892970816299,0.0001303302105821972,0.0010955586040129364,-0.00020236289110462389,0.0027628388213394306
2025-10-09,-0.006012632923079364,0.0031349110591362365,-0.0011843883464562443,0.0052331602260790476,0.0025410957145276967,-0.003178726259501108
2025-10-10,0.003287895595799628,-0.0047162343112636005,-0.006075810455067577,-0.004666796131619466,0.001113143211688072,0.0019264466533006064
2025-10-15,0.0006708497267214446,0.0037032231860634427,0.0021221353363122695,-0.002150553010220135,0.009920900335457917,0.0018483385950802452
2025-10-16,-0.005531746217716727,0.0007322051201740013,0.0009680837942337649,0.005983249703118699,-0.0009745561846731914,0.004377612542088349
2025-10-17,0.0020774933859022187,0.014541850380817524,-2.5462509783258326e-05,-0.0021281351721962553,0.005020235304107734,0.006712733256058036
2025-10-20,0.0042296505513591326,0.0036932115026295786,-9.639052248582285e-05,-0.0020972933585227784,0.007743178610858381,0.0013316017351507154
2025-10-21,0.004428168666238852,0.001565231644871945,-5.394750594485062e-05,0.008180252979093838,0.0043269802689432256,0.004555523212154614
2025-10-22,0.003729002577253704,0.0021530818227279537,-0.0010027035509749373,0.0031187125564079658,-0.00044145818945771085,0.002795853149270185
2025-10-23,0.0018565672136668934,-0.0043534900838189785,0.002102522280081521,0.003575097181862086,0.0022216945312622197,0.0024235146791988463
2025-10-28,-0.0009246741020574323,-0.0024984408949290772,-0.0030660406944188487,-0.0052051067056611885,0.00021864584072510667,0.0022387187749331643
2025-10-29,0.00947082836048634,0.007552086772728805,-0.00013382339907244196,0.007282298189741042,0.0023949576348882614,0.010322906488744621
2025-10-30,0.0008461190475911094,0.003197821371454479,-0.0048495280542677046,-0.005022468484108122,-0.0017385643844945787,-0.005614233346724859
2025-10-31,0.002354487707723906,-0.0027254683897535593,-0.001318049459655369,0.005549029273201755,-0.0021618908288669747,0.005626137024920652
2025-11-05,-0.00775884207730897,0.0070648738458284135,-0.0024099546625304226,-0.012826632186079157,0.0020268303003881053,-0.01166441392512646
2025-11-06,0.0025134225913655325,0.00392348418267403,0.0023527948420051683,0.004597875992131684,0.0025116317676429074,0.0012609423871903598
2025-11-07,-0.0049170325283361075,0.001084222891769748,0.004642009195347141,-0.005821548926932787,0.005351812238994303,-0.0069423425720380955
2025-11-10,0.0015281224138750998,0.0007638536426863847,0.0057258516725259955,0.0022022462616756227,0.0017191573443792857,0.0019808558176652273
2025-11-11,0.0006593232182937172,0.007458391602808189,0.002136058456789147,0.0025328676308471253,-0.0007169529623638473,0.0014835415357401295
2025-11-12,0.0060193812555283666,0.004906141310877254,0.0069445932665357585,-0.007238563841528189,0.006318162300382713,-0.003446906401035843
2025-11-13,-0.002716083547009496,-0.004306450249295369,-0.0008118324473450618,-0.0019762184617962532,0.0061303182080470146,-0.004188226916953641
2025-11-14,0.0001700184462415605,-0.001884185681175277,0.003965576117201586,-0.005177108636225936,0.005305075343024712,-0.0011820036502525578
2025-11-17,-0.0044067251937530035,0.003918973162770901,0.0006989439868308796,-0.008336366472284683,-0.015182404627105383,-0.003127275054912524
2025-11-18,0.0047343472883442095,-0.0006894335391437688,0.0005614501783186344,-0.0001808871346704377,0.0018980258128395988,0.005877313721103727
2025-11-19,-0.001142355196408662,0.0010458099331523087,-0.003495023593873969,-0.00719406246133616,0.0016709477962396197,-0.0034990099118322737
2025-11-20,0.01879405729740191,0.017211324786016655,0.003599449016243828,0.01427375054110374,0.0006954815389943027,0.01528818619094804
2025-11-21,-0.0006464239623970243,0.00854294912088305,0.010316218837611517,-0.006066461589929008,0.008667652143933682,-0.007013991046096846
2025-11-26,-0.002419085498556828,-0.0027127356458960033,0.0002691420608007753,-0.0016194187746605862,-0.005073902119235263,0.001540418687051126
2025-11-27,-0.002830205753392279,-0.0025185281440359255,0.0002892672199027443,0.004852191319639432,0.004214892279693828,0.005599366932406923
2025-11-28,-0.0013457304159824716,-0.0015184618865442757,-0.001439901695511181,-0.0009538394896772661,-0.0024488421974988798,0.000971649887467803
2025-12-01,0.007119894321595965,0.006599053586081105,0.005775090300660479,0.0024240832428754416,0.0004926813745562695,0.005777955969810233
2025-12-02,0.007869463898992835,0.0019012497945041674,-0.0013904909876120586,-0.0002623183480159998,-0.00029456451569378453,0.006229859808814154
2025-12-03,-0.003308718088148144,0.003842096318638877,0.0019674523549639165,0.005853720201492819,0.005351784782050319,-0.00011815854172166507
2025-12-04,0.001624653047837099,0.002416450184488594,0.001650366042667706,0.0007685532819695861,0.004874193799495851,-0.0028322151207720485
2025-12-05,-0.0006945404085729304,-0.0016220542018521974,-0.0012403726667344908,0.0005824879250299507,0.0006454929315935275,-0.0016674950164732665
2025-12-08,0.005378189509897901,0.002846705103684277,1.3454321621608669e-05,0.005501035978935676,0.0029708492760714966,0.0033587433305165035
2025-12-09,-0.0026839529246084353,-0.001995915870669119,-0.0027554554984048803,0.0007678505408272863,-0.0020134228467205474,-0.0002499895717908392
2025-12-10,0.00162541328523067,-0.0015589518009772485,-0.003282577610180693,0.0029970525705882655,0.0026805942325094593,0.0025082862441817228
2025-12-11,0.003794950207651304,0.0008542694426661778,-0.003928642508758174,0.0049629886596671115,0.007060846039802459,0.004753563625805924
2025-12-12,-0.008046160546624659,-0.00155837755086643,-0.001867707564390609,-0.0008042365322469716,-0.00010544716008893456,-0.004075573963648031
2025-12-15,-0.004349863971241152,0.007711607032505486,0.007226127141969464,-0.0009638468933868658,0.0009741007732993802,-0.0007284523455610215
2025-12-16,0.002949242249855844,0.006235516733122127,0.0041120781195862705,-0.0016209623464215732,0.007953845288209506,0.0036705175028459713
2025-12-17,0.0012656236362746708,-0.0012477182741798213,0.00441632427832841,-0.005250755824295084,0.006964621809526974,-0.014688415940349364
2025-12-18,-0.0066652149465022525,0.006551493086475979,0.0033489486519055586,-0.0023921554126363543,-0.0004250182680692659,-0.004792917084875015
2025-12-19,-0.008348309614062455,0.007778289189398691,0.00560397683874796,0.003176026496865725,-0.002288752212142908,0.004036007006858244
2025-12-22,0.005411044600733117,0.010136967185491352,0.008346974086704597,0.0050311401908777155,-0.001093458776605338,0.00701025180242003
2025-12-23,0.002915734946590964,0.0030932078888712858,-0.005276263701143292,0.004435926874732687,-0.00076718353615417,0.004408318868872596
2025-12-24,-0.00013055536297807964,-0.0013817662368907468,-0.0029869452376391605,-0.00046242902511333105,0.0005989438631315293,-0.00042846458526545734
2025-12-25,0.0001499958732974704,-0.0013264273335259038,-0.002023904054739067,0.0002775463788440738,0.0005176719676176944,0.002094218238712031
2025-12-26,-0.0031411008631702765,-0.0017719704316537354,-0.0016642057919627807,0.000476244215490129,-0.0011837621988973973,-0.0036381706557802682
2025-12-29,0.002538139104974713,-0.0007997549671306947,0.0005668219058407421,0.0031892970582283247,-0.0013637667201476188,0.0029598340757857394
2025-12-30,-0.006391203167926919,0.003996692262451784,-0.0004493266492149537,-0.004942600817228882,-0.002432545971005462,-0.00809101817366037
2026-01-06,0.011208578162508998,0.0063815379556211305,0.003065064148183971,0.005171902343890423,0.009858989547990072,0.0011476085221525218
2026-01-07,-0.007186557821091611,-0.011744691355563244,-0.0035033722198610116,0.0032469845164293967,-0.0004517773600826838,-0.0023320443213020368
2026-01-08,0.0025428212739876167,-0.0022474389487426864,-0.0002776250153764704,0.00022552978425525137,0.0019537336650903296,0.004288264150012211
2026-01-09,0.003955510277909014,-0.002548448278232596,0.006367047043296026,0.009514765129030312,0.006369599728125874,0.005177708656696201
2026-01-14,-0.00439983197136502,-0.0005072596838095588,0.0044033615466124495,0.010238272774095503,0.006567414044342535,0.004110953215624824
2026-01-15,0.002628563879247592,-0.00043865471461135226,-0.0039178832197514606,-0.003137915332024299,0.0016832589903377662,0.00029275092971681904
2026-01-16,-0.004899194883958891,-0.006722619162247034,-0.0036533912145668263,0.003783818971070563,0.003091673236035164,-0.004120943756991531
2026-01-19,-0.0024762843799785994,-0.0029128835135151746,0.0011542857244457795,-0.0037666600528920564,-0.006748938254564996,-0.001469786597877243
2026-01-20,-0.002883209576719148,-0.00018775220381788159,0.0019004256219433248,-0.003620907321674483,-0.003899428333761024,-0.0027257775850686454
2026-01-21,0.004590226310262046,0.0044200418061670415,0.0008855169481117426,-0.0012896312799758776,0.003095798934605988,-0.0018461933539432604
2026-01-22,0.0052891984863089325,-0.0036356321471339168,0.004904544569866377,0.008476263029078425,-0.0036480214313091563,0.009854146472342663
2026-01-23,-0.0008811556842376555,0.003791678961926848,0.0013970059472787843,-0.0013502068829479128,0.0009482591096493967,0.0004861215947620421
2026-01-26,0.011642357248150947,0.008189507116129488,-0.0034729233849090323,-0.0036229058828618054,0.003442461835875644,0.002221433822144625
2026-01-27,0.002839428977473668,-0.007256542359659225,-0.0035959539092772935,-0.005061834306159142,-0.0016848282612423877,-0.006468524070238199
2026-01-28,-0.0002699404452273903,0.0009816753857198712,0.002331269584736196,-0.0008686977462983195,0.0038997313862822345,-0.007084870304434646
2026-01-29,0.008967091628639047,0.01117006397767335,0.006898451949647732,0.005245842000177659,0.0007011577593653896,0.009878653931488146
2026-01-30,0.003924931708736112,0.006940675603081159,-0.0017297813311400788,0.0018799889273990672,0.006293505098118258,0.003256643451526291
2026-02-02,0.005465640064084124,0.006739585540115179,-0.002563574516344103,-0.0015634724344490316,0.013036378729762068,-0.002052781252034265
2026-02-03,-0.01658588909645782,-0.010514391027655591,0.0031361989217982174,0.015157341191936256,0.0026019953131298573,-0.0009628342259501536
2026-02-04,0.007251084032618405,-0.008733439866170612,0.0014308493430363234,0.009505671028357797,0.008473927608100463,0.011282621897185485
2026-02-05,0.006980688860903949,0.00714369295419175,0.0013081401570003595,0.00946452545846146,0.005099207285766161,0.008100760064339508
2026-02-06,0.006373471212616267,-0.004165918199572993,0.0033233969995142944,-0.007516226687484397,0.008596122800978923,-0.004806499534541042
2026-02-09,0.009052855891614975,-0.0014547631892572795,-0.0055640522948173995,0.014224427385446294,0.0085932207243451,0.013981037329017123
2026-02-10,0.006861000888414059,0.003338442986827328,-0.004160281651965736,0.004465537549758424,-0.003599744607706069,0.00601866274668581
2026-02-13,0.0014617745663148213,0.005784333382133533,0.000790377309124434,0.002229636716901662,0.0055197624392549155,0.008323524214878067
2026-02-16,-0.001955845504323063,-0.005247774665462403,-0.0034192951853379227,0.002254398438052663,0.013160154214237704,-0.004391871599274566
2026-02-17,-0.00415655791071623,-0.0037170586287630153,-0.007223810331593939,-0.0004469815576869651,0.004382042804764198,-0.012217703234907618
2026-02-18,-0.0041819007209996885,-0.0032650808303694495,-0.00457113688319133,0.005135264805969087,0.006128336166368964,0.0007864748936951503
2026-02-19,0.006689434277415575,0.006669368148859523,0.0007389935486281192,0.0039400333185943825,0.0029452704976249858,0.007178644720533641
2026-02-20,-0.0033741486070495205,0.0036037038524277644,0.0012250747375008196,0.004552186180636287,0.0013261750963362352,0.002691886918521458
2026-02-25,-0.004885866764544167,0.006111555298898576,0.0034962647154402225,0.0012133334295837627,0.004850244457781216,-0.0015300467585327437
2026-02-26,-0.014208077704592403,0.018939586230808804,0.010040176745714224,0.007386073921701542,0.0014694309599562199,-0.009022709049590516
2026-02-27,-0.00030630213238278534,0.003332463834901955,-0.004057339758766631,-0.0013184850713074748,0.004818773396161791,0.0036035157073499025
2026-03-02,-0.00842265447544819,0.0064587422874317745,0.021514574128136794,-0.013834795268216894,0.02608871269241406,-0.012953114568309665
2026-03-03,0.005196955902712609,0.012696212750453587,-0.0030010893102404776,0.003152070282337437,0.009536308327375776,0.0083133595793786
2026-03-04,-0.0038198225583856204,0.006317438000467537,0.01160544623601618,-0.019703591402244338,0.011755595035501831,-0.01141938823679687
2026-03-05,-0.02282464391762909,0.01714088681345945,0.013802309716554063,0.017673081247285973,0.0009615868576604153,0.0024728973510039776
2026-03-06,-0.0038022079644301596,-0.004719542817543276,-0.006962259491408585,-0.006011962667343962,0.009764768597439332,-0.004930483317680823
2026-03-09,-0.005056400864168744,0.004336344997729122,-0.009345951523384003,0.00833874003660602,0.012184868251979225,-0.0009862110967563953
2026-03-10,-0.007326379923317017,-0.0025706321596914907,-0.00030278554336740215,0.011441333560860877,0.012018211141570574,-0.0007003309451913964
2026-03-11,0.0015254280281857165,0.007185546845902402,0.010756831874746676,0.007800871204220262,-0.00276287984340431,0.0102631918588722
2026-03-12,-0.0024212107324508517,-0.009106360462244912,-0.007265252544356459,-0.004099207424835627,-0.0022540044578930997,-0.006080565933095028
2026-03-13,-0.005871872684532663,0.007192022054755045,0.0029611350559915397,-0.008243801963469499,-0.0064285018425673576,-0.004723163797755576
2026-03-16,-0.0001871570937889591,-0.0017980775844587574,0.0026296884418294704,0.003375326939934098,0.009276929174553318,-0.00022982612613492437
2026-03-17,-0.000595527846645538,-0.0036625687493629933,-0.002828074302591556,0.0010087212124648473,0.0008800783575640735,-0.001263408147223366
2026-03-18,0.0032596922073994342,0.0014688359594600357,-0.001291863947798344,0.008831562198886988,-0.001533028713559803,0.0017584650048509329
2026-03-19,-0.00447580892626376,-0.003381178514379469,-0.0068333898624161294,-0.002587895362327152,0.000407721430988061,-0.004759295369153168
2026-03-24,0.02853075316402847,0.008620863671707736,0.020633324420045618,0.019226110298822888,-0.000768485407794596,0.012550163287617624
2026-03-25,0.016487477327882184,-0.008038933650025129,-0.011877953099141992,0.009958473586819939,0.005591091767464508,0.0136791970245498
2026-03-26,-0.009775628758497712,0.0019803491776690507,-0.004092801844684168,0.005333150404163001,-0.004827146369823888,0.0035605295842849882
2026-03-27,-0.005917305712734278,0.006364691528655708,0.005716055820200096,-0.005691966643478708,0.0016999651952170462,-0.006857340919670881
2026-03-30,0.009261963465465374,0.02286681417792724,0.013687923441004163,-0.0014712029437306878,0.014608241836960568,0.000987441401369582
2026-03-31,-0.011000284467885237,0.009738974971642734,0.01254454946468846,-0.005633992764527586,-0.0017225748652704767,-0.010841151224816737
2026-04-01,0.006089405527752144,0.027153016056416714,0.021201804133022726,-0.010592771615915583,0.001093019095733271,-0.007091283899829159
2026-04-02,0.006537747357730184,-0.0010735109724753003,-0.0008051275422707776,0.0031548701968341364,-0.0014147620624224146,-0.0002000206710510719
2026-04-03,-0.01088310392941918,0.001267045378421372,8.435125727626093e-05,0.004088126164711527,-0.002677909505871434,-0.00017977528427011143
2026-04-06,-0.0006075371581728995,-0.001389089167839553,0.0024908427074394005,0.0038618332527718285,0.0027795857283609677,0.0006232281450073486
2026-04-07,0.008605547860341557,-0.002814961585273568,0.006553863328052899,0.004722120781847816,-0.0018289167500136435,0.008173697096901628
2026-04-08,0.024593384756595074,0.02760015015262831,0.02564202031682288,0.022151116805465953,0.0037926279023888145,0.03314179118682197
2026-04-09,-0.0008865733117545019,0.004701378318459183,-0.0009990886797277773,0.0005963093125467282,0.00015841046922000519,0.00012184082452108358
2026-04-10,0.012163633989934986,0.009024989021480656,0.005412833854592969,-0.0020583882205668317,-0.003776000428230498,0.003379925111445803
2026-04-13,0.007938821946925235,0.0021298333639590654,0.006416391073162098,0.008975261150199955,-0.009743233679705622,0.010395131489169731
2026-04-14,0.02305897219604343,0.018668255926453957,0.031479854630493895,0.00894166519681634,0.007775309488203553,0.0151928915324101
2026-04-15,0.0007000437896069523,0.007185940656848078,0.006995291894535228,-0.002128169015545089,0.009871884570632284,0.009456942303688654
2026-04-16,0.012442162593896078,0.00222276347449386,0.013694014575102286,0.00803418205182096,-0.003007370980843716,0.009859808434474501
2026-04-17,0.004084337979400666,-0.0007258847244882017,-0.0034643948075288923,0.004765388632217383,0.0071314149120752955,-0.00013417479429569368
2026-04-20,0.0040152848140329045,0.007904352598597963,0.0033110471338198447,-0.006519496060179496,0.004580812078875108,-0.0016616259359764074
2026-04-21,0.009996782868647337,0.010278369471330893,0.008785272727293948,7.949186300764159e-05,0.00964014537972433,0.002809441633989529
2026-04-22,0.012450794643354034,0.01159702439183381,0.011441288771885352,0.008782111407334849,0.00010817125463020646,0.009116348154919492
2026-04-23,-0.006681095770327095,0.011426505782454854,0.013349025499413348,-0.006142313946312705,-0.004550330076404105,-0.01230347118423423
2026-04-24,0.0025631610063130642,0.009398592185962153,0.0027584705100256236,0.002950789057395764,0.00025177025566842665,0.00090322416750771
2026-04-27,-0.00614492077637221,0.0009469163621221414,0.005938452260387739,0.0010050452818783473,0.0066092449926618895,-0.007766213582791115
2026-04-28,0.006579093938243896,-0.00037879109899689994,-0.00012309588885473042,0.005215554440359261,0.002231428819823078,0.003732696344287705
2026-05-01,0.002872989368302603,0.00012783358038996872,0.0032117643476304637,0.0021517009519865793,0.0013617004167860267,0.0
2026-05-08,0.009809737131858953,-0.002515076360361767,-0.006989420723915574,-0.005563621942626672,-0.00167667334465802,0.0042410847690924625
2026-05-11,-0.004076563822022728,0.009380767441757953,0.010565836183248623,0.011887975315083166,0.004451392507490449,0.013895585481447648
2026-05-12,0.01715016452300744,-0.0034468029671870684,0.006506623024269831,0.01528736616466262,0.016475160745617192,0.015143804840057975
2026-05-13,0.0060942557426547205,0.014202326433364856,0.014803331785363463,-0.007279914264550968,0.00012854617734572318,0.007290762087491242
2026-05-14,0.004058293021648219,-0.0031185861992425014,0.002651827174713373,-0.002874940570380935,0.003894407404102674,0.002144235025563379
2026-05-15,-0.0017343384571529403,0.003172556975972518,0.003526881278803341,0.0036810813580194115,0.0028397743629813956,0.005622626159532129
2026-05-18,-0.004501553305327487,0.0007988313990902494,-2.094976696236377e-05,0.003991784140073552,0.011760565419922498,-0.00556677646023997
2026-05-19,0.010679507813963941,0.002611096551446979,-0.005394840134334666,0.00883122825154208,0.008919694115043654,0.011035433079689839
2026-05-20,0.009001118712088996,0.015411816748319374,0.02275602802357861,-0.010367690285513587,0.00932736756563819,0.012479218071871762
2026-05-21,0.011775677255594589,0.015528911890408593,0.0023414117180256657,0.00346797118019906,0.0075341479060249145,0.017612292675925432
2026-05-22,0.00483295607104206,0.0036864169129821496,0.006230334501047464,0.003258555737779534,0.008410150778841042,-0.0057524977772317465
2026-05-25,0.0007499394168062786,-0.011030525002936241,-0.013196324062848609,0.002469162088461663,0.00510407181067376,-0.010697054405525597
2026-05-26,0.0021631141341347023,-0.0015487303694440733,-0.0028298301389023885,-0.00046450664233181876,0.0011799582758140524,-0.0021018445264662233
2026-05-27,0.004871124234221492,0.013258701668468077,0.013819330921868269,0.008831664557739293,0.007319970578694069,0.010927756849719382
2026-05-28,0.013510738267793655,-0.0031801257006819354,0.0043547559117261825,-0.009722044808392916,0.01107168407276571,0.004633115700215814
2026-05-29,0.005629943180339824,0.009867826046784179,0.008770608761234946,0.0016304442551047461,0.011648889628074758,0.004572684262300795
2026-06-01,0.0003328266340712815,0.000667928649171668,0.0008568097280221118,0.007247792532161167,0.0012068610991901262,0.0007884861260113456
2026-06-02,-0.0052907154555734024,-0.0029209646095364797,-0.0040626944644380995,0.015369166086000897,0.014031188493869265,0.0021721583635465336
2026-06-03,0.011559869792457489,-0.0061511038874865875,-0.002175051010865126,0.0014369662629213137,0.005305911989420585,0.01059389672975139
2026-06-04,0.009293533560480505,0.008977280842130342,0.005463360771562707,-0.003701201786112441,0.0013067631110190272,0.0038877057315539476
2026-06-05,0.0011016177225825928,0.008851534563635877,0.005976838290714248,-0.001422095881590413,0.01066771301618077,-0.00104524897451716
2026-06-08,0.028179841769105332,0.03306982029203669,0.03942708220439328,-0.027743993516427628,0.0293340042133427,-0.000832976251804729
2026-06-09,0.000796066769183868,0.009386390227118048,0.006260946164505012,0.002971416541198369,-0.0034179492709355496,0.005827796226220556
2026-06-10,-0.0030506383412769018,0.011780090807918598,0.0023725493010925856,0.0017519191294631973,0.0024718845930600925,-0.0030622098967258253
2026-06-11,0.01682753325542803,0.03279171124009301,0.03436833512117903,-0.0205763299959322,0.026273554701498083,0.008963833296780882
2026-06-12,-0.009734674387611043,0.018831393266073304,0.01621577970969632,0.004821159861663338,0.021118875162315694,-0.0011218688351719132
2026-06-15,0.025169517212462852,-0.013336363517838911,-0.03189597372450446,0.012550642424715486,0.01836501385035407,0.02903573740408601
2026-06-16,-0.0029283615666133578,0.01053017218592074,0.01037338026177217,0.0032382208041053856,0.0070694683385555965,-0.003586092455775125
2026-06-17,-0.005496611903722169,0.008586556622530184,0.009088676894197945,0.0017628250605705943,0.010325311229357738,0.00028930421703377007
2026-06-18,0.0039611752824221915,-0.00016490637831290144,0.010862890357352039,0.009490464743021643,0.003850174330379642,0.007801338821177728
2026-06-19,-0.021410077840894902,0.030808669801729027,0.028930493052457498,0.013673375219699295,0.009514938040980291,0.011518260306979333
2026-06-22,-0.004338516731793396,0.009143048374307414,0.008394888493395357,-1.08091369816377e-05,0.00321705724754755,0.004695496432073065
2026-06-23,0.014559542375401668,-0.005184211811246088,-0.0028925982008037644,0.00030346027933307856,0.009562995191871449,0.008258689086073702
2026-06-24,0.008506716907598365,0.014192784488188483,0.014243629632855682,-0.002887391403105411,0.01003184260806711,0.006364999534225867
2026-06-25,-0.011915146461816527,-0.013471610518560028,-0.01286903259110561,0.001326407876939716,-0.0011075598438878395,-0.006354235142585078
2026-06-26,0.006606071219195076,0.006197599463560223,0.011059456142029122,-0.009007257991617232,-0.001314632341791988,-0.007254793028890353
2026-06-29,0.006291323409465741,0.0014800757471653777,0.005940651545455689,-0.004620675486978799,0.003822453989121844,-0.0017649046260603454
2026-06-30,-0.0022220329823450465,0.009216390035636412,0.005175481808886095,0.007313034103960738,0.003073059425665647,0.005055933668494994
2026-07-01,0.020940812759540475,0.016640000892735318,0.018072009070291387,0.006085962095588916,0.014300412536850793,0.013466038966188355
2026-07-02,-0.00561069094926967,0.01444378395244943,-0.01774557252882776,-0.0056056748863494,0.005882685223223038,-0.012392957010105388
2026-07-03,-0.002325296009315969,0.02657684580701125,0.020927828774154604,-0.017831925218200984,-0.014959213908352802,-0.0169840527023574
2026-07-06,0.005331317844256688,0.002370110976590856,0.003920129833534514,-0.0031123254184599386,0.006966828906778556,0.003742201521409915
2026-07-07,0.007553879146162901,-0.0007358242558093365,-0.001958286781472518,-0.0006280760528698305,0.006980540570691641,0.00589927102766259
2026-07-08,-5.831777364280223e-05,0.017226579787988253,0.0161156181126666,0.0017825892262793189,0.013807393384149401,-0.011134639715269559
2026-07-09,-0.006628156853070678,-0.004332799561727408,0.011766995272590931,-0.010115212713404032,0.01338731598950844,-0.01839971216765753
2026-07-10,0.0052768444400056016,0.00548297466169958,0.012572106787887961,0.00440944383412638,0.00755408525831045,0.00943542530540098
2026-07-13,0.003691546961291858,0.005910951005927645,0.001449500458409015,-0.0019440739010240238,-0.00031991098038763866,0.0009848247597235293
2026-07-14,0.0030818193108046914,-0.0003536432404250417,0.0014199189743648402,-0.002651728081617244,0.0003726903582297108,-0.00277549763844298
2026-07-15,0.007381646425400179,-0.009978478386332746,-0.0034355791351046374,-0.0052212300728272645,0.018335370577507937,0.0027963965993602815
2026-07-16,0.002802045854315627,-0.008550725909033455,-0.0034002000256603045,-2.0318127750806425e-05,0.010866678472551097,-0.00021539675655501966
2026-07-17,0.017651561356484782,0.02052999289320974,0.019947668911530637,0.0010100521611416727,0.012458301009457285,0.01512084183824308
2026-07-22,0.006911110955439749,0.01464125744660596,0.015667571503694487,0.0008552462919841687,0.008006165344539464,0.013639442550496537
2026-07-23,0.0007288916457793391,0.001580670485343249,-0.0011475894923701716,-0.004807457181267783,0.0020420870049237877,-0.005903607148768614
2026-07-24,0.003962515430920255,0.007016679962151984,0.009999014484087599,-0.009736918400873719,0.006527404120032453,-0.004968966073339693
2026-07-27,-0.0004000058389764358,-0.0018016408768406044,0.0036912578923161245,0.0055225134948444065,-0.0034986693283306954,0.004112821769286031
2026-07-28,0.01850747638456489,-0.022519111721227468,-0.01662193124779985,0.0003790669788776847,0.02020758650847836,0.019451741813997326
2026-07-29,0.00090506003469022,-0.00043300992279884335,0.005503292274919104,0.003320425303218899,0.003644897160071858,0.0064662296034783484
2026-07-30,-0.005413732220672275,0.004769787413103832,0.0007532353919647468,-0.0005500141433984586,0.0014879762181446488,-0.0031087296454078983
2026-07-31,0.03673508678368587,0.04224747522724332,0.038255311973309176,-0.017305179597990165,0.016682380619222427,0.01695946317350283
2026-08-03,0.010199411749342914,-0.0050095917010555486,-0.004404055368875625,0.004002470231777311,-0.003204584398200928,0.005317219401128559
2026-08-04,0.012603041470099142,0.009378184147072898,0.01025887118570288,0.00046897376917065514,0.00031029228339569666,0.00896807322682828
2026-08-05,0.014010057094298034,0.024103249394983164,0.025203878877251177,-0.005433355850480014,0.02472362266073791,0.01582759005338441
2026-08-06,0.005406937835087878,-0.007655358410137758,0.016091975248812118,0.004938686960637174,0.008395828703102048,0.007275695371547266
2026-08-07,-0.0030691415922438517,0.00585196562707857,-0.003380664124381783,-0.0011042891568888934,0.008235431572105512,-0.003390257763690613
2026-08-10,-0.003988553573442921,0.009018669708522943,0.010883586268791092,-0.008165998072450243,0.005695929937048682,-0.010656659470851832
2026-08-13,-0.0012900148723023364,0.0033397391154050384,0.003592948220448022,0.006074217556331174,0.006681574212710871,0.0034489465029460347
2026-08-14,0.0007960411603700865,-0.011158062903001498,-0.006714431282332135,-0.0006411470120205816,0.0009397205080741378,-0.0021042269482805633
2026-08-17,0.009975069901350485,-0.014310603462107397,-0.010011892602009187,-0.007951852454372556,0.010278860615079079,0.0042810808967321074
2026-08-18,-0.0014048703796386342,-0.002326912019891348,0.0033288563362325447,-0.0037808480324662773,0.003495585606180107,-0.005228330581244578
2026-08-19,0.04503135000309833,0.04331625905385981,0.04197479476194933,0.008853116246108492,0.013947614537384845,0.03576317356492133
2026-08-20,0.006129665977291677,0.001819445615449755,0.0038939165116941956,-0.004723243339315576,0.009339840607234428,0.0020729302964116896
2026-08-21,6.643018376970532e-05,0.002689034265353518,-0.00947757844346704,0.0018906027838918593,0.002965567023862681,-0.010157866892704594
2026-08-24,0.006391170380817467,0.007945684327459922,0.005599094376200586,-0.003348884683690234,-0.006708440150287819,0.0015956216537210688
2026-08-25,0.010117486671349953,0.006772945169872546,0.006405410117328936,0.004829409758981407,0.0062388665217556274,0.008150771753512588
2026-08-26,0.005948280312137212,-0.002760102342920701,-0.0031973367825142373,0.0035601536416089543,0.008723174672948386,0.002821746606175809
2026-08-27,0.012294649813376137,0.014425801416909856,0.0134093611496118,-0.003955693303070063,0.007848721848747608,0.016407266749370097
2026-08-28,0.0010608006038852035,0.00235900055719056,0.0023315982535805357,-0.001969188325038074,0.002094361918533739,-0.00031088136853258384
2026-08-31,-0.00406182022015924,0.00237733146907062,-0.005107966212036442,0.009732243415378728,0.0011966898549772508,0.013140246812477496
2026-09-01,-0.00037453066324293326,-0.0014754868572196766,0.00039563911411391036,0.0006988902529919687,0.001727435790831078,-0.000799776274141073
2026-09-02,0.00534451503136526,0.00870776820155279,0.01207528181467954,0.008260453756556197,0.006835390274506525,0.0033871307173699763
2026-09-03,0.005636711081834367,0.0023013301753429085,0.006579146289181815,-0.0033505214837270536,-0.0013345184196214893,0.007185138220917153
2026-09-04,0.006847680388345067,0.003375405349373705,0.006611084322734561,-0.003837360928304178,-0.0010685416747552967,0.005943576432892617
2026-09-07,-0.00623460413178223,0.005012008993295036,0.0015654615903047961,-0.0036994605464331543,0.004817682281235291,-0.004859443098909418
2026-09-08,0.0005318264331710453,-0.0068241187230316585,-0.00522893438032952,0.0033193350900592392,-0.0022056646655841173,0.0010972889469883693
2026-09-09,-0.010716970791997694,-0.0034442197679996015,0.0015963555239059124,-0.0016335693726512673,0.005105997873997659,-0.009561487237192301
2026-09-10,0.005292090626211032,-0.0011835281478308256,-0.0017961699986395194,0.005605964880089442,0.010578401795828208,0.004757795334948799
2026-09-11,0.011837575064591778,0.009937454823046822,-0.01946155546139958,0.0032240324760870235,0.0029599039263800146,0.013411697799488009
2026-09-14,0.007189351247720555,-0.0012820028358347722,0.0026026747594717348,0.00418252179031382,0.0030777409521119074,0.013776412694414984
2026-09-15,0.009509252990282688,0.01166727887589214,0.0037477545843087835,0.0001256294492896666,0.009979179349800171,0.006229970672910789
2026-09-16,0.007514173144111823,-0.0010224186933113443,0.0022954705577569183,-0.0030882682845402073,0.0106237943038753,0.006529369904171726
2026-09-17,0.007005831024145337,-0.0032306109594068214,-0.0008316895179148799,-0.006601231973025802,0.012140493845041568,-0.0025445425202162753
2026-09-18,-0.013481753471246518,0.011253691056134586,0.01545541890140387,-0.00989076584958426,-0.001678197851415009,-0.014126173788719464
2026-09-25,0.0023114302700815385,-0.0018943248574005978,0.0003583142990140285,0.005122798198099998,0.009477732293804199,0.005770616901856021
2026-09-28,-0.0016208166104614953,0.0044744075788472285,-0.0022774161779705706,-0.002304188621180181,0.0010621340105362751,-0.005237933640032161
2026-09-29,0.008970813283146552,0.005424846463069511,0.008338411443301585,0.004106050590428257,0.001205294252067524,0.010595532227268412
2026-09-30,-0.0013676686101125716,0.005652757128274444,-0.0036774961395774856,-0.004042763162582452,0.005161990596802291,9.11772571765444e-05
2026-10-01,-8.79410142577532e-05,0.00540601709473727,0.009169419623427766,-0.008932126137567043,9.863117989901166e-05,-0.00675626580931025
2026-10-02,0.001730801044109364,0.0005758956338980381,-0.002624925451690175,-0.0009881539547856866,0.0030814844083324913,0.007220148423243774
2026-10-05,-0.005163115765851201,0.004318472270937069,0.010054207209863277,-0.008735523312773762,0.00365271742996578,-0.009857290357739745
2026-10-06,0.0007561386005180864,-0.0022912036771303157,0.0005688023226804618,0.0011016478472819728,0.0008821420231185152,-0.0017875080009883415
2026-10-07,0.0013452029874494009,-0.0005070776300321264,-0.00018600969277733333,-0.0004442558802431052,0.0021591416923932624,0.0022193678996534627
