,PCA_SUB,PCA_PLAIN,PCA_L1250,MOM,SCS,DOUBLE
2015-01-06,0.0051186735237028335,0.005138739240508783,0.005253132965355501,0.004635488945333942,0.0008509443664765472,0.010084663573835726
2015-01-07,0.0008918258595526752,0.001913857523704543,-0.0013951261987910964,-2.173354319530245e-05,0.006578608998355585,0.0032062475947774454
2015-01-08,0.00890341877499814,0.005619793149765617,0.0033656817225194762,0.006288809721158573,0.005957214706422676,0.006215075990695512
2015-01-09,-0.0017695669602035002,-0.00036988671623902625,-0.0020398199231201897,-1.3803822985630765e-05,0.006178462875385482,0.004319577950019804
2015-01-14,0.00605526041689014,0.006000402653828452,0.008587640398054985,0.007846613428183935,0.0013602747440719654,0.004180671797166774
2015-01-15,0.007284389605114461,0.0023703334429647227,0.009589581312557827,0.007577128283612289,0.00014827517221244202,0.010621856090278393
2015-01-16,-0.0009060536634261929,0.0072026103538286035,-0.0009839054708296324,0.0024342710577174853,-0.006086626097192738,0.004287803929304242
2015-01-19,-0.0027919122132187284,0.001868102816207706,0.004529115484657998,0.0014812452937661424,0.0012394718272291882,0.0010169491525423568
2015-01-20,-0.00412962137330275,-0.005803596282033596,0.0031142331753307275,-0.0008692968836219845,0.007171235763080898,-0.00718963535068784
2015-01-21,0.004690744118295814,0.0043106452452630895,0.00566658230057146,0.0026218090291006135,0.007024730326473161,0.004423801498727781
2015-01-22,0.0027270470155756066,0.007876983694257544,0.0019382915862167782,-0.0002572944484720008,-0.00034186983351644495,0.00035233349589490004
2015-01-23,-0.000531528250638541,0.008029964721548738,-0.006026240525105558,0.00039964376242149213,8.456455851066358e-05,0.0010301368719592974
2015-01-26,0.00029721547092593755,0.0029494157572201194,0.0026807326102255002,0.002336182973517631,0.006795992629801773,0.0026999594453750945
2015-01-27,-0.00253503409459308,-0.008439453362637761,-0.0032267523631150257,0.0020654320593417753,-0.006847073081964906,0.0069812952017742624
2015-01-28,-0.008719415146046084,0.00448042177752437,0.007894840581380437,0.009534123447474176,0.0026837164282090594,-0.006836315880316635
2015-01-29,0.008078858984314014,0.0017702005421811329,-0.010888562661005796,0.002712920975004224,-0.00016615327134961166,0.006029313053733933
2015-01-30,0.0008930214682501547,4.0789435070576197e-05,0.007644003916547765,-0.0044068343904251905,-0.0011883390260811755,-0.0012526629017533203
2015-02-02,-0.001116131821094546,0.002316451237331929,-0.006367119684217715,0.008391453860300574,0.0022142343507938755,0.007832829063103786
2015-02-03,0.008801606345098745,0.008464099049665828,0.006155313694898567,-0.016642132960668257,0.013939735324160908,0.008946080204805251
2015-02-04,0.010281226162073142,-0.002189357338196674,-0.0013297626722449168,-0.0006034499052227191,0.0027958863774580674,-0.0024799765248845564
2015-02-05,-0.002434262915369145,0.003310177925948899,0.0002732493187407757,-0.011966662932270732,0.001253627276802205,-0.022341138036453823
2015-02-06,-0.0016375712089727879,-0.0012589745406234587,-0.010121838435095343,-0.0023473346110314264,0.00163894171906237,-0.010853454585680433
2015-02-09,0.0014939505871134795,0.004118945451248669,0.001847932887998427,0.003375463900126108,0.00022069504663007082,-0.006437398547059492
2015-02-10,0.008415040482570838,0.003994876313200797,0.0055549562745413885,-0.010802815750780903,0.006641231907400735,-0.006086137646873158
2015-02-13,0.008167642278024634,0.007800266793569988,0.0037613934842662955,-0.007355770292482189,0.0019813770612838733,-0.0037586121532520167
2015-02-16,0.013377430049399702,0.005673191430980912,0.0076081992801689535,-0.0058993850560497,-0.007245956973118778,0.021201545836788016
2015-02-17,-0.00203686339519582,-0.003987776025082489,0.0017645352476667766,0.005586745936853088,0.009302086112278542,-0.007194727717294458
2015-02-18,0.002887692570363831,-0.003211612738360636,-0.0017377710954930678,0.0009589784424556715,0.001218098051549754,0.0036476013578428113
2015-02-19,-0.0008669447872645007,-0.003943234847422695,0.005316876417721339,-0.0035913624554190678,-0.009412831899478526,-0.0020506416141960132
2015-02-20,-0.0014063836945304165,0.00046094653934519725,0.003004852238045641,-0.004738755926346427,0.0012464346180798558,-0.011489629403690804
2015-02-23,0.008465995189922637,0.0039671821812075295,0.0024104663654359376,-0.004462842464934469,0.0021227343837842303,0.006978524645676512
2015-02-24,-0.000868640657449271,-0.002506732389931532,-0.0016635943463665596,-0.001324256180157568,0.007559005934876196,-0.00010791997371233401
2015-02-25,0.013625509709945449,0.008435159276868508,-0.0088224218749682,-0.015297423642017206,-0.007921295525538686,-0.007317953399815891
2015-02-26,0.0037432838904475794,0.003731486193020995,0.004279313952339714,-0.0025380272407480088,0.004743651145034034,-0.0008756228162338786
2015-02-27,-0.0024734459244915245,-0.0013230589444025002,0.0028453283279003877,-0.004570868782580928,0.0031327963794612005,-0.0025585785082559813
2015-03-02,0.0008119266868496175,-0.0028817500536818313,-0.0007956588142303156,-0.004350427080058039,-0.0026305477152950727,-0.0005645019720211713
2015-03-03,-0.005735698407437951,0.003431636307203733,-0.0034639529822845898,0.0022264013710510786,-0.004552123760865579,-0.01687529323879816
2015-03-04,-0.0025202761855036343,0.00021612242696360555,-0.000905127214361978,-0.0011253500908086076,-0.002755811649936368,-0.007876624535263277
2015-03-05,0.0006004145993005147,-5.4274416709154585e-05,-0.0061743777031037835,0.0038485592042999395,0.006656769148215446,0.009070027932291946
2015-03-06,0.005731798772587893,0.0033748154459226076,0.007302414659788592,0.004562652916659166,0.01225966763922784,0.007196276174980564
2015-03-09,0.012486493276465272,0.008031695912939974,0.008570168340271068,-0.001687005028462618,0.00905002137905162,0.017588869263663376
2015-03-10,0.0041172698660950635,0.0028213921770516015,0.005525673099446932,-0.0012921006549620473,0.0072420920995917015,0.0011230831890901736
2015-03-11,0.0004899226925882405,-0.00015255930772817283,-0.002577138469817275,-0.0074620614210871294,0.003978745245633908,-0.005136387232217394
2015-03-12,0.0021701594132725426,0.0032321648968411942,0.0026851348876485654,0.0003071661432321191,0.007888607781778623,-0.00032856602922626266
2015-03-13,-0.005037396843905451,-0.011819625403085232,-0.005992225695235475,-0.00821674387887843,-0.0002068445564594075,-0.010285527954829163
2015-03-16,0.002437883881205428,0.0009213578341122464,0.010434674487244201,-0.0050757512253931,-0.004385399356639995,0.005959577774296787
2015-03-17,0.0005321600489406886,0.00785903409598332,0.0018765920644743805,-0.0007552588490550294,-0.003550682304539421,0.0011468331204621167
2015-03-18,-0.0014430537283209419,0.0036240662158910876,-0.00045037319374190436,0.002337697015458007,0.002835298298153144,0.0008547782325643021
2015-03-19,-0.007826539188874927,0.0029335882457867347,-0.0036746242006928656,-0.002804721598556714,0.010937618457705068,-0.0064834431304890755
2015-03-20,0.006333432532635241,0.004290077385113195,0.0015647465360160984,0.0038308075742202186,0.0076335306791996405,0.0016500381956204252
2015-03-23,0.010276880122909476,-0.0037583481333732516,0.0061518417573625805,0.004112466862280423,0.006907394828735258,0.007318907031949318
2015-03-24,0.007112237428896717,0.0018212807258774222,0.00351429743436113,-0.0020209457287923283,0.004002286738165384,0.0015891525968047399
2015-03-25,0.0020765535355082186,0.00484461478612177,0.0020650213376576464,-0.005212234673234262,0.007885366281360006,0.0037642311353602853
2015-03-26,0.006999980863111576,-0.016816260319648557,-0.001284225728725752,-0.005162062910706823,-0.00250216140125552,-0.003497106367285896
2015-03-27,-0.014642460788884426,-0.0033268402438697275,-0.011196382531775934,0.007115296677348226,-0.0003393383648804815,-0.0011661562791940305
2015-03-30,0.007018426825596813,0.004138261992131697,0.008299451645452715,0.004469731202067284,0.007665990286669211,0.007284132263804292
2015-03-31,0.017507398967764966,0.01715106098439938,0.003151085496597395,-0.012728695049141205,0.0021246270624885938,0.010319578322947128
2015-04-01,0.007190861190415787,-0.00486993764070116,0.00990018257529186,-0.006934535995801227,0.0017670128271041413,0.008968129317218021
2015-04-02,0.0002242429532921305,0.0004876602812327723,-0.0016835521054578972,0.002680173561628863,-0.004607798057570013,-0.009399119783171428
2015-04-03,-0.0023036579364845928,-0.000263645001948487,-0.006803687768146571,-0.0003859027964611349,-0.005217060513620852,0.00043001171020884974
2015-04-06,0.002868512572657389,0.0037922488755849585,-0.0018780244763187293,0.0033742491127446653,0.0011275628344669334,0.0035438060688251175
2015-04-07,-0.0017725504276775218,-0.0047373410348102935,-0.010260589878038353,-0.007332820797923523,-0.005170163149524077,-0.008586870389958349
2015-04-08,-0.0012752928968568834,0.002998546566353989,-0.005619473278203935,-0.001380188784860281,-0.0024868184953796384,-0.004979326639102166
2015-04-09,0.0037618815437725772,-0.0041586192254844945,-0.000253901172993648,0.007215792098954094,0.00703274345230917,0.004539122110872124
2015-04-10,0.0070856683256312015,0.006282142760733955,0.00501746784088304,-0.005165174935054218,-0.0012959843913307846,0.00192746853132178
2015-04-13,-0.004178001733868375,-0.0027756591690149884,0.003485902714750423,-0.006425887531465448,0.007777468771981112,-0.005326937187187078
2015-04-14,0.0035828590769033672,0.00256051624134257,-0.0014078766040916291,-0.006669937555840445,-0.005498397779214638,-0.0010708049362889716
2015-04-15,-0.0003465874136484807,-0.0032439960229128763,0.006909071371747389,-0.00640523094628891,0.0026210256017990875,-0.007504015648411216
2015-04-16,0.023222334097343048,0.0011387666413490427,0.014755153178314129,-0.008339370682824199,0.0188564740166514,0.010801884654908944
2015-04-17,0.005664092829201328,0.0009938679848779108,0.007269739558294047,0.001993113809361624,0.0025268688803261607,0.006019300594446478
2015-04-20,-0.003506670358291996,-0.005213587612531301,-0.0012796613472905174,0.008810761681589918,-0.009340064485623347,-0.004100537303439917
2015-04-21,-0.0057955521802986795,-0.0036420368755957448,-0.002725893234512222,-0.002533835277064035,0.00798865211295081,-0.008371802150553609
2015-04-22,0.0008374972055026561,-0.00540524700351559,0.004692430121736146,0.0023326907599933843,-0.00038688807721316593,0.00027950744818827644
2015-04-23,-0.01018332127175301,0.008223601760013443,0.0077083945113078705,-0.0011822996303229479,0.0061793077240958946,-0.006776599729269333
2015-04-24,0.0020698199842540403,-0.008394613914942806,0.006561979577005262,-0.008085810863614262,0.004847508050660476,-0.0032808094135135853
2015-04-27,0.0036631487680517383,-0.0016551137012276844,-0.001327501000511311,-0.003733219791478315,-0.0014120413230326759,-0.00032982390418198615
2015-04-28,0.002042865680800754,0.008501454058301522,0.002672332867285465,-0.005995804238275532,-0.008182658973778623,-0.0011717645421190914
2015-05-01,-0.004181694975437545,0.004327938431682044,-0.002894219402692566,-0.0004435396822399574,-0.007145556653870334,-0.004666627594381384
2015-05-08,-0.010000967650256267,0.014654313975862567,-0.009675589949780218,0.012951261379800516,0.009390593336075507,-0.006252147141988851
2015-05-11,0.002738822337666914,0.003897522053235214,0.009629457733112213,-0.004348122296257784,0.0004857750104039437,-0.0021082595759518985
2015-05-12,-0.0038415714797334077,0.0010009814628084146,-0.001677349350002466,-0.0012512824398526745,-0.0058455200865679124,0.0009532927581662465
2015-05-13,0.004604494544238214,0.008231695782036709,0.00028937286431298683,-0.00456599914640703,-0.0015932096640618012,0.0006274746228106158
2015-05-14,-0.005151797686321324,0.000702045004077223,0.0015851155450009372,-0.0006044486221386649,0.0036257868463035695,-0.0037335708546235675
2015-05-15,-0.0021504906532904544,0.004666547220438938,-0.002795501830514552,0.0020535251477264704,0.00939530506697936,0.0056444949261704735
2015-05-18,-0.003796638188376945,0.010347217843855994,0.002611824164408549,0.010354327012680863,-0.018296038451200536,-0.0009324247595313318
2015-05-19,0.006018714489710654,-0.002872973465572959,0.005483996787001268,-0.006314477073620052,-0.0033653943093553407,0.0006301864121412611
2015-05-20,0.0027083954632729727,-0.012121690575634482,0.006855941582109296,-0.007021591239488357,0.003937036845878473,0.015608064440220393
2015-05-21,0.0029563093104582497,-0.002216608059945213,-0.0032669278312541963,0.0005396431256236456,-0.0019118681826097996,0.0021637554612356875
2015-05-22,0.002397209149678159,-0.004676267143853296,0.0013516211312538885,-0.002160511910365459,0.004650636376572103,-0.001001519069001422
2015-05-25,-0.0012201918981035171,0.0005207118778868922,-0.0002910641373137014,-0.00047004876992935447,0.0019567632126102907,0.0023218102607276414
2015-05-26,0.0016566718408903554,0.0012791372620747582,0.00045718257703073525,-0.00010330372088351836,-0.0022269516690977213,0.0004831908965909073
2015-05-27,0.01225349597215233,0.006519824188693924,0.0023661247841335383,-0.008875849899364009,-0.009728326408476784,-0.0009183161862161096
2015-05-28,0.01126030495810424,0.004484419640136772,0.004421183466548073,0.001391725337625327,0.003960750815544145,0.01705807955894545
2015-05-29,0.0015073238830229096,0.0021083327174871436,-0.001085971835814492,0.0010372027982851195,0.0012435637692555512,0.0030633586200204768
2015-06-01,-0.005775186660151312,-0.0012825637989139606,0.0034723556310468197,0.007751843134028924,0.0028827472057904925,0.0021211922958056517
2015-06-02,0.008228506564335802,-0.004202820006244213,0.00386363934232472,-0.003257961763192041,-0.00037022611908090765,0.0018404897355912921
2015-06-03,0.005813080521235858,-0.01178459405329462,0.009024868712180355,-0.0023347818176737705,0.014593891522255919,0.002057402160605388
2015-06-04,0.003189584287149938,0.0025031801941308718,0.004640057990069446,0.004245503855268673,0.010485111138697045,0.010069925282814713
2015-06-05,0.002007994500926813,0.0011773838445351126,0.00270133585051624,-0.010587566138969356,-0.004338541221348635,-0.0003347954170581924
2015-06-08,-0.001986150483998439,-0.0012571786173480428,0.002821339438834292,-0.0024620022881956193,-0.003828152244210648,-0.0027564420415324142
2015-06-09,-0.004729931420220824,0.010649555398001343,-0.010435440391072982,0.0020764678607951836,-0.002261327942376457,0.001032573521350133
2015-06-10,-0.00016999655121656735,0.000381426643612515,0.0034849464873448095,0.0015756366728726157,0.0031464242342738253,-0.0022565989761940356
2015-06-11,0.009656888851508595,-0.0008514810377394429,0.0006167311888153112,0.002496035918438277,-0.002746728084807337,0.015277586211325911
2015-06-12,-0.0017967994027317802,0.003906588606537309,-0.0028349040603527498,-0.007877860985366053,-0.004548148616141667,-0.01869346681047568
2015-06-15,0.005981191608526282,-0.002099324066311803,0.0032418202775800486,0.003195137661788555,-0.007799393461803722,0.0025544119329573792
2015-06-16,-0.00745313257860114,-0.0028819165704974106,-0.004849428345848938,-0.0037831120655358315,-0.0042646375623893295,-0.008930661455008447
2015-06-17,0.003230270122439871,-0.0014519835898908207,0.006486049136956468,-0.003467749955582189,-0.0011265554248029996,-0.004247892840155865
2015-06-18,0.0017035725830195417,0.00014176359264623747,0.0029278906200762133,-0.00098883179992455,-0.0010933814246308906,-0.0014148058120947071
2015-06-19,-0.0014530857945111771,-0.004930388587726587,-0.0012635389357878557,-0.009838572190218619,-0.0033316067493776246,-0.007869128329096826
2015-06-22,-0.0041325808090997285,-0.00046221025012136395,-0.0010903547330237014,0.002963397790830902,-0.008921147767641191,0.003322728402864369
2015-06-23,-0.0001802816676708995,0.0038897605113886067,-0.004565619712523006,0.0016328782534143832,-0.002155279987964764,-0.0015738671291676276
2015-06-24,-0.0010173233305777137,0.0005825806021127365,-0.0004010104419033266,0.002657425165146243,-0.00269154335271018,-0.0005027758960158277
2015-06-25,0.0058613967961242686,0.001507784261062045,0.005480093538876074,0.00235448742178071,-0.0010475742477700778,0.0020251392553314873
2015-06-26,-0.004847779323741835,-0.0017815092329777071,0.004123951270984583,-0.001979305652448471,-0.00026868426530979317,-0.0032497114078851945
2015-06-29,-0.0035580787255596004,0.00972089686251545,0.010841548926992075,0.011018029721274459,0.017922478926629723,0.006067907331190643
2015-06-30,0.0017433803022140373,-0.0014344609996150837,-0.005393402869656285,-0.004875102819706556,0.0035877897785151942,-0.0023603458338861023
2015-07-01,0.002936672340095342,-0.004519978523914975,-0.00011011443962163914,0.001959544313146294,-0.001267546260378699,0.0019161349124334572
2015-07-02,-0.0015375913352010612,-0.0016352544721850652,-0.0019318312064897647,-0.001750735147048488,-0.00863950336335102,0.0005142186134886962
2015-07-03,0.005676180638926455,0.006249138244513541,0.0044971715145378345,0.0023183590325938975,-0.006011410164936294,0.0035976191631875154
2015-07-06,-0.004495826924664992,-0.009399855579280626,-0.007589521322707205,0.00015122044779767273,0.0006164146045894545,0.0006118071288838123
2015-07-07,0.014667934028121141,-0.007217425273395529,0.01728111305842004,-0.00035374308829101437,0.007162900057306821,0.010152062194431245
2015-07-08,0.006220928748730593,-0.0024303173343138695,0.005634178120528511,-0.006213753711805392,0.008076706213235172,-0.006760206907556597
2015-07-09,-0.0031001307429204374,-0.006536573786887433,0.0012890104409205786,0.02042350729105473,0.013836874346350947,0.005865791110792365
2015-07-10,0.007717499401981121,0.005395973302222368,0.005889617978864648,-0.0007897333247711023,0.005217349141707817,0.006134226695386103
2015-07-13,0.011402792615365852,0.0003313574143864794,-0.0033426467101775664,-0.0006959197670587617,-0.0006170464597085256,0.003206649519955279
2015-07-14,0.009668896096913793,-0.007814783092448846,-0.014771716231906207,0.006132253574464147,0.004038149627639154,-0.0005302690264209768
2015-07-15,-0.006685625574844467,0.002640379144382466,-0.0025647860282260963,0.004206568002856215,0.00744747943019144,0.004021085476950367
2015-07-16,0.00532667824492794,-0.0038970739490291617,0.008853834675711613,0.004438942996695827,0.006613149257354412,0.004414948660748097
2015-07-17,-0.004911966203330741,-0.005361347983979781,-0.005321243902348761,0.0001232823499875305,0.0013536531630325536,-0.002140224251552081
2015-07-22,-0.0018694425846821575,0.001327913535122427,-0.0016391926190074903,-0.002089079852992848,-0.006589212495165242,-0.00653178408158502
2015-07-23,-0.008801853436657183,-0.0031648218367347444,0.00964570116262067,0.006769377127817378,0.004869595213868162,0.0003994992348441695
2015-07-24,0.0017886178819624286,-0.0014903337339221337,-0.0004548911560302131,0.0018737896135562425,0.004515565996680149,-0.004880992321817193
2015-07-27,-0.01470279390050364,-0.007320855228164636,-0.013606940105434263,-0.01679384990871307,-0.004265215252210397,-0.014178248869674618
2015-07-28,0.022295810874800884,0.009389059850651615,0.02094999760631722,0.02163701869832242,0.013403000635863973,0.018356655006924415
2015-07-29,-0.003674727105382258,-0.0038377190357844716,-0.0028608470964406334,0.004126315810284486,-0.00033883122477471614,0.0
2015-07-30,0.012201769402163798,0.0014487194788149536,0.005761953468192127,-0.016929975760154314,0.0025379285107868014,0.0
2015-07-31,0.0021829538910440372,-0.0026261041167177763,0.0036495641700785356,0.003622988335102395,0.0011461799503106552,0.0012580167031943008
2015-08-03,0.017398169783773666,0.004253027585971038,0.01062348253683223,0.006703450432233218,0.01636494674236342,0.015496420423218641
2015-08-04,0.025459737870322723,0.007007464336219882,0.025937774867731456,0.019490809658251475,0.021842510733997726,0.018829499516362893
2015-08-05,0.011186595718072168,0.010755820251196101,0.006560654907415797,-0.010225226040394999,-0.004690877198175913,-0.0019578412062417616
2015-08-06,-0.010020910256222936,0.008390207276070427,-0.00806553266394261,-0.007816992952290592,0.0037244094782648896,-0.0032435189451161706
2015-08-07,0.006298796904573912,0.0044116884867244415,0.007923059446160298,-0.005659205098308707,0.0073762650242928055,0.016534391534391624
2015-08-10,0.009762717146316357,0.0014375909546251015,0.015176638385110654,0.013903581936696566,0.0013571032586285668,0.010793411266905584
2015-08-11,0.0141107779694871,0.0054628999521195935,0.01496222086684267,-0.016421008992589428,0.016141209486240718,0.0
2015-08-12,-0.004028645446064362,0.001911311402035265,0.0052134128855231745,0.007914779306311173,0.0024473288916289303,0.004385995238715301
2015-08-13,0.009347631402217015,0.003985018737793645,0.009823583891250265,0.004254256912882993,0.003510633003826014,0.006634298606856178
2015-08-14,-0.007877252361869513,-0.001982995559403089,0.007891525298508673,0.006195906884220826,0.006279713792808784,-0.003208229653936856
2015-08-17,0.006373765979480363,0.0006498357962308357,0.002215645674988576,-0.0008515065339275376,0.005590900762360041,0.003197781185343363
2015-08-18,-0.0030024000088167972,-0.006492257133847601,0.0023930705139957324,-0.00455982134490227,0.00014682842477391493,-0.0038981605658115477
2015-08-19,-0.0006112700206963189,-0.006760324920500337,-0.0030785411831306675,0.003960696225608485,-0.001692820811384267,-0.00817534468054687
2015-08-20,0.009319172236009289,-0.013469611712126836,0.012254200221059743,0.008885453374799313,0.009675646254092809,0.0035951337068562995
2015-08-21,0.011263287655657294,0.01944477951149557,-0.001332750649778447,-0.01656884388339841,-0.004684756701828998,0.00481695568400764
2015-08-24,-0.011808690007396814,-0.009675551909994765,-0.00854876850918325,0.007537061018458344,-0.010399208905071535,-0.00924192485168096
2015-08-25,0.02513557745611219,0.02868768379029632,0.0027133559866172607,-0.012847304718780707,-0.021132988692163512,0.0
2015-08-26,-0.006417682779228431,-0.013021620058605366,-0.008760800673867863,0.009501205128909819,-0.006487281261275204,0.0
2015-08-27,0.005484342858857372,-0.0005567458158987071,-0.01609891010690967,0.012882152361305788,-0.004174569670382921,0.0014791666092348523
2015-08-28,0.020225893205345024,-0.02481175704408454,0.014628205906160806,-0.004705568094341417,0.018804504245486922,-0.0003071336898262671
2015-08-31,-0.011883530467039206,0.006572001501642942,-0.01217563633695078,0.014929078544195984,-0.009577349864760576,0.0013001083423618276
2015-09-01,0.008136595192278651,0.01089456752222939,0.012726153660270367,-0.003796948277158663,0.015532766993998061,-0.004801980198019806
2015-09-02,-0.015626070578540353,-0.021756651189314382,-0.011776949765120628,0.008476714358859284,0.004896243214768206,0.0
2015-09-03,-0.0054923184885133924,-0.0038072103545464314,0.00029724559926673846,-0.00408319001126114,-0.0008578471413894114,-0.005716039410215779
2015-09-04,-0.008610490194689601,0.017168193921693886,0.014612798056151788,0.010081322246886626,-0.009135070550507062,0.015282888702365882
2015-09-07,-0.007633444821057457,-0.005278355852903173,-0.003032033216807451,0.007938328222175174,0.013020891884706677,-0.005780204866692562
2015-09-08,0.017415896653260644,0.017353747776266526,0.012143616800313572,-0.01766072035952195,-0.01066042709297943,-0.00896165477790084
2015-09-09,-0.009869037013468794,-0.002525941842290334,0.0041270125111503705,0.001557639228617071,-0.007041582606670783,-0.00732369818962884
2015-09-10,-0.008894515745762804,0.005996138799906597,0.004126261992101893,0.006577842844502274,0.0025470219847230635,0.020455986692155093
2015-09-11,0.006463167200105396,0.012862718780709353,-0.012604358715156666,0.012701101402593978,-0.002208739629708023,0.005170533760084317
2015-09-14,0.010057147738510491,-0.010923318461096204,0.0039839941162642944,0.00639546041633085,0.014016968276654884,0.002083724432453477
2015-09-15,0.0045267945873313405,-0.005342445477153834,0.0025902313922885113,-0.0019146432456016438,-0.0036337071856965995,0.0023416872139809066
2015-09-16,-0.016163095907664096,-0.0035956742688903138,0.008367884559153427,-0.017337684575209143,0.015735182203495658,-0.01591753435625204
2015-09-17,0.0036105335517950254,0.003962251678237633,-4.104035789795346e-05,-0.005060076855143647,0.003951471144978708,-0.011317444656183118
2015-09-18,0.003257140439560291,0.01167109643972486,0.004467853396336508,0.002768354086813729,0.0014660854492144935,0.0030458886239532563
2015-09-25,0.005811969456501554,0.01053651037951846,0.008740394432330434,0.003106038501170817,0.004703384268830326,0.009107276671678703
2015-09-28,-0.010060402045898776,0.01588433963792575,0.01278115871960781,0.00614200663042601,0.005839193924320619,0.0
2015-09-29,-0.011396639460317885,-0.0054259207128618744,0.01050720427400394,0.01481117943015198,0.016612805708374267,0.0073206032063175
2015-09-30,0.0053287121502830995,0.0008736876261367767,0.006261192731280208,0.000993544633960398,0.00102328608753024,-0.016393635550534302
2015-10-01,-0.02076181124055958,-0.010586512636277677,0.003079729479405556,-0.007991827269715856,0.004749842557704144,-0.01779952751294691
2015-10-02,0.0004968563415271854,0.00010956642280786138,0.008511025680803419,-0.003349633629721915,0.0030607994017397334,0.0
2015-10-05,-0.0068678595096485886,-0.0032411752087153833,-0.005707612228859827,-0.006527368446237625,0.003210269081490246,-0.008551106312717693
2015-10-06,0.00991647157973128,-0.0012155671914180215,-0.0015500873292321627,-0.007097619730292126,0.0051509302092152,-0.022433910098058008
2015-10-07,0.0250033130503595,-0.0029325242432423062,0.022208998219208475,-0.020856803326881158,0.014820545003959483,0.0
2015-10-08,0.013434033957283176,-0.0003996061953010165,0.006307262695025728,-0.009034514391745296,0.002556867897579917,0.01294483524460538
2015-10-09,-0.002234930639175992,-0.004896721446525776,0.006071315793371746,-0.0014689063712836066,0.013980872201491315,-0.00034537019169956595
2015-10-14,-0.00973059675815044,-0.0018652736963799543,-0.005249932947139713,0.001841708090727423,0.002109723985350892,-0.006553719487009557
2015-10-15,-0.0007838577437883631,-0.0035756513443586657,-0.007640631828202626,-0.0005642121832784563,-0.0003484612539773613,-0.0055729907113233335
2015-10-16,-3.3645695949346445e-05,0.0017965335789819955,-0.00174798729183352,0.007776888590857855,0.006100747209650637,0.005075946454527469
2015-10-19,0.00507649078806196,0.00019913922648067133,-0.0002813856065985161,0.0030092690582069095,-0.0027286262179151647,0.002564102564102555
2015-10-20,-0.006464046470325458,-0.00428873788931381,-0.010037642032891704,-0.010186440756440885,-0.016344277794657726,-0.006088259926574167
2015-10-21,0.011038305841519968,0.011778806971354357,0.012294644075426775,-0.006432658180659722,0.007423518332821155,0.020276907070478134
2015-10-22,0.0012440689992044007,0.0015401333422764285,0.003389081596093607,0.003951841280734392,0.00520885907231472,-0.0011166198458775478
2015-10-23,-0.008917873775020513,-0.0024144471992586735,-0.001268609888508632,0.007674278795319611,-0.00757294933660877,-0.004979670556856321
2015-10-26,0.003841618247949219,0.0018956993199151337,-0.003616539809221852,-0.0002681107939966239,0.0031835651155941455,0.0056652451406917605
2015-10-27,0.011243720035906324,0.004133550853559865,0.010719964440061581,0.003485342910354672,0.008356973797805934,0.0084801204739968
2015-10-28,0.002717032584380985,-0.002377886978479894,0.006961545925895751,-0.005589139230874408,0.005590256301218766,0.0027786267350916544
2015-10-29,0.0016611254572482797,0.002925377448379285,0.0033579103471660593,-0.01137604625231228,0.002693638010103005,-0.005599339670365891
2015-10-30,-0.007945499939378875,-0.006475405626017584,-0.007655934408762157,-0.003926743982028148,0.0002599431386381535,-0.006759410244565054
2015-11-02,0.0004792479966228445,-0.0011253499780168753,-0.001380904958809959,-0.0004663969483339925,0.00557493024233493,0.0020533482359314332
2015-11-05,0.005754394493829951,0.0018961412295086517,0.0073008954966661925,-0.002834197610360789,-0.0004045954309741971,0.0008781235539849774
2015-11-06,-0.0010232769193239677,-0.0018294111859614992,0.0063162645089168135,0.0033006247658411425,0.0011610648373080734,0.009375737381662086
2015-11-09,-0.0044674023804021305,-0.0027597227026112006,0.006794245631584662,0.010589024570057481,0.015507404471058028,0.0013158442810558002
2015-11-10,0.0019594796128900582,0.006436422531870101,0.0010009241506150346,-0.0006914389594032677,0.001930178517382558,0.007870789304663822
2015-11-11,0.004912843275416012,0.0010459110106455065,0.0021063093677304856,0.0010760906717954817,-0.0007470154645421445,0.0006253791561580341
2015-11-12,0.0009848803108410294,-0.0043235511901557055,-0.002001409873953785,-0.0017428312811918589,0.0002250823235095071,2.9680931383668785e-05
2015-11-13,0.001772185780931013,0.00035766815397591015,-0.0014308466160678271,0.0016600648343934271,-0.0012369759427008017,-0.008284772211143654
2015-11-16,0.010415744438995336,-0.010503590211554005,-0.010386351367705717,-0.008576324315181539,-0.0005781134982044038,0.0018287661604579437
2015-11-17,-0.003519716065175005,-0.006173111685366939,0.0014867937309249071,-0.012422491339634733,0.012816487980968884,-0.013091717371488999
2015-11-18,0.0016437265432552419,-0.00027609768980594305,-0.00032822522498825445,-0.00027840850934675006,0.007717421594787189,0.0011524582583910814
2015-11-19,0.00614678485332556,0.003708811526974088,-1.0237848101457298e-05,0.006780314153722023,0.011321325084973789,0.005599099825273327
2015-11-20,-0.0010956663515384601,9.337019228563564e-05,-0.0016740716681794999,0.0030662209190227777,-0.003706619188718064,0.0028611810601616807
2015-11-25,0.0015128833116066498,-0.002637086856709464,-0.004808085757222302,0.0008987588901229748,0.009487649325050612,0.010896517682752774
2015-11-26,0.0071394167491109495,-0.003833756818825418,-0.004642664494153598,-0.0058007380605356595,0.0028407373581835482,-0.0072540215255727505
2015-11-27,-0.006604024346959253,0.006277821822775337,0.005405168962488938,0.0010534088764337368,-0.002687318229940061,0.0003785335287073239
2015-11-30,-0.014438494727718743,0.0007735601364262934,0.0004743088144051333,0.016161570197568947,-0.006147453224915861,0.006018052215384262
2015-12-01,0.004703974083114804,0.0005870136574180008,-0.006150216267070797,-0.0044927294377034455,-6.38360069731064e-05,0.0032746592132087138
2015-12-02,-0.004422709345300579,0.0011627932997998025,0.0026779448149513163,-0.005660013868305125,0.003397121405863879,-0.002377052023006937
2015-12-03,-0.008855895196046527,-0.0009372247917758484,-0.0006477196524581563,0.003730567899906845,0.0044990471300070615,0.0029062404753013027
2015-12-04,0.0018792695727836595,0.000608053962154509,0.004364762509619036,-0.003117113535986471,0.0025081050843199114,-0.0019175123924056368
2015-12-07,0.001559110638254091,0.0039083888794962385,-0.0024184085472608585,-0.0058358542275407654,0.0012170626120056038,-0.0007830770798081255
2015-12-08,0.005176501489452102,0.003992534085296051,-0.002271101049689484,0.003693144715231123,0.0024633386037220986,0.007576655142604933
2015-12-09,-0.00501535504109445,-0.0074841004187179,-0.0003140253630489192,0.0062386329257022154,-0.0010445823286194594,0.008099997058285457
2015-12-10,-0.002895000634813766,0.011938430371818992,0.006502032392297685,-0.0030948539010307308,0.002887238193218844,-0.0015880579023734207
2015-12-11,0.001901102973616453,0.0025131541529049006,0.004894106533857273,0.002531651143569763,0.007228520468280181,0.0018915570802363977
2015-12-14,-0.011871271053023347,-0.013845333345052804,-0.0011427771495483585,0.006505797270519987,-0.009925934823033545,-0.010910834023884375
2015-12-15,-0.0023288126659128053,0.002172856961301162,-0.0021906915739923205,0.004958311970917561,0.007403043878095295,-0.0078037977081471255
2015-12-16,-0.0024755922427066035,-0.006312059314720286,-0.004395008488252389,0.008215441865239786,-0.0043041733789350445,-0.006908902481705576
2015-12-17,-0.0011817659664806468,0.009217708371638239,0.013284930395646849,0.008166102350731758,-0.028947633170637727,0.004372959083242361
2015-12-18,0.005875768858272546,0.003789407110563926,-0.0038008633379422955,-0.0014457890320973112,0.012845339125469701,-0.008268904325793486
2015-12-21,-0.0009290718239361117,-0.00044462438945200907,0.008402246345215247,0.0021216522662445,0.006072449324347407,0.006318746940839734
2015-12-22,-0.004558036537793381,0.003514475469993089,-0.0021511998179251923,-0.004150531590324719,0.007188859747264298,-0.003578320283657621
2015-12-25,0.001038508067966593,0.005296443781775805,0.003923969980703613,0.00799746255344831,-0.000572070066318031,0.00019780976966691632
2015-12-28,0.0038796362250027583,-0.002608064054946846,-0.011310302603920602,-0.006070988694353852,-0.003450968658537834,-0.004675081227053754
2015-12-29,0.001579997162835768,0.010818527011861524,0.006813630406108784,-0.0007624434342872196,-0.002239879979309833,-0.004383761381554292
2015-12-30,0.0002791602907741054,-0.0021686282861506307,-0.004640248468040875,0.0015711837281382032,-0.009436390514946935,-0.002492220277183617
2016-01-05,-0.01273649594521542,-0.017496940317090575,-0.012438908752524602,-0.0010674917089892322,-0.008784266732323754,-0.013179609609447678
2016-01-06,-0.016038918345525132,0.001092320478434417,0.008684892274045609,0.004692538576730843,-0.0009779980451391614,-0.003978660024062625
2016-01-07,0.010049525533681039,0.008991113819390528,0.002111309825438213,-0.004091768034270093,0.016138194138723506,0.001935245827737982
2016-01-08,0.01726791037277178,0.013678519479833893,0.007147020737674946,0.016008605002176535,0.01265829583865954,0.022498000583174582
2016-01-13,-0.006090437723381137,-0.007180129530689194,-0.0010148436956841644,-0.005948868255085449,0.005001453866501804,-0.0213859571955269
2016-01-14,-0.001903323113708933,0.00710417278995985,0.0011570032717796094,0.014381440812246305,0.003990796432898569,0.002252265793670513
2016-01-15,0.009327332949088295,-0.00877824520718098,-0.0055678357560683825,0.014679118950504957,-0.006932989484683815,0.015512901276289365
2016-01-18,-0.0014708882602985538,-0.006976190928721772,0.010661575050988126,0.0026302992020267547,-0.0016504754885428676,0.0011758046130485589
2016-01-19,-0.0008268283098715524,0.0025527262553869394,-0.001238090224401734,0.00849845827386766,-0.00295906108538706,0.005567941120202941
2016-01-20,0.004784443491997983,0.012758788730437875,0.003685605325722128,0.015824877629204148,-0.007506776194141041,0.013462196076797595
2016-01-21,0.0013987438006303654,0.003790548704060547,0.019533389566899116,0.005938571062276155,0.008964147203763486,0.015170641390751749
2016-01-22,-0.0089639138067234,-0.020683957190792024,0.00309041330818427,0.002881064575472103,0.0018807656909392567,-0.01960177719116577
2016-01-25,0.00027323753835900577,0.0030933178318522936,-0.0021281322383823464,0.012729753437582036,0.0025618750252470457,-0.009727560109060451
2016-01-26,0.007200536905388327,0.013852153408247886,0.0004594334960388857,0.018121603123617908,0.006070593402563468,0.013009046491746687
2016-01-27,-0.005251944500994865,0.001991487243911988,0.012094421070533684,0.0016778489015943643,7.653500203572139e-05,-0.002787604345420358
2016-01-28,0.0005357035532157772,0.007316018926253276,-0.007271715463516792,0.005183461455414429,0.0007716251596605328,0.012104569006123389
2016-01-29,0.01833270959924052,0.024551821476728575,-0.012994565090927224,-0.020716472279782794,-0.014189863168112077,0.015023184179540905
2016-02-01,0.003072241026260379,-0.014966927662769304,0.02002132630467377,0.006031614024992039,0.0022986158211086853,0.0014441560383280376
2016-02-02,0.008969878144594023,-0.0018061847348167948,-0.007808742779941258,0.011932927022570164,-0.014733567551116059,0.021787392149876673
2016-02-03,-0.0054248359047582625,-0.004138079113708915,0.007962443860512102,0.009094648643161563,0.004564852154600651,0.0018950332426668944
2016-02-04,-0.0013418213414860378,-0.006784186105843483,-0.0102016513456793,-0.0003168769952553545,-0.0031829388445876903,-0.015792993013789614
2016-02-05,0.00832519399761904,-0.015774830960322728,-0.0024357254102394636,0.0016684349273684103,0.008796909523325503,0.032916820771226096
2016-02-08,0.0033990595617318653,0.011252679362054568,-0.005423463358585512,0.0027816030783596457,0.029043522366075047,0.0016595039780120911
2016-02-09,0.015185138007916989,-0.01771942397291317,0.01133622901539002,0.026264360104573427,0.02764621588650787,0.016562629451351455
2016-02-10,-0.005558227454782539,0.011578947095175754,-0.006534926318195897,0.008150086646187792,-0.010170703401336035,0.0003142470226927983
2016-02-15,0.011213102921897056,-0.011096814307832893,0.0007212571511807184,-0.03470774041386653,0.027920824421299707,-0.027638467675200618
2016-02-16,0.019955390100717424,0.005712091524593593,0.0058562459431627245,-0.023964004366674063,0.024954915309390396,-0.00233127480113976
2016-02-17,-0.00022006949103117734,0.010577343884281831,-0.016373275162147788,-0.013814806001373081,0.014010077396701903,-0.012048135782862455
2016-02-18,-0.0052818876920315725,-0.0022886188004012757,0.004828243184281923,0.00868261766286722,0.008107627046102107,0.0095917745416505
2016-02-19,0.011230793043808833,0.00987637570423301,0.001528718685065856,0.0043251327727880755,0.017711697881314794,0.01107978779833434
2016-02-22,-0.005463669574943736,0.012958864999905562,0.00290008939273792,-0.01170659624856149,0.018347445546273766,-0.027244251744031778
2016-02-23,0.0015791615958042071,-0.01018323698477358,0.011271598261289567,0.0027140728651287582,0.0006694849155750027,0.016073422277606886
2016-02-24,-0.005994555764094689,-0.01426211359436394,0.007710754163710115,-0.018336053511285172,0.004005894897995327,-0.01341122617840924
2016-02-25,0.002725446959337097,0.004407512173156759,-0.005063109214893412,0.0013105419762130099,-0.019525203013273186,0.001342715567106161
2016-02-26,0.020232681595716506,-0.005426080648194803,0.004040431219506896,0.011687352523189531,0.0013725652786213127,0.016115126940633967
2016-02-29,0.01757792891944155,0.022036226239317315,0.022205902720868708,-0.00872869143753292,0.004695804804670601,0.00948270646364835
2016-03-01,0.004166493450621811,0.007477252860633166,0.004942183611132004,0.008669656630953723,0.005445561514194027,0.0
2016-03-02,-0.003539653755851659,-0.009590682412525099,-0.0032511278208425596,-0.003914422588677602,0.006577221506415487,-0.007921538527156713
2016-03-03,0.01055012124738125,-0.0017014828259986903,0.011651397801762275,-0.015493025426734197,0.013195381907824488,0.008085006188020105
2016-03-04,0.015048655136990663,0.009542638387279756,0.012518473627267546,-0.00906894882390108,0.0181891591264024,0.0
2016-03-07,-0.01049470981410014,-0.004812570462958132,0.003400473648423663,0.00819815182643846,-0.00021018603883449227,-0.0038414460827894126
2016-03-08,-0.012342296476920112,-0.0002721542853086899,-0.014906157816060596,0.01096099481229691,-0.002770294871127366,-0.002982095179844435
2016-03-09,0.000958185593112032,-0.003463340225501016,0.007060808181955119,-7.880371865615077e-05,0.007639974608390471,0.0007650949935894731
2016-03-10,-0.0014030856722849205,-0.01390418836479096,-0.01212389444822451,-0.0069682710162599915,-0.009539548552074867,0.0001510717055779765
2016-03-11,0.014932674601236817,0.005080998715310647,-0.011946423950064011,-0.021143748364779724,0.000771099018452237,-0.005345687811831867
2016-03-14,-0.0018503989923400518,0.00701054722165435,-0.0048303537989292005,0.017025564126321013,-0.017152118682392192,0.015222683853140517
2016-03-15,0.006481263228668066,-0.008070936097037597,-0.00927006593135824,0.0013813804222469138,0.010879196475790255,0.006920348871335548
2016-03-16,-0.010409827449869097,0.0028416802022201704,-0.009407825177223633,0.002358559337147653,-0.002283355405248738,-0.003644364739426864
2016-03-17,0.008263849987023609,0.008312117644439176,0.012017342509491047,0.012500016653007684,-0.0011232811474762403,0.013040334347720206
2016-03-18,-0.003420346590005208,0.005284767468431362,-0.0005299924092986076,0.0005499544292319361,-0.0037504924190286514,0.02893518518518523
2016-03-23,0.0025297115288302197,0.001362788762547501,-0.0006612121099019153,0.0019341278181047583,0.005648896156354055,0.006492002041557743
2016-03-24,0.009523230304215063,0.008327002724208249,0.0067338543472273416,0.005411721144737175,0.004220608615431554,0.008637449160955253
2016-03-25,-0.011784778179016908,-0.005954280006573202,0.0022827843329699116,0.0002615147591245408,0.0009247709718273783,-0.00461226887474191
2016-03-28,0.008649563847443753,0.011394850017634212,0.0009103778406127638,-0.0011359546444966173,-0.0016196597732787976,0.00513780180607685
2016-03-29,-0.00267123702460852,0.00013633261931929032,0.00022091065413512058,0.0030532770660570254,-0.0035976857601102146,-0.006637107450356228
2016-03-30,0.003562177988423028,-0.002805030809795735,-0.011835814005113982,0.008205426647268605,0.0017700084796274938,0.007611667006934682
2016-03-31,-0.00507988430907641,0.004869946242640144,0.0020369798268554395,-0.007347377390092669,0.006241706597172186,-0.0023845236148224147
2016-04-01,-0.0047453341080685996,0.010850208607641576,0.0009589755743003858,0.005211598202412043,0.0015982408841764828,0.009588763257438609
2016-04-04,0.01599833196448104,-0.013141772031649662,0.012028643842372233,0.012282790685389755,0.018995870606685086,0.013261758903591667
2016-04-05,0.01502403216652686,0.01360948305148808,0.015761178217534002,0.013789499096195448,0.009006315106246745,0.01177083804374307
2016-04-06,-0.004195227307826815,-0.0058147484317125075,-0.005016246918390865,0.0006350538282641205,-0.005355181129277131,-0.007972800099526944
2016-04-07,-0.006548398103496685,-0.003296192707157383,-0.003186758829562616,-0.008622333676099436,0.012057618959843289,-0.012830748841556994
2016-04-08,-0.008008208518883037,0.00519284100312295,0.006805327389517196,-0.0021509526645759336,-0.011798481494991131,0.00395480225988698
2016-04-11,-0.013300013530806981,-0.005859172798781814,-0.01089905314665332,0.003252938833288893,0.008932488616133938,-0.014629955074716983
2016-04-12,0.0190985388987652,-0.03206799029782523,0.003092983754795331,-0.015992717491157382,0.0016816599727285664,-0.006893621864417998
2016-04-13,0.007117832818246184,0.009606924122535443,0.0008528741650509208,-0.004795520017508603,0.0023520308837278736,0.013080220930036246
2016-04-14,0.004550601978384218,0.0032312319446349495,0.00890218630450721,-0.01867063649408414,-0.006971524783716742,0.0005999697045652539
2016-04-15,-0.007563970178635193,0.0013433018722389944,-0.003724093462925987,-0.004278947976100594,-0.0022658361974678964,-0.009766239560271292
2016-04-18,0.009046377592989208,-0.0024479129732143112,0.009431880689072275,-0.0031964241076349598,-0.005368993517536225,0.008783931682912619
2016-04-19,0.001815893335946539,0.006058337168114792,0.008915066593715593,-0.006562131328498788,0.0027619241280022466,0.002777799254442881
2016-04-20,0.017082163017141515,0.003222515766400824,0.019735188956084126,-0.004567914753189272,0.006165390426326422,0.02722898424946052
2016-04-21,-0.0028123947428631,-0.0026578914276318873,0.0024238908187244933,0.007264553725075795,-0.006533318496794661,0.005847929925143713
2016-04-22,0.02262966659983423,0.016314928858500416,0.020656681254276804,-0.02446996385449457,-0.011394735669006256,-0.005390082554261655
2016-04-25,0.0023779786202875247,-0.003736893977867073,-0.006592784401496776,-0.004500398186613009,-0.0030209715948710247,0.007979298685714563
2016-04-26,0.006071804844860751,0.016633756880822664,0.008229206553592938,0.005721385861823941,-0.009489917759815308,0.0025121238410707788
2016-04-27,-0.01294912520675769,-0.013898363928067498,-0.004092127713396584,-0.005642933309488729,0.001888960982115329,-0.018929137345569558
2016-04-28,0.015344687856419986,0.0044032896651860776,0.008855017967015877,0.013025105849070018,0.00941895181064209,-0.001613960387732677
2016-05-09,-0.005292630109996211,0.0030266525120893114,-0.005039368196047644,-0.0028632614483712123,-0.004662926958515778,-0.000821648215586663
2016-05-10,0.003259571268059508,0.004294658471952539,-0.0007587244097401191,0.00886691671396575,0.004849842116976144,0.010887990550553006
2016-05-11,-0.013545977868128029,-0.00371346792717131,-0.01620772815388541,0.006775592669956754,-0.009556207425161889,-0.010663072554615904
2016-05-12,-0.0008204095904491004,-0.009102309215068105,0.008232091149070087,-0.006768056499467212,0.00022756391635581075,-0.0054936521935582735
2016-05-13,0.0010662249450924164,0.0004040946919601218,-0.0031360423246903353,0.002557248761917653,-0.002593912173896336,-5.17678733054968e-05
2016-05-16,0.0015023004347036184,-0.006076116553345445,0.002781899832457163,0.007160340992176578,-0.0005850928275724088,0.002471600415215658
2016-05-17,0.0,0.0,0.0,0.0,0.0,-0.020507933222363106
2016-05-18,0.02022354748956981,-0.02337209480209715,-0.011112891600661756,-0.018186266390896738,0.010283501761278069,-0.014044827411631119
2016-05-19,5.218252600083795e-05,0.008403348963213736,0.006704835671149101,0.006926764965713095,-0.00440599031734476,0.005596495051163127
2016-05-20,0.0009376232677081875,-1.7736536315982043e-05,0.0004107528778241054,-0.001100747893299947,0.0005472937536004641,0.0010334416002570346
2016-05-23,-0.005034721331884789,-0.008420521245269735,-0.0009188851187633129,0.006476811296838109,0.003463602037446112,0.010078996580656585
2016-05-24,0.0008389508551386311,0.011335715243209052,-0.0038406747748109447,0.004437839913399411,-0.0016597060710619915,0.0034266228635588813
2016-05-25,-0.0012181762387718786,0.007399094991048322,-0.005287966789073367,-0.007367532539496846,-0.00044860423730061494,8.25409152951003e-05
2016-05-26,-0.0041923878542431126,-0.006866369825971164,-0.0007581107979461321,0.0002756424722591133,-0.003534146674674915,0.0005533043653513188
2016-05-27,0.014155319690293228,-0.008470807231254263,0.01278845235779739,-0.006741042259555741,0.006727491114172257,0.011553552972862036
2016-05-30,0.009224848357809746,-0.0031973438309652823,0.007217450400966352,-0.012789516556705639,0.002193696799886214,-0.030631072001452597
2016-05-31,0.0025033456629913187,0.0036150143962722925,-0.0008440035630401799,-0.0070619523569835085,0.008568238796103744,-0.01993749999999994
2016-06-01,-0.010538473597341752,-0.0005026200805936798,-0.011082543238255776,-0.0007250014918437353,-0.0012858790067680759,-0.0068778331961094254
2016-06-02,0.007466976629108558,0.008139445318037853,0.005306854162110364,0.00013852562350520235,-0.0035250900716527144,-0.0016235587444619623
2016-06-03,-0.007330638643904652,0.005874197630031108,-0.0070090785485057705,0.008837444345640627,0.0020216825270349403,0.0015050003206542595
2016-06-06,0.01373157852607984,0.008747270004486968,0.014299649018918392,-0.008299706887565983,0.015387886252985539,0.00936748309242454
2016-06-07,-0.003902040240875815,-0.00028755903469742305,-0.008617991689228943,-0.000994965816525473,-0.0022779826618485326,-0.004856885867299303
2016-06-08,0.002733877941412599,-3.057077486285937e-05,-0.002085641063329158,-0.0010904428697467332,0.005526392045812579,-0.007962925993774201
2016-06-09,-0.0022111847132889606,-0.0001963238554593405,7.487119222951422e-05,0.0044438145675642915,0.00016141654189782972,0.0031621061496082794
2016-06-10,0.0025090485395853714,-0.0039626748718103455,0.0032416010221829974,-0.0014865313655238648,0.005707083818584202,-0.00025174652357012883
2016-06-13,0.018878212371389314,0.020398495561215153,0.007894308727837208,0.012976135938479995,0.0033855561391081587,0.014016876299363419
2016-06-14,-9.832682840260707e-05,0.00495587107974993,0.0023914207177724084,0.009625227304906338,0.004408580336698953,0.014475804845987622
2016-06-15,0.008521040827225101,0.0037838595730843583,0.005830822967376109,0.0065139820148904515,-0.0008090401023101157,0.010839639415197944
2016-06-16,-0.009429851719562968,0.010540619271231379,-0.009195894497296676,0.0016341061812309883,-0.0004894322937475147,-0.01834283847848965
2016-06-17,-0.0012950125321689598,-0.0038955110616731847,0.0017673482696127785,0.017971258865342954,0.01430527642422913,0.004893899460547646
2016-06-20,-0.004969227033321366,0.0013887183268401215,-0.005712901551680971,-0.008493048666439323,-0.003972703514279641,-0.010100015752255442
2016-06-21,-0.009460816939799804,-0.007424547894529371,-0.013023971013976787,0.0156885210051034,-0.007439903482380078,0.017062807773021993
2016-06-22,-0.008631801133782757,0.011510525871578109,-0.003347708707191116,0.0020243901875262593,-0.011941193481774137,0.0033275952796736896
2016-06-23,-0.018119349769068177,-0.0029390450106306087,0.005461973042973217,0.0004593152435385106,-0.002650984349822222,-0.00614262848419822
2016-06-24,-0.025689346629409207,-0.023618879648168698,-0.053011850104825765,0.03171830730779013,-0.0169319575084675,0.02061690137161835
2016-06-27,0.037866304166141694,0.013888039506957073,0.037353146416736815,0.017333772700965634,0.037169619044726175,0.026171570488235242
2016-06-28,0.017307671693089645,-0.0021315802809467772,0.0184513002590367,0.013677606566345183,0.012463331285145207,0.021727338209584515
2016-06-29,-0.018118162629823326,-0.008058732451873857,-0.027339497185972506,0.00535076405465873,-0.024673902936920122,-0.0015625000000000222
2016-06-30,-0.006912131301099689,0.0011022806156460452,-0.0056361601893271385,0.0039803960315763776,-0.003272701788597676,-0.0017286236855054704
2016-07-01,-0.0028925191508887005,-0.00666121493175878,0.0022747394929818754,0.0020186043580801283,-0.00499753963291541,-0.004215677217028257
2016-07-04,-0.003115188981924822,0.0006226936653195072,0.0035976048300392144,-0.0015572469613067252,-0.003456754615763224,0.0008968750476254445
2016-07-05,-0.004536244128766122,0.002195435317894656,0.0022735441132309526,0.013467266447054472,0.00360727253425992,0.009355610058664388
2016-07-06,0.016052461217761185,0.023691134088543956,0.015796557481453078,0.013107834838166155,0.014483326145933728,0.021021776799414017
2016-07-07,-0.010270259901729861,-0.002776894528226964,0.0044494771151021295,0.00025529987354672157,-0.0047038961828543,-0.005931129398856693
2016-07-08,0.019956973627893528,0.005947167463509807,0.019404791935140952,0.019561905804659753,0.005080985199163358,0.043872065621850975
2016-07-11,0.020577188109162807,0.006252616618926775,0.026222951562216212,0.0062866598224993655,-0.009088316719174892,0.01565152407326923
2016-07-12,0.017300205139727166,0.00930712598216066,0.008452586781012395,-0.0012227597182048475,-0.0027839062389175993,0.003157923289791845
2016-07-13,0.012963039023808937,0.018239906767646946,0.018841602091095838,-0.006823355921610791,0.017917404613795124,0.005600985958980509
2016-07-14,0.005598919839541583,0.00048219375281849386,0.006698552222727611,0.000826522968575355,-0.005044388219950291,-0.0023174775551395945
2016-07-15,0.0010330561097072477,0.01766261291858401,0.003009852250516115,-0.011195454171106761,0.020971729032625896,-0.0028913897226063856
2016-07-20,-0.004511549111116814,0.00902137113786916,0.0003386506242180898,-0.0011209352278628848,0.008352268961932335,-0.003015189230158921
2016-07-21,-0.007396050118154141,0.002861276576849936,0.0028494222358170563,0.004325124380366118,-0.004791258790420728,0.00011730050691956999
2016-07-22,0.0,0.0,0.0,0.0,0.0,0.013080987652844267
2016-07-25,-0.0005103549854745073,-0.002306238607636309,0.0004376531359269187,-0.01327508807750255,0.002376561375689867,-0.0027564302257345736
2016-07-26,0.014816180407272284,0.0047205695897196975,0.009923804982264917,0.008858862364936548,0.007457241653759689,0.014028863261147053
2016-07-27,-0.004724657387528752,-0.003344413809457575,-0.006281357994567027,0.009703449379858814,0.00042466143639610654,-0.0006172249187363921
2016-07-28,0.0063563424745218255,-0.003503340110995512,0.0054334095908480096,0.008460405215015593,-0.0008831083260351924,0.0
2016-07-29,-0.017031208478878568,-0.00979351088483671,-0.0012176691915840032,-0.010095685799830056,0.018451943669676396,-0.018931953038869256
2016-08-01,-0.010048097346643544,0.00024653938074174243,0.01149167689006103,-0.004485220687555266,0.009245330846955445,0.00493880318469922
2016-08-02,0.010632325126393984,-0.0014254776146560566,0.0035386489180955225,0.010599691257413025,0.009055750977418155,0.008149748085478576
2016-08-03,0.008774850326153149,0.0003810302269020789,0.012757476270739643,0.003481869699530883,0.009987128372061994,0.006492007149737883
2016-08-04,0.00670523880351781,0.014039564531393878,0.010893758617037619,-0.004377975989391686,0.0030668572139419537,0.002173582995951384
2016-08-05,-0.0049490023168905495,0.01624200636269916,0.01624200636269916,0.0010752165909172495,0.0008076688828757925,-0.008742077044759858
2016-08-08,0.021079608587951965,0.020945382139729823,0.017600019091102287,0.0024104616777088084,0.011343366052853437,0.014220223376437358
2016-08-09,0.00482944949042563,0.003345494777658553,0.0011801404469499177,-0.0017954216205837148,0.0059978486804674325,0.001132629505139593
2016-08-10,-0.0034390327839477486,-0.003449594390014613,0.006432151212398818,0.005005866071623121,-0.00346806216533646,0.0011334638391796714
2016-08-15,-0.0023240190665194116,-0.004321593238962584,-0.004009983552352908,0.006522862410853786,0.0033771538603092344,-0.006638707037643243
2016-08-16,-0.009954158753217673,-0.012154810220514622,-0.004406418942890317,-0.005210197074623418,-0.0024251773809520483,-0.007482260045664031
2016-08-17,0.015081640212260827,0.012173858367770463,0.007164226275906738,0.01540397739485344,0.022425247271936788,0.014189987400028525
2016-08-18,-0.00803215165128432,-0.01124677322558515,-0.001366172638468749,0.016068090022742537,-0.009648993652087268,0.012064611607781717
2016-08-19,-0.02083348072492113,-0.0028439790084110466,-0.01804925798710211,0.00250846240755116,-0.0011717897489897486,-0.015033798555729191
2016-08-22,-0.007369205746586527,-0.0005924602364834052,-0.004934572968475171,-0.0017614883940297195,0.00044385116074618957,-0.005556350064727277
2016-08-23,0.011468153864259784,0.008569383950970788,0.01003137225506437,-0.017109741519978933,0.015672959910783518,-0.006363608620383765
2016-08-24,-0.0011482643559380667,0.004093994576774895,-0.0013632803886968192,0.008109141190743852,0.006832046635304567,0.0066393183912641755
2016-08-25,0.0012214964996100082,0.0014774465375851178,0.0018072617324958649,0.001664206978502817,0.0011825731285553713,0.001292416366490301
2016-08-26,0.006541081481219015,0.010197419264709053,0.0068006753962040825,0.008193031830562037,0.0005037591331046973,0.006075078033101347
2016-08-29,0.017119506117332844,0.007203677462921554,0.013296147488239762,0.013288283840570486,0.0005345652029075942,0.011898334861952187
2016-08-30,0.006192817184993121,-0.003971156939780368,-0.004419370351062435,0.002433249027326362,0.006004474786922509,0.006815347880022479
2016-08-31,0.014830063175896791,0.006835327228318011,0.0011789948163444916,0.0031298660363782375,0.005536529430875592,0.004738006120042739
2016-09-01,0.0017415886171356088,-0.0003386161901793583,0.0038667438619548744,0.0032264853762394297,0.0059998011780314775,0.0
2016-09-02,-0.0070528740108038125,-0.0035314762038945566,-0.00968600622083511,-0.011311998513762257,-0.012703225749918024,-0.004910805512776997
2016-09-05,0.0007321478170396309,0.001831602386254439,-0.0015786483126974725,0.005667138573660769,0.0007261297877983353,0.0
2016-09-06,0.0007568432422782878,-0.00310931215958532,-0.002655646501233816,0.004393948167593031,-0.001961921778833947,0.0
2016-09-07,0.0004590084847116982,0.0043355322769450255,0.0043386931499057035,-0.0026370670712180244,-0.0016654131947271,0.0
2016-09-08,-0.0047465214018188595,-0.0032313698866673346,-0.0015032781585756216,-0.004768187336169405,0.0022229137092998064,-0.002892642547654284
2016-09-09,0.005112068403424208,-0.004651876507990843,0.000603214535208535,-0.007405942193962151,-0.0028419514386845424,0.0008953574047566395
2016-09-12,-0.005374868868554011,-0.011010193712449656,0.00014562988726873893,-0.0038832133682197567,-0.0001543923013218318,-0.0062978266632136735
2016-09-13,-0.0011865175136585764,0.004377020397270651,-0.005757537579998787,-0.004377020397270651,-0.00456116190855323,-0.008149010477299212
2016-09-14,0.004568721218799504,0.005060901764070369,0.002037663861552269,-0.0033710231889621523,0.0022887332745782085,0.005858097119560479
2016-09-15,0.0014240064960999719,0.007536058454595335,0.0016291553972080928,-0.005695404937735756,-0.002947404397676193,0.0
2016-09-16,-0.004576295104327295,-0.0031010795877067787,0.0003311224732780076,0.0006008378875597504,-0.0029552233363311364,-0.005938242280284944
2016-09-21,-0.007959238884928645,0.00920891841046485,0.0057461149534355545,0.001658706113270147,0.002940031701612256,-0.009906332210660507
2016-09-26,-0.011244288405427239,0.006507082655136359,0.004479070518473821,-0.007404755161525278,0.0004942712987627829,-0.009785260117622119
2016-09-27,-0.001605161788964194,0.002763388384554144,0.005634216973911422,-0.006818828055844994,0.007696866778482381,-0.004442806934225493
2016-09-28,0.0038512976260441645,-0.003418797880854779,0.0018301736804271496,-0.004581901103150321,-0.004312193793695074,-0.00347222222222221
2016-09-29,0.004188583852934136,-0.0007640712034577002,-0.0011298662989852881,-0.001617790786419604,0.0035720285394907902,0.004546247763290578
2016-09-30,0.013674166104021529,0.004609963757767843,0.007481567560503888,0.008051187901694873,0.009539038023222451,0.006039550901547313
2016-10-03,-0.0028200378210685717,-0.005795076887246647,-0.004446564937148151,-0.003928304949237099,-0.009826146342222813,-0.005176256609138434
2016-10-04,0.00476856962447425,0.002036906115671844,0.006895811362085613,0.010794126438190887,0.0004065989916465446,0.008343663086224643
2016-10-05,0.004447173384382652,0.008645966887305345,0.009344425752248475,0.008962889360256156,0.003748958242274392,0.008941709979384743
2016-10-06,0.010253110517733532,0.006701279485311296,-0.0012352864317551893,0.00931176603807532,0.01175065312568424,0.0034857760200950254
2016-10-07,0.0033095693066106657,-0.0010805957921684317,0.004606273508360154,0.00032085648288684987,-0.002896448592666939,0.0006537408734194246
2016-10-12,0.001136222385886121,0.0010174411837893804,-0.0013063316682822013,-0.000697684935095394,-0.0065788128818533576,-0.0023734934447277424
2016-10-13,0.0039946772573300204,-0.00046440125586716396,-0.004607321234374351,0.0047876750442636395,-0.003252478554479632,0.0
2016-10-14,-0.0015194668843880321,-0.0020211998520117125,0.002633529092238074,-0.0007408749599770448,-0.0038237356945680645,0.0
2016-10-17,0.005196765639871398,0.006186492530548121,0.004343523319052273,0.001794811800446966,-0.0011878594936175213,0.0042891991080511085
2016-10-18,-0.0019663570326878543,-0.0017679725585247885,0.0014084295983196882,-0.0020678829990798675,-0.00012749103066869716,-0.003154402207260154
2016-10-19,0.005261664510578967,0.002387062760725006,0.0026362786175697372,-0.00530012549529657,0.0019459599405203531,0.0
2016-10-20,-0.0011827050392260847,0.011181115885639636,-0.0026945643264443043,-0.01039054402882673,-0.0027671839390269073,-0.003340640615605604
2016-10-21,0.0005789142150046112,0.0027273500332262723,0.0027209414846061375,-0.00048144595174162697,-0.00743338516424269,0.0
2016-10-24,0.004573117811487032,-0.0019617516431233994,-0.0005927267185607543,-0.0027489132607833866,0.0005013994566202273,0.0
2016-10-25,0.006742156755695228,0.005782765793899969,0.0026108750592668817,-0.011107693137525104,0.011352783409266487,0.0
2016-10-26,0.010180362621526641,-0.00010289322032057749,0.010399901589693507,-0.01209519906830192,0.008488307274169495,0.0
2016-10-27,0.003829031569927939,-0.003536517954106403,-0.003536517954106403,-0.0024400267260361965,0.004902621831044729,-0.0011652809289217692
2016-10-28,-0.0009121381994856574,0.0030926635417899643,-0.0039105595880964735,-0.0002137573992861074,0.007835652725653498,0.0
2016-10-31,0.0036412536155022712,-0.008919429131507367,-0.0010335642786316601,0.006292936734129728,-0.007129962641635679,0.0032505536785517996
2016-11-01,0.00672617553798352,0.0012844031468085826,0.002870026825455535,-0.002686034135595511,0.0070552483818188405,0.0
2016-11-02,-0.008996867018273203,-0.0068091099039579986,-0.01487042977272939,-0.0010338596374917406,0.0035327128461631442,-0.010182242668359718
2016-11-07,0.009680575327488922,-0.0029819114217529974,0.002267852833472861,-0.007310011458059429,0.011799038908649057,0.0005142729146786007
2016-11-08,-0.005699932305333721,0.0087101024506262,-0.008418261593010918,0.001502425187985416,-0.004264565123787663,0.0
2016-11-09,0.034142086772703695,0.019808104407886405,0.037715464133205014,-0.0010941530316423967,0.0033692212061146917,0.0641283599030078
2016-11-10,0.0068543690533817425,0.002492686517494652,-0.00029011979727139314,0.00880922201547707,0.016535753605791376,0.010016086392665834
2016-11-11,0.011830193903447195,0.015364088281841326,0.005781356513978154,-0.0028173839772119174,0.02182844173689833,0.001886885193295163
2016-11-14,-0.015148818322560455,-0.0024305109250758673,-0.017386739223729998,0.013362238622994661,0.0013410421608603942,-0.0012360695082698214
2016-11-15,-0.00019157248849759252,0.010977619186485434,0.006708014091328085,0.0018995600656230634,0.0041518460442348205,-0.001962518134419774
2016-11-16,-0.013910938627010538,-0.0021651095258868325,-0.0111918252994343,0.007521534621921927,0.0002109771891311285,0.0
2016-11-17,0.0034615002019487973,0.006644979759759556,-0.004170456689816193,-0.0031244428191366247,-0.0017979629619280513,0.0
2016-11-18,-0.00860560435073465,-0.0029295409222470205,0.010872577034950193,0.005140301867265617,0.0031342296333617854,-0.004059322033898249
2016-11-21,1.5299637397814302e-05,0.00209636177040411,0.00039888455225891564,-0.003860789460113412,0.0027857685739983034,0.000312493515264443
2016-11-22,-0.002512731265686652,-0.002836709733643872,-0.0005267276558047931,0.0013299384282861042,-0.001043228246141359,0.0
2016-11-28,0.003176547894785431,0.0064516717833998476,0.006569573342476299,-0.0006335257354266545,0.004601140216507326,0.0
2016-11-29,-0.0013254042337530099,0.00263004671417133,0.00028098700466635174,-0.0004166774441716944,-0.0005689813299398031,0.0
2016-11-30,-0.0005421406006923088,0.0001356954535202793,-0.002083521605732286,0.0031985452341847685,-0.0013160561460527909,-0.007826834590566989
2016-12-01,0.015255804570130076,0.006172394607157573,0.019117204555593584,0.01704726946184163,0.01713456702592615,0.012152064167133214
2016-12-02,0.012879624065568085,0.002759081342893398,0.004625934377772433,0.014386437891662251,0.015011233949633463,0.009423207489606069
2016-12-05,-0.003239891536521822,0.0015686261231042894,-0.007814546288801072,-0.00015590694508083036,0.004346627736030985,-0.013823077330789246
2016-12-06,0.003554314535931996,-0.0016160982389795686,0.0052139755120868825,-0.0025080561556090897,0.00685051728087005,0.0003890525832369663
2016-12-07,-0.010365615912393423,-0.0023348959727025336,0.0031679541846876503,0.0004424087940216423,-0.00441311043307413,-0.006107776130109932
2016-12-08,-0.0041137170431696235,0.003102223530115078,0.004440051779222659,0.002981584003722476,-0.005585924709270079,0.0001647185323366959
2016-12-09,0.006152347075936993,-0.0008776427558634383,0.0029026993724744704,0.001243783441538371,0.012505037528466989,0.002205863782331072
2016-12-12,0.022056341001211302,0.00998321413381631,0.015636075036227017,-0.017102906159714572,0.016954694214572325,0.0
2016-12-13,0.00951747791178914,0.001862529292441217,0.014058107788517725,-0.004941560287709357,0.003010262343876468,0.0
2016-12-14,0.002651939594207331,0.004239084542435535,-0.0013567199095005482,0.002107102500203406,-0.0026195478849004644,0.0
2016-12-15,0.003517434649420604,-0.005541719771348764,-0.007109043239196701,-0.008161153957332724,0.00505038634053643,0.00036377507349927285
2016-12-16,-0.006829702691542972,-0.002547839777842809,0.0003955410884113774,0.003628587081082291,0.004523040220804541,-0.00041934085303885205
2016-12-19,0.013694364884839993,0.0088996282052221,0.014742254925858013,-0.012905184040355545,0.011012706119629057,0.015257317201174625
2016-12-20,0.008286281421652863,0.006788009401056882,0.009446795290441214,-0.011079059684770652,0.006792352820112369,-0.015613926178836612
2016-12-21,0.0017747248838533957,0.00254289150879119,0.0007898179708429654,-0.0010819752676740845,-0.0017864141641768195,0.0004109324012480281
2016-12-22,-0.0012626727469833288,0.0008607040639734054,0.0005845861482782102,-0.0011574453381506533,0.0008288135360632556,0.0
2016-12-28,-0.00794889975782136,-0.002682924104748907,0.0038683712713041495,0.003538845930728485,0.004527215574133115,-0.004192852379271139
2016-12-29,0.004737014425201069,-0.00040751469797035695,-0.005881029835890938,-0.002173503384604558,0.00226939343312147,0.01229865780571332
2016-12-30,-0.003591597028497074,-0.005639839348616738,-0.0031721684739906223,-0.0005280151741035465,0.004347198079458758,0.0
2017-01-05,-0.0026150303804443947,-0.003144154949339795,-0.004106185246408445,-0.0038152321397422204,-0.0007648773599780111,-0.00040290775983929466
2017-01-06,0.007830170619301713,0.011695980522351969,0.00836104006326659,-0.010664240630170064,0.008397540218540667,-0.001476992849585912
2017-01-11,-0.008541411568891676,0.0046907193805539645,0.006638172342521065,0.0031288158207434477,0.0025847708670625916,-0.004784110430195332
2017-01-12,0.010912834293269192,-0.014144130485104567,0.01039959323641797,0.006821159756071383,0.006389582838288587,0.008657300344348551
2017-01-13,-0.005541211872374607,-0.0010175513727156416,-0.005869837806454781,0.01162409350912591,-0.008444015683217898,0.0
2017-01-16,0.0003349561173052074,-0.007489974853906234,0.0013619163191203932,-0.006111751206243677,0.002488903461085168,-0.006109234015007903
2017-01-17,0.0020477028430220534,0.00022041140669962211,-0.0005178312833740706,-0.0012958105487478333,0.0016230305055924543,-0.005976652516931025
2017-01-18,-0.010226033673971145,-0.009784192117001565,-0.01137683457820997,0.01358680807538344,0.0016265764819293651,0.008523936701113621
2017-01-19,0.0048938516099231505,-0.004678238946329528,0.005898904504551928,0.0006903381660055886,0.007312544151885048,0.00025218632969180766
2017-01-20,-0.007747302749723184,-0.0018377159934699905,0.0017368881561052596,0.011474946897956279,-0.00527551863616002,0.0008830959817651141
2017-01-23,0.001012031085138393,-0.000445233776936671,-0.003585579902600916,0.0003915943416542833,0.005563598271552922,-0.0014111338856699575
2017-01-24,-0.0036255883314587345,-0.0019249498679938526,-0.002042966169385041,-0.009382853557703241,-0.000363427877848016,-0.024432097724441215
2017-01-25,0.0007815153969256586,-5.5145359526576846e-05,0.008511032138703724,0.00413204804828402,0.0058961654193052,0.0023686673024170823
2017-01-26,-0.00042441638457251223,-0.003865041639819889,0.0009212755513790629,0.0013588542867655428,0.010035594436608107,0.0012855763041672388
2017-01-27,0.007350386689137901,0.002428308450913997,0.0070354260592166325,0.007621453710082938,0.00022392833644084846,0.006487318199987981
2017-01-30,0.000726210098680069,0.0020216384728093117,-0.001371980211035101,0.003162748524144887,-0.0019555147692584263,-0.00084540775997477
2017-01-31,-0.005376634606096081,0.014779364447229049,-0.0005964912806142864,0.0143832808878257,-0.002234525950944949,0.0
2017-02-01,0.00033369042182002095,0.003451485363115153,0.0028413548052897974,0.0049248914724841775,-0.0012452098488431596,0.0016660495468950876
2017-02-02,0.002956917434675771,0.004688438889412255,-7.39912838338963e-05,-0.0050435366307807206,0.004761517321302311,0.0031573135931379954
2017-02-03,0.002265432838821568,0.00872891519489436,0.0033907000282815676,-0.0003298013822730756,-0.001983956533104592,0.014119827960673237
2017-02-06,-0.001540750118916634,0.002708868808024345,0.0028695484594011833,-0.0016597928587427646,-0.004458793802511185,-0.00034899626013916614
2017-02-07,0.0010802342804455685,-0.0007911333842327931,0.0007496029579315464,-0.005071977383036811,-0.0007584863204492809,0.0
2017-02-08,0.01100538717043445,0.0035136340661000853,0.01082751913673613,-0.016474467151880834,0.009177213690575114,-0.010849909584086825
2017-02-09,0.007251476684778352,0.001703022074294791,0.0027988706683982068,-0.006298490661906686,0.006326263560011702,0.0
2017-02-10,0.0006778572699616681,0.003953394926425879,-0.004067871078012653,-0.004431627839800445,0.004801490226943761,-0.0029872387166607626
2017-02-13,0.006565285927458886,-0.001407288113698213,-0.002441183879940034,0.009866103067358535,0.0021266772669498385,0.005784018053484401
2017-02-14,0.00094527334181288,0.0022930544990371893,-0.0005230686686176489,-0.0024347126453720946,-0.0056885287535052564,0.0020276942354128967
2017-02-15,0.004545405556775628,0.004248773609784762,0.003784951717391405,0.002657645114518048,0.002657645114518048,0.004205634734136265
2017-02-16,0.005961929958621576,0.0028118659555543546,0.0008381186034414068,-0.004471616992898747,0.0060594852641772945,0.0
2017-02-17,0.0005419675138806181,0.0070006098192533965,0.0031377293741779257,0.004326437220835033,-0.00959383541095345,0.0
2017-02-20,6.504371539470732e-05,0.0031368813726327938,0.0031368813726327938,0.005473833559523623,-5.627960392562154e-06,0.004719207173194961
2017-02-21,0.002087166291844189,0.0007530856072215097,0.0016902891374347695,-0.0031715023482142,0.0003726728079258834,-0.011702070739143755
2017-02-22,-0.006629524160565586,-0.007670794908533424,-0.009026826022987072,0.0010676103651222069,-0.0041145122791325095,-0.013495297371821646
2017-02-23,0.003480601955790197,-0.00037180651188753466,0.007095148139070945,-0.004341198936624574,-0.0008101891933703087,-3.02588079070798e-06
2017-02-24,-0.002278021237902017,0.0022804589550067924,0.003133944019018187,-0.0004617339611299178,0.010198353058158305,-0.008870214752567662
2017-02-27,0.013554274408949674,0.007212304981697227,0.01029058118226316,-0.010876805229863208,0.011039398981890857,-0.0037911014404213295
2017-02-28,0.005008668519247,0.01073638249627365,0.004129876865832743,0.0016619048104605516,0.0026213412220145726,0.005681194858215011
2017-03-01,0.0034586040906157134,-0.0008340085609431225,0.0034586040906157134,-0.0070694041694202014,-0.0008283913735493975,-0.006598976644988097
2017-03-02,0.0010078212731772676,-0.002551803317777157,-0.0024340219169670884,0.0016890641109588377,0.002210129510516468,0.0016548735842237445
2017-03-03,0.005594960248417658,0.0034366845807700663,0.005318534186188884,-0.0019292173069665802,0.0017603957717634792,0.003716576401680549
2017-03-06,0.0037752086433855137,-0.00027892919094035795,0.0028327235510765825,0.00484118475200071,0.0026419540781521256,0.003892269291853397
2017-03-07,-0.00029312036249185013,-0.007289493724690898,-0.006250710769898322,-0.001949671692288472,0.0067883304434914376,-0.0032657646907000657
2017-03-08,0.001532807222767829,-0.0022635122283366504,-8.443102551394799e-05,-0.011205596516006416,0.00902286580174061,-0.0054236136534273425
2017-03-09,-0.007545245984295771,0.00791941204187015,0.006154203990512326,0.005138522056382951,0.0032277807570478454,-0.005109279969107372
2017-03-10,-0.007686346220322771,-0.0057460905508165405,0.001505630569350852,-0.000261748960496494,0.0027861532859164706,0.003147092214813463
2017-03-13,0.002545910329786627,0.0039278903346635086,0.0023900630326604277,-0.00176265817768273,-0.003437109301381802,0.0003612211343057743
2017-03-14,0.0003751415373742127,0.00027012084234396844,-0.003413116220918511,-0.004982900945167134,-0.00035943549418140415,-0.0017320386227880624
2017-03-15,0.00254839861304737,0.0008689793509050192,0.002892277567655338,-0.0033614059257009166,0.0021943504609894804,-0.00031605358828049957
2017-03-16,-0.0071057125022163286,-0.0001649637974763616,0.004064900377356888,0.003911148839841523,0.0015370033816487498,-0.0010611307707610502
2017-03-17,0.0009455082361224665,1.1164455843704069e-06,0.003777687711522759,-0.0007756867415643076,-0.001772380621503089,0.0020600939660827735
2017-03-22,0.012868695822853993,-0.0028565058376102126,0.006123280428602307,-0.0031606012651825615,0.005011633837975804,0.0097641225893636
2017-03-23,-0.0036436423997374123,0.00039345655010269986,-0.004837909915660965,0.005394107147817323,-0.004692455583432814,0.00043454331123587975
2017-03-24,0.00472871441112091,0.006772296905730307,-0.008631818675558373,-0.002129610591669634,-0.004247929657640898,0.0008275711216018857
2017-03-27,0.0050638169981083725,0.0036028387664652495,0.0006872957568986038,0.001528286437324583,0.005536268884645673,0.006198610990330108
2017-03-28,-0.0037855737624706842,0.002174249802210537,0.0011924281086924116,-0.005973001666766842,-0.0037723935906331385,-0.01111832794278082
2017-03-29,-0.011370144543639465,0.002894294731167091,-0.013099085354512513,-0.00518779507960182,-0.010754380996841423,-0.011226363780689558
2017-03-30,0.015254724268498193,-0.0014252952430113819,0.013859035481568943,0.0045504353340192205,0.0020732361604141325,0.011156808584492786
2017-03-31,-0.004884061220961411,0.007822399964440452,-0.0038147440416285983,0.009365414759068463,-0.006852394985004923,0.005332591513239698
2017-04-03,-0.008014632995386323,0.00210192493290004,0.012731368925758296,0.0006798091585878407,0.007201716372039868,-0.0015702618916131335
2017-04-04,-0.009234242072105058,0.0018794345295837013,0.008990579424121093,-0.005448631704395134,0.001751655248372841,-0.005533012342914107
2017-04-05,-0.005500094710415992,0.0050143151404780095,-0.007633087499460212,-0.0009742391222011148,0.0012330031241282184,-0.002840342211962859
2017-04-06,0.00608431314732949,0.00471154894143605,0.0023854055752603465,0.0014279606570464232,-0.0027819192262965864,0.004997270642923972
2017-04-07,0.012671221807620009,-0.0027241483985182002,0.008312336823022598,-0.0017547665102713994,0.016389503806104405,0.0034853532959105097
2017-04-10,-0.005213254581341742,-0.004027567680482158,-0.004016013038876309,-0.0013728075309387133,-0.0017846806790852376,-8.514188490815755e-05
2017-04-11,0.0,0.0,0.0,0.0,0.0,-0.01277938458209608
2017-04-12,-0.013131882561442987,0.001487342849554013,0.01082592599994403,-0.002685760126243858,-0.0043753003646251065,-0.015524226249664402
2017-04-13,0.005616228632352532,0.010200630597362953,0.013466244694360696,-0.005832374478733221,0.010462008455576571,-0.0006847408115968254
2017-04-14,-0.009354138299922099,-0.0003626094886992892,-0.004922356433922609,-0.012491664429621685,-0.008958952923634217,-0.012286923085900903
2017-04-17,0.0063211949716277804,-0.0016453726288066794,0.00821508727446868,-0.0008910580513326327,0.01093333949909181,0.00415087314180899
2017-04-18,0.003259094493049536,-0.005210505209276378,-0.00787216015250905,-0.004525718881186136,0.0025370271964161306,0.0016965324149438297
2017-04-19,0.003830429786456157,0.0030274391638322132,0.003907110769301703,0.0026249069027818317,-0.005561890191049024,0.0019954494001442505
2017-04-20,0.010722757999594351,0.0019487100356420095,0.006840247710340225,-0.004601223250331493,-0.009054023286273194,0.011055138007276644
2017-04-21,-0.0034616800806112347,-0.00010476000416334563,-0.002537465662866306,0.0006789876252090155,-0.0021691790708684155,-0.004168736866111689
2017-04-24,-0.0006666001186776127,-0.0002959612410272372,0.002252360966860961,0.005051628743277803,-0.003350301030973918,0.0002797280351392263
2017-04-25,0.0014515643793842903,-0.0036634578669220152,-0.0038633680867537767,-0.002860281451277369,0.006261625828540368,0.00016225845586340104
2017-04-26,0.005398643289374061,0.010265019105223594,0.00720261267172434,-0.0012052243518516081,0.009707507019059869,-0.0050755961925925686
2017-04-27,0.00356521329874801,-0.0019334536739058217,-0.0016581750500752335,-0.0023026809345967902,-0.005531389287406069,0.0020324178902862977
2017-04-28,0.0033607984043322048,0.011833004874764963,-0.0010483726715055375,0.01447775752531405,0.004335944193808394,0.007271401196327942
2017-05-01,-0.0044241886409282505,-0.006781478345950442,-5.522360673465565e-05,-0.005561701577747935,-0.008303418150851144,-0.004097188881177594
2017-05-02,0.0009184491443759765,0.0013107663373216785,0.0011013782632639968,-0.009307765774092536,0.004585822621657699,-0.010653993352067403
2017-05-09,-0.0037453761382878485,-0.001610341204466259,-0.0024856147274421756,0.007967688519232841,-0.004968402719419097,0.003130009500489287
2017-05-10,-8.379718617503886e-05,0.001802897318818708,0.0019708400704935066,0.002069216762344928,-0.005783762391796898,0.0009392745677180962
2017-05-11,0.003235709276869919,-0.0015717118781067019,-0.004629408713585387,0.002108282029033931,-0.0034674044965739004,0.021354740642219316
2017-05-12,-0.0003202543676535051,-0.003501249679123819,6.391329783599379e-05,0.003844994693283544,0.0028528495078248284,0.00010506742755855885
2017-05-15,0.009499228604805232,-0.0007286780765181969,0.013425833313160586,0.0034441442997202865,0.010121637821699394,0.00969152563039044
2017-05-16,-0.00375793831592236,0.006139470866259739,0.0017090743274188747,0.0007543261584621042,-0.0006223576380889884,-0.002905810678703916
2017-05-17,-0.010308458662005776,-0.007416667617229672,-0.008010135684864028,0.004603581378002708,-0.0021895136873658905,-0.0019609422279083244
2017-05-18,-0.002215715825126319,0.007573663472609305,0.003444431381165991,-0.0004448375180950092,0.003657089057916996,-0.002164806363136096
2017-05-19,-0.00550389940959879,-0.002650858840419201,-0.001949635877815958,-0.0029229887972065383,-0.003529469032264387,-0.003077854626749776
2017-05-22,0.003349356875698861,-0.003770144887112936,0.0035962803275682025,-0.0024732305913470975,0.00264714609879666,0.00022532890416882
2017-05-23,0.005556861401019464,0.0019961035260804005,0.0001799764300080553,1.8735289248755782e-05,-0.0011025721897890417,0.0034121875381763313
2017-05-24,-0.0002392197109405969,-0.0004074753630882999,0.0021319299636466393,0.0030061682350018826,-0.0032543289494508243,0.0038938053097344882
2017-05-25,0.003984992706727225,0.002542564225437638,0.0031579753830798807,0.0012256100908684675,0.004036471244623252,0.002707903445431361
2017-05-26,0.003921656985831301,0.0018468743491627526,0.003921656985831301,0.0069749827516253915,0.0040156620009537125,0.005644384836804886
2017-05-29,0.00042139079553477066,-0.0014229354914102044,0.0032728738729263795,-6.050931324724784e-05,0.0005715347839164442,-0.0013580871679185202
2017-05-30,0.0011695180083584333,-0.0026684672758441885,6.004227654859973e-05,0.0041660007501218566,-0.0003555032959560722,0.0014720263071159216
2017-05-31,-0.0029339187505088293,-0.001879239451020559,-0.005482385560878211,-0.0011497145085460347,-1.3223956469049503e-05,-0.004430660113094121
2017-06-01,0.009801175780471062,0.00929157082835801,0.007665627397969321,0.00674287710194328,0.00445626402970387,0.0034203143670200964
2017-06-02,-0.007008927450620073,-0.005319547702086068,0.006385573426376356,-0.012940066909726246,0.001245368389791967,-0.01089730424327302
2017-06-05,0.003907971788129428,0.002295960466340929,0.009644310918152476,0.005903647513200027,-0.0009590489247866202,0.007012428929966285
2017-06-06,0.0027067082259446982,0.0026571075319055115,0.00035542768154168665,0.001990096669417807,0.0010566498591372043,0.020147420147420103
2017-06-07,0.0028116772267201273,-0.003275762406640348,0.0006978747744935399,-0.005304907606483833,0.0015116163952055561,-0.0033010199168359566
2017-06-08,-0.005308081365878384,0.004559358602143146,-0.0018239196408968614,-1.4323632142783978e-05,-0.00018488888958023697,-0.0025599004285037806
2017-06-09,0.007451266215087404,0.007451266215087404,0.010619326316648572,-0.00658100132439754,0.002832950231471499,0.006578947368421018
2017-06-12,-0.007215345121822358,0.006144872329672491,-0.0022991430063277864,-0.00019283868745538718,0.004968226452142899,-0.020011435105774744
2017-06-13,-0.0007181012773232129,0.004516129904158705,-0.0015256046918286973,-0.00017197993862967404,8.518206340686315e-05,-0.0030565461029037344
2017-06-14,0.0016504634612752125,0.0004424923932532614,-0.00119106688013589,-0.0008768406728028033,0.00020842358152151075,0.0
2017-06-15,0.011075933372712815,0.011056487205449272,0.009730149575989083,0.0054792228986488,0.006542840886513551,0.006990782867172788
2017-06-16,0.001511545827325933,0.001511545827325933,0.0020635148666899306,-0.0026719359433840517,0.0011517640800001172,-0.0022315789667461767
2017-06-19,-0.007256712143035832,-0.007799023027246416,-0.0027010294264335766,0.0014329374518861349,0.004701344400185825,-0.017359829820486672
2017-06-20,-0.0071480028156797985,0.0006071151294135819,0.006412628426595689,-0.002567958799343284,0.004571186554850915,-0.004187591823414121
2017-06-21,-0.0011828441131175316,0.0020865944167798023,-9.122806785763493e-05,-0.000899782401738769,-0.005603510053568989,-0.0007821507514432489
2017-06-22,-0.0029413237423508245,-3.3130726200036875e-05,0.0001155890490752709,-0.0029413237423508245,0.0019317528083083364,-0.001938537851808164
2017-06-23,0.0010114356861350149,0.0010114356861350149,-0.00011586226738563576,-0.0009485884039591164,-0.0008305060178049606,-0.001969473165928104
2017-06-26,-0.0015464288868494713,-0.002821372339978395,-0.000867824025429953,-0.00025996881421513907,-0.0039420839856322,-0.003933136676499416
2017-06-27,0.005361857068547943,-0.0026658407580825716,-0.004526350392695805,-0.0018891020039185358,0.0009604277682556117,0.0009267146301604745
2017-06-28,0.009530780440106107,-0.002796079940500351,-0.0007020358322912257,-0.0018987013454893342,0.008772821880287163,0.0009803921568627416
2017-06-29,0.006176953899606263,0.006176953899606263,0.007067613311447174,-0.0043702946590502,0.0033706798763946666,0.0
2017-06-30,0.0015054758646478594,-0.004130086198884192,0.00033872517272559577,-0.0061628152955420235,-0.004095891464665463,6.536702310089293e-05
2017-07-03,-8.032255166987023e-05,0.0029914501151464268,0.002966395132713101,-0.00017174180674964235,0.0009714240530125096,-0.003463631865413097
2017-07-04,-0.0034405460835619447,-0.0007586811024149474,0.0036365532521331024,-0.0002947509166715042,0.001847667542031117,-0.007207223710369859
2017-07-05,0.00551674006144684,0.010223149743203902,0.011150097889704752,-0.0068238862837242675,0.0035846358454040272,0.001988071570576566
2017-07-06,0.0011690563686500843,0.002019965826408593,0.0002500543219838003,0.0006509042845649626,-0.0003578392055174906,0.0006509042845649626
2017-07-07,-0.0005995799221174916,0.008570061734420022,0.00247046572538386,-0.006156447822858475,-0.0006505702273397187,-0.004778830505998819
2017-07-10,-0.003346856073972032,-0.00039233996729068354,-0.007926614182066138,0.005183282271634754,-0.00499926195296041,0.0006411728300784181
2017-07-11,0.0009673262653979723,0.0030354320340887147,0.0009275607271430179,0.003390230177380582,0.004714784164002017,0.004486776345798674
2017-07-12,-0.0038498302032780873,-0.0036163491050657803,-0.0036197674851529693,-0.002848877654288068,0.005245287281512939,-0.005100971292155372
2017-07-13,0.005746693812873793,-0.003180605073610454,0.0007849490513156254,-0.0006182196497135917,0.006586900812143998,0.006069748182966721
2017-07-14,-0.0013306813583900123,0.0005277466719130486,-0.0004192230250566753,-0.0016504875937346786,-0.0011481105119224844,-0.000661476821319377
2017-07-19,0.002947854989379689,0.00158498671409954,0.004575631268159935,-0.004213756627176185,0.0026507034529530127,-0.0005507393062828361
2017-07-20,0.00038161109631412726,0.004593772995019618,0.003779156770912284,-0.007753162031600147,0.003194010563324967,-0.004987767822908774
2017-07-21,0.0014899953421884105,0.0014899953421884105,0.005244501976913868,0.0034703165958426263,0.0007387816213645093,0.006195718579795506
2017-07-24,0.001197494644079311,-0.00014157991795324398,-0.0012923254796420036,0.0011460064870577047,-0.002629846854919321,0.0041699010707397415
2017-07-25,-0.0012736142092420284,-0.003900200899485136,-0.006035231524073851,-0.00954982165440669,-0.005192190563567825,-0.006595455613709704
2017-07-26,0.000197718502587374,-0.00045361720954206763,0.004539189245229613,-0.00019524636467888046,5.640817573959733e-05,0.0032871024338773647
2017-07-27,0.002108339772228596,0.000993851423697678,0.0013750833942242303,0.00028323271603773997,0.0014440151493296362,0.00032389194092781915
2017-07-28,0.008243164711502363,0.004334733667392935,0.004474099506565929,-0.004474099506565929,0.0014064620738027944,0.003939393939393946
2017-07-31,-0.007492606992042322,-0.0007294374742514709,-0.0020872145849947232,0.003567663921863834,0.004405448846549032,-0.0066995726111280796
2017-08-01,-0.0021716090692201206,-0.005282453096724121,0.0005689884043100224,-0.005960441247108789,0.003352659343500486,-0.00415855856538158
2017-08-02,-0.00027519074454376846,0.000965350503861151,-0.0016693222674227515,0.006192168794941166,-0.005366199941488015,0.005390012612331592
2017-08-03,-0.0013368774254503835,-0.0029633946211669593,-0.001734485579897499,-0.00350330450701114,-0.001038221782954013,-0.0024110653608285793
2017-08-04,0.001556818377496905,0.001225850908397108,0.0006678622667987576,-0.0018261545476534248,0.0032168882890204697,-0.00015419981962144801
2017-08-07,-0.0008892992318833897,0.0005209040032887243,0.0017791840719463717,0.003243381677563906,0.0008795841583220552,0.0032848527051020275
2017-08-08,-0.001753348604159627,0.00012911158161468816,-0.0038501411673387276,3.821192922551231e-05,-0.0012953511163408815,-0.0017093967879560634
2017-08-09,-0.00154999334001521,-0.0010993414108726174,-0.004381903545221111,-0.0005097187693631766,0.00036699112575017123,-0.002337283075492117
2017-08-10,-0.002129413801577301,-0.0022346242858302945,-0.0007699815445469382,0.001223145746311105,0.004568407966513255,-0.0016055584219012067
2017-08-11,0.0,0.0,0.0,0.0,0.0,0.0
2017-08-14,-0.001575635670561848,0.002098744097611488,-0.002832869251022496,-0.002259032770699748,-0.0008138028280690601,-0.0037710645654747497
2017-08-15,0.000508914634775574,0.0014068082155298534,-0.0008950075326570328,-0.0019284566245022134,0.0018551600933352692,0.0027348163097367095
2017-08-16,0.0021753510722630027,0.003659591731972167,0.0020640634841816814,-0.0029706817978716327,0.003044017709195934,-0.00029104429091371853
2017-08-17,-0.0026909094983981474,0.004553352849886894,-0.0024214402578615346,-0.0032850057037422387,-0.0021701761207867376,-0.002361874413091436
2017-08-18,0.001372798355933891,0.0020660776605149643,7.131503515767068e-05,-0.0030897619035201275,-0.0015812486573720365,-0.0010147227238989525
2017-08-21,-0.008519825883424148,-0.006281392520528339,-0.006261456802239496,-0.003958512049792973,-0.00098122203679607,-0.006526139551126575
2017-08-22,-0.002210612568570506,-0.004670008955171297,-0.0036305728948032483,0.005141509134766778,-0.002210612568570506,0.004076389675810328
2017-08-23,-0.00966337424820865,-0.0068750968968932236,-0.005273603653945941,-0.0027193659047888286,-0.0005874152184588977,-0.006048922818432822
2017-08-24,0.0,0.0,0.0,0.0,0.0,-0.0029045231275202084
2017-08-25,-0.0055252614626286976,-0.0035723589412090715,-0.002283105022831059,-0.0009938511044530474,0.00259578262428047,-0.002283105022831059
2017-08-28,-0.000986407378192472,-0.005691533901144213,0.0020813373904278454,0.00010522037984497801,-0.0017387592219451908,-0.003766259088034407
2017-08-29,0.0007652390183525148,0.0011065150562011017,-0.0035110953196370864,-0.0019735670793224747,-0.00034979562341055925,0.000640008020988144
2017-08-30,0.004702563699233858,0.001397650303806508,-0.0038124720721614824,-0.0035025929810293954,0.002482488891946827,0.0023524528345054696
2017-08-31,-0.002642635730377818,-0.0023339493544933254,-0.0039827764061327875,-0.0017160744000028483,0.002630049662080386,0.0012305110910157736
2017-09-01,0.0,0.0,0.0,0.0,0.0,0.004313455093565122
2017-09-04,0.004407637299383693,0.005410284211493677,0.0029875838855609963,-0.001162336572950306,0.003223917554260348,0.0023112938454320276
2017-09-05,0.0006251457891384149,0.003482288646281251,0.002638836403944078,0.003584686805311682,0.005277624052118429,0.0015620613177823592
2017-09-06,0.00016343716674585562,0.0008550000989726858,-0.0014536916271211675,0.002403929821331946,-0.000853793568964839,0.008852857340802489
2017-09-07,0.0008354268507839158,0.0012960076181837143,0.0030209538056163443,0.00044317643611857527,0.0020593515003841656,0.0014575926797792032
2017-09-08,0.003551972807704436,-0.004286133863856087,0.003747232158065087,0.004797736660755114,0.003977921599387627,0.016228969358146494
2017-09-11,0.0009541880655799528,-0.006934100630039158,-5.6263311092430435e-05,0.0032992810528849337,-0.0007154558286773249,-0.0007557562523102797
2017-09-12,-0.004321964931545769,-0.004001670442003946,0.00029521369316409807,0.004253319554564372,-0.0016575072287466075,-0.0014432646054091112
2017-09-13,0.003115442178252126,-0.000344244254615145,0.0011693229416125828,-0.002008243298639956,3.3985366970457325e-05,2.9722711676449798e-05
2017-09-14,0.003076595605806698,-0.004110389086713101,0.0034712010565608464,0.001691245597121277,0.0029480342270381543,0.002773637800745377
2017-09-15,0.0015854832706021504,-0.004434199072160527,-0.0021078041342411646,0.002901668957995318,-0.0032310386603872088,0.006719121600548494
2017-09-18,0.0,0.0,0.0,0.0,0.0,0.0
2017-09-19,0.016172061404537065,-0.0035535937843457,0.009312302951213148,0.001052509503859178,0.005266499431854822,0.00978827060655422
2017-09-20,0.008064019806851591,-0.0034464411541754725,0.006748790833976059,0.005593904291383428,-0.0012643044397921133,0.005827035384486856
2017-09-21,0.0030715939300260736,0.003006911701978155,-0.0006336931496837781,-0.003388656642923116,-0.0008831926569927264,-0.0009457346017304196
2017-09-22,-0.003859192305302711,-0.0030460729221111205,-0.006869579786271007,-0.005164613322031747,0.004276457041143128,-0.004563389297389786
2017-09-25,0.002415039747644195,0.001618033512614321,-0.002114786145607006,-0.0006528656919130296,0.008775613448718503,0.0010134498881187448
2017-09-26,0.0025434777986926833,-0.003208701454509503,0.001614238678238363,0.004000927344747921,-0.0037780249825444994,0.00127058042906585
2017-09-27,-0.00014254089458443087,0.00016283992835042227,-0.0031293987201519435,0.005953416617369034,0.0006102672214152911,0.008152166039354092
2017-09-28,0.0037744996247074947,0.0006494472323175238,0.004773406513832623,0.008890896115732572,0.006864501124785649,0.008786031512349076
2017-09-29,0.0005817513503474092,-0.007694244925833232,0.008262422176634338,-0.005216093430378127,-0.004099261716079855,-0.004780824808610529
2017-10-02,0.003642431629955034,0.005196612645834908,-0.0029173190966304443,0.0010315855788192827,-0.005291800776770184,0.007690730106644783
2017-10-03,-0.00506999315432044,-0.005850746564729392,-0.005889137234328646,-0.006199933281860593,-0.002400658381650422,-0.004502047518843266
2017-10-04,-0.006954131619159542,0.0008666331404998397,-0.004882816663249167,-0.0016986483368057524,-0.003570343270676446,-0.006688614953501349
2017-10-05,-0.0016030742273812626,-0.0014377966672525777,0.0009634450065997002,-0.0007874516672659315,-0.00476046471108077,0.0
2017-10-06,0.004311826629595256,-0.0002424299837420485,0.0049098673621021105,0.002876720863365184,0.003893662215327637,0.0042430488106668905
2017-10-09,0.0,0.0,0.0,0.0,0.0,0.0
2017-10-10,-0.003856637197333923,0.004009046286524931,0.00974055004565838,-0.006564843800703907,-0.0005932672458012211,-0.006969008628276438
2017-10-11,0.002299572715143028,-9.889854363215322e-05,0.007024898350332098,-0.009005532153149004,0.0076401843740436515,-0.010079890943611058
2017-10-12,0.00576627840948032,0.0008223846896440848,0.01032730594361917,-0.009557866991091823,0.0013144594702154675,-0.0008820259551046706
2017-10-13,0.003993780458122509,0.0018885583765077007,0.009892082781243806,-0.005973038788784324,0.00010108122031851066,0.004229911700101896
2017-10-16,0.0006337140127014307,0.0018975068480980295,-0.00416861375357877,-0.008179423101450811,0.0031020526199925513,-0.004771146554150355
2017-10-17,0.0,0.0,0.0,0.0,0.0,0.0023835372938429784
2017-10-18,0.00898672321460429,0.004615277813330265,0.003343951917669785,-0.005337398435835915,0.008365214429382132,0.005473987168152561
2017-10-19,0.004635770152157548,0.0003870283055436019,0.0021656999640469934,-0.006668915839062853,-0.002674374595807032,5.233090187939382e-05
2017-10-20,0.0,0.0,0.0,0.0,0.0,0.0
2017-10-23,-0.0026593737702184095,0.004193252239008793,0.0011604072741605198,0.005627031129522784,-0.007574847138849778,-0.0022559584022947
2017-10-24,-0.0007568061578502316,-0.006550048884212456,-0.0022771027866349547,0.0021942010348018903,-0.003702119830784556,-0.0001946530027430171
2017-10-25,0.015946894597977008,0.010987419111000022,0.014070009380330687,0.0032983012676307544,0.013640862546867506,0.010548684585631981
2017-10-26,-0.0006001646638053582,-0.0025498080130182954,-0.00013017011166277515,-0.002915956397212649,-0.0006861459124595792,-0.0006473663052655176
2017-10-27,0.0011453639445546115,-0.0021816391788580525,0.0003941384952513838,0.0033521991211170055,0.0031975943533421036,-0.0003774589748320647
2017-10-30,0.0,0.0,0.0,0.0,0.0,0.0
2017-10-31,0.0,0.0,0.0,0.0,0.0,-0.005994647607581504
2017-11-01,-0.0010918925806277235,0.00013608203096757143,-0.003113908719023173,-0.0005648577227347074,0.012481425611894276,0.000539850025749411
2017-11-02,0.004425399599859362,0.003955452486701557,0.0068794328364556075,0.007252336592014518,-0.002701318383711496,0.00010656406544466224
2017-11-03,0.0,0.0,0.0,0.0,0.0,0.0
2017-11-06,0.0019296481505302054,0.006567324281993636,0.0045626530872843185,-0.0009300410653747537,-0.0011280642729045165,0.0
2017-11-07,0.017416459097071707,0.013494789543820357,0.006518864259162482,0.019035603202920054,0.018207493757472687,0.013892394111035534
2017-11-08,0.0072572425320120235,0.011306533182185217,0.0030851612835354567,-0.005150005470425101,0.013829296512837892,0.00503822144665711
2017-11-09,-0.008854988671342667,-0.005557467748295287,-0.00896396637306851,0.00477331781098198,-0.009880008766152892,-0.005167981187338244
2017-11-10,0.0,0.0,0.0,0.0,0.0,-0.019988310929281217
2017-11-13,0.0013033039239368496,-0.005770246245969157,-0.004755708805681769,-0.0019355614918725506,-0.005303364924726474,0.0
2017-11-14,0.0058932814071055994,0.001089835402530298,0.01029809251634628,-0.00440680426675874,0.009580841392696021,0.010476365234683427
2017-11-15,0.006505716013276763,-0.004187786740184302,0.009204206937953208,-0.0011959209110340707,0.00014531384746663267,0.004450686556581318
2017-11-16,0.0,0.0,0.0,0.0,0.0,0.006402574074914957
2017-11-17,-0.008804942185328273,-0.010924904563850202,0.009559005680439917,0.012339305505403854,-0.011175041192786523,0.003527336860670194
2017-11-20,0.013833304196017054,0.016222773898972392,0.009498248187962549,0.007924705848915997,0.007706616006961847,0.00872263997973513
2017-11-21,0.0006132441500544816,-0.004384878822837335,0.0007627719358308527,-0.0034021054970343467,0.003196697250782051,-0.0028569218120012936
2017-11-22,0.0,0.0,0.0,0.0,0.0,0.0
2017-11-23,0.0,0.0,0.0,0.0,0.0,0.0
2017-11-24,0.0,0.0,0.0,0.0,0.0,0.0
2017-11-27,-0.00037815690047773853,-0.006542061113869374,0.01644409537244307,-0.01653453604661928,-0.015282417779835827,-0.011832326207055962
2017-11-28,0.0005564019039371684,0.007577714602107543,0.0051948398651132655,-0.005773543568816986,0.005605226574547983,0.0
2017-11-29,0.0,0.0,0.0,0.0,0.0,-0.0055799857668332176
2017-11-30,-0.0006635768941438912,0.000555525870106233,0.0003448723781181557,0.0006454053060188199,0.006354022576301532,0.003256006567605107
2017-12-01,0.0,0.0,0.0,0.0,0.0,0.0
2017-12-04,-0.007182376167104626,-0.0026933066671210593,0.006014377162461587,-0.0077299735860549,-0.0019172572763234974,-0.014498302424553989
2017-12-05,-0.01346882158922502,-0.00696511664359789,-0.018536644150739745,-0.014351149345959897,-0.0037492180364342427,-0.01224290439029263
2017-12-06,-0.007225025601479121,0.005263048000852088,0.00861011412064742,0.0019683246593397152,-0.004383041398939746,0.0
2017-12-07,-0.0026321971777807096,-0.0001320782210461613,-0.003685775338672731,0.006668431542929676,0.0016333151615692543,0.0019596480771637186
2017-12-08,0.0,0.0,0.0,0.0,0.0,-0.004589056134984652
2017-12-11,0.0,0.0,0.0,0.0,0.0,0.0007880234005806508
2017-12-12,-0.01825551262055375,-0.01930288376489181,-0.007930053512893526,0.007930053512893526,-0.006625189340591142,-0.009598849923670938
2017-12-13,0.00075611200963277,-0.002781436800553122,-0.004609320324813954,-0.0037723381607109308,-0.002607084116213937,-0.0012472295997869864
2017-12-14,0.006569862026487461,-0.007655947326849264,0.005263657807317894,-0.004621817013395146,0.0016996228322573676,0.0
2017-12-15,0.0,0.0,0.0,0.0,0.0,0.0
2017-12-18,-0.004493469773926839,-0.002237816587036312,0.00377778971870002,0.001462545086889977,0.003385360079103311,0.001477832512315258
2017-12-19,0.00098174924518743,0.0031215875668403337,0.005369157960190218,-0.0010246568791358879,0.003792269855707575,0.0020332608213436834
2017-12-20,0.002861822922026691,0.005645347493387964,0.004862748283772367,0.009983986762485297,-0.0011271381030403815,0.007837773346286955
2017-12-21,0.0070182018785219045,-0.00017315074803884523,0.006212400105758001,0.004021483931464361,0.0051194484969479355,0.004856423391735413
2017-12-22,0.0,0.0,0.0,0.0,0.0,0.007235593333556167
2017-12-25,0.0,0.0,0.0,0.0,0.0,-0.00267756518965534
2017-12-26,-0.0010304599402830017,-0.0024782202425980837,-0.001322000972905718,-0.002729510648454475,0.002408240345981527,0.001318638643078668
2017-12-27,0.0026050118313691506,0.005173663655038832,0.009175938464788405,0.010499142468155273,0.008307431093522423,0.005405688015688748
2017-12-28,0.005620526488816391,0.0027281436075097254,0.0002604102436018496,-0.0005974927811409902,0.004302137900546815,0.007887090078870895
2017-12-29,0.0,0.0,0.0,0.0,0.0,-0.011803181172260277
2018-01-01,0.0,0.0,0.0,0.0,0.0,0.0
2018-01-02,0.0,0.0,0.0,0.0,0.0,0.0
2018-01-03,0.0,0.0,0.0,0.0,0.0,0.0
2018-01-04,-0.0006146946618095228,-0.013081604530092328,-0.004846444792712734,-0.006753931367268762,0.003939471125108063,-0.0031665908015703573
2018-01-05,0.0031774613591611547,0.0038266962097943656,0.003397041616042335,0.0029455038972997865,0.001996718816850447,0.0008062873478537811
2018-01-08,0.0,0.0,0.0,0.0,0.0,0.0
2018-01-09,0.0011919702282890965,-0.009458400110703868,-0.0014359204514586277,-0.006616226762686667,-0.010075629436839872,-0.018226557598683468
2018-01-10,-0.0053982942335940864,-0.0025002044481261254,0.010043811325316121,0.00428914146131984,-0.009741915778870874,0.004091626260294079
2018-01-11,0.0,0.0,0.0,0.0,0.0,0.006418770263580564
2018-01-12,0.0,0.0,0.0,0.0,0.0,0.00016545372612431896
2018-01-15,-0.007299519824468886,-0.0014528084885074288,-0.011073336592834021,-0.00681181539207415,-0.005840648027952838,-0.010214539172945255
2018-01-16,-0.004585653518575094,0.003159036196857237,-0.00442716561723692,-0.003890562689731868,-0.006975221569085291,-0.003307937617922918
2018-01-17,0.0,0.0,0.0,0.0,0.0,0.012371344395270767
2018-01-18,-0.007293835229867707,0.009617844883466314,-0.005316060982222842,-0.0005388122544363605,-0.006213249021575162,-0.0014330109178230521
2018-01-19,0.0,0.0,0.0,0.0,0.0,0.0
2018-01-22,0.0017534777576337368,0.0035843887060630353,-0.001737788109883398,0.0031639969644982613,0.003993003372417592,0.0018469120166790254
2018-01-23,-0.0056424580419667525,-0.0042240100150674476,0.0028244954480536044,-0.006811462717985467,0.0021741155457881134,-0.0056424580419667525
2018-01-24,0.0,0.0,0.0,0.0,0.0,-0.008673374009404955
2018-01-25,-0.007395985909981084,-0.005870984342018076,-0.011504039306798775,-0.009420448981737967,-0.0027300169885223213,-0.007768411455690205
2018-01-26,0.0,0.0,0.0,0.0,0.0,0.0
2018-01-29,0.0,0.0,0.0,0.0,0.0,-0.00714454106930984
2018-01-30,-0.0009495042637867046,0.005874673570160721,0.008199341571781232,0.007459572001589032,-0.0009939774988222683,0.008642981972198371
2018-01-31,-0.006486752050769068,-0.0036076082865957593,-0.005332415296636583,0.008274396104721304,-0.004672528538432336,-0.0059622671004895085
2018-02-01,0.0,0.0,0.0,0.0,0.0,0.0018362491603538722
2018-02-02,0.0,0.0,0.0,0.0,0.0,-0.0018950192452772407
2018-02-05,-0.01626970175326045,0.006045192344593109,-0.02386480151265924,0.00015316826564898411,-0.005771270642708826,-0.023161260097887566
2018-02-06,0.012407038858981145,-0.002098525266430201,-0.04133212585165402,-0.006542552636517651,-0.011921970832466877,0.0036528451310184028
2018-02-07,-0.0017473643732523578,-0.004163646993305381,0.0015067600850972706,0.01056137399707655,0.006954512194754337,-0.00567015660308064
2018-02-08,-0.0001015657898633393,0.008552782780736262,0.01482338842402825,0.010059047609007526,0.012186324730691367,0.021342214128627298
2018-02-09,0.00644801527342409,-0.004265631955376622,0.02732645066130675,-0.03295495472456533,-0.030748542581148418,-0.03365079221600903
2018-02-12,0.0,0.0,0.0,0.0,0.0,0.0
2018-02-13,0.0038094325511364713,-0.00017798668499757753,0.0038917925891495952,0.007346278068414813,0.00674258053887411,0.015870041099871945
2018-02-14,0.005535649715298463,0.0037331613208262393,0.0009755102326560738,-0.0035282185944407463,-0.006092502195793131,0.0037395170994930504
2018-02-15,-0.007078391614641716,0.00030105407694175357,-0.0023136825229068403,-0.0072366586437803415,-0.006544520814584398,-0.0044504346596589694
2018-02-16,0.0,0.0,0.0,0.0,0.0,0.0
2018-02-19,0.0021916641116261626,0.013457192427650866,-0.00034234418076284356,-0.00583460201105096,-0.004081639041739443,-0.011119394097778604
2018-02-20,0.005205655429975197,0.007012266177475042,0.01162237275028018,-0.0007897642976648997,-0.004709721067358416,-0.004100930082360454
2018-02-21,-0.0017182636116617467,0.00563304772686285,-0.0007638167350763891,-0.0005121811034709545,-0.0009543281704507689,0.0031205911519306324
2018-02-22,0.0,0.0,0.0,0.0,0.0,0.019448090684693255
2018-02-23,0.0,0.0,0.0,0.0,0.0,0.008299713008791176
2018-02-26,0.00013628487990683768,-0.004193236821223929,-0.00011410660539556972,0.0038854066999695434,0.008556768041314703,0.0037367187708039484
2018-02-27,0.005085109853998598,0.0033829821944241223,-0.006764785460788014,-0.0029395975281185094,-0.0034835623155516637,-0.001305884835515488
2018-02-28,0.0,0.0,0.0,0.0,0.0,-0.010737643475125251
2018-03-01,0.0010799211516575313,0.008247679199029773,0.004935426182125197,-0.0028666354799268268,0.006021785201611646,0.0013460194246842725
2018-03-02,0.0,0.0,0.0,0.0,0.0,-0.014963730231342343
2018-03-05,-0.0012921458161520294,-0.00980760469389147,-0.013817322131215198,-0.006086584267563894,0.0017353043831428994,-0.019418752822145557
2018-03-06,0.003940546680177737,0.004393903656258913,0.009031797279164625,0.0061698556955631645,-0.007872388416535,-0.0009358914365933391
2018-03-07,0.0,0.0,0.0,0.0,0.0,0.0051244509516837344
2018-03-08,0.0,0.0,0.0,0.0,0.0,0.0009861210242245733
2018-03-09,0.0,0.0,0.0,0.0,0.0,0.0
2018-03-12,0.0,0.0,0.0,0.0,0.0,0.010090737276027162
2018-03-13,0.0,0.0,0.0,0.0,0.0,0.0004658766118190716
2018-03-14,0.0,0.0,0.0,0.0,0.0,0.0
2018-03-15,0.0,0.0,0.0,0.0,0.0,-0.004109122859122867
2018-03-16,0.0,0.0,0.0,0.0,0.0,0.0
2018-03-19,0.0,0.0,0.0,0.0,0.0,-0.004451284889150216
2018-03-20,0.0,0.0,0.0,0.0,0.0,0.0
2018-03-21,0.0,0.0,0.0,0.0,0.0,0.0
2018-03-22,0.0,0.0,0.0,0.0,0.0,0.0
2018-03-23,0.018720643514486573,-0.00794787415784659,0.020555060211003895,0.015756389106796637,0.008813025387163054,0.018280244764466044
2018-03-26,0.00503190495619843,0.008785568029616126,0.004323460324998122,-0.00799997662816021,0.000987337152179801,-0.01059801992028938
2018-03-27,-0.009662436735842071,-0.003384043539504945,0.0056815566689736325,0.0035736165874431514,0.008363712504582121,-0.003615829361047096
2018-03-28,0.0,0.0,0.0,0.0,0.0,0.005408421952972753
2018-03-29,-0.004388146820880401,-0.003736221151768563,-0.005521729744417263,0.008663685486891446,0.0013886193132545501,0.008308028230337161
2018-03-30,0.0,0.0,0.0,0.0,0.0,0.0
2018-04-02,0.0,0.0,0.0,0.0,0.0,0.0
2018-04-03,0.0,0.0,0.0,0.0,0.0,0.0
2018-04-04,0.0,0.0,0.0,0.0,0.0,0.0
2018-04-05,0.01248042562273921,-0.005803120422684974,0.015563006038279979,0.017797928276553944,0.014847083484548624,0.0146706218387469
2018-04-06,0.0,0.0,0.0,0.0,0.0,0.0
2018-04-09,0.0,0.0,0.0,0.0,0.0,0.013017121658929542
2018-04-10,0.0,0.0,0.0,0.0,0.0,-0.008407188895951823
2018-04-11,0.0,0.0,0.0,0.0,0.0,0.0
2018-04-12,0.0,0.0,0.0,0.0,0.0,0.0
2018-04-13,0.0,0.0,0.0,0.0,0.0,0.004912099276111692
2018-04-16,0.0,0.0,0.0,0.0,0.0,0.005626951933086821
2018-04-17,0.0,0.0,0.0,0.0,0.0,0.0014258444139076398
2018-04-18,0.0,0.0,0.0,0.0,0.0,-0.007981633801026601
2018-04-19,0.0,0.0,0.0,0.0,0.0,0.00845236329189758
2018-04-20,0.0,0.0,0.0,0.0,0.0,0.0026070392305658774
2018-04-23,0.0,0.0,0.0,0.0,0.0,0.0027331010579602633
2018-04-24,0.0,0.0,0.0,0.0,0.0,-0.0007442653303521007
2018-04-25,0.0,0.0,0.0,0.0,0.0,-0.0016741277259916623
2018-04-26,0.0,0.0,0.0,0.0,0.0,0.0
2018-04-27,0.0009432309183746343,-0.012485098657988893,0.0009035347813445647,-0.0034480268838305013,0.005285352247755615,0.002825048211647455
2018-04-30,0.0,0.0,0.0,0.0,0.0,0.0
2018-05-01,0.0,0.0,0.0,0.0,0.0,0.04116590689321731
2018-05-02,0.0,0.0,0.0,0.0,0.0,0.0
2018-05-03,0.0,0.0,0.0,0.0,0.0,0.0
2018-05-04,0.0,0.0,0.0,0.0,0.0,0.0
2018-05-07,0.0,0.0,0.0,0.0,0.0,0.01843835177168507
2018-05-08,0.0,0.0,0.0,0.0,0.0,0.0
2018-05-09,0.0,0.0,0.0,0.0,0.0,0.0
2018-05-10,0.0,0.0,0.0,0.0,0.0,0.0
2018-05-11,0.010875312913354342,-0.007071985486649482,0.007588599265463772,-0.004533311126854695,0.003991502133327107,0.007873085882586894
2018-05-14,0.0,0.0,0.0,0.0,0.0,-0.00648143687323155
2018-05-15,0.0,0.0,0.0,0.0,0.0,-0.0037658532159460245
2018-05-16,0.0,0.0,0.0,0.0,0.0,0.0
2018-05-17,0.0,0.0,0.0,0.0,0.0,-0.00043658065795515455
2018-05-18,0.0,0.0,0.0,0.0,0.0,0.017313676291743962
2018-05-21,0.0,0.0,0.0,0.0,0.0,-0.015409349228731384
2018-05-22,0.0,0.0,0.0,0.0,0.0,0.0
2018-05-23,0.0,0.0,0.0,0.0,0.0,0.0017764466489200528
2018-05-24,0.0,0.0,0.0,0.0,0.0,0.0021012984043560223
2018-05-25,0.0,0.0,0.0,0.0,0.0,-0.00815288517684179
2018-05-28,0.0,0.0,0.0,0.0,0.0,-0.005792203414966224
2018-05-29,0.0,0.0,0.0,0.0,0.0,0.0
2018-05-30,0.006345570294593149,0.005236215905864056,0.010603883692488733,0.01151011233205912,0.009629770451717238,0.014235988794797871
2018-05-31,0.0,0.0,0.0,0.0,0.0,0.018610130179431972
2018-06-01,0.0,0.0,0.0,0.0,0.0,0.0
2018-06-04,0.0,0.0,0.0,0.0,0.0,0.0
2018-06-05,0.0,0.0,0.0,0.0,0.0,0.0
2018-06-06,0.0,0.0,0.0,0.0,0.0,-0.01041132317851201
2018-06-07,-0.00046776435368330504,-0.002517846193004954,-0.00046776435368330504,-0.003970529041273707,0.005601850411583638,-0.009104422147900415
2018-06-08,0.0,0.0,0.0,0.0,0.0,0.008168312853203519
2018-06-11,0.0,0.0,0.0,0.0,0.0,0.007625876631131012
2018-06-12,0.0,0.0,0.0,0.0,0.0,0.008320667951232985
2018-06-13,0.0,0.0,0.0,0.0,0.0,-0.0033881637761487005
2018-06-14,0.0,0.0,0.0,0.0,0.0,-0.00497512437810943
2018-06-15,0.0,0.0,0.0,0.0,0.0,0.0
2018-06-18,0.0,0.0,0.0,0.0,0.0,0.014834211072711729
2018-06-19,0.0,0.0,0.0,0.0,0.0,0.0
2018-06-20,0.0,0.0,0.0,0.0,0.0,0.016026867083629583
2018-06-21,0.0,0.0,0.0,0.0,0.0,0.0
2018-06-22,0.0,0.0,0.0,0.0,0.0,0.003243588433187838
2018-06-25,-0.001306938028859765,-0.010103398253925068,-0.005075300058125027,-0.01053604860779541,0.01825373607239193,0.0
2018-06-26,0.0,0.0,0.0,0.0,0.0,0.0028308941948226307
2018-06-27,0.0,0.0,0.0,0.0,0.0,-0.001449253248131832
2018-06-28,0.0,0.0,0.0,0.0,0.0,0.0
2018-06-29,0.0,0.0,0.0,0.0,0.0,0.0
2018-07-02,0.0018358948296527955,0.0016498575474104826,0.007584690434585262,0.004652279206723842,0.0010173243780689512,0.00676129849952023
2018-07-03,0.009793289077329978,-0.0007237560828024323,0.0053527469774119485,0.004623026320459521,0.00449864882754151,0.004641952863142007
2018-07-04,-0.004385004789524602,0.006799174353461113,0.008627952829853328,0.013914534667218629,0.009156440424712899,0.0
2018-07-05,-0.007343426007527548,-0.0016039478245329086,0.008254832907634624,-0.0010424904820554581,-0.0018977825409165483,-0.007568526867007836
2018-07-06,-0.0006762467314267067,-0.007208794956598023,-0.001042553225164963,0.005959694096963694,0.0031612592659301386,0.0006138836008484638
2018-07-09,0.0014403424276839827,0.0015800421776202,0.0001578167607342862,0.005861389721265431,0.0001849561818674239,0.006305118658242977
2018-07-10,0.01539821028577888,-0.006732733256683486,0.010921030821501114,0.001489654355510805,0.0032392100970012995,0.020697059788944927
2018-07-11,-0.002617316300497996,-0.005212238967840815,-0.0018299066648471973,0.0005601801854719091,0.0009551317047592489,-0.0013692351546601424
2018-07-12,0.0,0.0,0.0,0.0,0.0,0.013488696339759687
2018-07-13,0.0021076076961745183,-0.0006542541575741967,-0.002350655718452499,-6.241763261577438e-05,0.004096798710714555,0.0013876975127014768
2018-07-16,0.0,0.0,0.0,0.0,0.0,0.0
2018-07-17,-0.012465747634245322,-0.0012932873659984023,-0.014615333514481327,0.0005808228853821096,0.003608297182056547,-0.016464038584496243
2018-07-18,0.0,0.0,0.0,0.0,0.0,0.000675409854297741
2018-07-19,0.0,0.0,0.0,0.0,0.0,0.0
2018-07-20,0.0,0.0,0.0,0.0,0.0,0.0
2018-07-23,-0.00575799312873663,-0.00046885519212946984,-0.0013331797237301865,-0.0027468962012398377,0.003931601827313668,-0.0007822642225824958
2018-07-24,0.0,0.0,0.0,0.0,0.0,0.0
2018-07-25,0.0,0.0,0.0,0.0,0.0,0.003814360971777342
2018-07-26,0.0,0.0,0.0,0.0,0.0,0.00800487451296572
2018-07-27,0.0,0.0,0.0,0.0,0.0,0.0
2018-07-30,0.0,0.0,0.0,0.0,0.0,0.0
2018-07-31,-0.010726067812621086,-0.00048655077294808757,0.0008329260865454673,-0.00044460320153453603,-0.012266965630122934,-0.014634279461734123
2018-08-01,-0.008810478255022486,-0.006024867557060748,0.0024512105003589857,-0.0025592379902084905,-0.007728843693384058,-0.022650997621961842
2018-08-02,0.0,0.0,0.0,0.0,0.0,0.0039564737320584124
2018-08-03,0.0,0.0,0.0,0.0,0.0,0.008621139520650578
2018-08-06,0.0,0.0,0.0,0.0,0.0,-0.007333603534669719
2018-08-07,0.0,0.0,0.0,0.0,0.0,-0.001936076146738075
2018-08-08,0.00032138897748124073,0.004988568972520129,0.00445852398045384,-0.0027350164967929,-0.0001312741163972766,0.0037980549123236562
2018-08-09,0.0,0.0,0.0,0.0,0.0,-0.0013717333283864153
2018-08-10,0.0,0.0,0.0,0.0,0.0,0.0
2018-08-13,0.014067590589582568,-0.00216399865134001,0.0037948688181228263,0.00294670046911355,0.007419259638032916,0.007326890242688956
2018-08-14,-0.005358467272788797,0.00362812302204657,-0.00010245457856822293,0.0011195477367956508,0.0017072637337340046,-0.007538938616056368
2018-08-15,-0.011092195475826551,0.006206556842253427,0.0072042514963812625,0.004636571032830438,0.005896529001977716,-0.011783908211585037
2018-08-16,0.0,0.0,0.0,0.0,0.0,0.004723720204041271
2018-08-17,0.0,0.0,0.0,0.0,0.0,0.0
2018-08-20,0.0,0.0,0.0,0.0,0.0,-0.011588541666666674
2018-08-21,0.0,0.0,0.0,0.0,0.0,0.0
2018-08-22,0.0,0.0,0.0,0.0,0.0,0.0
2018-08-23,0.0,0.0,0.0,0.0,0.0,0.0
2018-08-24,0.0,0.0,0.0,0.0,0.0,0.00641522657024111
2018-08-27,0.0,0.0,0.0,0.0,0.0,0.008604838502711024
2018-08-28,-0.002170660455804866,0.002167755624416623,0.0037479186519284724,0.0014756991972798557,-0.005160657170018715,-0.0037846674858735274
2018-08-29,0.0,0.0,0.0,0.0,0.0,0.00018958699580928773
2018-08-30,0.0,0.0,0.0,0.0,0.0,0.0
2018-08-31,0.008295756028584084,-0.004266833465924417,-0.0014262789610628066,-0.0016235934007376995,-0.0030839904074982196,0.0010587509421875092
2018-09-03,0.0,0.0,0.0,0.0,0.0,-0.007344458011124599
2018-09-04,0.0,0.0,0.0,0.0,0.0,-0.0005973435401624427
2018-09-05,0.0,0.0,0.0,0.0,0.0,0.006531705852908631
2018-09-06,0.0,0.0,0.0,0.0,0.0,-0.0023806427577417466
2018-09-07,0.0,0.0,0.0,0.0,0.0,0.010317038529017386
2018-09-10,0.0,0.0,0.0,0.0,0.0,-0.0047827887538489655
2018-09-11,0.0,0.0,0.0,0.0,0.0,-0.01035607167523711
2018-09-12,0.0,0.0,0.0,0.0,0.0,-0.000774984403390873
2018-09-13,0.0058815485954025375,-0.00711739228103377,-0.008919769080456625,-0.007865056796081921,0.0068427364846412875,-0.016352267851366897
2018-09-14,-0.012740645771241307,-0.009976241459207096,-0.003257760665268728,0.0033876158824726796,0.009709290201651156,-0.003926062917509077
2018-09-17,0.0,0.0,0.0,0.0,0.0,0.0
2018-09-18,-0.0023552439521886126,-0.014432630334249574,-0.014225646223019917,0.00810673465828865,0.008633164815441408,0.006476552654327291
2018-09-19,0.010037518178710975,-0.008933571388737812,-0.016185763948455428,0.007208063253899111,-0.005328314597035236,0.012047964244605634
2018-09-20,0.0029802146854120692,0.011334111066594349,-0.00019430510106915877,0.007624204842131638,0.0033413199163903617,0.0017094592303881773
2018-09-21,-0.011285726249955857,-0.004292626573056291,0.0047565599511527334,-0.000851949343589925,-0.011401269485077775,-0.02001883642279212
2018-09-24,0.0,0.0,0.0,0.0,0.0,0.0
2018-09-25,0.012766677975431406,-0.0007107277165706583,-0.000851413343399221,-0.008048130884206472,-0.006609695297455975,0.006128461764294435
2018-09-26,0.0011273638295220178,-0.0012287885267485332,0.00013750278311108755,0.0033786289878820312,0.007847833244777336,0.0031465495954593747
2018-09-27,0.0,0.0,0.0,0.0,0.0,0.004856508426256845
2018-09-28,0.0,0.0,0.0,0.0,0.0,0.022513303315595534
2018-10-01,0.0,0.0,0.0,0.0,0.0,0.0007397157290517375
2018-10-02,0.0,0.0,0.0,0.0,0.0,0.01862281807538435
2018-10-03,0.011225743697619379,-0.002323452463119084,-0.0077007279249467295,-0.00453780842777248,0.005603403832122618,0.010031902904770351
2018-10-04,0.0,0.0,0.0,0.0,0.0,-0.000691398368776704
2018-10-05,0.0,0.0,0.0,0.0,0.0,-0.0026349441733402035
2018-10-08,0.0,0.0,0.0,0.0,0.0,0.0
2018-10-09,-0.004526564972562125,0.0013815069246582157,0.003947927972567766,-0.0044728218730305525,0.006613379401046032,-0.0036535729753269523
2018-10-10,0.0,0.0,0.0,0.0,0.0,0.0
2018-10-11,-0.004386085754468416,0.005956827969632095,0.0006824282400566262,0.003638981306537059,0.007221951969430623,0.007799798543892261
2018-10-12,0.009341549158553748,0.006904272371723788,-0.005293341863878938,0.0009174583894996369,-0.004487739206700648,0.011413233155373384
2018-10-15,0.0,0.0,0.0,0.0,0.0,0.0
2018-10-16,0.004512306664316752,0.0016242991062567955,-0.0009349841686618896,-0.0016677965969855717,-0.0014111411641004597,0.001291246644365751
2018-10-17,0.0,0.0,0.0,0.0,0.0,-0.009874852801243783
2018-10-18,0.016962545389174778,0.008279489732411029,-0.015074229928813613,-0.009734324364828536,0.0020244576341514517,0.014268509894096226
2018-10-19,0.0,0.0,0.0,0.0,0.0,0.002917266067447133
2018-10-22,0.0,0.0,0.0,0.0,0.0,-0.004708276224867322
2018-10-23,0.0020823515320224084,-0.00031029016641292984,-0.0035285003527590064,-0.003956930751610688,0.010217018801423838,0.002050194849258018
2018-10-24,0.0,0.0,0.0,0.0,0.0,0.016890010969811537
2018-10-25,0.0008065593696357787,0.005577991845196806,-0.001347139956947907,-0.0023403798016332356,0.010136722482127825,0.003725185363665385
2018-10-26,-0.0024099887867520264,-0.0182143087967999,-0.0003259264433762574,-0.007513536295045585,-0.0022804903744366705,-0.015140683779276132
2018-10-29,0.0,0.0,0.0,0.0,0.0,0.0
2018-10-30,0.0,0.0,0.0,0.0,0.0,0.0
2018-10-31,0.0032217927718181842,0.004241919899455067,0.0068568598546524155,-0.007358211637047196,0.00014832002342838723,-0.0050612160967680175
2018-11-01,0.011265501336768291,0.01961746892118336,0.01842528961741604,0.0005969862155962664,-0.007538251597183651,0.035980323190148655
2018-11-02,0.005868108746962567,0.01309957705106331,-0.003963671128470328,-0.024499896163376295,0.021804647383657876,-0.011036426520415199
2018-11-05,0.0,0.0,0.0,0.0,0.0,0.0
2018-11-06,0.0,0.0,0.0,0.0,0.0,0.0
2018-11-07,0.0,0.0,0.0,0.0,0.0,0.0
2018-11-08,0.0,0.0,0.0,0.0,0.0,0.0076180615668368645
2018-11-09,0.0,0.0,0.0,0.0,0.0,0.0
2018-11-12,0.0,0.0,0.0,0.0,0.0,0.0
2018-11-13,-0.0037346352642884384,-0.0013841583719542694,-0.00038258658927489697,-0.0002264596443262712,-0.005728508469755922,-0.0006487649961194053
2018-11-14,0.0,0.0,0.0,0.0,0.0,0.007499126873370787
2018-11-15,-0.0066027864092187034,0.0009687778989202478,0.0011830860256637117,0.002875026424789244,-0.004187077421642038,-0.0015037364529487673
2018-11-16,0.0,0.0,0.0,0.0,0.0,0.0
2018-11-19,0.0,0.0,0.0,0.0,0.0,-0.036243148698954286
2018-11-20,0.0005216136556714934,0.0010495472456174548,0.00012808038543954403,-0.0015975041627962205,-0.0009980405853723395,-0.00020589819592908842
2018-11-21,-0.001198857944010238,0.0031959360811191955,-0.00027627077937567956,0.003335173062461412,0.00047865853088306176,0.0031725012989775405
2018-11-22,0.0,0.0,0.0,0.0,0.0,0.0
2018-11-23,0.0,0.0,0.0,0.0,0.0,0.0
2018-11-26,0.0,0.0,0.0,0.0,0.0,-0.004135131216471919
2018-11-27,0.0004891744215670679,0.002412473672256804,0.0014980661696470943,-0.0031401225433401736,0.0038153593660802676,-0.012620170794315322
2018-11-28,0.0021058096501143098,-0.005141958824098181,0.00027285776426100306,0.0047359360871769285,0.003991871404440572,0.0016427192637883947
2018-11-29,0.0,0.0,0.0,0.0,0.0,0.0
2018-11-30,0.0021685133736993882,0.007581344380109009,0.009390469883472882,-0.0080929841856859,0.010413574598659362,0.0
2018-12-03,-0.012823644973602139,0.0016402738766939373,-0.01486021537659038,-0.010217613741887482,-0.012454592486890237,-0.01740734648328488
2018-12-04,-0.025491987007335272,-0.014120231549301678,-0.0036109696834630096,-0.0005077029170970099,-0.010768611902931876,-0.02478129717281996
2018-12-05,0.01242526523790835,0.02036417031267701,-0.0006745647755657669,0.014831476114716191,0.004388265559544663,0.015414652973141377
2018-12-06,0.010553556239269235,0.010810791534276887,0.004337457909513898,0.00869518360935212,0.0012523158138003643,0.013044325065215192
2018-12-07,0.0,0.0,0.0,0.0,0.0,0.0
2018-12-10,0.0,0.0,0.0,0.0,0.0,-0.0033653214194970076
2018-12-11,0.013957788195684717,0.006822302709399023,-0.006405589173028136,0.001048306715354201,0.005784029456919323,0.005499035989065111
2018-12-12,-0.007257903198223198,0.0010661952704616173,-0.01146263162457864,-0.00884453109459618,-0.006027939629632079,-0.009250749727991198
2018-12-13,0.0,0.0,0.0,0.0,0.0,0.007313499788605349
2018-12-14,0.0,0.0,0.0,0.0,0.0,0.012367252039312585
2018-12-17,0.0009669923192185959,0.007806312802280196,0.004483947152007645,0.010685127322906801,0.0109691282959824,0.016299668384558597
2018-12-18,0.00250793188057663,-0.008661530302024769,-0.00705168431291563,0.0003598742061729161,-0.00027549116666829586,0.009516131650312934
2018-12-19,0.0,0.0,0.0,0.0,0.0,0.0
2018-12-20,0.003940753469548974,0.004372501512631827,0.0028603482820989123,0.013065125704872421,0.009441860938846913,0.010719379680998122
2018-12-21,-0.004521434942772684,-0.007461874411513655,-0.006556777191498608,-0.0023513902986111637,-0.00633253775614732,-0.0017123854940418659
2018-12-24,0.0,0.0,0.0,0.0,0.0,0.0
2018-12-25,-0.001348341634491823,-0.016001144623092545,-0.017211286740306364,0.013016220182656052,0.005387447094291925,0.0005767118929534782
2018-12-26,0.00037433047684691783,-0.01905497377175227,0.010440751544539429,-0.011365724817399992,0.005519592621242998,-0.00834833439924873
2018-12-27,-0.013974030294155088,-0.006684468456920695,-0.002161927205364206,0.010387763396716432,-0.018175272292711764,-0.003823751932176711
2018-12-28,0.0,0.0,0.0,0.0,0.0,0.023631279493332102
2018-12-31,0.0,0.0,0.0,0.0,0.0,0.0
2019-01-07,0.009639059684757867,0.0032966040869608637,0.006708882828789564,-0.005507888421269924,0.0005891612833945348,-0.0010455613117923424
2019-01-08,-0.008928838290338775,-0.008482228266366743,-0.009377198896524525,2.9273029333892753e-05,0.005839882379246292,-0.0034408864686111817
2019-01-09,-0.00335325593496541,-0.0011898163266105544,0.003939042462357073,0.0029559950270118263,0.00613034614086147,0.001725100614191899
2019-01-10,0.0035572195925878494,0.0012056050292989693,-0.0023499534031927727,0.0008514519046912694,0.0036877260594421935,-0.005382530586035439
2019-01-11,0.0,0.0,0.0,0.0,0.0,0.001516127526490274
2019-01-16,0.0011047261791445884,-0.002750827956566893,0.0013092108072499937,0.0024248652271594926,0.002774812464391041,-0.000764280415560833
2019-01-17,-0.009310037736514204,0.001954434997169935,-0.006311900986530367,-0.0014527956452532187,0.0022381410724203465,-0.003717498619068338
2019-01-18,0.0,0.0,0.0,0.0,0.0,0.0
2019-01-21,0.0,0.0,0.0,0.0,0.0,0.007605517416730212
2019-01-22,0.0,0.0,0.0,0.0,0.0,-0.020649540363872343
2019-01-23,0.0,0.0,0.0,0.0,0.0,7.64203220995352e-05
2019-01-24,-0.00795157220179249,0.007595307629887693,-0.010283661754031281,-0.003700838136783513,0.0038469731682200803,-0.0065605845276692585
2019-01-25,0.0,0.0,0.0,0.0,0.0,0.0
2019-01-28,0.0,0.0,0.0,0.0,0.0,0.0
2019-01-29,0.006996035931792294,-0.004354830186591274,-0.00489802179041135,0.007830534412171686,0.007329524895013567,0.019449334739756224
2019-01-30,0.0022943134095271545,-0.0012938411603861388,-0.00035932884369818674,-0.0029593279352488067,0.0026513113999965254,0.007631878103857348
2019-01-31,0.0,0.0,0.0,0.0,0.0,-0.003246442294996302
2019-02-01,0.0,0.0,0.0,0.0,0.0,-0.00089053886326107
2019-02-04,-0.00312985100592813,0.002115513298184624,-0.0014366939236873705,-0.00020612756960798335,-0.0005918089544538095,-0.0033076123065699
2019-02-05,0.0,0.0,0.0,0.0,0.0,-0.005208469278696966
2019-02-06,0.0015592757134132622,-0.005778484159332094,0.0034118647674354534,0.0025010592136479235,0.006411261436394403,0.002275876317871517
2019-02-07,0.0,0.0,0.0,0.0,0.0,0.011340271422148496
2019-02-08,0.0,0.0,0.0,0.0,0.0,0.013194296718404552
2019-02-13,0.0002482006117051627,0.002692769167564557,0.001338326390597,0.001983315860704382,-0.0015682487307612236,0.003739224841891782
2019-02-14,-0.001295410967546891,-0.002612639303986623,-0.0004599890794934427,0.001295410967546891,-0.0035153282943340964,-0.008438818565400852
2019-02-15,0.0,0.0,0.0,0.0,0.0,0.0
2019-02-18,0.002230214285777188,-0.003934833780520591,0.0022120395135626636,-0.002715467587437237,0.0034270459865647085,-0.0005923645815508842
2019-02-19,-0.0063935169374946255,-0.0028412330435075295,-0.0063935169374946255,-0.0026298352367121747,0.002268347007453708,-0.0060155681161378665
2019-02-20,0.0,0.0,0.0,0.0,0.0,0.008229614027333132
2019-02-21,0.0028783834375295894,0.0009108070256640399,-0.0007846721401708612,0.0037331868104043173,0.0003572704537334973,0.0033057851239669533
2019-02-22,0.0,0.0,0.0,0.0,0.0,0.0
2019-02-25,0.0,0.0,0.0,0.0,0.0,0.003908833530548069
2019-02-26,0.0,0.0,0.0,0.0,0.0,0.005622852586707194
2019-02-27,0.0,0.0,0.0,0.0,0.0,0.0
2019-02-28,0.0011695937437218862,0.004850880301763449,-0.0012098153850150783,-0.005138884016186396,0.0033601480103045145,-0.003259427104010759
2019-03-01,0.0,0.0,0.0,0.0,0.0,0.0004938957571267721
2019-03-04,0.001644804870282568,-0.004049298909065413,0.001644804870282568,-0.00473303884876633,0.0007383925252399948,-0.0022072002246456834
2019-03-05,0.0,0.0,0.0,0.0,0.0,-0.0005760368663594584
2019-03-06,0.0,0.0,0.0,0.0,0.0,0.0026041666666667407
2019-03-07,0.0,0.0,0.0,0.0,0.0,0.009558602462541033
2019-03-08,0.0,0.0,0.0,0.0,0.0,0.006588913717295974
2019-03-11,0.0001692397488896047,-0.0005772751413857247,0.0007890683255601383,-0.0026188341977497753,-0.0018572698007601751,-0.0029609376585506553
2019-03-12,0.00879294371881878,0.00687618577796445,0.0030484051563412495,0.0025526889682773724,0.006641664201979425,0.007641928983392443
2019-03-13,0.003967932096336474,-0.009822394294649789,0.00967316806030935,0.006986614661256191,-0.0032186418328961353,0.006232872158288161
2019-03-14,0.0,0.0,0.0,0.0,0.0,0.0
2019-03-15,0.0,0.0,0.0,0.0,0.0,0.0
2019-03-18,-0.005673089230485401,0.0032553853613022377,0.0014843935235454575,-0.003963059679924913,0.002389089141391243,-0.007501310523826021
2019-03-19,0.004498917748217535,-0.00013872741125761645,0.002730812478973915,-0.0011524884916281342,-0.0006119279732002547,0.002628985780525228
2019-03-20,0.0,0.0,0.0,0.0,0.0,-0.007127243130834682
2019-03-25,0.00891907347976506,0.02274070641128878,0.013435254355574614,0.016868478072251593,0.019374681636465864,0.0
2019-03-26,0.0005979170537966372,0.0004938093491760887,0.0025591537866069825,-0.0014208514823337848,4.6575901300471845e-05,0.0
2019-03-27,-0.0015458335875771778,-0.003985132240076988,0.003345040940723465,-0.004699379649876795,0.0045050425425408325,-0.0021549629028193387
2019-03-28,-0.0008967456075318345,0.002250852102189264,-0.0013040823332326479,0.0056310023692665015,0.002250852102189264,0.005706740058052643
2019-03-29,0.0,0.0,0.0,0.0,0.0,0.0
2019-04-01,-0.006988828946703531,-0.005770672090957607,-0.006738769991470088,-0.002057640474218858,0.0007730142753177293,-0.00018238516367480306
2019-04-02,0.006454133515598648,0.0019881807591714262,0.007480738598764969,0.004422879371873328,0.003715459867739912,0.005791107191211335
2019-04-03,0.007256498427227892,0.003217923993544175,-0.008677408031273065,-0.002181254546218897,0.005254612444647366,0.005481375957790029
2019-04-04,0.0034871648994498072,-0.009724708922696917,0.00554236161113511,0.0007788730497251817,0.00457640575572088,0.008492791481227243
2019-04-05,0.0020681912528325297,-0.003142290154974331,0.002916406820613948,-0.002409427361378197,0.003914607389895131,-0.0025625661619537166
2019-04-08,-0.0016433321238003562,-0.0027594817293560003,0.002495988478774469,-0.001223358951862985,0.006908552766062781,-0.001586825436084423
2019-04-09,-0.006965673412399376,0.0014304604896825833,-0.007273789746415637,0.004358775304433805,-7.208962470288643e-05,-0.008639060895027343
2019-04-10,-0.0016129877314207124,0.0011783202944826152,-0.0007287433584303618,-0.002537443005758977,-0.003945125292887775,-0.007820718272441424
2019-04-11,-0.00343029308061632,-0.004195255078509569,-0.0016603634140036627,-0.0024488003745271603,-0.004185205293681021,-0.005294644479077922
2019-04-12,-0.00030441025546897526,0.0007394562024409801,0.0076013575592226434,-0.00161243713182387,0.01100572053051152,-0.0005599379984810865
2019-04-15,0.007510193195864073,-0.005857515898730542,0.0025380656518824707,-0.009626672212030174,-0.002616348273823371,-0.0034818586958091924
2019-04-16,-0.0023076831806680964,-0.005270146240336726,-0.0013238439856539386,0.0058802964644687206,0.0007182782107731656,0.001654838520085818
2019-04-17,0.008142874043456871,-0.008818554290591751,0.007665886841390412,0.003822991750279031,0.007648498727036324,0.004886073905475208
2019-04-18,0.012536819008479971,-0.0018044318014616978,0.003927441066836013,0.0014103214927125574,0.012217416529301584,0.013328135336044284
2019-04-19,-0.0038294334194338975,0.0010968012185963716,-0.0020360396193526697,0.004002144339939617,0.005205439278543722,0.0023129872879636415
2019-04-22,0.004810954417002439,0.002566975417215067,0.0023567519548804428,-0.008010405724830971,0.008450865202136476,0.008050319497712122
2019-04-23,-0.004007692132766638,-0.0017047280668814335,0.003471403251822769,-0.003063754554333664,0.006390083658096735,-0.005393743257820827
2019-04-24,0.006008555793854805,0.004957118967770105,0.011413749738537777,0.011821913003843904,0.019166637495478495,0.009373273010512181
2019-04-25,-0.004002773172689489,4.571585809126644e-05,-0.004002773172689489,0.0009408404507874613,-0.003438818625563278,-0.004323894532913486
2019-04-26,0.0027780536831815417,-0.0008475055385096242,0.003110261961745159,-0.0026639537440590055,0.0006088280187205031,0.0
2019-05-08,0.00388733124006735,0.00973647694773814,0.013930102925641386,-0.01278466054440706,0.012054496251873048,-0.010094219313103447
2019-05-09,0.008818751622942503,0.005153411972439613,0.003994188285456103,0.005761571959034795,-0.010837134096221047,0.012733539127235804
2019-05-10,-0.007293897499673102,-0.005197519855092203,0.005859268136672563,-0.002165099137746068,0.010276777537070236,-0.006565357263335661
2019-05-13,-0.00019831624810096038,0.00034379017612545804,0.0010608955569280099,0.0007662075037100646,-0.000617412286318425,-0.002088463175041115
2019-05-14,-0.02429925174503217,-0.011965357271489535,-0.01988438503354817,0.007757978865504139,0.012961671803661645,-0.015156345484487965
2019-05-15,-0.00704102372113154,-0.01045209771154043,-0.0005272438363099762,-0.003098081296886453,-0.0072058104412868,-0.012938660599352142
2019-05-16,0.007341039387236459,-0.0037722559414963552,-0.010537904188813452,-0.006622632600368494,-0.004110903793867415,0.0006942971736265957
2019-05-17,-0.008845870954743207,-0.0026834341646475024,0.0022638635097684268,0.005262112697816457,0.0015177738574386201,-0.001869239376068162
2019-05-20,0.004297304649418854,-0.0034420221662066486,0.004297304649418854,0.003342598553620707,0.008031835236348844,0.006309337761686146
2019-05-21,0.0017997457496075897,-0.000552814133994356,0.0005508183435782854,-0.0004307618927273382,-2.290006967142766e-05,-0.0016132476750076452
2019-05-22,0.004436602239573724,0.0007291241751482547,0.003620837733724014,-0.0005420282738236581,0.0024764847631167557,0.003217606044376227
2019-05-23,0.014306682467611612,-0.013820126388892184,0.014306682467611612,-0.014736267203701246,0.016444596540319933,-0.0007473867595818584
2019-05-24,0.0021035429175440268,-0.008774692886117763,0.0023761710527675783,-0.0033397483232979752,0.0026718436787663002,-0.00557344190695234
2019-05-27,0.0008685547621046787,-0.01238328131774909,-0.0006710911193425668,-0.00158415959446756,8.2842098864222e-05,0.005229602728699434
2019-05-28,-0.002021239916268902,-3.960168586372714e-05,0.00033414133516684874,-0.00020699116077960156,0.005509405599933931,0.0015991888990862049
2019-05-29,0.0018515752331326185,0.0034605721397261424,0.0004993677326418922,0.0022713868298497586,-0.001248240316700927,-0.0025638072834045234
2019-05-30,0.008129851820517547,-0.011598675330740214,0.0033001070684803846,-0.008797814874440127,0.015504253638822536,0.0
2019-05-31,0.008107560506323885,0.0024793247254448203,0.014502578860061566,0.0040573131002185625,-0.003836596797461206,0.013748679337879125
2019-06-03,-0.009924252533163778,0.0027625011136819255,0.0159105697212119,0.013108964151799695,0.009920705559171215,0.004921458700407583
2019-06-04,0.006192090364555591,-0.006545629355631678,-0.006987730003624249,-0.005219739418905522,0.0018481861895711217,0.00035998108081928626
2019-06-05,-0.004578167658591294,0.005750216401231344,0.006162229886120141,0.0031950656141553234,0.010133290419375383,0.011317938349801103
2019-06-06,0.003956280914592131,0.005776040485443418,0.005484665194068122,-0.0005128289417284104,0.0017227689162482573,0.003152076681488425
2019-06-07,-0.002048728261910715,-0.0015519422054920406,0.0013393778907487275,0.00020149407094449678,-0.0006607933565355717,-0.001140924072577191
2019-06-10,-0.0007984485661515217,0.0028230489747750886,0.003543936808346526,-0.005777301296916393,-0.0028477270056521675,-0.0022572533479387293
2019-06-11,0.001248306505383212,0.0014775315646099463,0.0016515323118348468,0.0015169162420917148,0.0068402085256539236,0.0018033334682845403
2019-06-12,-0.0005350195561088789,0.00521192470998999,0.000660296247527753,-0.0024754159770136175,0.0017931160609393204,0.0006882906312207226
2019-06-13,0.0006935983347521324,-2.9555885811438642e-05,0.0006935983347521324,0.01109955938941698,-0.0004838779996690912,0.00805635534369627
2019-06-14,0.0,0.0,0.0,0.0,0.0,0.00517450996764951
2019-06-17,-0.0028151137599119747,-0.004420962343316098,-0.0036321072239642593,0.0035780487892603796,0.0009612599800571942,0.0007097426817025408
2019-06-18,0.00622753378929739,0.011566364507045023,-0.0028754659388950943,-0.00028244500897540645,-0.004580531131226207,0.0023651019070556117
2019-06-19,-0.0064440066631003875,0.0022348597281891753,-0.0020123904322751013,-0.006838177343535424,-0.0008123613245187176,-0.005801490430174453
2019-06-20,0.0,0.0,0.0,0.0,0.0,-0.004230067042180763
2019-06-21,0.020414137879889438,0.0032821086499215477,-0.001223905078090004,0.002984222341191223,0.0064188328831863055,0.009470702475481818
2019-06-24,0.00012839989207119595,-0.0033685726910646085,-0.00016595769294747154,0.0024835031959479226,-0.0012685874784361395,0.0014975617015523524
2019-06-25,-0.008736653447004916,0.008160897570646084,-0.009193355887068896,0.012171817925669385,0.01197580961016061,-0.0003813620188857971
2019-06-26,-0.0016615422137446212,0.0008645361291909348,0.0018956960236784504,0.00030712196201507225,-0.004391232101107312,-0.0012537856883376717
2019-06-27,0.006492552270081692,0.006233021474445766,0.004289632792395304,0.002454194644175345,0.0064865882377567186,0.0023772512413588577
2019-06-28,0.004703906395920998,0.005483719301522916,0.00788076605941701,-0.00022580646564155727,0.0033345319263864046,0.002121360839960257
2019-07-01,0.005482620821534347,0.011955175130840058,-0.0011657111225145784,0.0060778213529177035,0.004923824355126395,0.011937684513692226
2019-07-02,0.0012322998264383547,0.0007324447905741047,-0.0009100924227068766,-0.0015332532433446349,-0.0023665259087799263,-0.002712553746559654
2019-07-03,0.008256618083956807,0.00403264415254026,0.0063913040439803614,-0.0034162034814192443,0.009472749271919573,0.0016170763260026089
2019-07-04,0.003703697056197802,0.005019310788616754,0.004532297801603774,-0.00248452283111672,0.0015823914196741173,0.0036564668297308645
2019-07-05,-0.00548191774285108,-0.003914829812860324,-0.006171566540358922,0.004193361048843528,-0.0007705586767575343,-0.002927143568648649
2019-07-08,0.0018853471371754534,0.0004220399674947249,-0.0005139976028238459,0.0009396143238330054,0.0059799493364718565,0.0010844565648548965
2019-07-09,0.0006225603079399678,-0.004044997461438116,0.00017375649110193967,-0.0030063014414343234,0.004047563844316171,0.002409168905674386
2019-07-10,-0.008624994397948772,-0.004274338237747854,-0.0030803069336544863,0.000819174326283956,0.002006226987309545,-0.005943488826886579
2019-07-11,0.0010084360991692853,0.0042400137445056385,0.0028107384630428334,0.0054642375412762845,0.0047980688035341446,-0.0005237636843221276
2019-07-12,0.0009010325916002371,-0.0045080601492372505,-0.00504310562810295,0.0016879326505323902,-0.0005841378768354962,0.004649991906905847
2019-07-17,-0.00010189262593718329,-0.000688421625011093,-0.0008350304558492061,-0.00108841945916488,0.00423150651585219,-0.00029554759700217703
2019-07-18,0.006634720525245209,0.013342803754930733,0.0029034769821844044,0.009536072416107764,0.0018691157489406202,0.007575037717090949
2019-07-19,-0.00017805428692158065,-0.006633142263884784,-0.002795025817499519,-0.008389457306361647,-0.002010052020656794,-0.008344016329355608
2019-07-22,0.004811412872999826,-0.00381439617443477,0.005714774217537633,0.005795195945801301,-0.00014481913020353288,0.0041333043527007896
2019-07-23,0.0013060890267716785,0.004383703585692872,0.0020980496260486203,0.0030936655771564847,0.0012783285899080898,0.005881157492210484
2019-07-24,0.003719869599473624,-0.0011326820890957545,-0.0002834434872188152,0.0066251966260787165,-0.006631752589048329,0.011932755526969041
2019-07-25,-0.0025293449270450408,-0.006477782325326808,-0.004396438836737571,-0.001598577379680647,0.0007162810303060023,-0.00049476758971842
2019-07-26,0.0007456542443965708,-0.0004749486082537835,0.0016219671500327104,0.009147575611591907,0.005725346618427413,0.004576672885609636
2019-07-29,0.013159459207137292,0.005249581423839883,0.006528782922140403,-0.0016909549483790087,-0.000520187070896766,0.01015202645590113
2019-07-30,0.00784019480351747,0.004064720533051319,0.007267409809784797,0.0034643621789937906,0.00782979987598953,0.007685042891542948
2019-07-31,-0.007680984473709646,-0.00491267153228995,0.009017582780004899,0.0037686950734529354,-0.011131678405346717,-0.009229380923745109
2019-08-01,0.005231122978044289,0.010947807425805256,0.001955250814741294,0.002798674673497703,8.079142185979382e-05,0.008623940311675016
2019-08-02,0.012733131806820121,0.009769917132100714,0.016144383483297588,0.009354467478600515,0.010154815639297257,0.011663070466390814
2019-08-05,0.005900733846456575,0.0027448313446626115,0.009425117774851444,0.006582878586643594,0.0015564014109913822,0.0058697427869912845
2019-08-06,0.002710823752710656,-0.005434610410836793,0.0152552438276359,-0.003890185851818905,0.0040839865815383,0.002048753514028003
2019-08-07,0.004244224996741652,0.001107842667122605,-0.001465739747844863,0.0023679609391699663,-0.0014106137644228078,0.004171964947524668
2019-08-08,0.00938638784928622,0.007443020227247438,0.009165178665823781,0.009386550938231208,0.00840567589962038,0.00861138401269887
2019-08-09,-0.0027667892764748014,0.0038467433181487375,-0.009310824733828937,0.0027404659924837875,-8.564378398729939e-05,0.01701718159554525
2019-08-14,-0.005599416400063811,0.0045182213385003556,0.012306735615233516,-0.005724853628948617,-0.0050680432257241,-0.004696696825496594
2019-08-15,0.009974936788417144,-0.007705123021508099,0.0106398404824396,0.005480094276356296,0.009443626301332044,0.006493961254853914
2019-08-16,0.00016612142991689893,-0.0002774220116374959,0.0016101508008747878,-0.002899167427774574,-0.0014811287137794227,0.00023091032470756723
2019-08-19,0.005157325622935416,-0.004610831670039117,0.003045467437818944,-0.007998288492911954,0.0013003669541690743,-0.0035487202459991707
2019-08-20,0.0028386203872413363,0.0022521751143223523,-0.000813850329770216,-0.00011746468172232905,0.0010899707058901753,0.004767347110753717
2019-08-21,0.0007334165758121625,-0.004368019965488024,-0.004017790365832857,0.010609145849443113,0.0038844147266810514,0.006476815219460974
2019-08-22,0.002345690123830735,0.0028839077215904174,0.0015376650139062864,0.0035566193126793655,0.0025857756978259205,0.0036351450663157925
2019-08-23,0.0010439138241459534,-0.0016671695257147179,-0.0006886740372898381,0.0002446759293924239,-0.00011476058652168386,-0.0005020080321285203
2019-08-26,-0.004703590136551573,-0.007869695287650648,0.0022670023243886563,0.004489945341408407,0.0043114316491163155,0.007785540036793732
2019-08-27,0.0018353213901423637,0.006841261841070645,0.0037298269668570583,-0.0019211641341400076,0.002797663575455689,0.0005577392617874819
2019-08-28,0.001490714979823976,-0.00405858277563792,0.0018752932643434916,0.0022874633877602857,-0.0018956517272411544,0.0001550407251988961
2019-08-29,0.0002341459353307762,-0.0001025095013137689,0.0011695206047341589,-0.0031980311356458457,0.0024069434190748806,0.0009689093674383937
2019-08-30,0.0011706610905411474,-0.004112292866931988,-0.00015602566636474524,-0.003080507203615357,-0.0010518688342083249,-0.003773871632493616
2019-09-02,-0.00032109204643288036,-0.0018596489286425433,-0.0005270260114664527,-0.0008446037531352479,-0.0006930718921441537,-0.003459546505751643
2019-09-03,0.0015282477415845318,0.0016820081193198444,0.0014187172023179648,-0.0029767999304311176,0.003328499180443889,-0.0007686642230015914
2019-09-04,0.004127554556629581,0.00233264299327704,0.0058653353958796894,0.005967212817180767,0.0020301501478321438,0.006047487123909595
2019-09-05,0.003763805896002781,-0.0006640003356324087,0.005236052576808425,-0.00958304220046341,0.01181096309149271,8.815540785933607e-05
2019-09-06,0.0036081848642498526,0.003467415801171686,0.003973190783581382,0.0019151027860805359,0.004599603711440331,0.0038271346000040007
2019-09-09,0.0014004836255643526,0.0016662297224663727,0.0036062698590929145,-0.0014203268280608805,0.0018122745320514394,0.0007312203143614582
2019-09-10,0.015062022133185126,0.00815016481342512,0.015430348927561212,-0.008514360669087595,0.017115599978726893,0.0068494647961922315
2019-09-11,0.002097248300426435,-0.0013921897730894586,0.005838796580200012,-0.007242695671344946,0.006753392565376727,-0.0059666031661061245
2019-09-12,0.004845753171007749,0.00036589203137857925,-0.003221629696544581,-0.0057486332152728355,0.0012820057306119463,-0.0035609253963655076
2019-09-13,0.0005706592041234693,0.0035150568462293252,0.003592551059156457,0.00034837200137627367,0.01008345065475963,0.0010686845108173557
2019-09-18,0.0028442124997553504,0.007902202532144399,0.00985590639624696,0.00042489812267512087,-0.0024009779684532892,0.010536888628213021
2019-09-19,0.004838454685436366,0.0022107295014599515,0.003944957042476771,0.0012051132329656822,0.0001019999509396241,0.0028926453438565813
2019-09-20,-0.0029011977570551515,-0.002378892964491542,-0.0010264192397926976,0.00039185859081622984,-0.0012355512896204735,0.00013171782180915192
2019-09-25,0.0013111555076466552,0.0017590043360135588,-3.293051385871992e-05,0.0011568611289144437,0.002018299089536324,0.0014351959536062903
2019-09-26,0.0008199581231834729,-0.0010723140533281939,0.0019494761954726436,-0.0033682750255401295,-0.0011081612258219131,-0.0016067201594156164
2019-09-27,-0.00041168786073331187,-0.0026813830163671115,-0.00041168786073331187,0.00486791950825205,-0.004308747008150315,0.008249862671209945
2019-09-30,-0.002459348396543909,-0.0015085663839138896,-0.006357421121541751,-0.008085060286257773,-0.011750815308935708,-0.0029913872802040755
2019-10-01,0.00609527668418545,-0.0010207686395320064,-0.000899520465317198,-0.00553891877293496,-0.004745501107363491,0.0012050593756826322
2019-10-02,0.011741666474499673,-0.0008490919117100648,0.011230534517665897,-0.004715584969133907,0.006230104744617909,0.0017080124580983519
2019-10-03,-0.0002968662704923465,-0.006060986721658935,0.001872888290965591,0.006017285049004674,-0.0017205242533560707,-0.0002685950555812999
2019-10-04,0.0,0.0,0.0,0.0,0.0,-0.00852855867916108
2019-10-07,-0.001210055952022726,0.0019009367397110344,0.0033437619176910627,-0.0029344985296914095,0.004013935931188817,-0.004125357465478957
2019-10-08,0.0029393912537920563,0.001609168407732175,0.005525127619742701,-0.00753616170791238,-0.0020828602045415145,-0.0017894779135881889
2019-10-09,-0.002512556884167433,0.0012745351257377469,-0.00436292850554329,-0.0029697871083975147,0.006152530165164621,-0.003928261996838878
2019-10-10,-0.0003713180996121612,0.0005616947794865323,0.0022553169920153104,-0.003123661638804842,0.0025067818308205925,-0.004095209934949754
2019-10-11,0.002741286979060259,0.000786166001244426,0.002809836569344748,0.0008354861449521855,0.0015288977147104865,0.005049525630620277
2019-10-16,0.0040884411139347826,0.0035069294763455444,-0.0009457379751081518,0.005450994205633175,0.006646084653066976,0.003962900651095798
2019-10-17,-0.0027578799440369783,-0.005185643363034537,7.659751926344938e-05,0.0004351424041961205,-0.00023673603803595067,0.0006365566231852917
2019-10-18,-0.0006265959571585486,0.000160996989901485,-0.0011043327112203012,-0.00019373469423409354,0.002155034923914223,0.0016665687319710742
2019-10-21,0.0013206190043125732,0.0024300263129225508,-0.0034052746431419423,0.0006476723906736481,0.00627229859804751,-0.0013769632968261651
2019-10-24,2.49419186912625e-05,0.0015066180348450031,-0.0010337811707444022,0.0010952217094432615,8.965922347592414e-05,0.0015623207561756096
2019-10-25,0.003897671665686858,-0.0001899218757236143,0.006174162953836243,0.00546690680079745,-0.00032120158417786593,0.00491729186193447
2019-10-28,0.0021738808834605994,-0.005820107648208561,0.005285128926442673,-0.0034483391703173105,0.00381299957938927,0.0006077387861166773
2019-10-29,-0.005336074101200051,-0.00016702766453418022,0.0071872120601101045,-0.0032043688967153595,0.004078950727669506,-0.005866299319410074
2019-10-30,-0.0047750817986286,0.002889360337620861,0.00531351261302604,0.0035716897350622774,-0.0016765367783987406,-0.0060162652646578345
2019-10-31,0.0012620664819404659,0.0002508632771560382,1.73509634329716e-06,0.003544776003813671,0.004092548210800073,0.004935221182118458
2019-11-01,-0.0015703879143396104,-4.6114345244041566e-05,-0.0023000346117282855,-0.006393907003258259,7.435592311474948e-05,-0.004426606232439364
2019-11-06,0.0013297936232907759,0.0058492898035499286,0.0008854986761718808,-0.0006372340231092233,0.0043223915233649435,-0.00023662858936527675
2019-11-07,0.0007479245253691814,-0.0019660869454560586,-0.00037410470863041877,0.0009635906369992232,-0.0030349018504742145,-0.004291075606593836
2019-11-08,0.013871589392017492,0.019304049004820592,0.0052508197068119825,0.018660328676106452,0.0028685706206845966,0.019210254421196588
2019-11-11,-0.0022907897375686217,-0.0004874147546788163,-0.0038812496102031305,-0.004816550931736007,-0.0024156115830880954,-0.012051911313265662
2019-11-12,0.001904845988807996,0.0007663855109500128,-0.0026265316222726376,0.0006345988031373206,0.0013974401802130387,0.000152778405542557
2019-11-13,-0.0006150156759838765,-0.0011316220867667371,-0.0006973074377045749,-0.002517897490794896,-0.001771219517300282,0.0
2019-11-14,0.00019476816774492987,0.00032384201339803487,-0.0011879827594812877,0.00013286561943204295,-0.0008897628828302691,0.0
2019-11-15,-0.0029832827318914865,-0.0023635074823146565,-0.0023023551920834016,0.0005809973896106303,-0.0027732078525466446,2.781393106376245e-05
2019-11-18,0.004452953185954356,-0.003350744428786801,-0.0031086302294431214,-0.004311745973895075,0.0056932350949150615,-0.004639777356102215
2019-11-19,0.012123375962556662,0.005147055276414703,0.004969445319458066,-0.004813190663237733,0.0041289404762486995,0.0
2019-11-20,0.0066684189697137075,0.0035074925835005544,0.006640469148387618,-0.003625954917086477,0.0018528680640811923,0.00925576281294832
2019-11-21,-2.647869363405788e-05,0.0003437457642910813,-0.0002183425853040878,-0.0030900322438141446,0.00043104075222424334,-0.0044614412706605044
2019-11-22,0.0010333805655589334,0.0024243961882014498,0.003741873481473007,0.004273931840155176,-8.291595491219383e-05,0.003921023919393381
2019-11-25,0.004252053935628525,0.0021964600436264747,0.005597105722214418,-0.002958905092400016,-0.008371308830191548,-0.0002785177450650619
2019-11-26,0.0043853625381944095,-0.0042443189490543876,-0.00042339244794978304,-0.0016436493557621112,-0.0016436493557621112,0.0017443754510023204
2019-11-27,0.003910486870943375,0.004391916245500349,0.0020727432248171646,-0.0013820045911820517,0.0011843558089249307,0.0055561265092419765
2019-11-28,0.002391899349159954,0.003561036344126217,-6.0382132988090476e-06,-0.0004633798335777206,-0.0013890988468962806,0.001277241177565835
2019-11-29,0.002871022545496399,0.0010115154158746587,-0.0004684793709767432,-0.0034117377520320735,-0.0012647212234362937,-0.0030310720095917407
2019-12-02,0.003038525569890732,0.003314392432977764,0.009022648907286934,0.0014296199793514264,0.0017047268714218966,0.005034773351447752
2019-12-03,-0.0061406008611696985,-0.0023492809782327483,-0.0012240562075571673,-0.0006263631574997765,-0.0047969083471632425,-0.0014722053130362678
2019-12-04,-0.002016663699258764,-0.0006957976523634668,-0.00019369658757928399,-0.00295905282742262,-0.002646394555343823,-0.00046488084648543815
2019-12-05,0.0017429919465390686,-0.004019132230745348,-0.004794676891929223,0.005250068097898131,-0.005274584903863733,0.0010735733571457702
2019-12-06,-0.003094345026514178,-0.0024106718367627733,-0.0038618835614882274,0.00036976286081286114,0.0011625426439670072,-0.00214760231809103
2019-12-09,-0.0004884982015044281,0.0005184220427974784,0.0002459637100655221,-0.005436335685313931,0.0008564759607384564,-0.0033098650506260922
2019-12-10,-0.0031405472082204344,0.005171636405194885,-0.0006491989822634825,0.005008916712094774,-0.0033571946837867017,0.003090472707632009
2019-12-11,0.004306487976092455,-6.63480312410869e-05,-0.005368529851850268,-0.005263363896782031,-0.0077802014177333345,-0.0017737238887415296
2019-12-12,0.0011373217714526762,0.0024302671899781025,-0.002113602181374602,-0.002989392725396167,-0.0010301043823480183,0.0
2019-12-13,-0.00034862847409788955,0.01709050804036477,0.0005848259591512694,0.011197282749019877,8.824464540607702e-05,0.014556206317654967
2019-12-16,0.010802928158114511,0.0009242480581921897,0.008190365368757224,-0.0016836828443867746,0.011824981469939516,0.007800944997619704
2019-12-17,0.004021212495445581,-0.0041263878550212634,0.0023969480852276126,0.0008372012320138289,0.0030808200232404163,0.0029541115992348277
2019-12-18,-0.003180733743458758,-0.0051050697282417346,-0.007862615804040324,-0.008139849825800044,0.00014985681856696798,-0.0013432243070514492
2019-12-19,-0.003038260096398138,0.0003307870493960863,0.0025872959210759164,0.00030957751553999373,0.002619070740608076,-0.0008895163355926883
2019-12-20,0.0025382461630938102,0.0010846636611725746,0.002464602363532825,-0.0009574347215910717,0.003471952979153564,0.000574638026472396
2019-12-23,0.0027494230387411947,0.0002214533242866026,0.005041218391913182,-0.004024517939243787,0.0015166904712050175,-0.004122743766844461
2019-12-24,0.005374007462474489,0.004708073731929635,0.0021552795735352015,-2.3003699935519872e-05,0.003760214531038475,0.001765107104394459
2019-12-25,0.0013411447093257534,-0.0018721627160596388,0.0030749121098490872,-0.0036239004289883303,0.0002803912807720632,-0.0009804528581561188
2019-12-26,0.0025405678273316135,-0.0003034887258978325,-0.0013597218371635966,-0.00023698760153803566,-0.001002701106788767,-0.00038621245109928817
2019-12-27,-0.001708279886311781,0.000641292044403774,-0.0014392399863194516,-0.004329861251707923,0.000722875152045499,-0.005389371341912433
2019-12-30,0.0017988677030059408,-0.0018585923984417718,0.00199675784752959,0.0001496703540003752,0.0030642029911587543,0.004842388468385195
2020-01-07,0.0027245960446719898,0.007355404407922862,-0.007044112575248775,-0.0084226554536319,-0.004534500278023113,0.006111133932473478
2020-01-08,0.003979617677839321,0.008183729987040422,-0.004798416704019149,0.004817376583113075,0.004099245301930133,0.006206401976233766
2020-01-09,0.0006258555884835143,-0.00028769677700091206,0.00037807194736794164,0.0007601542123003568,0.0006996234836145411,0.012380829362497292
2020-01-10,-6.796891518749248e-05,-0.005315961079825163,0.0016169486675023936,0.0034176443536870402,0.002727152513491464,0.009223706944086918
2020-01-15,0.002482934503769546,-0.0017705146068308641,0.0038958740584293106,-0.0020532795220293276,6.061737522064514e-05,0.0013026945341079732
2020-01-16,-0.00029830410959850225,-0.0036025317691577917,-9.343595120459187e-06,-0.002079906203334758,-0.004396802223685792,-0.005551647159696527
2020-01-17,-0.00849460554678319,-0.007325114913079883,-0.003997335756960485,0.0014291811955251532,0.003969128966366586,-0.003072822525937389
2020-01-20,0.0010758136003683194,-0.0006651124512936923,0.0006066539092905443,0.0020125602507908014,-0.0012915953691889082,0.003726653298171567
2020-01-21,-0.0008271826653442506,-0.005055117885150584,0.001740409970581136,0.00019907671212151547,-0.0019370084217348097,0.003726653298171567
2020-01-22,0.0009601837902914582,0.00357602253876006,-4.668036035226442e-06,0.006860113664217283,0.0007098472731449593,0.0063249856450720565
2020-01-23,0.003914032235507264,-0.0031585397809492377,-0.007471883964341897,-0.002014729797802123,-0.002421174286423272,-0.007765322769978045
2020-01-24,0.0012586719794416834,-0.0007267599826513149,0.0012586719794416834,0.001245902589314729,3.8234376581125495e-05,0.0033611655849876687
2020-01-27,-0.0038021159696120417,-0.002030915304542226,0.004738140236234556,-0.0019144678099340734,0.005399917986209359,-0.003859638882337934
2020-01-28,-0.001031723163109577,0.00022064604511438024,-0.0003798394520684535,0.007924242994507759,-2.1777299445524534e-05,0.006891020831521433
2020-01-29,0.00049311241066477,-0.0019338701476842024,-0.0017507692809823339,-0.0041946125982531834,-0.0026413487015209125,-0.00606929059022876
2020-01-30,-0.001714499653507695,-0.00328313973709955,-0.00416420645903286,-0.0003102553129601393,0.003563611457873162,2.677435657366667e-05
2020-01-31,0.002696478138242392,0.001930175501954401,0.001527568822556724,0.0057297220500457935,-1.3682069800458052e-05,0.005482531201952615
2020-02-03,-0.006570395004473095,-0.013936198803063404,0.006434810166610405,0.00023748520607061452,0.0007198705728614363,-0.006807008973569172
2020-02-04,-0.002074959637199481,-0.007435661024872232,-0.0007881786768292101,-0.003021525318839369,-0.0013525102256418675,-0.005975726571245269
2020-02-05,0.008539550083086244,0.006120682643461683,0.0064214643920236245,-0.009710503687106865,-0.002923349612359517,-0.008218188346724869
2020-02-06,-0.001511681597228226,-0.0022662982621073635,-0.0006464107424352661,-0.0026645085350024134,0.01370429336873416,-0.0022864049136912903
2020-02-07,0.0028054642415759334,0.003681498021830182,0.004653785773458152,0.004029547151364471,0.003800283179428432,0.00613307417518813
2020-02-10,0.0,0.0,0.0,0.0,0.0,-0.005720240852246428
2020-02-13,0.0002316823320632766,0.0025325374262759603,0.00012967858711782076,-0.0027610621142282743,-0.0007055648869027376,-0.0050485188810206845
2020-02-14,-0.0003383467536894613,-0.0008854078818797961,0.006399912248854389,0.002854131946715882,0.006119272531116826,0.003683946987791898
2020-02-17,-0.0015629776538139029,0.0014129696486424822,0.00021511742031943325,0.0014643311282353418,-0.002386932732775993,1.0344639670608821e-05
2020-02-18,-0.006000387136671016,0.005111702250628737,0.000953083464963944,0.004318821567464348,0.0005322787739585387,0.0004012540275231957
2020-02-19,0.0024406928923424998,-0.0003390402307355822,0.005929800938805213,0.010613661539374375,0.0027840218430933428,0.010571877796202861
2020-02-20,-0.0015841207091357445,-0.0007227240272745794,-0.005201210708036835,-0.0018409238824755314,-0.0012265827815643449,-0.007132818139667485
2020-02-21,0.0047833672626861334,-0.005789839048398526,-0.0023333591130888787,-0.0043254836722771695,0.0038742140067641873,0.0017849327513548099
2020-02-26,-0.004940660718845602,-0.0022977973368967664,-0.0026091534972252366,0.0018592862221734623,0.0032261270095826256,-0.0069826429453684336
2020-02-27,-3.830881877129374e-05,0.0029245944984590995,-0.0025462909788037435,0.0033937907748275093,0.003174861388554052,0.0028069087696335204
2020-02-28,0.003518681736873421,0.000500208303831017,0.009030429813649701,-0.007202671554550566,-0.006656567775839007,-0.001821265689589673
2020-03-02,0.00237114002995844,-0.001105547800013663,0.01324699427662475,-0.0036133416818159743,0.0017392696890481622,-0.005499494808445184
2020-03-03,0.0033100202846465315,0.002684102021173553,0.005837259226425841,-0.002497452269986768,-0.003397227306433016,-0.0034355282595186117
2020-03-04,8.604375307170748e-05,-0.003874166800898516,0.00029807452663515015,0.0139960215766618,0.0032347991101473257,0.008966393109785553
2020-03-05,0.008295849429667712,-0.0027750682177975217,0.008154764123800062,0.0032087900884211484,0.004360154748179745,0.008320771659315468
2020-03-06,0.01498279810246832,6.16594480607139e-05,0.011770664051698534,0.006814909626309906,0.008622098845839843,0.0024983189583174265
2020-03-09,0.011473846287983426,0.0193727230256281,0.023852765367294394,0.004186570183924609,0.01704743435696903,0.0010070804178605572
2020-03-10,0.008529249403718575,-0.014754572931383181,-0.004294415653772576,0.019037516524217056,0.010220512562665762,0.002793603016950789
2020-03-11,-0.015307948325655785,0.002411799098926105,-0.007777409384285061,0.00035698216843706946,-0.008625108664440571,-0.0011025633188778139
2020-03-12,-0.0011507217164454572,-0.0005030673664242705,-0.012344924437982652,0.0012100248814845178,-0.016005699041493487,-0.005847464851531592
2020-03-13,-0.024816001939427082,-0.026507851363285952,0.021562253517517352,-0.006371821877300721,0.019119496252776244,-0.0334676048011085
2020-03-16,-0.00024194640178594272,-0.017723603187994465,0.024075096475069648,-0.0014893036663017776,0.012088632796425535,-0.010745618419497227
2020-03-17,0.0118167430788628,0.004573834674964637,0.002295689695365133,0.0346766724471047,0.015468474011138624,0.020880774150119283
2020-03-18,-0.0009196895477676,-0.02254901068594275,-0.00030596765816657233,0.008437159755675359,3.2648902293819226e-05,0.006735007883945886
2020-03-19,0.003198840272058213,0.009389109049526766,0.0032250084661609828,-0.0001172504838674814,-0.008609876489215318,-0.003960212575477888
2020-03-24,-0.0493435557428076,-0.010877407390743877,0.04512846138129837,-0.05035914051628449,-0.026123994717299495,-0.03987827894668346
2020-03-25,0.028805275629250816,0.03320413247653842,0.0038340272284373067,-0.0065202424980572715,-0.009478496245933466,0.0013055149778931074
2020-03-26,-0.012470503478846618,-0.0037553743694003893,0.025739453826548388,0.02006474570839656,0.0064619554768466925,0.014275503640095222
2020-03-27,0.010311425673896403,-0.013293059663652086,0.03526402231334833,0.023673914922092944,0.019243213442386907,0.031929751354635896
2020-03-30,0.0211512688357145,0.014932118503989213,0.022344879948642784,0.010796345833257883,0.02922804592970507,0.01008140610877262
2020-03-31,-0.009816059007352985,0.00634395410850086,-0.004519772893759819,-0.009946238031663304,-0.02290432374354474,-0.011088816016295501
2020-04-01,0.014861084043327222,0.024663192002423468,-0.0008543027313268501,0.0037213490452181015,0.004583388469825844,0.02513398550297548
2020-04-02,-0.0014650348618124413,-0.003681645411756328,-0.002265039940593661,0.011293063142763972,0.010059307593807954,-0.0041254272203938205
2020-04-03,-0.015142956731954371,-0.02602903841740503,-0.00867317378361357,0.022021654979007765,0.0055070866173548005,0.0
2020-04-06,-0.01411991757439135,-0.01335644430572738,-0.023465112544199522,-0.008939107795431545,-0.005755818952927472,-0.024882933727562277
2020-04-07,-0.008207627917102035,-0.011753117500273146,-0.009974559686323749,-0.0169830233747887,0.00030765353096848854,-0.029440913524383012
2020-04-08,-0.02273026097712358,-0.008172488490517105,-0.01817165448376054,0.02086148079127581,-0.029681198089985206,0.013487419156246183
2020-04-09,0.002661864692262872,0.0027548676772705116,-0.009521622435668065,-0.022724753306427675,0.012528243027998653,0.0
2020-04-10,0.016408155303622413,0.011077361198139873,-0.018592390206641635,-0.018295437988595786,0.015982018033148138,0.0
2020-04-13,0.004792944865219484,-0.0045699516294307255,-0.003758684758878928,5.788206133745528e-05,0.0010034971080806533,-0.00939226519337022
2020-04-14,-0.011503811189986168,-0.018621350240791312,0.0012544211482635181,-0.0011457727345303703,0.00854535669424794,-0.006441388063692821
2020-04-15,0.011461961108473723,-0.007037900680083392,0.015013835096510608,0.02162917017591845,0.01624812463860026,0.01636601228118162
2020-04-16,-0.009102284836811386,-0.005361172189240537,0.002184330091739406,-0.010222655788333673,-0.013061718761607444,-0.010411301557930564
2020-04-17,-0.005763409740099201,-0.0012390311238117124,-0.017417400374858838,-0.01429430448023955,-0.0015836718699577812,-0.008163106439861737
2020-04-20,-0.004734750028962243,-0.00192139961367348,-0.0006885947003171463,0.0014405986210122236,-0.0034432493657699636,0.0
2020-04-21,-0.004381378204177638,0.01340994289408634,-0.008129394589625,0.005920093375979235,-0.009703319359851637,0.01189685707707755
2020-04-22,-0.004612306518745158,0.010503627637059365,-0.0021675205613315603,-0.0039491219009133,0.004560062197951865,0.008802977926300543
2020-04-23,0.008746686866755948,0.022918927097591857,-0.00935305553424301,-0.009184643223136835,0.016376017509379448,-0.009925386334738346
2020-04-24,-0.003509764159154752,0.00138473498966496,-0.0049702908129554135,0.008721889070376335,-0.004766315744296386,0.0
2020-04-27,-0.0012959476790199696,0.007622191125350831,0.002324104070790556,-0.022186817657428696,0.00450805594058712,-0.015841700587283736
2020-04-28,0.006632154136698399,0.003876678483342077,0.007541967801142557,0.00036424221847706237,-0.0007850146278858052,0.0
2020-05-01,0.011757302667653447,0.01662728341937987,0.006309996043456699,0.01964713845789199,0.011273584895687151,0.01735720513798411
2020-05-08,0.010653252769761012,0.013968022894882283,0.015359029866691576,-0.022809597793918248,0.00656669424625629,0.0
2020-05-11,0.002125777837938104,-0.003800658425600312,0.013911345959722545,-0.010544877419747835,0.003034682267332965,0.0
2020-05-12,-0.0026301304124737024,-0.002417635724840883,-0.007536170207599502,0.007510591739457867,-0.0019609609626796976,0.00385541730488993
2020-05-13,-0.0021442257326538482,-0.005260481865207266,-0.007207942943168755,0.0014878756580742666,-0.0038994431495701365,-0.0004900405684889844
2020-05-14,0.012894679381291657,0.001136961406004583,-0.0058364631869664285,0.009366097869490858,0.012423382429704866,0.013467626545498641
2020-05-15,0.00027913377567939657,0.006814970238984086,0.0029007448380529988,0.008036623124282077,0.014535618446095522,0.0
2020-05-18,0.00783180834212871,6.290779619981101e-05,-0.01093900663770416,0.018643175910433702,0.005404436403443236,0.011872269143766712
2020-05-19,0.01680342499000559,0.01953062335141914,0.0037569274433175703,-0.018343479742629648,0.009163184623338205,0.0
2020-05-20,-0.0024260725637249344,0.002291457714903089,-0.0016617799944258723,-0.004401099770008576,0.0005327795979698676,-7.146374367780718e-05
2020-05-21,0.0003680982886684241,0.002595897777476707,0.003230846013387633,-0.0025643747846509904,-0.004078258567326983,0.0
2020-05-22,0.004878777420465191,0.01333343115458599,0.008644143934582488,0.005118199079865049,0.007042309696621257,0.00922391431724634
2020-05-25,-0.009955622025574207,0.0020868953637362964,-0.001815042583671156,-0.009540331848179984,-0.012732430315920057,-0.012651520565418814
2020-05-26,0.0015066088893057827,-0.004161440063830346,0.0009340369324031259,-0.009718178888967179,-0.0066973450527331845,-0.0014740307908137256
2020-05-27,0.00772434510372002,0.02832779917610557,0.013567531177833467,-0.004819229471372165,-0.0064227263018962425,0.0
2020-05-28,0.00240723011024504,0.006238918816173755,0.0026053795944908304,0.003007989827385194,0.0005546273418552738,0.0
2020-05-29,0.020221555428150073,0.018716408877771484,0.016323063601165977,0.008611263467128788,0.0049375662743118,0.014360183179271575
2020-06-01,-0.00080907931720533,0.003365457913674574,-0.00080907931720533,0.004575410167809114,0.009841113856356444,-0.0004431205395328136
2020-06-02,0.007081872665456635,0.0012552079856444688,-0.001689277158595127,-0.011002106509566945,0.0036461795970527122,0.0
2020-06-03,0.005099441437589405,0.006425251793238451,-0.002517020113595936,-0.004162650644323463,0.012299110491688503,0.0
2020-06-04,-0.009670708420212625,-0.006658862616570958,0.00437289858006993,0.017641565442096628,-0.012521878179520753,0.0
2020-06-05,0.0018293990617663791,-0.0046114751602628345,0.015838090503416502,-0.02354182448226516,0.00635986035220254,-0.004810212344195763
2020-06-08,0.009798259168670321,-0.006277426072521042,-0.0028248903206290693,-0.0010607205470243531,-0.00011553267965826869,0.0
2020-06-09,-0.011710561963473665,-0.003255297509683763,0.005869164705648088,0.012069723052719696,0.00022298915151650642,0.0
2020-06-10,-0.00016893313796795262,-0.0039041785651748656,-0.0032113340115066617,0.006168936114328583,0.007416637843290297,0.00273313863227934
2020-06-11,0.014877944396858345,0.018454004742180022,0.022327633277472603,0.025624942534315645,0.010666580953614502,0.024007773375010227
2020-06-12,-0.01722181169906703,-0.0027030440494176817,0.002658524373045679,-0.003013456379357949,-0.014845875576862459,-0.012060612096044402
2020-06-15,-0.01219182355601105,-0.008098065577632131,-0.010735903999373143,0.013962579748339612,-0.011461866549113698,-0.02076619150038106
2020-06-16,0.014554287073460237,0.008981756518461281,0.002019213966219735,0.007137767348926183,-0.007888176961053484,-0.0040241319076643745
2020-06-17,-0.0015292599242799076,-0.0024569013614335056,-0.001613196897199326,0.005608618001258919,0.00013849748374739068,0.0016308975144119966
2020-06-18,-0.0016688901590499404,0.00409645724070713,0.0020284223155127012,0.0005753866946441423,0.003586911786238511,0.002235356826254365
2020-06-19,-0.0003923444013254505,-0.005406632830424862,-0.0018734494595869181,-0.0016217864326029782,0.006035022693514769,0.0006482953650191361
2020-06-22,0.005887676117622776,0.0003542160374321083,0.00410568793770758,0.00946082523439591,1.581305606968052e-05,0.005841712661242854
2020-06-23,-0.004350836989101504,0.007023618711014802,-0.002503987150082998,-0.008359012429042646,0.011885099744880567,-0.005070547278604823
2020-06-24,-0.0005725872202313464,-0.004724042927780531,0.003838969972701084,-0.0014194024815560313,0.00454694088879698,-0.002195269264124383
2020-06-25,-0.0014770032143571477,0.0028801319596631902,-0.0004499313546300898,0.008113207860447252,0.002458086901636014,0.0037926062510275824
2020-06-26,0.009947987441217077,0.011554702526300198,0.012876381437874885,0.0009261464563852021,-0.010923906189739976,0.028798994177403985
2020-06-29,-0.00030459888289295894,-0.0022318461532671915,0.0006100557866926645,0.0014196385765225192,-0.0024710485447131834,-0.0009862505204215055
2020-06-30,0.0028876829498411423,-0.01015172771525199,0.00473430650229738,-0.009075041514068039,0.010934460669063761,0.004222541135646499
2020-07-01,-0.01828730850002669,-0.0003980358097714076,-0.011342952373627202,0.019078887688167706,-0.0015713555234532217,-0.010095010886523481
2020-07-02,0.001202315230744855,0.0019265814915748528,-0.00040299417631328716,0.0003020459957219449,0.0007967682773966757,0.003038793893359741
2020-07-03,-0.0008418038967045738,-0.007889687860927891,-0.009734819932354366,0.016407502674230273,-0.007862899395190998,0.0011801665496215894
2020-07-06,0.0006340904257739585,0.004158763709278679,0.006438091762386166,-0.009973336200998252,-0.0023480725273176805,-0.005446415050442521
2020-07-07,-0.0020512429093490605,-0.009843416046174136,-0.0037478369548203053,0.011436479950472188,0.0020953972903517528,0.0040844202955370905
2020-07-08,0.0007256108277726044,-0.0018362583989687043,-0.001900049696780837,0.0017835002097952308,-0.0009977448325225956,0.001315834446854458
2020-07-09,-0.008355958365773297,0.01385602010124787,0.0011295902871962583,0.006370740182188329,0.008556118014615489,-0.0015126471784294995
2020-07-10,-0.0006978501171355685,0.0035022662352482753,0.004691293421340137,0.00014758722732408514,-0.008365349549598666,-0.004118431252744293
2020-07-13,0.015508182716133969,0.01230861550608935,-0.014177335602061027,-0.006371830645406741,0.003702187930472013,0.007043295184975679
2020-07-14,0.0016297792208181394,-0.004536099420443335,-0.008457530242157618,0.004110607999453564,-0.003300264639890388,0.003128240328103651
2020-07-15,0.005667532298485956,0.003148055739355793,0.002918296544053756,0.0017934888745775525,0.007637077514771784,0.006555282144360686
2020-07-16,0.01359780114974593,0.011088131837998644,0.01134707321329459,0.0013102833301050498,0.008051642074109217,0.008216975240927654
2020-07-17,0.009380808182295308,0.009004380635755399,0.013379878750335833,-2.01242747852326e-05,0.008670867599956528,0.00981123476923044
2020-07-20,0.0034678119505956173,-0.0023763967142944875,0.004953011457214551,-0.0033029704045109687,0.011497022425054654,0.0
2020-07-21,3.235521195441601e-05,0.005872441517359395,-0.000982473976800025,0.0006554155113091206,0.006541922420580027,0.00023451725579385718
2020-07-22,0.006648967018517304,0.00473446921761983,0.0047538878389492,0.0028009187829083626,-0.011013549750130108,0.007532827474460435
2020-07-28,-0.0030581256694831027,-0.012053131572304004,-0.0014330259484286456,0.01525256778326714,0.010991017801926378,0.017083878583014522
2020-07-29,0.002985000680383404,0.00573828692126338,0.0052796577776720865,-0.009277618807072702,0.009491847953754656,-0.008049997065540809
2020-07-30,0.006295599452830036,0.00859221267420951,-0.0014358198789235777,0.01816952236528438,0.005658791718665679,0.01869987495621509
2020-07-31,0.01663802006579858,-0.0015705791664901263,0.0031269969381554153,0.0013942773786260066,0.005381086018097148,0.007706293756322535
2020-08-03,0.0007408901988389671,0.0011907037818341404,-0.003291621968178865,0.0010164649354263422,0.0031845843524035133,0.002021755508543184
2020-08-04,-0.009118210512437643,0.009353928567409688,-0.001703619654121891,-0.009571446866552558,0.0041045386342929875,-0.01236944499228538
2020-08-05,0.00970346799502071,0.015560419301630235,-0.012139794612746169,0.007673726858824815,0.00969398676987603,0.02379437662530518
2020-08-06,-0.0009676630113862206,-0.004447449123585034,0.005420961599156683,0.017678921188790886,0.0005436676343548068,0.008084131700113822
2020-08-07,-0.010756027933622294,-0.004705480608721535,0.0028905629603425795,-0.006793604712247636,0.006754721222729621,-0.02130006264872264
2020-08-12,0.002661901812439948,-0.01163609301216746,0.0067561632590924054,-0.011007852010453779,-0.016542422263241718,-0.019747981619123146
2020-08-13,0.002083924090879985,0.0025743963130453905,0.005346835949824903,0.0073044687796210315,-0.003672794867489504,0.00526117067622342
2020-08-14,0.002580051451769827,0.002734805827991616,0.004359829947003856,-0.005811363964712447,0.006344723127062069,0.0017114697228439169
2020-08-17,0.0020414175800111505,-0.00414092479683188,0.004673049100248284,0.006973762651901506,0.004532003479237101,0.0004722117268691989
2020-08-18,0.007577342871405457,-0.0017749391925338642,0.007760091933346081,-0.0038842304807245485,0.0003059133908763337,0.0019108506468012432
2020-08-19,5.9276165606664266e-05,-0.004385627329828057,-0.004169436429464768,-0.005062648853480928,-0.002131211953966372,-0.004714599129798547
2020-08-20,-0.000649244630922502,-0.0052972483485307365,0.0006005787167623622,-0.007035384984849291,-0.005412790681022822,-0.005640087420059206
2020-08-21,-0.0037306371387529347,-0.004615530807547896,0.002548576445822681,0.002550095119303597,0.008959477119708181,0.0007218916947488623
2020-08-24,-0.001278983337922313,-0.0008177507021611685,-0.008131562681609217,0.009868114389061922,-0.001785246221359382,0.013453226256540773
2020-08-25,0.006999032627677671,0.0028176710065592747,0.0018993790902331,-0.00699977587867604,0.0016505029447095635,0.00046056331597216747
2020-08-26,-0.0012123029083961068,0.0008277561688017632,-0.0026254633796079507,0.005145953219874877,0.004671465579493828,0.004166060590190868
2020-08-27,0.000467330793522569,-0.0034714148248427557,0.004608051847450251,-0.00042464361198388256,0.00261840932041571,-0.001988021916001966
2020-08-28,0.0024327733964699012,0.0046219919177528995,-0.0012595235933815063,-0.004139470223658837,0.0013417260193546953,1.1507767319479667e-05
2020-08-31,0.004353672284423205,0.012074263539034003,0.0013553505351106892,0.0004930429854167247,0.006120999639952296,0.002057973275510272
2020-09-01,0.0021172073063486785,0.0027579731600365417,0.001689099960046869,-0.003316970912184836,0.005577109015725723,0.002060157273374978
2020-09-02,-0.004166194074411256,0.005639580998431759,-0.004939820880404633,-0.009198095338489188,0.0001026578464287546,-0.006130531779108012
2020-09-03,0.004393074886603876,-0.0013135578463840723,0.0036997752587928584,-0.0038007642561413762,0.0007995317278397085,-0.0005413975771995463
2020-09-04,0.006026572693205701,0.00023401774976046247,0.0004737009635307878,0.0027247434305046393,0.001314332209421809,0.002963103172835352
2020-09-07,0.0036035153005563813,0.0002075985160964411,0.00763730234411122,0.0011740750223722784,0.005028759338285482,0.0053381846845377365
2020-09-08,-0.004812009984673683,0.0005293500804115056,-0.006119524320925773,-0.0046209851480470306,-0.0043180192994499485,-0.008544235497475997
2020-09-09,-0.00787090447948138,-0.0019149928180934419,0.00396110828017031,-0.0014813122712895592,0.0024184469278089042,-0.0016907967636752784
2020-09-10,-0.0005910916621716391,-0.0002204398623836922,-0.0025019950810667435,0.00015187891515999752,-0.0016731374749431088,-0.0005244968736486393
2020-09-11,-0.0021547305951042264,-0.0012952064182042197,-0.005188993189607816,-0.007307116364904286,-0.004764756430048546,-0.004380790843108162
2020-09-14,0.005009632398689612,0.007100854027926596,0.005987064279170906,-0.004318725092862308,0.00663763106139419,0.0024932446672999986
2020-09-15,0.0006306885703976088,0.0005934751864720366,0.0005964738660791946,0.006521890003473673,-0.007277747283146873,-0.003589210645597496
2020-09-16,0.0037118770086904005,0.0031347904665401495,0.000523172923837367,0.00018153490108983037,0.004694959315248749,0.0022406464873675476
2020-09-17,-0.007406295084958131,0.0029973397867408547,-0.0053613999922212385,0.00167546860800169,-0.003994810960016942,-0.0039656666299340065
2020-09-18,0.005090551113494991,-0.0034658453852238315,-0.0020315293597665375,-0.0072634989191713295,0.001802493189018506,-0.004760047559653319
2020-09-24,0.001422248780247371,0.0011997941067233514,0.0013222431457026176,-1.2152161916656164e-05,0.005657115309061701,0.008944206627591506
2020-09-25,0.0016992300573237529,-0.007538951577285707,0.0012764195741619966,0.004245910038601669,0.0036883504023579594,0.0011238023024619699
2020-09-28,0.0005976381295567101,-0.005220296962941929,0.004429478479773064,0.0008840776316537016,0.0011596330658131045,-0.0029272802028616667
2020-09-29,0.0006648384289832392,-0.008900877108952177,0.0042531177739462585,0.005439470807446111,0.00594409229815518,0.0023883937706333956
2020-09-30,0.006128317748438095,0.006961902200498638,-0.007346774826421009,-0.003636753518352555,0.010822608082097718,0.006214247604556282
2020-10-05,0.0031018384814498253,-0.0021103458351831926,-0.0003292003317803215,-0.0019344834162476894,0.011178087365183864,9.060318851575322e-05
2020-10-06,0.00045171244955904966,0.003878260922683785,0.0038035396810641997,-0.0035073410413781203,0.0034255636280312862,-0.0002750775650554409
2020-10-07,-0.004108196736126057,-0.0071887249678198595,-0.0007341666010341805,0.0015881890067124048,0.000304400062323196,-0.005797916317710242
2020-10-08,-0.005602015185678334,-0.005867498608592014,-0.002111589494874866,0.005374165687719579,-0.0023842380315257654,-0.0011985545625069483
2020-10-09,-0.006485718028733989,-0.0022230760629023127,-0.0034116135973549233,-0.0004409653630845778,-0.0013179928014166453,-0.001908527834536202
2020-10-12,-0.001291476764292243,0.0001264238884159276,-0.00023274139937674604,-0.0023032865501633193,-0.0010304928386351666,-0.004425471159502462
2020-10-13,0.0008041632999341575,-0.006315034796662261,0.0005349179693037998,-0.0014181330373246037,-0.0004946356835802412,-0.001910495087358096
2020-10-14,0.0046099640730939695,0.0017089194737526237,-0.001616744178315449,0.0011847704869882847,0.0022657596955721337,0.006329154389413819
2020-10-15,0.002184652790104824,0.0040797648581386015,0.0012482356279673867,0.005646201231269965,-0.0024489293996179107,0.003297442311854566
2020-10-16,-0.004545976815863084,0.001564730879019272,0.000660397790284595,0.0001631641456411924,-0.00014660866625104641,-0.005111995994127918
2020-10-19,0.0005724657391769916,-0.00746461033435758,-0.00831134030927827,-0.008433552154989837,-0.00626785588127407,-0.003161552077757997
2020-10-20,0.0031194832741323897,0.00017435009561511672,-0.0028943087309750426,0.0030446716644086658,-0.00045920507643065767,0.0015017662080002063
2020-10-21,-0.0009633786210140327,0.007693612443870013,0.0012698451037000402,-0.0037632532392344875,-0.0041338034829186965,0.0004798386829526118
2020-10-22,-0.015478841600523291,-0.008018824883848585,0.013854147329379174,0.007452042199253023,-0.0076777956663018065,-0.004345235461560154
2020-10-23,-0.0038834442839935646,0.0037230460265797183,-0.007242852909549652,0.0037037924587879356,0.007170683602300498,-0.00687388511861093
2020-10-26,-0.0009664612244242977,-0.0036218432645010795,0.004019496113574084,0.002242472676767271,-0.004378190569500728,0.0010714888939449274
2020-10-27,0.004887749963782095,0.003644424968924875,0.0010241689407439088,-2.2305828682367326e-05,0.00020098483691903817,0.0052555382846729
2020-10-28,0.009054349829610064,0.006169499248881039,0.009574027908975857,-0.0010362646010676929,0.006213841273613086,0.00041378312758881194
2020-10-29,0.00436270222509158,0.0028749289213722273,0.005757932333740862,-1.74659287625889e-05,-0.0035569635892033213,-0.0035507656184349994
2020-10-30,-0.0004418050671783024,0.009776949595317363,-0.0011695060340866101,-0.002481980136993167,-0.006298563763507348,-0.005421650071810669
2020-11-02,0.0033474838275294183,0.013235195235337172,-0.004386065601036215,-0.006585165288237549,0.0036406818364665416,0.0011776111671828174
2020-11-05,0.023262285689915535,0.008683298610067475,-0.01242069767574902,-0.01705326352868819,0.010353804607436262,0.00441648698829139
2020-11-06,0.007624150201451442,0.0061183924584822256,-0.007233292252678925,0.0011193818390040858,0.007143525347930947,-0.0010757620407551849
2020-11-09,-0.0010863259740014008,0.011656668259427506,0.0014526214563424403,0.01267134033034292,0.007112763428820301,0.013925682071072068
2020-11-10,0.014549871359307697,0.032918978850982675,0.013681494717657384,0.002883557976840966,0.018402263416812482,0.02311854814101913
2020-11-11,0.0009864634042298318,-0.001518527123191582,0.00026955814502902485,-0.002422088243036691,-0.0050800610057335945,0.0007144991184227011
2020-11-12,0.00978915317307303,0.00786304117771617,0.009362514595927164,0.0057256712097596635,0.0008949200553829873,0.01363166398837623
2020-11-13,0.004328431467838789,0.00016793508746162922,-0.011126515559895578,0.0005119164632861883,0.012537738400636739,0.010309997654895393
2020-11-16,0.0046755035557962225,-0.0036486180252030664,0.0032756379671982526,0.002863646342837134,0.004721561869097312,0.0014756488116277147
2020-11-17,-0.004089562056645124,0.006306254034840819,-0.004108609192835933,-0.00699119192464377,0.0015807855786207357,-0.0060980258008448505
2020-11-18,0.002082417277913541,0.010530174794627213,-0.008628427465423272,0.006009492702096164,0.0012438984085284101,0.0024213698207078416
2020-11-19,-0.005443731615711324,0.0058186933191873855,-0.011869346887446631,-0.006159778001404348,-0.002680687182763242,-0.0017310366202157312
2020-11-20,-0.002143262386789724,-0.0048998951554469535,-0.0020338879476833995,-0.0027775914884358814,-0.00536880506763715,0.0007816614877456506
2020-11-25,-0.0004539173918554516,-0.006501537672852886,0.009499542379605642,0.0010945858982736039,0.0063474298581367005,0.006190035963850036
2020-11-26,-0.0037221879860472595,0.004274950285271084,-0.005842080164042668,-0.000343638403221852,0.0035795991875952893,-0.0026503789501930806
2020-11-27,0.005893559273212723,0.008864160977012842,-0.0027307463892939365,0.000930456550814307,0.0003451213951989329,0.006031079925430727
2020-11-30,0.009054253494557706,0.007337968875062792,-0.010648061007096896,0.00519463676608749,0.004675159854375057,0.01063920390462918
2020-12-01,-0.006093031942593364,-0.006703414027113963,-0.006814849996818162,0.01701056045622618,-0.0030233673938272693,0.01200515252991352
2020-12-02,-0.0005896366141254104,-0.006570646254211399,0.0003946360156613653,0.0011000170486315632,0.0009156987006170513,0.0004964277437621107
2020-12-03,0.00762881821818448,-0.0017510615935854845,-0.002086084949628031,0.00451410161441404,-0.022221016692904022,0.013924548776397407
2020-12-04,0.004315256548412783,0.004629134972567584,0.003825225961304058,0.0027631872049571848,0.004189082688890334,0.003653709266120927
2020-12-07,0.00018031692886908432,-0.0033577164911371858,-0.006876690450591916,-0.011410107596411435,-0.008157938606132321,-0.008522369625295012
2020-12-08,-0.0014148312856485214,0.004325461442493195,-0.001783623288932046,0.0074098266287106595,0.004488388260133558,0.005056531884600535
2020-12-09,-0.0020466748948373198,0.004111015603230062,0.0074550205643288065,0.004538201043954105,0.005422481693967974,0.0072924665335797716
2020-12-10,-0.006874142832627151,-0.0053483330728278065,-0.0003796848531354424,-0.0030496425874364077,-0.0057258473161354365,-0.004782841997105399
2020-12-11,-0.003132322154660772,-0.0076253906730827225,-0.005760544772347043,-0.008663567332157073,0.006853668656933665,-0.0006662807320296782
2020-12-14,-0.005539600096418207,-0.003993283036863682,-0.007156228534740183,0.003652538253914761,-0.0008739656800433427,-0.002134813994749759
2020-12-15,-0.004606449469155805,-0.00023893589851162883,0.002592875616141033,0.0010351485434376695,-0.005899721139943725,-0.0014870571516641855
2020-12-16,0.005620618960305579,0.005283923455090073,-0.00253785698651654,0.004635289170451723,0.003900559586973218,0.012348219014276289
2020-12-17,0.003288039935462672,0.008317226835839598,-0.0002257073718116674,0.006485962230064479,-0.002318296047144663,0.00636821810875976
2020-12-18,-0.01189290766552054,0.002713062404937894,-0.015485998211118202,0.002056407082957512,-0.0028884284377111327,0.0013862425310019744
2020-12-21,-0.0007032336824419392,-0.003284456823139583,0.0007589363546828486,0.002811542318769677,0.007020148692147734,0.0040766564040179976
2020-12-22,-0.004333947748865107,-0.0009348144022404132,-0.004875830548360627,-0.0018667626121612992,-0.004801478378353141,-0.007095213205411509
2020-12-23,0.007315937721483534,0.01151090942050459,0.004067521612493243,-0.0006648120967742031,-0.0006048566939697467,0.010706595929325713
2020-12-24,0.0038081073946804054,-0.001374683472060711,0.004991417722036641,-0.005607423955141601,0.00228895817921766,-0.004226160451494959
2020-12-25,-0.0013679962075763717,-0.0002685922232191992,-0.002937121083189132,0.003281856028471264,0.004411097243287033,0.0022752741555817912
2020-12-28,-0.0008191532691327551,-0.005209926475301163,0.002296767124264077,-0.0025680880697152462,-0.0010380270953130434,4.481211716772515e-05
2020-12-29,-0.0011023104680683016,-0.00014432537142709985,0.0016763801673311813,-0.00042004118604301857,-0.001311652965311971,0.004207639609085362
2020-12-30,-0.0055295183396941285,-0.0044322556169197344,-0.0005118812801240936,0.00033360156169473,0.0013424332989782298,-0.007928138287430145
2021-01-05,0.013604529906407503,0.011218669202299547,0.0036524266768294114,0.0008301764505241902,-0.008026240328405909,0.009595666421795102
2021-01-06,0.007412649652632421,0.0040454771652614465,0.009036150638097063,-0.011074815831762909,-0.0032164646283425755,0.0028539724188119727
2021-01-07,0.005764902636382608,-0.00242992489697933,0.010772394490562155,0.013400479588822088,0.00874758849180464,0.009360867264689765
2021-01-08,0.0031003725255319475,0.0011719935759552332,0.0038861796654984467,0.003993768112403241,-0.0013570763140128058,0.005244234445976936
2021-01-13,0.02095422317270559,-0.0046850391594389865,0.010818742533330773,0.00783753192548584,0.008999240069652449,0.01645059182032771
2021-01-14,0.0076858984099478465,0.0001504632785918063,0.008391476298464975,-0.011135611910616718,0.008693813494457636,-0.012071276746514942
2021-01-15,-0.0044560386660839725,0.0004707705757609925,-0.004743199214168792,-0.005112302452666517,0.002300140301960729,-0.0006430159971549667
2021-01-18,0.002247648861344298,0.005344306734460691,-0.0018777523162325726,0.005211522715260952,-0.00021582106555535492,0.005108563799768595
2021-01-19,0.007711062824454441,-0.005700750674569921,0.002350806812059503,-0.005505735752044294,0.006353151979976525,-0.008563139591074798
2021-01-20,-0.006201561735925365,-0.0008658423069741064,0.007644389849879207,0.00526134408636192,0.002625169249958193,0.009487631437520424
2021-01-21,0.0029332078319435962,0.0034039180122873436,0.0019611729140466497,0.0019227602252986922,0.006172116883314871,-0.0006559863254795111
2021-01-22,0.002862191998640462,0.006630317642325467,-0.0015831934652691393,-0.003348083786742506,0.00405719434584545,-0.0006829966130843523
2021-01-25,0.01122537034929765,-0.003294700413354179,0.006301104657500623,-0.004097364487556997,0.0032569838924575,0.008775747350842633
2021-01-26,0.010484516328970319,0.003161490942880496,0.01061643424493448,-0.009827390324405052,0.009935456483733443,-0.004936558626183992
2021-01-27,-0.002018175621234919,0.002270349362841761,-0.004705415099928257,0.0004150008125667348,0.007192857008394761,-0.005547749778579691
2021-01-28,0.006188455367418034,0.004642348714258659,0.004822647962395534,-0.0025808908096032653,-0.0030027214903091343,0.0035426223133806284
2021-01-29,0.00211362176109392,0.0022474376570052468,-0.003684491615834451,-0.00998809509880802,-0.002585258565341475,-0.004511521378960215
2021-02-01,0.0024892882660125515,0.0029422741124732754,0.004886255515717947,0.007076600484862,0.0008776785384022046,0.008238590066786677
2021-02-02,0.011120204709362458,-0.008475023166520356,-0.004773275494674589,-0.0022639019782176644,0.00248147684554878,0.0028469188315793925
2021-02-03,-0.003121025070175687,-0.01668047883956645,-0.008087888481844208,-0.01389217584369964,0.0015460331755030154,-0.023839441744165912
2021-02-04,0.0030281784941785794,0.0013466636173464774,0.006094658318272229,0.0014293446152389153,0.010070913030873329,0.0004556082545597146
2021-02-05,-0.0035909318474237396,-0.008939569747957267,-0.0018155194737413892,0.002466779092934779,0.002270696319337051,-0.00903030042789284
2021-02-08,-0.006419560784227097,-0.00015432760196492203,-0.007368669083342282,0.005009104679070387,-0.0015962512901488424,-0.0018787985838869918
2021-02-09,-0.006910381655905584,-0.004331423074322705,-0.003952813821474277,-0.005411539257984654,-0.002476852261294459,-0.008145040386517265
2021-02-10,-0.003352696935334288,-0.008094257828187092,-0.0054455316371385025,0.009102636626251437,0.0053487012569256144,0.007084008627574301
2021-02-15,0.00017241717493128301,-0.00608448284187133,-0.0016625131460036747,-0.003959204830698915,-0.0010821882946573382,-0.005059466931776425
2021-02-16,0.006687881380084981,0.008355428485466398,-0.006472568540798096,-0.005933823974573471,0.012148081949280543,-0.004463312707048248
2021-02-17,0.0044005978811238345,0.003229438448615807,0.01415370633664672,0.008282801699631935,0.009300184754639763,0.009991845803932574
2021-02-18,-0.014662339339635611,-0.012801998180196474,-0.01190901539295848,-0.01319015763491669,-0.0022156696753772307,-0.011994484986007147
2021-02-19,-0.005235056456854226,0.0029982165306611016,-0.002813017663167239,0.004720081141632649,-0.008456871882578909,0.0
2021-02-22,0.006001032151723385,0.009436003849483931,0.006535799090673742,0.00881038945527066,0.006387831563813596,0.007492581790744718
2021-02-25,-0.002394626046833404,-0.00529965900573397,-0.003501906558216917,0.00199579445662208,0.0006138976293212472,-0.0017986313819334239
2021-02-26,0.004212878068705475,-0.007828860994617172,-0.012759026062004809,-0.013737517825710421,-0.004403935172925878,0.0034425019623586977
2021-03-01,-0.009982947154321376,-0.009124356069240336,0.007540618153422839,0.0021091202655164837,-0.007346750904093669,0.006493506493506551
2021-03-02,-0.0009864174280603609,-0.0031883418289833324,0.001052785638991605,0.0009656610914084983,3.2110082026682446e-05,-0.007162343409289432
2021-03-03,0.00036284562111910026,0.002469991849823239,-0.0024793077239649852,0.011372599337013355,0.011609844943967862,0.009872713136276225
2021-03-04,0.00379659361475011,0.0023595598309272157,-0.003526614460897838,-0.003246267288903738,0.00366110822562693,-0.002236239851763593
2021-03-05,-0.0018166623391586703,0.001959730109130376,0.002220308957874729,-0.00588024195098793,-0.009327948844969125,-0.004104176469250209
2021-03-08,0.0012689226988622966,0.004500720742181863,0.0060408333676264196,0.0020479432934389138,0.004283705840932583,0.012173657478310007
2021-03-09,-0.006399563542231077,0.009389328360109972,0.0036770910885258086,0.003500595852476751,0.007539772233185871,0.0013038915287070883
2021-03-10,0.00223386246510604,-0.0026073083090550893,0.004960105027638862,-0.002182969217946651,-0.002185480334780787,0.005760906656002226
2021-03-11,0.002165995419090017,-0.0021909226538715954,0.007216954152280408,-0.001328587884823262,0.009248918717402566,-0.002795230834898203
2021-03-12,0.0017169301913424243,0.006983716621821024,-0.0034223255785020387,-0.0007292640529321429,0.01473232553956685,-0.010628683294445697
2021-03-15,0.0032043197128692746,0.005989225038709779,-0.0020919930618581,0.010018588328730527,0.0027346501207952565,0.009789952218562104
2021-03-16,0.0031932147276901857,0.0005245259113851207,0.006542338591882158,-0.0031816810225728134,0.009576841889787292,-0.0018113931452788945
2021-03-17,0.005253956765153079,-0.00363658316504103,0.002113031332199378,-0.0020421979034676457,-0.0028023940840758103,0.005775315297916139
2021-03-18,0.0042010313093731495,0.004030240882914815,0.010970575113717396,0.006134083461734364,0.00432124602902797,0.008291939660005798
2021-03-19,-0.00479808532270023,-0.000524544066554577,-0.00983048470790031,0.007578475253805239,0.0016471348511915896,0.009839491526205446
2021-03-22,-5.736782057865798e-05,0.003752599534992784,0.0012345182846333013,0.005620920413610954,0.0044629690207247386,0.019044624907614216
2021-03-23,0.011901469204895633,0.010345685403123372,0.007430983420407312,-0.008667379763165006,0.006071055426753436,0.00015642068144270868
2021-03-24,-0.004647675969138132,-0.0022481316260557047,-0.004885081126925915,0.0013909920021224265,-0.003876791542557335,-0.009141021340895672
2021-03-25,0.0009585656598583448,-0.0015756001648010733,0.005165082142417443,0.0011247164425340905,0.0004843029171166524,0.0023498699979338064
2021-03-26,-0.008097893409356096,-0.0015626739860858275,0.0047439296276859284,-0.0025219923813312615,-0.006349247969353078,-0.004357865803055642
2021-03-29,0.007381227007500547,-0.005751900985129878,-0.0004039448678593515,-0.012652441942452321,-0.0005497187743439985,-0.004735743099559394
2021-03-30,-0.01159593915161854,-0.01232583202113009,-0.014769973528570615,0.009426766584642499,-0.009774483102979946,-0.00816838598484032
2021-03-31,0.0013102373407845257,0.004947359117588214,0.007013080874499657,0.005973722324608932,0.004079827119601999,0.004785574883039944
2021-04-01,0.002130950814498567,0.006638244574084196,0.005643604406716651,-0.006814218887068746,-5.381279380836093e-05,-0.009629142297650403
2021-04-02,0.0008512323435843957,-0.005364170333288244,-0.002525932628931216,-0.009741419928370255,0.00287388681172911,-0.00950558903224734
2021-04-05,0.008978633642540436,0.007988468770214176,0.004026276352737912,0.013705045757257974,-0.0008726750017144834,0.01630079740141068
2021-04-06,-0.001904674951316054,-0.00853646711295457,-0.00127543919983455,0.008556582129844646,-0.003067571069043428,0.006396713054573455
2021-04-07,-0.0024026040759242977,0.0018959569151012496,-0.002791677034552165,0.003181415467583614,0.004659189044630941,-0.0007552796101960948
2021-04-08,0.0014120436127285309,0.0077375950976635195,0.000973185928189647,-0.00573787570485278,-0.007637449203718161,-0.004299293496898577
2021-04-09,0.004547971937790396,-0.0015783204687483511,0.0018815176843677505,-0.008428523642102781,-0.0046925710969286435,-0.010424542977858182
2021-04-12,-0.0012669802269714044,0.004562845534040182,-0.0050360033847765655,0.007185266001971292,-0.006067277220754286,0.0010023008778857756
2021-04-13,0.002315192365941154,0.004164311749340467,-0.005394912167965816,0.006028997310412798,0.006897683340884963,0.0024803855770886285
2021-04-14,0.004159850103823537,0.0008739363594738369,0.004328524136060908,-0.0020261749164530714,0.0013930177217650775,0.0012880337177424983
2021-04-15,0.0005286914753726445,8.524835020098389e-05,0.005576939713431917,0.004932531315764212,0.0036633701207432704,0.004779838250615298
2021-04-16,-0.0031102544296802035,-0.0005567791149076797,-0.0013223694719239675,-7.129524453368668e-05,-0.003915144306064345,0.002930309449828805
2021-04-19,-0.0014895113609122881,0.003334879223560594,-0.010393871942957534,-0.007904267193013691,-0.0020989657059802052,-0.01120144420106689
2021-04-20,-0.0016642890986457767,-0.003564694803582346,0.005575891965629532,0.005556842269270359,-0.00406120016606637,-0.0022350294098975603
2021-04-21,-0.00044962501102336814,0.001959212421270041,0.003065714565072853,-0.0025279698964420618,0.0023442483760723444,-8.328611615456482e-05
2021-04-22,-0.004723344121258255,0.005191286670074447,-0.0024614046060505543,-0.006995072054931086,0.0022103402378983892,-0.008825321834456163
2021-04-23,0.0017043254744957713,-0.001017126383332467,0.002849342954965639,-0.0006148938697221776,0.006548957413535205,-0.001945054715648375
2021-04-26,0.0027554744060419795,0.002049636443371839,-0.005746744950487393,0.004628993736614828,-0.002364811263994038,0.0018547470921678744
2021-04-27,0.005513963454837501,0.0024173276909543735,0.006478588018641896,0.0018915233692836865,0.0029781879737873058,0.006175633907781662
2021-04-28,0.002795866755782006,-0.0027560748768277192,0.0050923328505012135,-0.00035860234749249845,-0.002873096898968242,-0.002598455586052872
2021-05-07,0.0043987298918257926,-0.007540855442684926,0.0011692425223074788,0.010573583489285256,-0.009494471828094509,0.013915858990411811
2021-05-10,0.0027502648911097664,-0.005732695742991645,0.004606347344467054,0.006309365591268424,0.002472929700356819,-0.0011474945891689504
2021-05-11,0.0029312948868667433,0.0045761440636804766,-0.00019496180319835636,0.005489191447518892,0.0028427657546321603,0.011762955353342708
2021-05-12,0.005562684209755719,-0.004363165195789275,-0.007997395258338626,-0.006985642623176002,-0.0040078162813524274,-0.0018364527586706703
2021-05-13,0.005985799775377566,0.007518409373277857,-0.008055008499765415,0.006260099197066339,-0.0037484238178025603,0.01038039053465729
2021-05-14,0.00760040732934273,-0.0025176668532859384,0.01955284718682346,-0.005724580392752431,0.007944256308765808,0.016501686058314757
2021-05-17,-0.006853845127365866,0.011190773825591218,-0.007602001027348273,-0.0016409334389484893,0.0006086933004218376,-0.00156131823929892
2021-05-18,0.008495891010250766,0.000963811668948389,0.011407155361847799,0.005744395046001127,0.0036251931035673262,0.00414765102178144
2021-05-19,0.001286749684559307,-0.0010958267728971907,-0.0005102753205959991,0.0017347074804597187,0.0031730459623182878,0.0032488093934058826
2021-05-20,-0.00033048242276101445,-0.012267465466444463,0.0030219037452727357,-0.013174025488944285,0.010378074219094868,-0.007564810077859806
2021-05-21,0.00844370056549646,-0.00020419794054466964,0.0066917839882739034,-0.008287009681699641,0.008030051677114016,0.00046428503212133255
2021-05-24,0.005943320532179053,0.0013036131852781187,0.005426049274692923,0.004720348606841851,0.002746455128766323,0.006144067083113436
2021-05-25,-0.0024736043216904598,-0.010852539813654529,0.0014291169874242947,0.007631912079895708,0.0023981796948843387,0.0036910104451753165
2021-05-26,-0.007696421437502798,-0.008870710539023998,0.005363667406248541,-0.00876879132432702,0.00869218124233675,-0.0097724139845791
2021-05-27,-0.005110107487311643,0.007981353103408995,-0.0031700384601672125,-0.0036966179027039464,-0.0014408089661556163,-0.004154706271368639
2021-05-28,0.00712227050091474,-0.0006439959039718174,0.005602600494098531,0.006224294162240263,0.005766590845747266,0.007250712358199038
2021-05-31,-0.005560490414927767,-0.0018409081327744664,-0.0002324011287182957,-0.004803908305193883,2.328970044955742e-05,-0.006860742694073433
2021-06-01,-0.0046524147894130945,-0.0010853133676185238,-0.011938652556241401,0.005999770066693544,-0.0023382626289105914,0.004195296174329547
2021-06-02,-0.0029392640938969315,-0.002746660922970912,-0.0009091389668743005,0.000253215743945945,0.01087957432597808,0.0002552342815214659
2021-06-03,-0.0025543227379951844,0.0036438984873065515,0.0038224785557342544,-0.0059330465365785125,-0.0024681229024450923,-0.00335692272815194
2021-06-04,-0.005120415015034619,0.0027509755705113605,-0.0011373246323423515,-0.005552353775841179,-0.0023709156255097954,-0.007388274271691456
2021-06-07,0.0036846390979367477,0.0020324240160666035,-0.006827197545866625,-0.004321444492842752,0.0029848351345639792,0.007508532872648466
2021-06-08,0.016722398020551022,-0.0020299101330982557,0.01324840500665705,-0.013946751728920792,0.02127718356274624,0.006563160112833384
2021-06-09,-0.009722200905103673,-0.012664172960156095,-0.00015874661887533724,0.0006384379085549569,0.011124568223894073,0.000545797755578975
2021-06-10,-0.0028897139319939754,-0.003391300772479067,-0.0010160159134270375,0.003347038863861652,-0.002010959146113467,-0.0009134599159536331
2021-06-11,0.0040907587702787365,-0.0022764183859481425,0.0031901768514919437,-0.00555239645990806,0.0009866378744269213,-0.0011019039676037892
2021-06-14,0.00505029075873018,0.00031782861142895004,0.0004776500574427125,-0.003659225430924141,0.004327788406716681,0.0024597023595477
2021-06-15,-0.0002194974303461715,-0.003123404155790087,0.0008270082476326436,0.00041597396165617975,0.005822071920574623,-0.0007587355456909473
2021-06-16,0.006514722195693734,-0.0017200237578200769,0.005058522966613577,-0.003208313279133046,0.00445960814994042,0.0027231930333610817
2021-06-17,0.001267124988893675,0.0003624150610353148,-5.147562365921351e-07,0.0040807076932310995,0.0008370964127957906,0.004764493092119126
2021-06-18,0.005334659733370373,0.005116110471061352,0.002616365977660883,-0.007203839048369964,0.004488894713476064,-0.0015268443087423375
2021-06-21,0.007703360390477656,-0.002601655633952249,0.0027246645328102164,0.002391858722573681,-0.003341008634356957,0.004422357142609312
2021-06-22,-0.0020887111090022617,0.0008065191987697063,0.004366511066187461,0.004529283541898367,0.00027714548141033425,0.003536922746650276
2021-06-23,0.0030870459402895004,-0.006839498575238446,0.0003863069656725006,-0.0034104820529290867,0.0031878920087321963,-0.00027786048546704634
2021-06-24,0.004392420348976246,-0.006401595790251481,0.0018889006712346171,-0.003469788520940554,0.0022444972558875566,-0.0016925191328990734
2021-06-25,-0.0012145075963693852,-0.0031954146908530936,0.00058420882830732,-0.00316736766112693,-0.002931592110496739,-0.005038300677275898
2021-06-28,-0.0008424425488762874,0.0012608314653950183,-0.0016022755635321851,-0.002061809832558126,-0.0006597933378275965,-0.0016475304327466984
2021-06-29,0.0020909185153011214,-0.004922736693841712,0.004872227305395917,-0.001858235114110896,0.0021492905634229453,-0.00032137060976475396
2021-06-30,7.669246748309667e-05,0.007221272188124784,-0.0009288597408624307,-0.002397945666195578,0.0023069189621657714,-0.0008570770250630744
2021-07-01,-0.0008492159401416234,-0.002265784100785817,-0.0026093475611659546,0.0014630363407180935,5.2415598855027354e-05,0.0016912505056313476
2021-07-02,0.002665374514809238,-0.005417777965821147,-0.004019365950646181,0.003999248680812229,0.0012979003000059166,-0.0009830153819125331
2021-07-05,-0.00010388608192035643,-0.004316365537769285,0.0030401833014700678,0.010651118946141392,0.005313343024559747,0.01363490483556884
2021-07-06,-0.0061240648853182695,0.006178628356075611,-0.004036222895774433,0.004264929859035416,-0.008538439639948514,-0.0005114916684952525
2021-07-07,0.007946932737224932,-0.005050503169702548,0.005580737314760453,0.0016509139502523637,0.007313792581402278,0.014085060516304593
2021-07-08,-0.003615766519449993,0.003875973114989884,-0.0024523119556765674,0.002861568877952325,0.0023582808108052245,-0.002374814138424497
2021-07-09,-0.003980699820245182,0.0026184900298499955,-0.0005845132592309892,0.0024045703137812067,-7.94958566735735e-05,0.002500542863994297
2021-07-12,-0.0025411150073064047,-0.0015251801041190841,0.0039037329881324917,-0.0018701647355306775,-0.002567378892993699,-0.002726598024667482
2021-07-13,-0.0009422394642955689,-0.0010855342635214043,0.0008903891706413039,-0.004634013270361571,-0.001237559050164827,-0.0015375886844510636
2021-07-14,0.004448841820749028,0.0008930269215630339,8.410791939901247e-05,-0.009526997624638133,0.0047766556931502,-0.0014270805244226224
2021-07-15,-0.0018478609754085887,0.002193764622729088,-0.0035124801665427086,0.0005202291474789345,-0.009006864442130946,-0.006016002689337662
2021-07-16,-3.7315036657359444e-05,0.0059537763912478345,-0.005014255335667239,-0.0006170353636523407,-0.0019606498816116197,-0.004725567725260911
2021-07-19,0.0034595652177100028,-0.006186602481614623,0.005798089959076202,0.0033899624858220847,0.0087444470590214,0.004838758676829369
2021-07-20,0.006318292280472048,-0.002620590050019822,-0.001988873968703198,-0.0019434053949109354,0.005632027602508204,-0.0011150595381266282
2021-07-21,-0.00924645861913458,-0.002639192815604407,0.000764423355153321,-0.0001097769303343816,-0.006106627208316629,-0.0051946905614908
2021-07-27,0.002960530167237985,-0.0014334223811664827,0.0008712526110000059,0.0006800809166067848,0.004158154796578839,0.00021111348858913212
2021-07-28,-0.003718140492807765,0.00088221713567358,-0.004179747973123194,-6.175143122968442e-05,0.0014276269674521557,-0.0018752658418839845
2021-07-29,0.006562281726218977,-0.0025342498258382304,0.0053403740597657515,0.0012917288903509406,0.0009936763072549762,0.004265143281910151
2021-07-30,0.003484407980460658,-0.006231736533290965,-0.006408767665887339,0.006272424762612806,0.006002858421727341,0.008139735660638489
2021-08-02,-0.0038482773317532384,0.005929935947867195,-0.011539915507283196,0.004771736004055649,-0.0017989059044972939,0.005198930872589214
2021-08-03,-0.004928529578441143,-0.000671689043882018,0.004762206974060668,0.0027214718402882145,-0.003942081129810493,-0.005624919451159671
2021-08-04,-0.0012627557957644252,0.007024817215350533,-0.00024333569364143358,-0.006657824509024946,-0.0010954154700411282,-0.0005891219400168679
2021-08-05,-0.0003545416692066762,0.00016987974840405564,0.0018358868263318893,0.001331665036100627,-0.0015496877974374714,0.0018267808221832937
2021-08-06,0.001407506810014336,-0.0007485824118911521,0.00017862637678089954,-0.003794953298219262,0.0027649393351982573,-0.004622501198447315
2021-08-11,0.002962695578866548,-0.010261098754887454,0.0077494347720695085,0.0030113914826302773,0.006828639721828945,0.006156473782109057
2021-08-12,0.001391688482926634,-0.006662770951101927,0.002186293680094198,-0.0007306832289896807,0.0016562063897087584,-0.0004888692885001524
2021-08-13,0.0055960114509081334,-0.005185432219297016,0.0007424640966147592,-8.653210838369661e-05,-0.0015014480994350208,0.0025217148780703655
2021-08-16,0.0013086566865359482,-0.0060600122192125076,0.0039979457462276284,-0.002935739619052847,0.0023156188363750332,-0.0026229862244077293
2021-08-17,0.0053488761199038445,-0.01017509596193862,0.01157506293269488,0.002226077221198253,0.0065054790029472455,0.0034468917673697863
2021-08-18,-0.00142314759703005,-0.0005155286447091345,-0.0022477495680981174,0.0007192717799079928,-0.0017228023396296532,-0.00015924349736725252
2021-08-19,-0.01370348765365268,0.014914079320226639,0.0005924106794935595,-0.002875826481497956,-0.006987523279032226,-0.005801046508494214
2021-08-20,0.016781359336068304,-0.0017319189592549518,0.01320055873146595,-0.015464374129026527,0.0028252390993146696,0.0003310216425742769
2021-08-23,-0.0060813424423621825,0.010232389089024642,0.0017178633872169116,-0.0027271613651283395,0.005866818399061312,0.0009033167123327363
2021-08-24,0.0011346735816105459,-0.0013105449305675701,-0.0030517961774021666,0.0037041292072273802,0.0015000875483714093,0.0026085578172260543
2021-08-25,-0.0006220632086549441,-0.0002465850245152001,0.002646580769722129,9.320322373553794e-05,0.0013835099345104627,0.00016194970858376956
2021-08-26,-0.001381436403903136,0.0004838370988259567,-0.0033096124938915236,0.0002710168468798898,0.0027745916671813474,-0.002432214656383232
2021-08-27,0.0025390509951017,0.0017189985228217132,0.000721736604763002,-0.0005336133039138155,-0.003517489443380307,0.006179553106479848
2021-08-30,0.002163580773581608,-0.004855843531612636,0.004502780446549527,-0.0011589010918479524,-0.0007224037656645922,-0.002606901355649072
2021-08-31,0.0023099104466102853,-0.003811282568305208,0.0039049718171142002,0.001911916082506382,0.00728777309366564,-0.0028614546958376963
2021-09-01,-0.0012189307800159368,0.001432438203408704,0.0003581206739643682,-0.0012423456736764041,0.0010052748139869336,-0.0025617285136619967
2021-09-02,8.250534489262495e-05,-0.003942496882135638,0.003360268438715441,5.439432005039258e-06,-0.0008175304860399189,0.00023912609666210116
2021-09-03,0.002991930852382963,-0.003576947601373659,0.0068697219256598,0.005557913525698101,-0.0004906694920558952,0.00498534499904028
2021-09-06,-0.0038693352324054467,0.004049266980099419,-0.001671979915945765,0.0033699873493641566,0.0011006747436581137,0.001632982687930301
2021-09-07,-0.0018988209571058296,-0.004984307522082232,0.006586540328845669,-0.004443726040866181,0.0004527129896610527,-0.0042675195744029115
2021-09-08,0.0038358726435109517,0.0009075683623224859,0.005276000988754427,-0.002622236548941049,0.00018183151497908057,0.0016146041323262805
2021-09-09,0.006697113406603305,-0.0015808160344282784,0.0065176024267233675,-0.001997687696194284,0.0008113365479823548,0.004469694346598653
2021-09-10,-0.002716741716758376,0.006122045943824818,-0.0014739198375407492,-0.00429930875948803,-0.0040452438132305485,-0.005018028424515198
2021-09-13,0.00589248310088224,-0.002101578161163387,0.005774796225292711,0.0044971577663383226,0.003891062817927793,0.010020663211551373
2021-09-14,0.0007466752380643985,-0.005101142169106332,0.005573687467620348,0.006151225752068879,0.005822508901433121,0.005093718832100247
2021-09-15,-0.002323840707504266,-0.0037611012841046957,0.0025918079043351083,0.001756635581108479,-0.00039394006228583595,-0.0063644794467269845
2021-09-16,-0.0091718884587789,0.007869075565973183,-0.0029031736172627554,-0.004733397802919148,0.0024750594630157836,-0.005870223269277285
2021-09-17,-0.005462022046686998,-0.002001623488342275,0.005523041375927718,-0.007436085756208577,0.00437038509521539,-0.009077054930387152
2021-09-22,-0.0011213123648905919,0.0055523722938412914,0.00673110909109409,-0.007643706761807768,-0.002429652823624173,-0.004216241222407718
2021-09-27,0.005701534034522759,-0.0015013059444520806,0.008524334764871399,-0.004781106642286216,0.007796790444568914,-0.0022329775008129715
2021-09-28,0.006034270583135282,-0.006760549078539713,0.0054270671292047995,0.003375887414098289,0.004021803067835794,0.0003042897368601971
2021-09-29,-0.0015322737481670457,0.007248582437615748,0.0037111799999691277,-0.010291165657418189,-0.0004090447725829001,-0.01024720199869559
2021-09-30,0.003501004795088903,0.00556970532072607,0.010124157683348001,-0.003224014404696685,0.0009351695396077938,0.0030889287852034104
2021-10-01,-0.002870761370152519,0.0006414844847884901,0.0006021616080494003,0.0009622635272776622,0.003888680063871375,0.0015715985003255197
2021-10-04,-0.021519855759990096,-0.0006785083417370839,-0.01142203214487214,-0.010665134767748196,-0.013084918137250434,-0.013802968591665934
2021-10-05,0.007763510742270198,0.0004352798461861651,-0.0030062203126564936,0.0024137313213734137,-0.001655198440912443,0.008832963478950222
2021-10-06,0.00025683052042488764,-0.003090144969261701,0.004497872532022562,0.005164691604186158,-0.0014037142701337482,0.02095014740810247
2021-10-07,-0.0018200153856145146,-0.006472598547036146,-0.0041090792009699445,0.0033211861416255527,-0.005148792816306291,0.010718332329269702
2021-10-08,0.003791396010078497,0.0012431108706910223,0.004728560215229161,-0.00013086485592757064,-0.0048820546714248405,0.002227839939696561
2021-10-11,0.02154817443825055,0.013846370933451958,0.01658212442569527,0.0017037498130200823,0.012658623093032784,0.01077699727326655
2021-10-12,0.0062201871059344395,-0.002410335804963926,0.0035406501557841545,0.007043519214610861,0.0017206477243937755,0.009672954357167862
2021-10-13,-0.0014825435591981687,-0.0027791215564191736,0.002166532614173122,-0.0005798196239779289,-0.001957638092236081,-0.001803881073389113
2021-10-14,0.006583748055479954,-0.002140010496865241,0.006106521832347334,-0.011175047768068908,0.005347655291084191,-0.004041764904008094
2021-10-15,-0.006595863807225146,0.0005745942086476268,-0.003912205813182523,-0.0001127081051658812,0.00557757311544107,-0.004164574131472125
2021-10-18,0.0196032747403873,-0.011318160592476322,0.02070726556224414,0.017305267835728215,0.0035404217001597576,0.021004645185247254
2021-10-19,-0.002976986392751857,0.000818163029780483,-0.0037636239708424665,-0.006044269023518312,0.0033493450470162946,-0.0045843244164484286
2021-10-20,0.007821235333020215,-0.007583122859252311,-0.0007011547561376119,-0.0037656321848830608,-0.001070688423460587,-0.004918032786885185
2021-10-21,0.0011777596735215827,0.0030227440884116772,-0.0017016686557437492,0.0016803912829605585,0.0033431513480427716,0.0029059547473693215
2021-10-22,-0.0025066668490055562,-0.0019478561314864474,0.00033287805416448734,-0.0015202052590862272,0.003022700156812474,0.00016354866853340866
2021-10-25,0.0018693423217967186,-0.005306193579261099,-0.005930345993439024,0.0021770185984483444,-0.0076977141682646796,0.0035849532555523034
2021-10-26,-0.003616155748114158,-0.0008197943274539598,0.0009351180507039648,-0.002948010993832173,0.0014055632923366756,-0.0029725868247801723
2021-10-27,-0.0013665929684315795,0.005153314166469047,-0.0001881190783206368,0.0002118421526142504,-0.0035718246480816794,-6.0996644506872144e-05
2021-10-28,0.004935136151041642,-0.004066080184147336,0.0009397288415198711,-0.008037558443254269,0.009159577637241824,-0.0037879783384991983
2021-10-29,0.0014761408527301124,-0.0005437926511012712,-0.002753256097723123,0.004775306113612987,-0.005305729859223396,0.005281440597003995
2021-11-01,-0.002365848818952854,0.0010373719731781696,-0.000722819022272381,0.003386743463659592,-0.0031888847200187706,0.002819397399475121
2021-11-02,-0.0028381251512534797,-0.0010185244486192522,-0.002465884366234117,-0.0014418806397600737,-0.0013907716138789727,-0.0026113844678679727
2021-11-05,0.004369770777490745,-0.007467268286595476,-0.0054763788673764194,0.004113496996087052,-0.0006424712307411258,0.010216867982836025
2021-11-08,0.0050506829787074995,0.0014470706764749377,-0.0037991769331216407,0.0026178619993346692,0.0012382295243753116,0.003826370908592197
2021-11-09,-0.007609454783602377,-0.005432731169570505,-0.00653934434203427,0.0010664749029281047,-0.001406473006660192,-0.0015589404170027465
2021-11-10,0.00333628684811731,0.004178743005241925,0.0004274929216743662,-0.002071114899352189,-0.0013261124203037377,0.001022530651252314
2021-11-11,0.002498572295040024,0.004828515110615971,0.003024834473398452,-0.004029531022695233,0.004183346539048017,-8.307644776258305e-05
2021-11-12,-0.0014698371722107414,0.0003589419004472734,0.0007144229844181723,-0.00015904485654414345,0.00039718594572795123,0.00019650505833699716
2021-11-15,0.002804109907274177,-0.0011918118414730337,-0.0012907214434891626,0.003631101628787793,-0.0007876054619875949,0.006635510815967211
2021-11-16,-0.001519975287534647,-7.775383339487802e-05,-6.496130058963878e-05,0.0020335511748372785,-0.003192686110591292,-0.0005491928427664257
2021-11-17,-0.0006383737702539312,-2.8014752984972585e-05,0.0014187373498621317,0.0007256899457190433,-3.449306620346721e-05,-0.005948270427442857
2021-11-18,0.0007260792999236987,0.00045788441395764343,0.0042015769893793955,-0.0076079637886113044,0.0012521386595101937,-0.0025481935551261437
2021-11-19,-0.0051874250593607835,0.0022157416157809976,0.001878596248355846,0.002275445158541789,0.001570426731087982,-0.0023895343158926163
2021-11-22,-0.00071901237241907,-0.0014121319775872497,-0.0025050969702965944,-0.002314364969890259,-0.010663250661206259,-0.017141830317550732
2021-11-25,0.004975871345373095,-0.006388306082728469,-0.005162812574471753,-0.0039176351429299535,-0.0046265067877558465,0.00033983020157587877
2021-11-26,-0.005108079724552161,0.005841658802898707,0.0031427003687405364,-0.0038031301011711483,0.0021688010922959796,-0.004726125702131436
2021-11-29,-0.003903296307614655,0.0005963564895855372,-0.0002831514901935777,-0.0026672155428393973,-0.0005739834711227633,0.00047128086150410864
2021-11-30,-0.013850848134948125,0.006128414448091136,-0.0007097749590036194,0.006281655351614134,0.00487136747172163,-0.008103991016731982
2021-12-01,0.015915230595980833,0.006408202203947666,0.003752537276469027,0.004581427202995059,0.0018859980546663815,0.009393060703977033
2021-12-02,-0.006004992369107654,-0.0037490692926738013,-0.012394097247517454,-0.008058776112345423,0.0015827101006779198,-0.026268238162739987
2021-12-03,0.008251142168221847,-0.016190149561932966,-0.0127493633381609,0.005729826361940461,0.013444212989768967,0.005080143644609237
2021-12-06,-0.004806611507454318,-0.012878971116576212,0.0037554565921835707,-0.0004575208529542735,0.002611152581345122,-0.0036509291430749102
2021-12-07,-0.0037978970855039314,0.002766607726399561,-0.0030036317924674086,0.004184998749114399,0.009301258631934274,0.006174308802903705
2021-12-08,-0.007587873357113639,-0.00036181499236627164,0.0017757500507900043,-0.0009577386671622437,0.0021388923168923933,-0.006764452904780677
2021-12-09,0.0021548061974959068,-0.00181456771390005,-0.0019593723966288227,0.0018970753382892,-0.0036641068027062577,0.0005026348267430092
2021-12-10,0.004690770691724611,-0.0037186421526358205,-2.340593337726263e-05,-0.0065323942924192515,0.0004654538728223964,-0.007366775196759989
2021-12-13,-0.0034174902025964965,-0.002565161607367306,0.001656132849415503,0.004798436374062366,0.00742538614406305,-0.0016038633794405177
2021-12-14,0.00644623319518356,-0.0043666614663735006,0.0065185077147369664,-0.0016113560883955543,0.004389637484797638,0.005058713994769148
2021-12-15,0.006292337018714945,0.0059777582047793485,0.0045702774040183415,0.007149700376994272,0.0038904211288890217,0.010966893491849435
2021-12-16,-0.0008327550343923747,-0.001240252602470604,0.0032887411277925382,0.004163810619793451,0.0035614605788480084,0.00044424670924098075
2021-12-17,0.008546034913448452,0.016318763390770163,-0.006133483778768278,-0.0014161614329415199,0.0039048039106435836,0.0018423575254139482
2021-12-20,-0.00983212283178534,-0.008116089427542784,-0.004172599696266243,-0.009124943271583775,0.001398463740170497,-0.005966445140389177
2021-12-21,0.004645847976911411,0.0030701534088284138,0.005002827161772295,-0.0037104501603984156,0.006455400678540491,0.0
2021-12-22,-0.005231281996647519,0.0018634147443813698,0.00224398060884326,-0.0029279911401251524,-0.005829159806162998,0.00029898840906205596
2021-12-23,-0.006978703184798052,-0.008656613939977078,-0.0029181713416901464,0.007667870233534082,-0.0024720335824634397,-0.004323706009306205
2021-12-24,-0.000845035340074873,0.0011756245364012313,-0.0011727355650254178,0.0014732372653115447,0.0035689438237957337,-7.377398763733873e-06
2021-12-27,-0.003585806127205515,-0.0003093634400736623,-0.00043452096369676115,-0.0011461670667466395,0.001504731272170523,-0.002912143639967927
2021-12-28,-0.003001233102802781,0.0035893504111177855,-0.0060706416300848835,-0.004819314037470069,-0.0007038862488268458,-0.001985791880827874
2021-12-29,0.0029682737528598183,0.006048994449294543,-0.0016357272455569394,-0.0014185084156149055,-0.0012111349804102326,0.0031016515849351333
2021-12-30,-0.0035372155289881808,-0.001997852109403819,-0.0026832266960604484,0.0045419153860852155,-0.0038254270619189736,-0.003082972184009232
2022-01-05,0.006765373808327379,-0.008429133809747991,0.021291048019974147,0.012065220166060667,0.016335085528786153,0.01704732276523848
2022-01-06,0.0052427274149941866,-0.012274424953232698,-0.0011407536545298806,0.00217127673053914,0.00493199228953849,0.01916431595935092
2022-01-07,0.011966082378320177,-0.010402247167620728,0.02168037977235693,0.0025092663457064518,0.02002732797925406,0.01580630786828628
2022-01-12,0.00502176667768166,-0.000981426261912932,0.0012105370707400363,-0.0002520750863001407,-0.0013418708707346968,0.0014795293666900623
2022-01-13,0.01598521251845222,0.014658716560000418,0.01047915236697794,0.016820896671467245,-0.0012186240236181866,0.016090333332427164
2022-01-14,0.0011721143468075737,-0.001293306518090986,-0.007408158921925879,0.0033008812050808085,0.0007205980927777585,0.004275132097700137
2022-01-17,0.007542429068735923,0.0048535940401567505,-0.007544106523380846,-0.004542710829410114,0.001226642498740538,0.0
2022-01-18,-0.003892134360382293,-0.004232407600912725,0.00163682262231193,-0.004833564769779475,0.007134638006944426,0.0
2022-01-19,-0.008657877705470884,-0.004584485278002215,0.007598884924237817,-0.005386670009371165,-0.0007376495259931116,-0.0038051626560170787
2022-01-20,0.0024824784759374108,0.004972751935067965,0.0035916758190843276,-0.006003215781842242,0.005188686025239074,0.012862547288776893
2022-01-21,0.0056770520521207245,-0.003958015081888667,0.007030519734635933,-0.0001880012448831174,0.013833969315471852,-0.01747246812513137
2022-01-24,-0.007736909876925459,0.00164543249225888,-0.011768620149270112,0.00996465927592043,-0.006069713854507964,0.011233341569658717
2022-01-25,-0.004286843296588505,0.0013893234793390893,-0.008442334415491004,2.8258507295441954e-05,0.00047466347591262827,-0.0037317509970385123
2022-01-26,-0.00297365078733176,-0.004044653636018604,0.0011546502751827335,-0.002315056983748498,-0.0039055817387511067,0.002044977339649053
2022-01-27,0.0018813021426391527,0.007909101942049232,0.005572859021142285,0.015255289652895134,0.009251671067914535,0.009559148062051605
2022-01-28,-0.00740408974818163,0.010322805433195793,-0.004005918194683456,0.015563546173667002,-0.007415455307226092,0.014396906125622444
2022-01-31,-0.0023724559961898276,0.00584250796200183,-0.004142136552779532,-0.0055287247773241335,-0.008735214782401845,-0.010921001072062767
2022-02-01,0.00862941423251231,0.0063835544967171705,-0.009503076519013208,0.00014782475260282117,-0.0029509288381413873,0.012196811523789671
2022-02-02,0.011175107542676853,-0.0046356965283036,0.010902694945439294,0.009317460234620833,0.009182673137410903,0.010259842403523465
2022-02-03,0.0009178895329598818,-0.00581930932241388,0.004722513011252195,0.0026299646432158754,0.0017716860545105245,0.009128847849527905
2022-02-04,1.4279782605706656e-06,-0.0003233038575684023,0.004027889397426998,-0.001808011385561859,-0.0031622497115559867,0.0035664741219200652
2022-02-07,-0.0007741292235659281,-0.014208003526118146,0.003106944997140787,0.012019016361236423,0.008672006412677374,0.00022677862047188434
2022-02-08,-0.002851199618035793,0.020744214758637285,-0.005842382695689732,0.004843499048174739,-0.0004686841877223245,0.007222412346586626
2022-02-09,-0.0043230636350858765,0.012293329185853196,0.0017676623711495817,-0.007831667067410742,0.007917227873270628,-0.013883568186149164
2022-02-10,-0.003094991349492826,0.0005895523529651616,0.002088220675393448,-0.0009564837591402364,-0.0010923747993021762,-0.002271695329917084
2022-02-15,0.008502101738246991,-0.0006905546921649021,-0.0012689177143979673,-0.012223733611374677,0.013002723992456812,-0.004098473178050259
2022-02-16,-0.007118443854508194,-0.012556098335617993,0.0014585782275173158,0.009100104083705053,-0.01175309233824682,-0.005850763717641316
2022-02-17,0.0067412703611901435,0.0013268271133036527,-0.005363906906623894,0.007813214902228928,0.003833102031438429,0.007644520187534809
2022-02-18,0.0022207281979677255,-6.75445642249748e-05,-0.0012216940757161729,-0.005566032028993841,-0.005489787664906464,-0.0032420353535872657
2022-02-21,-0.0013803603760556005,-0.00046274533029069267,-0.004437656264658485,-0.0009456333125938079,0.004968684453465389,-0.0021941269414063715
2022-02-22,-0.008743993769571069,-0.007388396001072196,0.0061345927723309044,-0.0015960640804164154,0.004915095499271094,-0.004027026842466187
2022-02-25,-0.016241049952113104,0.015914335854917173,-0.012817866403941492,-0.0030695783749139062,0.009560173495839841,-0.016294260514359487
2022-02-28,0.0019983395996564734,0.015923777651956537,-0.006752929080385074,0.018665972710576975,0.00855814895063285,0.01775256320569399
2022-03-01,-0.0004003513011300528,0.003263200076145044,-0.003293114997471581,-0.0019818484253130157,0.00275493633413848,-0.002354486674616185
2022-03-02,-0.010988849759969698,-0.00713909451218322,0.005678794174918234,0.012535645972488392,0.0015756294316195737,-0.0018790505296242543
2022-03-03,0.0068804462562576775,-0.0031271574204405185,-0.005324384605185451,0.008865737084236236,0.003276669951141264,0.012263316193535045
2022-03-04,0.0037735243252648536,-0.005280932301387665,0.006187118908548661,0.006226947635225712,0.0028194241616611216,0.010343549297604763
2022-03-07,0.008901282962223546,-0.0171346256868153,0.005515445260909168,0.014124224155479715,0.013973852676875275,0.031975938948369545
2022-03-08,0.00846869686436267,-0.0062777506462749376,-0.008774866745551436,-0.035381890067901156,-0.013994521756608848,-0.018828449980456297
2022-03-09,0.0059294661643713555,0.0003843261983684128,0.009134274163356838,0.0007668367552434723,-0.0001906252483118157,0.005690056600091154
2022-03-10,-0.017669935815192515,-0.014397875923336167,-0.012857566191034264,0.006578938457135131,-0.015308834740420402,-0.007388954669560873
2022-03-11,0.024258503424477777,-0.014021362804747904,0.025224731232043628,0.02648522383797956,0.008931071922605118,0.020648825421526785
2022-03-14,0.006713201335000196,-0.0022331463243428374,0.008255930663522416,0.0025860656115341166,0.001937076457502141,0.011970981762140832
2022-03-15,0.012576962941374115,-0.02585799016790958,-0.007199449853105788,-0.029158261228281492,-0.0019963601220902337,-0.010709943753213566
2022-03-16,0.006342708797041952,0.0010043123966501312,-0.010121960885820425,0.008849936665938788,-0.008529154122458738,0.02107007545619329
2022-03-17,0.009846394690912374,0.0033538082579922975,0.0007825778953545188,-0.0023479915269305476,0.005093395215175822,0.0031108957618700694
2022-03-18,0.00480271107041128,0.003588491426888507,0.0014887364839919048,-0.00041650735225806624,0.0025298344071404072,0.003426570468978679
2022-03-23,-0.0016517127376173722,0.010157924989885077,0.0011973549383594623,-0.007726027584885161,0.002346729708563134,-0.007082592358836459
2022-03-24,0.002138377260235513,-0.02191457414372495,-0.008506920170876129,-0.008420496932480528,-0.014015187085919359,-0.008442770871925314
2022-03-25,0.00289020560637514,-0.0045808953094019795,-0.0007811800455089335,0.005791297799940963,0.002373237040206488,0.0010151066786570628
2022-03-28,-0.005083399239716013,0.0010370990227052124,-0.0007927306147026854,0.0013223583193871847,0.004537919473865837,-0.00478099244666641
2022-03-29,0.0017727142865289196,-0.00026366559129189495,-0.0018295004312375287,0.0036887311442445727,-0.0038375865489094444,-0.00820418137283089
2022-03-30,-0.0037654248452946523,0.007289176678586262,-0.010538497605860498,0.008473652233563998,-0.004679434873594967,0.02054387175786765
2022-03-31,-0.0020898376347971534,-0.00869524369395207,-0.0013336069528205204,-0.005908642952108956,-0.00753979855208271,-0.010115452447595106
2022-04-01,0.002513958235937052,0.002665580546224367,0.0022093257247625337,0.0011185846919530063,-0.004716999157911683,-0.0009886019368048615
2022-04-04,-0.00512267383039502,-0.0013633883041939807,0.002429879389232582,0.0010074259298662887,-0.0038328703924965127,-0.006701534962005262
2022-04-05,-0.008579077949855995,0.002474544620140517,-0.004065495751936023,-0.003699819757743406,0.003883632366822365,-0.009144451445767948
2022-04-06,-0.0018373105742897082,-0.0006854378746768311,0.003267099472164193,0.002171213293411745,-0.003165204304643599,-0.0017810051759995782
2022-04-07,0.007753817155936815,-0.0014216978640804396,-0.0003671870752729455,0.0025788387333336884,0.006321434469341924,0.0031305296870384938
2022-04-08,0.008850914899794126,-0.0021825330311437082,0.007646908336369185,-0.002224237752873437,-0.0012264066477095889,0.0005633320381009006
2022-04-11,-0.007490205033040409,0.002160601219937641,0.003994104384684949,0.004669365007638171,0.0033239675254465705,0.005655074290546381
2022-04-12,-0.0054751524654598205,0.001474788197028443,-0.00010518453111680855,0.007776315534748135,0.0016120805963927278,0.0065952703401687355
2022-04-13,0.009880490757251816,-0.002543934966724115,-0.00744777554546876,-9.20223702066238e-05,-0.005761525458177808,0.0063449616949058825
2022-04-14,-0.010206626741959757,-0.0061024611814677115,-0.0032136186247546665,0.008359718455810163,-0.004051106004512085,-0.0013337637797825042
2022-04-15,-0.0003855433673450202,-0.004164233620011217,0.001031020559090168,-0.003932375869006988,-0.00538107890797086,-0.004274198473636271
2022-04-18,0.008302539309745696,0.00024220644854506705,0.005079070904040339,-0.004791211027876652,-0.005620219756013501,0.00023093876455015396
2022-04-19,0.009982482890931689,0.0008232070496252421,0.009663624561067709,0.0008173405223870669,0.0048759604668735315,0.010911904038428639
2022-04-20,0.009561312397280641,-0.002377530301661257,-0.004233502741495988,0.002458584284843868,-0.0020223586441300064,0.006603574565311132
2022-04-21,0.0034026153974188182,0.001146495182900531,0.009630364498759158,-0.011415769717967272,-0.004557706395051042,-0.0076187605858387695
2022-04-22,-8.921629703073685e-05,-0.002657953416663106,0.0018484306306440826,-0.007274431902442835,0.002283582104196147,-0.004793787959169432
2022-04-25,-0.010744984200069708,-0.00012191415676290364,-0.010897459300829283,-0.006451520713400316,0.009606432670375597,-0.007888510660037977
2022-04-26,0.01077909974078355,0.0021477181741447644,0.009914636230235696,-0.001333624829850378,-0.00018557940027785855,0.00798817937362232
2022-04-27,0.0014291050406433081,-0.004252859365816341,0.0012558027943526233,0.000656729945440171,-0.007823507806342266,0.0037669706485357387
2022-04-28,-0.009431202921379644,0.0055630498269919615,0.010312998864464996,-0.013137859792736272,-0.007013100211978008,-0.007430659800466017
2022-05-09,0.006368968827699283,0.0025803143019951912,-0.0035172010355581703,-0.007193133016650277,0.0148094505553273,0.0023499787801015137
2022-05-10,0.016190825899799526,0.013835525339944433,-0.007510580186673279,-0.00908084204016064,0.008280196793300876,0.001155484695304465
2022-05-11,0.005317085790517596,-0.003115893014788628,0.005132074186127133,0.006952584880076129,-0.00048149968698736205,0.009233121558978142
2022-05-12,0.005943554431793908,-0.003992306807522117,-0.0018273921141576557,-0.009158187285085686,0.006221655842572194,0.0015238019107951264
2022-05-13,0.009334267517326866,-0.003190522066971679,-0.003353623756819823,0.0023991395746856266,-0.005211859619067959,0.008471043150956628
2022-05-16,-0.014286055300289171,-0.00523550876385086,0.006980890736577639,0.001689216781170488,-0.007329308291481884,-0.002823854065649556
2022-05-17,-0.005910021164139367,-0.0010567016457226682,0.0017810154003781386,0.004878339452334757,0.0015770874043749658,-0.003918014595121311
2022-05-18,-0.001003578949605254,0.011068771526540445,0.002089676063209445,-0.00467631286329815,0.008745330205388549,-0.0024202494250212814
2022-05-19,0.008794846733203831,-0.0029576864736704503,0.003439211196153114,0.0003011206088741514,0.006252060842116693,0.003752700668924137
2022-05-20,0.002872248167064928,-0.004644977783922477,0.0033047209967637992,-0.005359025685116103,0.0027975315337135155,0.0012618644021436588
2022-05-23,0.004233242067298626,0.0035352155810127518,-0.0019532407800678447,-0.0013663913575271197,0.006619480750957397,0.001377949481350579
2022-05-24,-0.0028242339520349723,-0.0016393936063292319,0.003241583746826415,0.0021585322987241586,-0.003215304510995299,-0.00011786471843973129
2022-05-25,0.0014419343749119795,0.0033600811943359957,-0.0009552178231439616,0.0042448615078867,0.007856594489467872,0.0017116538047060592
2022-05-26,-0.004893044959145111,-0.001625293299115627,-0.004900463100751585,-0.0045433299444496145,-0.0010923586009185418,-0.011258982587826927
2022-05-27,0.006896712624707969,0.001456654225754472,-0.0018190831148027433,-0.001006644948161539,0.0003317193645242071,-0.005070946881382821
2022-05-30,0.00805315951098926,0.004277638735510214,0.010371187665735481,-0.011002849023782546,0.01655833965135931,0.0003765209876594733
2022-05-31,0.010036021446638288,0.006368040229656957,-0.003468118689218769,0.001048876079090988,0.0008842977872628444,0.006036727961401608
2022-06-01,0.0034541084548737723,0.005061521079395858,-0.0011697447115591748,-0.008594315002865137,0.008549554730792394,-0.006991781116855324
2022-06-02,0.00798415872652758,0.00014422913337683882,0.00525122828902067,0.003210955408151506,0.006446803221303732,0.0030742813620908255
2022-06-03,-0.0019041105508448737,-0.002275654544641581,0.003003853023067049,-0.004718126007860214,0.00014404825174920734,-0.00913725563999194
2022-06-06,0.0039794977129757,-0.004246684146857738,0.0018853815474892735,0.0037397650917498923,0.005996734426928007,0.006879359224251804
2022-06-07,0.0005008372458781716,-0.006307041093315192,0.0008223634612535284,0.0001386806986194201,0.0021212911174265823,0.0022719823893586066
2022-06-08,0.001193261129923884,0.0005314618157081124,0.0021419862934888064,0.008670586703315242,0.005764649082025608,0.005020167925734083
2022-06-09,0.0029825629313493746,-0.00722006738383194,0.002735116863852993,0.00039432426579843983,0.004289100009210433,0.001947289787485798
2022-06-10,0.0011427698850750012,-0.004476232705362903,-9.396578708837886e-05,-0.005517270950598707,-0.0013254124366878898,-0.005563096171245174
2022-06-13,0.00563859426075215,-0.000670766391167121,0.004520543607584626,-0.003146321010903219,0.007924297863374698,0.00816613823443424
2022-06-14,0.005239280307509309,-0.0034708643144210744,0.0011014965768128882,-0.004579982558204021,0.004869228744517052,-0.0044859031991193905
2022-06-15,-0.0015135220711157702,-0.0018602595347664505,0.002424217580492427,0.0005692808380528553,-0.005412769415161533,-0.004245269792818229
2022-06-16,-0.0040681905929820916,0.004747327503733413,-0.006944373411831228,0.006738520428075613,-0.012407018277748373,0.0016550718715667332
2022-06-17,0.00891482983065748,0.007125682377101494,0.008932038684612986,-0.0004258749839719301,0.0009962917308235842,0.007712289721259275
2022-06-20,0.014520633040973976,-0.001904807723896651,0.001817916217211502,-0.0005275418811848682,0.007532763748922889,0.007371576827518628
2022-06-21,-0.008539148306541879,-0.0006922534528391415,-0.0016078068347401774,-0.0019279918306464032,0.003950707330757619,-0.008647060451301924
2022-06-22,0.01881090042459126,-0.009345770164253687,-0.0008504557786082293,0.003839771349717581,0.006364366922077381,0.02298801160770263
2022-06-23,0.01711114975339008,-0.0013387600585609285,0.006108921632819353,0.006268942221474182,0.015271339536975638,0.012176769969187961
2022-06-24,0.0047583923511950845,0.005839172516456936,0.01141165766432939,-0.010261304434551534,0.001827179927783718,0.00297870075701232
2022-06-27,0.0030393770851383957,0.000881250938832756,0.002191414633831057,0.00044219274941765824,-0.0036333738168351716,-0.0013950797683778826
2022-06-28,-0.005072877820499655,0.002406464257196506,0.0034817752580470047,0.015064741212861965,0.010433705680176942,0.008392724260091706
2022-06-29,-0.008780559012857483,-0.005352530126783673,-0.0036388565995174368,0.0021124200093164845,-0.0010417428631421144,-0.003607543501918442
2022-06-30,0.007589776173938812,0.006699087853910335,0.0024347066573939596,0.004935804597713745,0.004340341350540133,0.005887903812967443
2022-07-01,-0.010666545627589886,-0.0017214378536957835,0.005770483013468095,-0.0037624835874119356,-0.005157796683675464,-0.009018143259376138
2022-07-04,0.007719099593864877,-0.005465635610479214,-0.002859889485118128,-0.0007850649905902782,0.003093482150786332,0.0009294108928322338
2022-07-05,-0.0020252474624794297,0.0017499801254014177,0.0016567083365174767,-0.001750856612023322,0.001153164580384369,0.0022201111210084774
2022-07-06,-0.005194805755234367,-0.019709708358771394,0.01865322269570209,-0.0009308658922668523,0.003229071271608831,-0.010136439132766017
2022-07-07,0.0017340728565180762,0.003971920944321439,0.010597849540948267,-0.0012379811859979826,0.0035343412133649996,-0.001727681030951844
2022-07-08,0.00640018791307837,0.003072888579252586,0.000997355191756144,-0.0027291334854680827,-0.004276384672276935,0.0034783394804244567
2022-07-11,0.003825208205345775,0.004857948878929831,0.003702066219245248,0.01019084156972947,0.002394759558277838,0.0072887746000224
2022-07-12,-0.00018235389753651354,5.0195508362738464e-05,0.011231582866917677,0.013352337741771803,-0.00638024207957575,0.009090128443831058
2022-07-13,0.000663540673881169,0.0048821623751201595,0.0006453670064634486,0.00570943948385696,-0.0009286698612737351,0.003646000626669716
2022-07-14,0.002468367821202744,-0.0013657301137109503,0.006448475259341957,-0.009687961937483005,-0.0021571176377376045,-0.0055190996102667715
2022-07-15,0.010686708606833361,-0.003951679089919047,0.006744521187760278,-0.01067371017686394,0.013136353917688437,0.002734409572539138
2022-07-20,-9.893906797351325e-05,0.002403610523067367,0.0013856913242148213,-0.00705605140109269,0.005932896419600819,-0.008679425539234065
2022-07-21,-0.0014095588717226715,-0.003684133862587968,-0.0008502941660068375,0.0013967691193844897,-0.00042910249427861077,-0.0022588156641372144
2022-07-22,-0.004877668131193902,0.00790928732976548,7.64413774877236e-05,-0.00557087631260449,0.003417387269772921,-0.009762553718995488
2022-07-25,0.000409184297501364,-0.00040347767451145424,0.008047408198660212,0.005243915603554796,0.007338453809345525,0.0047158662302397404
2022-07-26,0.008329675102523916,-0.0019522157006390149,0.005491724873833982,-0.006293849053159972,-0.00226391443244085,0.0026014953176115943
2022-07-27,-0.00683792667619716,-0.003122345048357623,-0.0011772944501837529,-0.005195304030309766,-0.0003385334783444052,-0.004331831355707217
2022-07-28,-0.0020563592730751695,-0.003409977022449339,-0.007236092477991729,0.013953051749292091,-0.00497145370081038,0.012800416885626534
2022-07-29,0.0022730754827106074,-0.001127327147075574,-0.01111774312197955,0.004151784575608186,0.005266126766093571,0.004967608220067514
2022-08-01,0.006648197691742743,0.006621636075709692,0.0004286261298366723,-0.0069716624392977215,0.010242995104955412,0.00468106211108473
2022-08-02,0.0003083506316731385,0.0003706522116503582,-0.0009531575253101774,0.00023396947565843505,0.0019426918534185544,0.0005698404751491417
2022-08-03,-0.008222238724787313,-0.0015497992512445884,-0.0019736270609267193,-0.0016523619195327305,-0.00027154209598547765,-0.00733563081104523
2022-08-04,-0.0007525968084071803,0.009673787680440894,0.00038180874919213604,0.0006322092139473328,-0.0027389476705476307,-0.0020529006239635716
2022-08-05,-0.0037378315645987038,0.0016118150579110591,-0.0015053745680585707,-0.0028693248164632923,-0.0019411544317666776,-0.003978859108858684
2022-08-08,0.0013564788643205762,0.0031474081606498233,0.006385105501893418,-0.00892351459908094,0.0025996342807818925,-0.0029746228595189847
2022-08-09,0.0012817379566504306,0.004434098060388214,0.0019404232057530061,0.001255114074321329,0.0014947584166381095,0.0010608580293777203
2022-08-10,-0.003933673846767439,0.0013190467263114014,0.0025833559319979886,-0.00404019054509126,0.0005436948142925504,-0.004958835117386706
2022-08-15,0.0031012420813174347,9.868635584022714e-05,0.005597703502769003,-0.0001631803426930257,0.0013040042164482288,0.003029062145120287
2022-08-16,0.0037632544288245698,0.0034652535685085746,-0.001582782374010039,-0.0036281205107398184,0.0014178123014422896,0.00026529706072098147
2022-08-17,-0.0034691867777660876,0.0011957715307621799,0.0016381984302000785,-0.004396617185182585,0.00489241506988054,-0.0063489888961528644
2022-08-18,-0.0038856378115516015,-0.0027592754754284464,-0.00205091820975043,0.00015924975280317026,-0.002267398294677614,0.001591390970324717
2022-08-19,0.007456237389039377,0.008073152237231616,0.006350373485041527,0.0030387628610267113,0.007268751291282239,0.0070096597710846975
2022-08-22,-0.0008160784426943573,-0.000344608701315741,0.0009740020087078529,0.0029391789283799157,0.0006608712844250238,0.0009168586046646098
2022-08-23,-0.00023932219461222405,-0.004945398746444662,0.001573960331192015,0.0048896377152879205,0.0016400194759698342,0.006203801418664065
2022-08-24,-0.0013680644961224786,0.0027175583069357634,0.0034111892237806756,-0.004785136051008255,-0.0030069392029247405,-0.0023323710282240244
2022-08-25,0.002594443886872311,0.0026128707697151924,0.004828113829975944,-0.00021544521390444102,-0.002686243698593449,-0.0003739037366456981
2022-08-26,-0.0011417629337965975,0.0040246222113967224,0.001613895064054849,0.0010361790601413957,0.002086957339927231,0.0017196807830609784
2022-08-29,0.006716758796760479,0.009189958946961419,0.0031446705084475996,0.0013337932423296735,0.004263132390248648,0.009614122824987414
2022-08-30,-0.0006899775097334972,-0.0004464107991305698,-0.0017891696986664482,0.0005234024507480232,0.00022970764000276368,0.0008112091249896651
2022-08-31,0.0006361483482775878,-0.001384131343362194,-0.0003628456894406491,-0.0021832288657374077,0.0031762858662633953,-0.0012657053668408413
2022-09-01,-0.005941903244051284,-0.002302789628601665,-0.0010885440489657664,-0.004256993667799902,0.004760413923578621,-0.015651679616619396
2022-09-02,0.0010116751819062798,-0.0011454254119939611,-0.0021902198768107392,-0.001126918692816382,0.002378145888199623,-0.002303311228219607
2022-09-05,-0.0005469586136734204,-0.0024402271735017643,-0.0037245494950907568,-0.004838291788655158,-0.0009330241867988146,-0.008144669857366912
2022-09-06,0.001170391326009246,-0.0016362695747965225,-0.004454104409394911,-0.006621306698955199,-0.002789487276188462,-0.004538817172027494
2022-09-07,-0.003071009473703557,-0.0007524780908527485,0.0005274300889580364,0.001474631777254598,0.007711094375230921,-0.0011492906619874157
2022-09-08,-0.002331651351935715,0.002150656422703934,0.0024651128712098735,0.0027427145565551043,-0.003306115147843869,0.0027002599003447714
2022-09-09,-0.0038380341979010308,-0.000776938521693338,0.0027163131325753653,0.0043361356520410736,0.003935690300171868,0.0017627785773015603
2022-09-12,-0.007902033125042186,-0.007853131115550749,-0.0009657421727902851,0.007800763226587294,-0.0023484747468293546,-0.0021715623690843904
2022-09-13,0.0016696000199714512,0.0034075637339076705,-0.00013406820409205293,0.0026210733521727647,-0.00798164994832833,0.0020182143826213608
2022-09-14,0.003818814547249994,-0.002515067160456397,0.010273928175017398,0.004483635839137045,-0.001604236088534572,0.010572230495025814
2022-09-15,0.002153475318983933,-0.0005254266114407268,0.000898170319775327,0.0034141769984240115,-0.0028988536843189026,0.0017265203056114119
2022-09-16,-0.003695418793478079,0.002709435464905608,0.0007248693487735603,-0.0032398371969819097,0.0020613027428633135,-0.004761203108831935
2022-09-21,-0.0009940951884182866,0.0030365602655765722,0.005235618626178474,0.0001703510846095884,-0.0026717773524577385,-0.0009147240067658655
2022-09-22,6.690054113087638e-05,-0.0006441636836312487,-0.002939398904284141,-0.003057978938331818,0.004287495408737386,-0.0019726191655622394
2022-09-27,0.0026716987053985396,0.001927066034442038,0.0018931369877912328,0.0034867650827732355,0.00271180816794745,0.004365192686127821
2022-09-28,0.0003792371008374037,0.0026513297389259014,0.00032251427438505535,-0.004039379040460656,-0.008697093881410843,-0.006830081750963039
2022-09-29,-0.009748684084104743,-0.013299326647016808,-0.010404352805330452,0.008315399370174937,0.0013024520303842164,-0.005155698747198622
2022-09-30,-0.004872673824742369,0.0026774720357713114,0.010078201281086543,0.006872810235209405,0.004556214034383843,0.003925686516325438
2022-10-03,0.0215837495271048,-0.0015784590094315423,-0.000610814347661348,-0.012487228521665509,0.006821838680693126,0.01613490024556552
2022-10-04,0.006881196142744451,0.0012077103671584769,-0.005811960822484918,-0.001598102447070416,0.0036249252875650397,0.008417163332844108
2022-10-05,-0.0013193214118216723,-0.0019886417680174294,0.0032951162255153935,0.00041235395979881623,0.0012411493779562297,-0.000415554788471292
2022-10-06,0.007657590446893159,-0.006113683503289358,-0.0021340430638048693,0.003519969520352251,0.00575186621638737,0.00858881669796661
2022-10-07,0.0015018895536388797,-0.0026811413415790625,-0.0019105443845089062,-0.004334258505718381,-0.00021855206712479938,-0.0039266834241646
2022-10-12,0.0035525748796841014,0.011509259690275674,0.0004935965749349293,0.0039306094709279146,0.0050968515060001215,0.008518857044356065
2022-10-13,0.00263289920236527,-0.004594492212136703,-0.008173640279253559,-0.002050801139879099,0.004739079135530754,-0.00014936365736000737
2022-10-14,0.0033426693724839976,-0.005978907569421677,0.004857255089674783,-8.958368804730128e-05,-0.00228292441990634,-0.005772767654178768
2022-10-17,0.0005651653924044761,-0.0006854474719959704,-0.0019680459073969435,-0.003337778798572533,-0.001836713164940162,-0.0039775167248448096
2022-10-18,-0.0001017792877813675,-0.0015290710731153062,0.00021111765646888428,0.004362255722998043,-0.004058500195942205,0.0027539997660068483
2022-10-19,0.004414720201324652,0.005869710102754944,0.0029153469328750295,-0.006455746212031778,0.004121121232558278,-0.00033167837800470324
2022-10-20,0.0016165658109452696,-0.004492422411047526,0.0037734848199498794,0.005281128264304713,-0.001552373504063587,-0.0005145515249105278
2022-10-21,-0.002004461814187942,-0.004544278505828748,0.00040370311649502374,-0.009514051679819249,0.00353621930844843,-0.007964869286780332
2022-10-24,-0.003271354260813886,0.012655298692599182,0.004911576029396537,-0.009603334179693012,0.015867735024631503,-0.014625386048584248
2022-10-25,0.0006487478531487679,-0.0025216578741013686,-0.005932794600127522,0.0030336016956500796,-0.00022533393872445893,0.0022031426571270667
2022-10-26,-0.002482985923048476,0.005977781309368546,0.008468170419554921,-0.0013035426969787872,-0.0008223783994141482,-0.004773346648881682
2022-10-27,-0.005942764838380699,0.00037272818549034543,-0.003926089110428266,-0.00958051311915038,-0.0022759509567877425,-0.006339091764660142
2022-10-28,-0.00899945261563704,-0.004632209283984024,-0.005301363296089257,0.0007531507258670797,-0.004232950059937669,-0.005906158784732508
2022-10-31,-0.001192453548114614,-0.00036622230776848217,-0.0010172606599921918,0.0025640270484116323,0.00016348192401378654,0.004472475426917422
2022-11-01,0.01173207873149067,0.00962529119486464,0.006302956035019536,0.005841279535938493,0.003319835955147599,0.012577773315328592
2022-11-02,0.008927335141401515,0.01140226506581261,0.005885561212554525,0.0008804728058260823,-0.006301058424629358,0.0028796883057424505
2022-11-07,0.0004393909669490267,-0.0019999028603356226,0.0022953147273683918,0.0026785836869837043,0.00475306014933794,0.00882212778897833
2022-11-08,0.005417545326895579,0.004828128514277408,0.0055860839677842385,-0.002520170496352692,-0.0001434967678624723,-0.0011179880274875629
2022-11-09,-0.001078639111887525,0.0013342204543680624,0.004462800347949592,-0.0014422891155123187,0.004668604892365047,-0.004368415163338394
2022-11-10,0.0007270090203779442,0.0014228754011336162,0.00019914228692876636,0.0052864815670447644,0.0034880781651551508,0.0044748692008712565
2022-11-11,0.015549420391499893,0.012605134063261912,0.015449210726692076,-0.004538344850870679,0.006571944789415163,0.01096318969179544
2022-11-14,-0.008075946589453209,-0.0060278135473117,0.0029263817677553706,-0.010261268350161857,0.0022436123021731817,-0.013007171959831856
2022-11-15,-0.006924879008489093,0.0031061528766731794,-0.005849486231853385,0.006859699286337589,0.0017472466177107238,-0.003442607733224995
2022-11-16,0.004534754358665816,0.0034725875208750706,-0.0024620173115029514,0.0002656567690618062,0.002277870367118573,0.01019159852347266
2022-11-17,0.012204922973985986,0.014286933101060308,0.0029043007341005515,0.0005381309603134541,0.008293221596485555,0.011362787255907142
2022-11-18,0.008241155195692596,-0.008316192973587546,0.005949435498259881,0.004985450044854289,-0.002555581435598153,0.008706288690024978
2022-11-21,-0.0066206726460647175,-0.003325155810680224,-0.001296069725126503,0.004572699770809586,0.003231847140180744,-0.0004761313491066898
2022-11-22,0.00259723208854128,0.00585959231948845,0.004587411206034853,-0.0031927828580546437,-0.002272373218366708,0.002591043975728257
2022-11-28,0.009660917764595347,0.006274321849712905,-0.008633149939957275,-0.006240762018138191,0.0062949961238699895,0.0009295317662235793
2022-11-29,-0.0013615046257440923,0.001699436956469524,0.007001074103095561,0.004509673281468896,-0.008738372316667322,0.0024630807772398344
2022-11-30,0.003584257033658211,0.0067495938337404976,-8.593866145905054e-05,0.0027735464400330478,0.003949459663208965,0.004870706595857198
2022-12-01,0.0020653912684322597,-0.006737952864279273,0.0071948398271620695,0.0011935991805493537,-0.0031034530925299736,-0.001698458821667313
2022-12-02,0.0070669518110503485,0.006331057139287967,0.007387316669408372,-0.0014483271632427233,0.0005743861450262277,0.0027297735714235877
2022-12-05,0.001831953871202763,-0.0014080718129482414,0.005136858376556553,0.0015329519907743233,0.005180516756612352,0.005578257951175308
2022-12-06,-0.0007155585268959098,-0.0006001763007306596,-0.0011895727652412758,0.003907551135839404,0.002532450160870315,0.00045996944328025036
2022-12-07,-0.0017352792063054514,-8.099683617657227e-05,0.007118406457738713,0.00023277126469392097,0.0030538238953297554,0.0008992614399408738
2022-12-08,0.008117683739935976,0.0054298279470873295,-0.00013239970564007356,0.004318324758979042,0.004499058319959981,0.008926271005929444
2022-12-09,0.0015881506044560958,-0.0005811965989367834,0.0016415717372054934,0.00016739486348058485,-0.0027360945145886943,0.0014211467061014393
2022-12-12,0.0007075657623906384,-0.002634054047072621,0.0018803570336126672,-0.003901964479393816,0.004331994023262143,-0.001772045088039742
2022-12-13,0.010301282086865027,-0.004055567789966564,0.011530082169066057,0.0010772978368305706,0.0031915519244431587,0.01497832446140257
2022-12-14,0.0017781645202240848,0.0034110893274992005,0.003799965190618121,0.0033266137432856335,-0.0021621707952645397,0.0035755033594038568
2022-12-15,-0.0038944284079905685,-0.004750920619665244,0.0067474403149424544,-0.004508336705812298,0.00026005795394623554,-0.005426507506742839
2022-12-16,-0.00016579424937355168,0.005541193389685329,-0.0031166271086153115,0.002789379779012569,0.0012052118603123937,0.008149163747407595
2022-12-19,0.0030397539590202314,0.002336175456413602,0.0024382626856339186,0.0036394614543913345,0.0023754599549033134,0.006165427909246643
2022-12-20,-0.011962944500193171,-0.02037353901557657,0.03084945258388765,0.018584030488986714,0.033118557569233986,0.01799828724185254
2022-12-21,-0.013891629023367269,-0.009987218970084925,-0.009734286777454117,0.004592216030085728,-0.006111618255969954,-0.0070621118759461145
2022-12-22,-0.0010872526100699222,-0.005269573016202678,-0.00480282893730375,-0.003486035873227311,-0.0030846158360251287,-0.003286841589307893
2022-12-23,0.0011637644537873413,0.0034062060227387342,0.005169042492236087,0.0033643771522541056,0.003663947765564579,0.00518914924788641
2022-12-26,0.008124969706436416,0.011384437901507895,-0.0014104602701231262,0.0023560429775223886,-0.002802853900772551,0.01002672181987782
2022-12-27,-0.00018655345987927952,-0.006413350961860132,-0.004836546916546692,0.004749246462182999,-0.0005750207634558806,0.004291335393503792
2022-12-28,-0.0036799650568952293,-0.0032096523301347055,0.002497084382436654,-0.0007710763081803628,0.0020040612250013636,-0.0027896317695208133
2022-12-29,0.0010493979091630529,0.000444093374585974,-0.00358609780935204,-0.005756244406705857,-0.0065988591582130775,-0.005512922194226685
2022-12-30,-0.0061373624133494575,-0.0055047891982904495,-0.00616072899414657,0.003727714103759228,0.0034718898730845774,-0.0029967566910020227
2023-01-05,0.003949787793529791,-0.001562302540424932,0.001935184615369279,-0.005222009678713069,-0.007072186393055247,-0.001771740918518394
2023-01-06,0.004209876663506783,0.004083087532690377,-0.01172174589759756,-0.011983586450313433,-0.0029034643705599275,-0.0037447802558361605
2023-01-11,0.014767550874656,0.007184569993365252,-0.0035828372021811774,-0.0030720666130923616,0.0026562579295948295,0.0016588722653674004
2023-01-12,0.014624172955456795,0.01968964924637864,-0.010385825776768453,0.014419469732381684,-0.005884647763946082,0.025533035688851347
2023-01-13,-0.0004648856172918994,-0.011596342698358585,6.654732667337186e-05,0.006858248307113103,-0.0022057778119541683,0.004570020510816298
2023-01-16,0.0027351525525602053,0.01516133864016551,0.012525974673058427,-0.017214187023392415,-0.00787005743419107,-0.01990116992285973
2023-01-17,-0.005907140461761485,0.011248046279856096,0.005344758514863223,-0.0002532796544979072,0.0005625762156806781,-0.013009510965416693
2023-01-18,0.0003140292895358115,-0.0024116201774359914,-0.007662143109684582,-0.0076782517085012495,-0.0023857474731078477,-0.004120472283003719
2023-01-19,-0.006831726778409109,0.0025543673449259785,-0.0007840604825627207,-0.006708784897341592,0.00022066354474845605,-0.004561163472066149
2023-01-20,0.0041019073932691,-0.007476461324341701,-0.0001138676570869193,0.0006527826576707689,0.0018670576788014422,0.0035626714208710037
2023-01-23,0.0008712416143716207,0.005461130441856698,-0.0002696325545650247,-0.004177632327155689,0.0049302300052890494,-0.0012324666431019484
2023-01-24,-0.008104351355297702,-0.0039994512947193256,-0.0028413556549414356,0.007490944197628259,0.0043183978151342785,-0.0036598557907432747
2023-01-25,-0.0020104265658535737,-0.00344468946423393,0.0020765064359453025,0.003624908135707084,0.0006569670655937271,-0.0017026576171717727
2023-01-26,-0.0016221381404168515,0.004589793959711752,0.0015331563677449583,-0.0051673056210516325,0.0009968580186570544,-0.0032088316327060326
2023-01-27,0.0021883607751821636,-0.0005749344370711727,-0.004842435877643792,0.008217025027627957,0.0017253463653934098,0.007200145894948192
2023-01-30,0.0030241964744358585,0.0012272077447485598,0.0037636659460537976,-0.002825163704529654,0.006568805517089338,0.005360657665847479
2023-01-31,0.009476407965717028,0.015420456382989257,-0.0013379697523914665,-0.003791408906530136,0.0014612224402381626,0.014848427941866804
2023-02-01,0.0039197904323921,0.004544444797591129,0.00010595359498994853,0.004217249893084851,-0.002097167108553344,0.0062244908885470684
2023-02-02,0.0030000403500112017,0.0016129799542014206,0.008418778081183654,-0.000976591340663924,0.0020994209538955696,0.013661107024017016
2023-02-03,0.002726108591011168,0.0012276936875605493,0.0008681487607576251,0.00011542210374806402,0.0003716387787158656,0.0015199860355887443
2023-02-06,0.005399434159993,0.008169199487188418,0.0048272695044416355,-0.004213360910673459,0.003884482706106596,-0.0035408146749393576
2023-02-07,-0.0060033213346719185,0.004994327464665171,0.003417807752281021,0.010452423131829614,0.0045144037106097604,0.003570210219391412
2023-02-08,-0.004748846216602077,-0.0037421326986143647,-0.003063291887969233,0.002661452031144029,-0.0010298687170378516,-0.004234140719168923
2023-02-09,0.003045146832786871,-0.002542288710698438,-0.0026089154252024738,-0.005156771902091585,0.0026646472511361323,0.0008261432425831592
2023-02-10,-0.005802882292429224,-0.002576868258013732,-0.005102894279406245,0.009294544325490749,-0.0044086661401959056,0.0031270587782964068
2023-02-13,-0.001427177984555938,0.0063890269046971825,0.007981756175114853,-0.0016015238576249976,0.004685167574617477,-0.0018002739049894582
2023-02-14,0.0028874886149866,0.0008948465306098938,-0.0025302159299086303,0.002006496473559105,-0.004060439036137708,0.005149568660222065
2023-02-15,0.0013010498827295666,-0.008490211146609063,-0.0036804983831119965,0.006879219960590733,0.0004355363620105021,0.0016540601452622644
2023-02-16,0.0025230762394523824,0.003759710471477873,0.0032532316112776406,-0.005091539042864146,0.005335954807472753,-0.0009265230822508297
2023-02-17,-0.003012995237999339,-0.0032403487860385165,-0.003572246024051263,0.0032708519691485136,-0.0030645774316837584,-0.0005466524210149537
2023-02-20,-0.001554600493927926,-0.007842117973498519,-0.004319513324598123,0.006708659119172111,0.0021836586747340904,0.003719759057498809
2023-02-21,-0.00579312316852767,0.005323150463550209,-0.005264129786877625,-0.007962204438392597,-0.0031926503298639994,-0.008890522273575785
2023-02-22,0.0015833407119165697,0.0006542776597290741,-0.006213132853972158,-0.0021371128256766573,0.003735466813832522,0.005647692334738125
2023-02-27,0.003216210341898229,0.00030769537390458305,0.002030018018906588,0.00791076991624664,0.0034938782563528796,0.006579531420630747
2023-02-28,-0.0003752494510882891,-0.002115577644773304,0.0024542784269523834,-0.008031478923724756,0.0006049763036024559,-0.008422677950816793
2023-03-01,0.009984480681974883,-0.0055226770062335685,-0.0060552603034990105,0.005698570613371534,-0.00149818453188686,0.005631468580865429
2023-03-02,-0.0012314831690598774,-0.0012798762728326138,0.0004672689126227871,-0.002596758625329643,0.0021484582073854064,-0.004932668413179353
2023-03-03,0.0035195826642754557,-0.00891966669351283,0.004810623446670759,-0.004120067325961996,-0.0010804507236681583,-0.003897610801587903
2023-03-06,-0.0025151688830822756,0.0004958713493424136,-0.0008016931815549187,-0.0019143091980598603,0.0022249152000015206,0.0009121438336132937
2023-03-07,-0.004508459236219675,-0.0004126575578064615,0.002243260855614993,0.006459253932452303,0.0011310154107016862,-0.0015678496654493914
2023-03-08,0.010239658786330642,0.008585749935127217,-3.1099119252366264e-05,-0.010032961717991352,0.004041590627188339,0.005214872166280691
2023-03-09,0.0012185146339251719,-0.005638728796111069,-0.003667169821742244,0.003566880084610924,-0.0015800820259433527,0.008556148513708893
2023-03-10,0.011322927898719935,0.004957762696709866,-0.011954055481632708,-0.00945228523264876,0.01666857561155366,0.004471963974077675
2023-03-13,-0.0011329056397811454,-0.00253047850207091,0.003453710569377955,-0.0013303119700914807,-0.003539469839525889,-0.0013857618200646686
2023-03-14,0.02040885940504558,0.013068480997167311,0.013490169219465088,-0.020493510783964136,0.019182380037647852,0.0038178700332007955
2023-03-15,0.00015520215339452848,-0.0012464887798128153,-0.0019116151012950945,0.006601508420950439,-0.006475600427277018,0.0005315823591426905
2023-03-16,0.001420804916293949,-0.005659110673458013,0.0024966198520192107,0.0011107471587920468,0.005297166795945029,0.012885245348505232
2023-03-17,-0.002287912105581547,0.004936088723304265,0.007128722815654442,-0.008440302575513025,0.001072132339789178,-0.0026695301876318482
2023-03-20,-0.004032435931028221,-0.0035528669816835994,-0.004019199770267989,0.005577387095292052,0.004752328754867573,-0.003207291565814711
2023-03-23,-0.0049934884070440555,0.0008960789216069465,-0.007389556730603331,-0.0032981899722906998,0.0031347137901776003,-0.0069613664642979856
2023-03-24,-0.0010835931494035168,-0.006273015592612663,-0.006620666796854425,-0.0006509833774251072,-0.004846449924687502,-0.003999253438122426
2023-03-27,0.009663262050725053,-0.00897777253163292,-0.010414318618763784,-0.0055961897379731345,0.007785353375328264,0.001386543250175694
2023-03-28,0.00037921128085112205,0.0020924624130697067,0.0021349158465396203,0.003497366365870969,0.003327336693979532,0.001484625382904059
2023-03-29,0.0010330383583450951,-0.002112263046891982,0.004862444947920208,-0.006663749361865534,-0.0016363738920280196,-0.002670053456052601
2023-03-30,8.204332881289907e-06,-0.004529651643827038,-0.0015061794030139628,-0.008593475123260497,0.000587255059809677,-0.004393931603623513
2023-03-31,-0.005414889848247073,0.0021319234984601867,-0.0014481163418626826,0.008476375184137951,-0.0025751265681925877,0.012184705459316159
2023-04-03,0.005274895629041466,0.0030607649753423565,-0.01254498800963435,-0.007418497885419884,-0.007345936299115618,-0.00366596387185288
2023-04-04,-0.0032842413817690593,0.0035041758166306503,-0.00039172203149973067,-0.004470409437937928,-0.004450649656607397,-0.004141850466718044
2023-04-05,-0.0004907548284919241,-0.0012575855705895254,0.00232318050716782,0.0005307139703306218,-0.0003449210060779474,-0.009224408815598661
2023-04-06,0.00850823388634494,-0.007521727919927601,0.0023041169581689003,-0.0112347141929257,0.008698100556029265,0.0010694946715549825
2023-04-07,-0.006667224125046701,-0.00016701442297744072,0.0039538702048528725,0.00392337943313672,-0.0035169442240895014,0.000936563950627467
2023-04-10,0.002996427981871763,0.0001142478156102248,-0.00472007283364777,-0.0062201083486664414,-0.0013981744410748618,-0.006964290373861759
2023-04-11,0.005868974446171116,0.0010844895089515698,6.0618021280033936e-05,0.0053262219935409135,0.004856600137839706,0.0073815442381560395
2023-04-12,0.002774342671605878,0.0020147711218834845,-0.004720938190781654,0.0012763724982301156,-0.0008715459439828434,0.001847030154889117
2023-04-13,-0.0022162152680722967,-0.0019766322546540096,-0.004595781006164934,-0.0037627271985870123,-0.0026274352293133687,-0.00556921690401846
2023-04-14,0.0005578895364147132,0.005335014334246392,-0.0053741554180843695,0.004738746144421846,-0.0005446827433310601,0.012359037300761322
2023-04-17,0.0004121495515784666,-0.0009177198777405862,-0.0031566003652816485,-0.0060083743350276995,0.0005415625348082819,0.00039070529488574026
2023-04-18,-0.006678786331686193,-0.001132527684968809,-0.008670132737914395,-0.0035204867253050055,-2.986033894372079e-05,-0.004970861181427967
2023-04-19,0.002554883000482167,-0.007960041643297822,0.015231909730097137,-0.005754369893485078,-0.0017086211884179915,0.001819916164601143
2023-04-20,-0.005212717940017298,-0.003577620098221601,-0.0062494216146932405,-0.0022737266537985914,-0.007750247584861472,-0.00255257056084508
2023-04-21,0.009899847352301563,-0.010357090145461358,-0.0071560284586442485,0.0054468570296692725,0.007131079426072452,0.013309786487051917
2023-04-24,0.005564094303114308,-0.007500222511571454,0.006316134746707958,0.0009902805304638604,0.009877087482031666,0.010036355285453139
2023-04-25,-0.0011120411865521932,-0.005481495260727233,-0.0004681080469200352,-0.0034048669997994944,-0.00730040871952793,-0.008017090921799067
2023-04-26,0.0014677512006082921,0.002314955440097144,0.007344099191160237,0.0022670770012548362,-0.005868314784405125,0.005216078290376691
2023-04-27,0.008374542881749502,-0.002431759200549211,-0.004470345148751865,-0.0036300098436278247,0.000981416426864379,0.004077468429842024
2023-04-28,0.00849857524307982,0.010537181791824125,0.0020577722668171593,0.004505249334548346,0.0012228332156858147,0.004887100994548077
2023-05-01,-0.0007074636943126716,0.0012778681342960898,0.0006299183446909274,0.0058193310832141965,-0.002871196742294502,0.005842871822312579
2023-05-02,-0.0030840417090655546,-0.003146974498229738,-0.005086534528876841,-0.004991103295427403,-0.0014486392860262546,-0.002572545874464904
2023-05-09,0.00748021080180594,-0.009434273963656993,-0.006118484719072325,-0.003504938325623197,0.0004674884047762625,0.009255533946787279
2023-05-10,0.004056459138970924,0.003178818491279522,0.004001851320518868,-0.006217296509056757,0.0056369947585049665,-0.002351929765566363
2023-05-11,-0.005709086626745407,-0.006378204589606472,-0.00430823976691026,-0.002740875902979556,-0.00860225944439108,-0.0022536491482069987
2023-05-12,0.013790303209201694,-0.01845418912084378,0.0003808264705232652,0.013974712414396564,0.006396340534756817,0.018280963223468855
2023-05-15,-0.011687514470964213,0.007609006817664898,0.004583534920083165,-0.0006663038300972037,-0.005520130883295504,-0.012585681449939063
2023-05-16,-0.006908623497541644,0.007350196092870576,0.006939259830004075,0.006861512135328462,-0.0062834792135808785,-0.0013493599757918584
2023-05-17,-0.010775374845084375,-0.004758455403740114,0.006815654683329231,-0.003183079434695601,0.001713875518416619,-0.006535240976407952
2023-05-18,0.016424563345077962,-0.00585424251738682,0.007137310237844185,-0.00799100292852948,0.0050146492343826395,0.011425569542763414
2023-05-19,-0.007316076712768949,0.007125327765621892,0.008482540922853232,0.0012179709132570386,-0.006401498994104494,-0.002964891557426741
2023-05-22,-0.00268407296966442,0.007516251206717039,-0.008152414149251165,0.0117091220545819,0.005255506045366174,0.0055955794348116275
2023-05-23,-0.003290900425903076,-6.648812857712396e-05,-0.0007974152047385719,-0.002694214612268952,-0.0031457067000655098,-0.003828679969209492
2023-05-24,0.011777578354647811,0.002035871398066802,0.002609353359571308,-0.008629323178741809,0.005618933004296277,0.005446998970730236
2023-05-25,0.0003354936516809292,-0.0021869102981541878,-0.005040343272202329,0.003287568468979063,-0.0010035245667410432,0.0025491977228524485
2023-05-26,-0.002446195464669199,0.0023993436572329998,0.009702293352544399,0.007400146198660872,0.00988869409175166,0.003216741512222665
2023-05-29,-0.005990939007977492,-0.004716513723633464,-0.011925604744131157,-0.008571724999180953,-0.001816541650656124,-0.007018344070564259
2023-05-30,0.001132513519074907,0.007048961195022875,0.0036593192900806755,0.0030978436337863796,0.005272046530908625,0.0035685135749210506
2023-05-31,-0.0010201470274267658,-0.008144890891861212,0.003204910512581205,-0.003981860677006611,0.0052087903144462325,-0.011430787421114919
2023-06-01,-0.005781571618400916,0.0011484828493527393,0.004958863604861375,0.004940215639837041,-0.0020262592007235453,-0.0034751323156923964
2023-06-02,0.0007373544550647977,0.002148638297580873,0.0040921208557172396,-0.006247402534505308,0.0026226894034277574,-0.006124241798975749
2023-06-05,0.006661021959815572,-0.0011082074908386644,0.0055817670884460895,-0.0016537046822273863,0.007229699905115839,0.003557417562216576
2023-06-06,-0.005695974048073982,-0.006550156825237831,-0.0007994495481465245,-0.0006496477280872439,-0.0073553464113119025,-0.00440573951831591
2023-06-07,0.0037762731799004788,0.000315002481698602,0.003532782072697515,0.004729287579536013,-0.005621587562848963,0.002078443984508663
2023-06-08,-0.005708685087625123,0.006956230252848842,0.00422157712552056,-0.0009223524407639739,0.009369231013500224,0.0017512756838044072
2023-06-09,-0.004151342183015249,0.002685970016364303,-0.0012079938260405767,0.00691393904119213,0.001573449879476785,0.0070070298410431775
2023-06-12,-0.002295872293519952,0.008212432273173254,0.002972126858964108,0.004746908681842887,0.0011003881220918335,0.0006917376436474942
2023-06-13,-0.00367716999643517,0.009321259190080864,0.006336979430037681,0.0017982114117462088,0.010186769158997012,-0.0016040834315024788
2023-06-14,0.011685919755823296,0.0006324854050647757,-0.00020978396312525517,-0.007162613558149777,0.006951628910177287,0.009623179462573545
2023-06-15,-0.004913869738994504,0.0030565276836023395,-0.0005796052928553454,0.004455398655343057,1.9632370630584035e-05,-0.0032671400757308122
2023-06-16,0.0013837846297000355,-0.0024235564082028434,-0.004010609383562147,0.00262554782654314,0.0038737677512145074,0.002260696272452428
2023-06-19,0.0049594436642883995,0.008900765534989908,0.002759499160000112,-0.00482348807402624,-0.005508200307325571,0.00452698596747092
2023-06-20,0.00031787897919703873,-0.00891189570231461,-0.007709556281004337,0.004876452906382589,-0.0036094171582214283,0.003120764101910349
2023-06-21,-0.01193311222272415,0.011270800718952366,0.014319504939564664,0.005318781661853799,-0.00268720240869289,-0.004206259007134061
2023-06-22,0.004189437139400277,0.0024815087241756074,0.009901255034327816,-0.006231130914207884,0.002094205488320511,-9.363195538180302e-05
2023-06-23,0.010888632097072404,-0.008816718637920926,-0.0031967782996914947,0.00011903666304271567,-0.004760163051180454,0.007158789212838671
2023-06-26,0.003627818081634126,0.0019588419619629874,-0.0027642506091594805,-0.0029647570166813743,0.003461553424913233,0.0018163241721170973
2023-06-27,-0.0011758535879177637,0.005169325408832037,0.004871881400509603,-0.0017564189945384668,0.0017913354008565869,0.0024821780885176895
2023-06-28,-0.0019686660289355735,0.003989880204874296,0.005374466174842406,0.00031298864190425495,0.003846355373350452,-0.0014227010192445766
2023-06-29,0.0007944279447690272,-0.0013151983259357177,-0.003886123998307878,0.00018833359715892967,0.000642772415317361,0.0022333579702470486
2023-06-30,0.0006128455410355782,0.0006107904987080247,0.0026369734471656473,0.0019269390112125256,-0.0029982291814188104,0.003005596893353224
2023-07-03,-0.005286329983804295,0.0005140565097194738,-0.002105358636581812,0.006289569169185816,-0.006221790398092141,0.00019586793484079566
2023-07-04,0.011373468813013776,0.01662249385768786,-0.008902537592625515,0.0018001784015834852,0.0060208905603531095,0.008365152127599806
2023-07-05,0.0011696824532232864,5.8936766886663e-05,0.003262432980962782,0.00111694313494608,-0.004091144022871918,0.0035221547059036684
2023-07-06,0.004111159180634783,0.005316961235525498,-5.7417404171777355e-05,0.0019078744410892193,0.0017669129115369226,0.0030363581203152745
2023-07-07,-0.0006218924613706543,-0.0032313669537116225,0.00522149166514927,-0.0055725749374567765,-0.0007133093303234085,-0.0018182524222917957
2023-07-10,-0.0075794258605002,0.006885758671821285,-0.005841857208317624,0.0007504851021818966,6.879196732367861e-05,-0.007663768091067863
2023-07-11,-0.0017857185690138841,-0.0036859632058468656,-0.007211946993032492,-0.0014540918675906675,-0.0015459454293061062,-0.004297151663291144
2023-07-12,-0.003950329212815085,0.0027174126935277207,-0.0017431537181234569,-0.00957329028701348,0.004940544239449094,-0.005767042294067288
2023-07-13,0.002668035292894033,-0.005141210419182629,0.00672284615620482,-0.00032248985273897277,0.0013747469475102968,0.0002415457121001434
2023-07-14,-0.00941834538054376,0.0015704744451732198,-0.0012422115304502102,-0.006254412375812502,0.001268400918630608,-0.017157845914639716
2023-07-19,-0.0013298237561122804,-0.0025592657388505916,-0.0035599306700419223,0.001960671539360037,-0.004969484234451028,-0.001198801826870244
2023-07-20,-0.002213803739834153,0.0043849703249655425,0.0019044688053771576,-0.006530899273339697,0.0008068971181882435,-0.0026166041713204984
2023-07-21,0.007413352108872328,-0.001247051652020481,-0.0008764078831887678,0.0017119531280306967,0.005047603960205094,0.004927197522058613
2023-07-24,-0.002355729537198048,0.006386438182510812,0.009006734390291048,0.0006935799921783837,0.002667760544182807,-0.002731358246412574
2023-07-25,0.007164056257305539,0.006134834591376759,0.00680367467213967,0.004144841417106027,0.010055571707322785,0.007092115423077688
2023-07-26,0.006799131990829134,-0.000511676992066157,0.0024944714856873777,-0.0024931047119438605,-0.0030585564818711437,0.00042202000044871957
2023-07-27,0.0016631363343580841,0.003184415246581951,0.0008502652984988762,0.0011686853538846798,-0.0007449860125233302,0.0041154522055373965
2023-07-28,0.0011885659128363377,-0.01882350531963293,-0.0016985273240667897,-0.0016957265920003021,-0.00452855829330443,0.00035465864922547773
2023-07-31,0.0009411528578422423,0.0024405860231834888,0.003679650142268165,0.003073885779380947,0.003032005385012915,0.004478596617058572
2023-08-01,-0.008239648243335873,-0.008178493626078698,0.002429172628445686,0.010038788420356083,-0.0027003044955725693,-0.0017791773218356526
2023-08-02,0.00933807850706161,0.0031618757998648217,-0.006376849452018241,0.004954545560576751,0.001678028227381524,0.006663896524506292
2023-08-03,-0.0013092675346410457,0.004253199005043928,0.004693702781491904,-0.0045894449482037705,-0.0004580800947455945,-0.009513581960429451
2023-08-04,0.008504765242703738,-0.0029855113987686814,-0.0012457142626838944,0.008388723968859634,0.0035768092614113065,0.00783455396582305
2023-08-07,0.0034242140957922115,-0.00507169397440781,0.001616320176768804,-0.0011343074364281946,0.010285024558222312,0.001901914419407384
2023-08-08,-0.0012108975383524402,-0.00823356993151252,-2.1989693893442633e-05,-0.0038190121745041994,-0.0033308290170457333,-0.006321239085162078
2023-08-09,0.011645136030479364,-0.0005432082852421687,-0.004499509086656062,-0.01591292518262029,-0.0003495675026629057,-0.005239925341406215
2023-08-10,0.006076538089516914,0.0035428350740318135,0.008042234307875075,0.008735171287702003,0.010040558602103376,0.003992665820199244
2023-08-15,0.003563813556363837,0.0026565200672933557,-0.002536639073206226,0.0006142468623223207,-0.0014395956977033774,0.006088327803387842
2023-08-16,0.009998329611464006,0.0062044657871907155,0.0010109280632930814,-0.001967564717597537,0.0017915350183703937,0.008457462481344694
2023-08-17,-0.0066179349404388525,-0.004017562572635392,0.005688023535095921,0.0040391315076441,0.005925102876836453,0.0021828056752376907
2023-08-18,0.010880267653419385,-0.004889543981621669,-0.00028398129331497153,0.0015005184918567283,0.0018055598018230645,0.005568913788878093
2023-08-21,0.005816089169968363,0.0029779976266751883,-0.0008136243512968377,-0.002763770838813584,0.0013540458203824548,0.0034162916348652317
2023-08-22,-0.006728566704155337,0.005269766042233993,-0.008846137684914513,0.00579175448679512,-0.0035312768420312944,0.0002351762310056349
2023-08-23,0.0025605257238328076,0.0034471193263938987,-0.002598265024375079,0.0014675614223975677,0.001002716847632446,0.0024384709739039166
2023-08-24,0.0043823144574929975,-0.004844558376780772,-0.0014059792079461838,0.00031422174715802767,-0.0028900577069934878,0.010640976949941705
2023-08-25,-0.002374844276544419,-0.0012394971560345306,0.0029497975702412306,0.0033328571829896792,0.0012279824550711193,0.0015508537307358434
2023-08-28,-0.00846644321773784,0.0021768725952910463,0.005041229720386253,0.001905267616766038,-0.00277272291613051,-0.010525852825219043
2023-08-29,-0.008555327948050495,-0.0019823121029856955,-0.0016998255390360043,-0.00029387612605298315,-0.00011641458858870914,-0.003262026785419138
2023-08-30,-0.0014702797367860396,0.00411358690705832,-0.0012491220311709572,0.0020186780931217506,0.0013948899362964398,-0.0008399549919726468
2023-08-31,-4.7862836435363975e-05,0.0017512348635408963,0.0015090381217392587,0.001011117415865881,-0.0015444020982447793,-0.0003042936980090505
2023-09-01,0.005840920269802963,-0.003798098419726292,-0.00243122762865684,0.007093460485733516,0.000149265528593733,0.00791085066249777
2023-09-04,0.009947764383857628,0.007273746037891528,0.008117842912169172,0.010006020953807603,0.009073813887938133,0.014317575105268543
2023-09-05,-0.0009056300276689688,0.004926055085320846,-0.004715072939150567,0.00027919722527893783,-0.00208236095899188,-0.0019236600984867402
2023-09-06,-0.012996206837872436,-0.0075040752839908185,-0.0070453997815052676,0.0026165515516745064,0.003929086497796642,-0.0045634689781292315
2023-09-07,-0.0013487999311428303,-0.0009087548288978728,0.006139913451241098,-0.00038896318329622,0.0058660310629407245,-0.0008616056997694186
2023-09-08,0.0059028274087267844,-0.008437305838503996,0.00957573581857445,0.003155762630515403,0.00862170178351205,0.005075604902999919
2023-09-11,-0.010191474326872285,-0.010818188445158562,0.013898126072141338,0.009081840376728701,0.015447288887547584,-0.003910784946196731
2023-09-12,0.011792127735323453,-0.0012165941388246667,0.0011266358629716813,-0.0022605573493288842,0.011894315410879399,0.0058236955991673445
2023-09-13,-0.0014220271676040233,-0.009744379700778306,0.009303415581614138,0.010540901790455881,0.0038913356019377294,0.003860693181666214
2023-09-14,-0.0031859238824238473,-0.0025260279485308955,-0.0021987806751976088,0.0024853253342496996,-0.002932081888673022,0.0021921136600289047
2023-09-15,-0.00532984877394156,-0.005000112520018907,0.008850763977253108,0.0026093848876873166,0.010841479922890687,-0.0027602858342206478
2023-09-20,0.0022463510363699875,0.002279004900294601,0.015237480326389587,-0.014439929611815217,0.011976723430584093,-0.008545219009862194
2023-09-21,0.0034947675714176686,0.0019222774759099837,0.011059822727213885,0.009388777900189993,0.005606568280412127,0.008551456643447974
2023-09-22,-0.013184999455701663,-0.007724616650926808,-0.002912037798020984,0.005234705409008257,-0.0042287740162914485,-0.0028672246675894575
2023-09-25,0.009014195052826034,-0.0051413393538956905,-0.0013680904419003381,-0.0089167747204574,0.0016818064052914528,-0.004168716813986617
2023-09-26,-0.00133107954561873,0.0007526978473351819,-0.007402437379501635,0.00521607670437565,-0.00641857057608608,0.004241315615565103
2023-09-27,0.00021832964742780642,-0.006904523896394222,-0.006757036364621084,-0.00017198674178233733,-0.004142047972257501,0.0022513670376037437
2023-09-28,0.0008930003521927298,0.002255844758582204,-0.004632174909779052,0.004816105447262898,-0.00248124162268406,0.004676055023696418
2023-09-29,-0.0009483583754456679,-0.0035982640178553907,0.00999407555634342,-0.010344813266975382,0.0023425423627448936,-0.00809891130836568
2023-10-02,-0.0045962003907644485,-0.0017129013418215376,0.00041761309567209855,0.0031879215230440796,-0.0023249329860287157,0.0032612025493073127
2023-10-03,0.002879552524979691,-0.006243597663956923,0.01778062527016422,-0.018361765337973623,0.01719150520285715,-0.01537834241112021
2023-10-04,0.00857178926283968,-0.0007270451086588852,-0.01721016798634689,-0.01895247267583438,-0.009749038197566874,-0.01190435481381838
2023-10-05,-0.007138674463558737,0.0015359599293715215,-0.006458596174191778,0.007490753726585853,0.0024739333606391242,0.007514752498961774
2023-10-06,-0.002335381306720197,0.00931867895574643,0.0025114944685743494,0.0038588668822984624,0.0018378223189254865,0.0016043040675065737
2023-10-11,-0.0010952908134327596,-0.004106131198523566,0.003016772005281299,-0.001070626116381801,0.0016053549100457645,-0.004481057957828752
2023-10-12,0.01147605644034393,0.006097357881768706,0.006836609948083128,0.00010328948882107856,-0.0006971642721604662,0.009286156607158647
2023-10-13,-0.001520721627756849,-0.0057561001854332435,0.0008984806855782497,-0.0062158313252027135,-6.890885442900618e-05,-0.0027723274772749164
2023-10-16,-0.007555730871833545,-0.007559297467005411,0.004781163638651243,0.004154247732378113,-0.0009089927394417384,-0.0031180060935623965
2023-10-17,0.005380498127971921,0.002176717312316834,0.0011479059197911487,-0.0027521286803978036,-0.0010632202127933033,0.006058984601885642
2023-10-18,0.00801302815087641,-0.0004136978584703638,0.0015406872137574189,0.006787811691601942,0.0076657176329947285,0.001518792523650059
2023-10-19,0.013103702273613085,0.016038066708237354,0.0014645024538355363,-0.0035358834492520645,0.0036497319301415755,0.003784975765984244
2023-10-20,-0.005072920785560696,0.00025891972681408876,-0.0016162047395098973,-0.0019371421257975644,0.0028771756441450707,-0.0009374295348088427
2023-10-23,0.008521681071031175,0.0016083189431465251,-0.0009103118496635481,0.0002696295526197313,0.004150550078648687,0.0047271414744591185
2023-10-24,-0.002049384841815872,0.0035738673055627727,0.000577888658558256,0.00015327990231954773,-0.006004752526270907,-0.003350443737447917
2023-10-25,-0.005133060197974061,0.0024748249542696278,-0.010119371533688738,0.011779240885660248,-0.005292423158894289,-0.000515396348656022
2023-10-26,0.007690371197926638,0.0029549452634742633,0.003990577654599047,-0.0006778724112125327,0.0012683595983566053,0.0026706239981191867
2023-10-27,0.008153879338396354,-0.00818211173236243,0.0053478914635277435,0.0024592790345010053,-0.0006071390766152701,0.006071248766331713
2023-10-30,-0.0055088812028910375,-0.004847702233889062,-0.0034144653576555937,0.003151387955194273,-0.006767977705854089,-0.0009024661699099661
2023-10-31,0.00929918773416636,0.0037579675089336006,0.0015015604181884967,-0.0017992762024950266,0.003084340352325567,0.014854604884424572
2023-11-01,-0.0035019837429202784,-0.0011960146637075124,0.005510735027226898,0.008450859292981507,-0.001157631321755615,0.008398307592210792
2023-11-02,0.00818193657235411,3.873490745576929e-06,0.005023466496103702,0.00016388585308491034,0.01032880547320474,-0.0009204053709343796
2023-11-07,-0.0030353673098661984,0.005383406851323923,0.004797203030757191,-0.006973139431005637,0.0021133575545185805,-0.009285250546986507
2023-11-08,0.012882677236246164,-0.0005522749180753902,0.030599058584311004,-0.02357723787735713,0.025180520056532107,-0.0107612090800846
2023-11-09,0.003203121333587045,-0.003559523686106592,-0.00573492199918717,0.010094433643684808,-0.003404448769726631,0.006901718999189474
2023-11-10,0.005628603432199108,0.004024953595711401,0.004951893047508315,0.0016470448928945112,0.005817086152312157,0.004128956002214079
2023-11-13,0.0018799202193592103,-0.005529826208986656,-0.0050745236608997985,0.003514944707324408,-0.006323878185789301,0.005820742729207748
2023-11-14,-0.0009590513350481001,0.004060323332736226,-0.004269348984219335,0.0012191356670044672,0.004287277276507018,0.0023064076626961305
2023-11-15,0.00020224932709318483,0.00023841850518615615,0.006801468199123329,-0.0139000106375462,0.001111344239750478,-0.010540744047817028
2023-11-16,-0.0060772956424362205,0.004722538963118895,0.0014090472438143212,0.0068470789036062085,0.0003515726103229923,-0.007658423340816862
2023-11-17,-0.006783155172470946,-0.010344651770150561,-0.006921434546522633,0.00511025315949425,0.00516152771024574,-0.011001593091443107
2023-11-20,0.0023332400296337315,3.137456265669416e-05,-0.001555079272107919,0.0005543129844212113,-0.005152182284114893,-0.0025536481262254285
2023-11-21,0.001416580557361979,0.00097699616690079,0.001959796687082682,-0.00999057962096417,0.004769181151710457,-0.016112765250035133
2023-11-22,0.00046704632438201435,0.0009501852142706378,0.001190017310634017,0.0002937423890611241,0.001535569911866519,-0.002164523923034789
2023-11-24,-0.006986482181208898,-0.00015888882517818282,0.007476506273631524,0.006974724834649959,-0.0014289415553800262,-0.00270304421076221
2023-11-27,-0.00036368796587467095,0.006873957389476293,0.002150805627023012,0.0020895467059580007,-0.0016284934396119564,0.003611144423246865
2023-11-28,-0.0036057434562503324,-0.0033924990477470778,0.0034542370314819106,-0.004521602851278206,-0.0024030006783444247,-0.002678910804594925
2023-11-29,-0.004643532335042622,-0.013277703564260836,0.012031404663219548,-0.004856419447547288,-1.0710787905354388e-05,-0.009449413337911466
2023-11-30,-0.0032921295451329604,0.0012180895874967408,-0.0014549715757949514,-0.002405560553214414,5.045895308017877e-05,-0.0009634432813267588
2023-12-01,-0.003418529598009302,0.0009064556773595412,0.0016527922416782023,0.0017950619605505698,0.0013128033974072247,-0.004468737850946258
2023-12-04,-0.00994096833954734,-0.002683504183263308,-0.0034763124861524547,-0.006010697128058218,0.002752534300790477,-0.008967249925741022
2023-12-05,0.009809980480244174,0.006094956029142184,0.006308860185669741,0.00013290214532710718,0.004672124297161929,0.00875695632966636
2023-12-06,0.001951357607484639,0.0019133380171684868,-0.00264045650442939,-0.0017634081615717006,0.001111007778835882,-0.003949494397412232
2023-12-07,0.001681232724417914,0.015940358038033734,0.015488646403798791,0.01562969808993573,-0.0003721041828449016,0.010720200903939714
2023-12-08,0.00014424228409941591,-0.005872178303734722,-0.005454211779579277,0.00520694087926501,-0.0012723172792695088,-8.880427127585166e-05
2023-12-11,-0.013619193299194764,-0.004307433223753665,-0.008199498009643749,0.002926098781699272,-0.016431062000985167,-0.008297388054984395
2023-12-12,0.0015284920622683719,0.0009675464671091701,-0.004899074981403051,-0.0034722234580401917,0.0026218374559306315,-0.0016315059038857001
2023-12-13,-0.0035933049419028416,0.0020232767188534733,0.0020232767188534733,0.0010732528125451779,0.004837581020114844,-6.874200688986032e-05
2023-12-14,0.0022356159418412745,-0.010393497710015945,-0.01256083634300922,-0.002253932295405647,-0.007983817071986189,0.006851317698553818
2023-12-15,0.014987208031099784,-0.0023544660175705,0.007835597209204993,-0.01028920688727617,0.017793576113793466,-0.0010224841422379893
2023-12-18,0.0040705977425713686,0.0063887184319832546,0.003287770047487748,-0.0036015813888361286,0.002006177567512979,0.00021604736011714598
2023-12-19,0.002970981978047749,-0.006966432491694065,0.007007722357877521,0.005114705730859303,-0.0029256878125478725,0.0010957043324001312
2023-12-20,0.006163289712646881,-0.0032283221413438755,-0.001737958894791247,0.0014208131139194394,0.0029127336145210237,0.007018442587110207
2023-12-21,0.003251850391765254,0.0022574386947562747,0.004221051343695614,0.003844267075227581,0.005248734616779171,0.008644842288853833
2023-12-22,-0.002871482178997087,-0.006576180844592972,-0.010303872318097285,-0.00651144853351009,0.0021503788604232193,-0.007314962863986381
2023-12-25,0.002686409869919793,-0.005737843914728336,0.0026295415167548308,-0.000978356339089759,-0.0005177139394525682,-0.0007178806894669256
2023-12-26,3.610760705421442e-05,-0.0020908810376551565,-0.0002889921333317113,0.001375562945450093,-0.00020596435986979244,0.0014644616712230643
2023-12-27,0.003810669648216969,0.003746876981083381,0.0005155353845174744,-0.001186038043417703,0.003429667053410501,0.003179396005271341
2023-12-28,-0.0015533842230750937,0.0006833710679831962,0.004349720861037509,0.0009414367802196068,-0.0034731669474967536,-0.0026832638679408216
2023-12-29,0.0044344655655301326,0.0014009595396226706,0.0036847927372920092,-0.0017914790648230873,0.007135444241057788,0.0009385783885929126
2024-01-05,-1.3641467344394954e-06,-0.0007448858373725097,0.006438088009399934,-0.009561788833603303,0.0031172338521916034,-0.004773635510686325
2024-01-10,0.001864342094364391,0.0055362745125413955,0.0015217715730709628,-0.003864673806994645,0.005251270353293869,-0.0024921993010152965
2024-01-11,-0.0018984498153031607,0.003934251255015498,0.00011521676044250477,-0.004186053451611227,0.001337505104249681,-0.010420728737621343
2024-01-12,0.000846991301306832,0.005687968956637678,0.00861730911474592,0.014282876536229417,0.004754883246502928,0.014064057181146236
2024-01-15,-0.006550137303417824,0.01796481951587661,0.02111599062427201,-0.006318598299426693,-0.007556061118942337,-0.004838174893820642
2024-01-16,-0.01111452522512204,0.026816130972408803,0.029161993072532623,-0.002721099857700148,-0.004983829271575745,-0.003995579560709055
2024-01-17,-0.0021271385262771284,-0.0019395429376046775,0.009039505204079945,0.002953638655799851,0.0031235118468700748,-0.00701417705138091
2024-01-18,0.00020387356556976792,0.004550886721661641,-0.0058934174342744955,0.0006732376798276097,-0.0016520719807801012,-0.0009853228431104255
2024-01-19,-0.006922915154396203,0.007010908920347124,0.004766314603471256,-0.005565399201066822,0.00395800070112593,-0.007812854681141918
2024-01-22,-0.0052492429595975675,0.002220389113172372,-0.0017814880197051693,0.0002909898874208233,0.0004221223306625451,-0.0015764618963218344
2024-01-23,-0.0015255950450977268,-0.003151048615536856,0.002091778168553149,-0.004984620390495654,-0.0012541075444301834,-0.0011749679883700864
2024-01-24,-0.009167793766688102,0.014883602934690755,-0.01113100932546649,-0.012452446771033233,0.00312797670923286,-0.019744032278632456
2024-01-25,-0.0024400823851393532,0.004870642190628338,0.0036227264748262657,0.0055826571313080334,-0.010946447295338092,0.003340084289929268
2024-01-26,-0.0030118647064081745,-0.00681371356663183,-0.004621696901431794,0.0018367290833466892,-0.002887668640935104,-0.001187215263133634
2024-01-29,0.0013781933591053164,0.00043446122285759666,0.007169956354587016,-0.0008883826477912742,0.00042696917504643364,0.0010504762499206066
2024-01-30,-0.0019039808103377576,0.0026830075754868963,0.0025641423515177396,0.005083015725844931,0.0006073261534344178,0.003598686611667105
2024-01-31,-0.0060449405435696775,0.001102109315692124,0.007249313526701374,-0.0017999750706271683,-0.008444085274473467,-0.00799925249584249
2024-02-01,0.0012503487946138533,0.0008037251130194266,0.0016381543091079202,-0.0031483178950878483,-0.0005416776310413597,-4.3786478032159515e-05
2024-02-02,-0.001885209798966203,0.00803579244751993,-0.0006849566799083334,0.002443247310240904,-0.00150673351746482,-0.0022838391588430595
2024-02-05,-0.003683596994056803,-0.00014996105753624107,-0.007832151460071725,-0.009754647545986095,-0.005603082605039612,-0.012460423941297765
2024-02-06,0.0026590384786755244,0.0076105985423177815,-0.0022457675520680446,0.0053391490186860185,0.0025507943471114515,0.017686665938375368
2024-02-07,0.006229256856391042,-0.0021869064802291674,0.003051031224276967,-0.003425622979890463,0.006119365175559156,-0.0009701732051905942
2024-02-08,-0.004047213500995506,-0.0030631108127235455,0.007118739931838136,0.004641083355779308,9.205288499616361e-05,-0.003274015461335168
2024-02-09,0.0030371318411140714,0.0028540512382755124,0.00015614222110542613,-0.005356902287002141,0.0015355544506899356,0.0008102969440631381
2024-02-14,-0.0031091674455792084,-0.0006114882120117791,0.0076028045673741,-0.0020719705367275632,0.0029553491796692425,-0.00903271368039853
2024-02-15,-0.0033505154117670073,0.0056361287479203435,0.007729636107154358,0.007552183981481408,0.0011967264538215836,0.009532568300043787
2024-02-16,0.005483593441339485,0.01088826181283686,-0.003234175043941057,-0.012358421626361072,0.009362524602710498,-0.003724136043353044
2024-02-19,0.0037139885900962393,0.008371850267042302,0.01486992296179095,-0.005321180322119878,0.00023772746298666953,0.0007860029142899849
2024-02-20,0.0043467351624719925,-0.00471899505840756,-0.010009543543480048,-0.0026673424995622644,0.0023019729444554654,0.00210507602618365
2024-02-21,0.006827438894485071,-0.0008532428078399823,-0.004231484872812552,-0.00198745629447894,0.0031262583727478693,-0.0008086686670176757
2024-02-22,0.004879426105599215,-0.00411151898067208,0.003896797072654445,0.000865856080846883,0.009011195418242758,-0.002006547669871869
2024-02-27,0.00917471637040841,0.007105561977782582,-0.005092850751823197,0.0015579172582495865,-0.004631253203454678,0.005038340375013901
2024-02-28,0.00874939757506963,0.005460820802225874,0.005071180921548857,-0.009816627076799558,0.006871615218842055,0.0020971986518952815
2024-02-29,0.0011656249452000507,-0.00637276800423281,-0.010680267787020359,0.0052314092906462495,0.003948895329154034,0.0036895501617146753
2024-03-01,0.014885770859410676,0.008785609052248743,-0.002837307195742422,0.006296891309921527,0.009913490798826596,0.01203950918386626
2024-03-04,0.0030246302676290473,0.00661793551280525,0.011912242636139459,-0.00037663256775937197,0.009688960592020048,0.014663208350396193
2024-03-05,-0.009606134961140891,-0.0037595057127077793,0.003847213754377598,0.003033318703875355,-0.004443155216030382,-0.0004206629173442167
2024-03-06,-0.003218249864957823,-0.003923600643602819,-0.00017645602222737778,-0.0024881464939661146,-0.0001850860722194753,-0.002840585930320078
2024-03-07,0.004782996453835132,0.01925432358911849,-0.007743226921355983,-0.015244225558837622,-0.0013871825438299685,0.0014407377624313655
2024-03-08,-0.0010676435608284911,-0.0018673983764117888,0.006919517066042925,-0.001095519394167188,0.00038907147642133256,-0.005260054100530487
2024-03-11,-0.01915778215132602,-0.008139657334922258,-0.02286017256968409,-0.01491494663394255,-0.02433001881815429,-0.017319445981185917
2024-03-12,0.010124263429381398,-0.0154053424358678,-0.011900695837011081,0.012565020510310655,-0.00041423110402221243,0.011597614253997466
2024-03-13,0.008954782257381399,-0.0043438729360627095,-0.000530180473367837,-0.007320508162494277,-0.0021429738409046058,-0.0024519901367858754
2024-03-14,-0.009121270157389174,0.008011983153835646,0.007539369494333692,-0.013914229278152513,-0.0008468462306026273,-0.009625680241555506
2024-03-15,0.003699296496005378,-0.010908628354848474,0.0009892954821407516,-0.00397850944035465,1.8637841212673905e-05,0.0024089819533837185
2024-03-18,0.005520281337411849,-0.015061404481692377,-0.019765589685657024,0.010310884462016801,-0.02027608094264888,0.00485895561089633
2024-03-19,-0.011983725448338721,0.007000318999214138,-0.004174094189326638,0.01745346323630308,-0.006568015380751156,0.03989860372270182
2024-03-22,-0.002975629348732235,-0.004850867462103836,-0.0030790195344587933,-0.0012102638506454213,-0.0009919871934663594,-0.008807667300520274
2024-03-25,0.004637366398755871,-0.0036068250518463537,0.009456537507441402,-0.0011020148549375935,-0.001047370878378852,-0.013797088859892392
2024-03-26,-0.005760562236782407,-0.000901063412710057,-0.00846872815869657,-0.0026080365711696153,-0.0002884158872050513,-0.003918942060960677
2024-03-27,0.001389881591384823,0.002120522986477313,0.006931195678252622,-0.0024081410857872414,-6.849273706737184e-05,-0.006370610416306488
2024-03-28,-0.0020107859412843002,0.0014264758076422128,0.009733153874299471,0.01946707475326439,-0.002709014976897862,0.0011506795509583778
2024-03-29,-0.0010700505527784455,0.004865709089129222,0.00365298990402223,0.0027914720431192032,0.005704987292673814,-0.001140649608206772
2024-04-01,-0.008211861014497047,0.0009541585416981803,-0.015270176240464294,-0.016986015013426337,-0.009806613084768623,-0.009863809604880872
2024-04-02,0.006071954057269258,0.003719612278788409,-0.01349409293383881,0.007071359458498216,0.01733388144500419,0.004712777964309911
2024-04-03,0.0018247229751539472,0.005977269687524679,0.010099818825748686,0.004190480950228448,0.0027201880632766306,-3.887925482751555e-05
2024-04-04,0.0008935014007867006,-0.008607398775581497,-0.01108929376114498,0.0016968194243620618,-0.007807702560015594,0.0006720781580855175
2024-04-05,-0.002614011379432269,-0.0032847275452249306,0.005256389790042659,0.005828018535659086,0.006051774899944374,0.002320188592872834
2024-04-08,-0.003360309935361138,-0.001429215296817743,-0.0016329394559349676,-0.002129688243428096,-0.004445060147700186,-0.003604801827799908
2024-04-09,0.005028816123590674,0.006135732993721166,0.002153895712184384,0.008966560364045818,-0.003173259376080261,0.008387247291766523
2024-04-10,0.004464888625777164,0.0004560794765881009,-0.007402788586543197,-0.0012820232011317542,0.0061368135411207,-0.013756609471966885
2024-04-11,-0.01649601817918207,2.037495472541123e-06,-0.0036854686025878927,0.012329154513326303,0.007761799374808123,-0.007544188322560319
2024-04-12,-0.0038023225575548837,-0.002483955904735914,0.0020930718057986736,0.0014556364877881482,0.0014685418480953497,0.027476299088243894
2024-04-15,0.001704814621041772,0.0113579212159588,0.010883366252438376,0.010169458057789082,0.007307603338725133,0.018351441231414297
2024-04-16,0.009155382726002935,0.0031647244089979543,-0.017397517767182742,-0.014846866252203819,-0.00378814860737191,-0.01633354810056494
2024-04-17,-0.0016999536297878544,-0.009814783104622672,0.015840425540560244,-0.015561540432162336,0.010385119448346747,-0.016147355570981015
2024-04-18,-0.005111238239296645,0.0027704567630849383,0.014261107734945357,0.014633514046687689,0.005808127552170196,0.011001968068219958
2024-04-19,0.0038515149473749895,0.012590349472246664,0.006614297079948428,0.0021354199483420984,-0.0013285846189743603,0.02600244851142408
2024-04-22,-0.009959926114967634,0.0035896232513057628,0.002128811230560746,-0.009523207084928266,0.003907545729198426,-0.006688311500319269
2024-04-23,-0.0002793839997391911,0.0005925623624997607,-0.0023461743505930567,-0.0037083552935603726,0.0005756226250570815,-0.0011866140310080042
2024-04-24,-0.011472858001428056,0.004536268250326625,0.005039009928407066,-0.0004916851417321008,0.006277083346692059,-0.019620457968169858
2024-04-25,-0.003766331405310642,-0.001866611721642486,0.0035412773213637566,-0.005467504287928505,-2.7919292044464947e-05,-0.013886839654361605
2024-04-26,0.0012534590902461003,0.0009712422589098976,-0.0009980495689684513,-0.0016766630629681438,-0.003285346050665483,-0.0013932147652626259
2024-05-01,0.004028403360809097,0.0036270543302026953,-0.003290157505469393,0.0010055462873877375,0.0016036742275148178,0.0056035025060713894
2024-05-02,-0.00018646729303468663,0.004687155836120406,-9.749060244896852e-05,0.00626332431205039,0.0013142116165599125,0.011586502507174024
2024-05-08,0.003294780936202503,-0.001802280721318006,0.0025992917906497506,-0.0023035802204470776,0.0004933807926872594,0.004049230393395609
2024-05-09,-0.007665670937180714,-0.003046565507837484,0.00025868294637263487,-0.007245244389618355,0.010289578464604165,-0.01321295667110517
2024-05-10,-0.005151816252915009,-0.000763661183678677,0.0020648819511037927,4.54712655929999e-05,0.01380489451701852,-0.0019841732111374505
2024-05-13,-0.003923494887373491,0.004976223608014885,0.0019777973115452816,-0.004938026545875695,0.0083687725250996,-0.014804272903175875
2024-05-14,-0.0032815332968978636,-0.0031395508070214623,-0.004873591865559268,0.0011221506304449627,0.003588462445554486,-0.0010117923871450496
2024-05-15,0.0021469717984993865,0.0031610229577599515,0.0015828096677853014,0.0015552630421553863,0.004033062908030738,0.0028547555190848173
2024-05-16,0.012356173640519864,0.0049962073410587445,0.003455387197842352,0.0004493304194462816,0.00047809642626972493,0.00478544021926273
2024-05-17,-0.0009915867600660097,0.009063886517129083,0.010687746166116207,0.008358273975989627,-0.003387155941404686,0.000792687066182074
2024-05-20,0.009471318239860915,0.002617080202637333,0.014268628457299835,0.014801708840271521,0.00581857195453841,0.011293975467068201
2024-05-21,0.003512685782079461,0.0005852871592896269,0.00036763112437758656,-0.001731830252712085,0.004227521265036361,0.003123084089342587
2024-05-22,0.00022250683394751112,0.005904169222382816,-0.004116698576453958,-0.008110551535581401,-0.0011089764062880863,-0.010258388726144763
2024-05-23,0.0010000907057266186,0.001936103384181731,0.0023314022952040324,0.00012573785702267842,0.004015243358789399,-0.005236073273540032
2024-05-24,0.0031039763599142838,0.002147659461852536,-0.002488209420984598,0.003135089896000665,-0.005263332702377131,0.00542800357956561
2024-05-27,0.0019554649268175737,-0.0027917791503953683,-0.004362974251887986,0.004236909693043378,-0.0010598842021595223,0.00365873919276822
2024-05-28,-0.0002243889903587263,-0.004440333264278928,-0.00528500963388725,0.010668879578126678,0.00812659758542509,0.0030159230536702898
2024-05-29,0.0023963941800936974,-0.006219256842850607,0.0015712330857190922,-0.0030369241458056756,-0.0008690970191123303,-0.003260975165222673
2024-05-30,0.000730194931899786,0.0016053073564851641,9.570621061250132e-05,-0.0008688090719453537,0.00685046711960271,-0.0025221351816400173
2024-05-31,0.0027026780238926123,-0.0029189407005308253,0.009093292191899718,0.008828845110393592,0.0061370476777500745,0.005567720661259583
2024-06-03,0.012113054262525225,0.01348791096879831,0.0005944260986259892,0.0052827420769260055,0.0007782811259538168,0.006001200674020213
2024-06-04,0.006976245947331527,0.012254795076846793,0.01386002538280049,-0.018958416038257427,0.010131373089315422,-0.00012559493395286614
2024-06-05,0.013236085042765055,0.005948684118916158,0.006408282309800973,-0.004516962232380118,0.012590655124102358,0.016109552452793385
2024-06-06,-0.005943123317000531,-0.007068786269768879,-0.004006275620913781,0.0041040610353004995,0.0001526083809250565,-0.0022401500074516745
2024-06-07,0.0008988847509303619,0.007791540145317089,0.007636686085264178,-0.005045398137702462,0.0030457688239944767,-0.0027007062098198145
2024-06-10,0.002342376929567492,0.0003957296078395795,-0.007987989405046214,0.0008778655437581048,0.003345396656938871,0.0016458842515743764
2024-06-11,0.004865282907967084,-0.007776437958922245,-0.007696084445835827,-0.004617685556250928,7.891407778686226e-05,-0.0033118899181507526
2024-06-12,-0.007412033669888386,-0.0001682562667927102,-0.0036110220746825125,0.005701680513432339,0.004099702961270335,-0.005862665881996686
2024-06-13,-0.001452796015955271,0.015137827634693334,0.012038264584977278,-0.004653285910484107,0.0022449527050670388,-0.004554126287930374
2024-06-14,-0.004577508888031433,-0.007686389043457597,-0.0029241011837409106,0.005473962443657433,-0.00045462898230073153,0.00661283437677862
2024-06-17,0.010644619610046814,0.00687202163257028,0.006737661623493162,-0.007390451139612963,0.009278985069131652,-0.0012802975638970815
2024-06-18,-0.004318251908580062,0.0009299492086652489,0.009748137889042054,-0.004884839511247029,0.00589564615425613,-0.00616715846921625
2024-06-19,0.0030095326478345903,0.0008588537632488124,0.003869088805436083,-0.0011685021247608946,0.006395541075324163,0.004128506077270592
2024-06-20,0.000832675627000268,-0.004451324284339098,-0.0016939581864376051,0.005328558425217289,0.0011198994301656827,0.0041710527158866
2024-06-21,-0.005389007240371391,-0.005863817757942624,-0.00478313572565472,-0.008627427800781984,-0.0074532213767714035,-0.005744426630318895
2024-06-24,-0.0013792600842651658,-0.0038011253843961866,-0.001444235839371078,-0.0005107308910892608,0.002385478741879066,-0.005889320681100929
2024-06-25,0.005296356013323234,0.00479357137663854,0.007548803247138603,0.0026494077983925113,0.0002642311356236167,0.006401477882433783
2024-06-26,0.0050595173998294616,0.002857821736915889,0.005851921057722299,-0.00029459811708536525,-0.0008185260721220502,0.0060374874851348665
2024-06-27,-0.00377768594233634,0.002535666853949325,-0.0037682536215482903,0.00046491028205855036,-0.0030598692601409906,0.000903492918849419
2024-06-28,0.005227949013900113,0.001878622362757687,-0.004815415885698716,0.002393811612561292,0.0008656808025561792,0.0036238637201049992
2024-07-01,0.0050245339688389954,-0.004717980608663819,0.0042605486287487174,0.0036780285961994343,0.002542117299636093,0.007456243180762512
2024-07-02,-0.008018382669606638,0.0020772529161399377,0.0005263661851258941,0.007055306462328437,0.0033853743621850884,0.009202765732359286
2024-07-03,-0.007269258213036478,-0.008255530133184497,0.009515728642244746,-0.007096213921105821,-0.007683218631203449,-0.00874314883357583
2024-07-04,0.005722458856807556,0.002539787301273511,-0.001740718999963353,-0.002269062822388901,0.00033607302619480543,0.005269902659202837
2024-07-05,-0.0025480262926730786,-0.007905761884061868,0.0066784927101141145,0.0009689813897641789,-0.004218618477361647,-0.001183339062146918
2024-07-08,0.0022153704910497177,0.0046276388350579,0.010802679667050685,0.005888160266150244,0.0006463955436934567,0.009938561358210918
2024-07-09,-0.004826856362943177,-0.0017396181932727956,-0.005045355772226557,0.004162248846683814,0.004587095604364056,0.0016256026020204273
2024-07-10,-0.006184317188442435,-0.0019242424894495792,-0.008677153760983746,0.007364203408508829,0.0015422734588204086,-0.001987779311002691
2024-07-11,0.00642260486856312,0.005339069398361507,-0.002095229273676646,-0.009594745343436007,0.0041303043484443025,-0.004092857640034809
2024-07-12,-0.013446107735102932,0.011631989810376255,-0.003950209361349089,-0.010215983556301933,0.0037415984572466412,-0.013128692146717968
2024-07-17,-0.00884033234884669,0.0027554441388584656,0.00044590858660178414,-0.005483551513195663,0.0027772060039759094,-0.009235490179339917
2024-07-18,-0.008265206326422936,-0.004038759086067658,0.0002695864748459402,-0.002312390767039818,0.01247963620845103,-0.013458683435881386
2024-07-19,0.002412231117350583,0.005124412089545284,-0.0019282783415720546,0.0063661970530570775,-0.002100296813167213,0.0058769131094866915
2024-07-22,0.008844368594567008,-0.0038938323709434286,0.0037778337449867255,0.001030986256686872,0.008668211080988739,0.008464998656899692
2024-07-23,0.0013329771395193422,0.002038904811267406,-0.0052431200433063815,0.0009741697554380927,-0.004270107579278615,0.008288577887678079
2024-07-24,-0.003004903224387467,0.0002863805366840615,0.0019675938420350425,0.009970339752421365,-0.0010042358630350631,0.005050865894097145
2024-07-25,0.021322384062581825,-0.015188218107667129,0.007970599430625995,-0.008198554582016083,0.016225292464267738,0.005330607885434425
2024-07-26,0.002492421328512973,2.0713298060614902e-05,0.0026702777497236378,0.007302649153412678,0.0014158870514353159,0.006969861014062911
2024-07-29,-0.0018746906162721236,0.00446528768325849,0.0038253600053391734,-0.005530026384076469,-0.0001433591927130209,-0.0018858786855547038
2024-07-30,0.0022461197846560532,-0.003950200023672702,-0.0016818831301461002,-0.0036876516764973166,0.005115968081766863,-0.0024668732711709365
2024-07-31,0.01768377568661523,0.007679447882781033,0.006789558133184581,0.005577096134369342,0.0005720879190355813,0.017853986371102158
2024-08-01,0.003309279655861563,0.008419307979690881,0.008006929927718367,0.002061528950104143,0.004988626986699815,0.008378138639377912
2024-08-02,0.01815102314686945,-0.005484329411919543,-0.0009484182171191073,-0.0011688279132914272,0.01934738145804482,0.009412524398693084
2024-08-05,0.02073845224130754,-0.02644200382551936,-0.02926977328174645,0.03091518119594701,0.012933949569807361,0.04607333883774612
2024-08-06,-0.013463339836149182,0.024842547946838447,-0.003384715045610224,-0.049992169472130345,0.023628345330824897,-0.0419786950187674
2024-08-07,0.02190080179156317,0.006677201883051785,0.005295970709911748,-0.01883009655809715,0.0025994686006224517,0.009686810097319976
2024-08-08,-0.0076943954520421135,0.0021233559777452666,0.02071229448855942,-0.008305161230120307,0.0009604366748328995,-0.010055142712984133
2024-08-09,-0.005635648076294511,-0.000372481883138898,-0.008475040519355017,-0.007701168423451877,0.006419281202410399,-0.013378416259786502
2024-08-14,0.0007032162445028916,-0.0034468735628234944,-0.0012470001662031828,0.0036943784976422927,0.00022604833506745307,0.0058600033955725495
2024-08-15,0.008437651457419749,0.009151701825000448,0.01726911771157509,-0.012902150384500644,0.0010894937920455045,0.0001005782925527967
2024-08-16,-0.005310408262616218,-0.000962199967532707,0.0062128308425510445,0.00876813372098988,-0.0007598748825449191,0.002286917721753018
2024-08-19,0.013264646890690424,0.008499744569856848,-0.011911403438297954,0.008019380760666838,0.0008172407237252198,0.010997848479843825
2024-08-20,0.005415445639236282,-0.0055766687167762685,0.00507652960006566,-0.00415782142988419,-0.0029347915773346948,0.0015908946111600213
2024-08-21,-0.0006930227383160849,0.00047618071882269547,0.009825736025886411,0.009982667835639168,0.007444661034511425,0.008468134171406405
2024-08-22,0.0033499693168800304,-0.0018116519015810577,0.002254080553377946,0.0024133820548081887,0.0010002377187279476,-0.0011816607329837947
2024-08-23,0.002428752898142772,-0.0028652900283893112,0.005780936478707366,-0.0014784789440477782,0.0029105822456837018,0.0017161594139632943
2024-08-26,-0.004468688674276455,-0.0010557714007000565,-0.007775404535065711,0.009538835370140398,0.005131793941892582,0.005064985652548388
2024-08-27,-0.0006482268096271947,-0.002954970868458061,-2.482573766293423e-06,0.0017974725054147095,-0.003596098338169496,-0.00044495922906256924
2024-08-28,0.00021232503640893427,-0.00034856424230609326,0.0013036668681402955,-0.007369515648811766,0.0062200692807902625,-0.006830705198745143
2024-08-29,-0.0011523003501601626,-0.005714545026243134,0.0010879033034713493,0.002261184517734627,0.0002669017808875739,-0.002026575896382554
2024-08-30,0.003687016876010275,-0.013079884306203972,0.0035433862560971816,-0.008344597140980327,-0.004939403144284583,0.00015976253110779482
2024-09-02,0.001949225612046356,0.0058405079078506,-0.0003363438360871157,-0.00716213903883247,0.007525483669334366,-0.003605081110361767
2024-09-03,0.005296103455710855,0.007420746939539935,-0.012236920140819497,0.007745795283484513,-0.009639592438855971,0.01703840165720214
2024-09-04,0.006320350415767061,-0.005382314279549205,0.0010507436125594136,0.004030959892165,0.0006811142240752402,0.01011619209581589
2024-09-05,-0.011228894541965897,0.004974674169251615,0.004253535896402205,-0.012229923966254398,-0.006246351831375009,-0.015246465345448795
2024-09-06,0.010768293208995774,-0.0026126306231678558,0.008877299599290135,0.008715960178496763,0.005775235704963033,0.011583254420172141
2024-09-09,-0.007465411643702336,-0.001340783221442445,-0.006411261301181303,-0.008417221867297986,-0.007636477009249545,-0.006907145557046828
2024-09-10,0.0019647463800512395,0.006291982202695069,-0.010016501840900327,0.005893869888146131,0.002942965524010677,0.014962171788384881
2024-09-11,-0.010385945213142378,-0.0026516558316725036,0.0011344065134703876,-0.004949516009374677,-0.006019511839702063,-0.00775741383712709
2024-09-12,0.003640835374796581,-0.0008325924968051403,0.0031530901611577233,0.0029406556599480328,0.006680845569227923,0.003973240008963559
2024-09-13,0.005031808805664007,5.159354523638377e-05,-0.00423464557593496,-0.008515155606615355,0.003244266398991225,0.01178973206166073
2024-09-18,-0.0030181828592488417,-0.004070142620794302,0.007847321819880217,-0.009748844840099746,-0.003756815568045968,-0.014208827503076893
2024-09-19,0.004399837611050051,-0.0017634759995042604,0.00022189159714287561,-0.0035002267360042753,-0.00019357590553203963,0.0009093598627912449
2024-09-20,-8.601506480110377e-05,0.0034575576991947576,0.004066482568909535,0.00020518074120590103,-0.0007797064291961808,0.006489318963478985
2024-09-25,-0.0004921704276819251,0.0027064247200033966,0.0022887778209424764,-0.008162253536624144,0.01325361235728575,-0.006311583809350781
2024-09-26,-4.686864993197438e-05,0.0015478622670894726,0.0012560466716472268,-0.008019212491761473,0.0068189611271479945,-0.005718727578931548
2024-09-27,0.004600947157482117,-0.002820447096911872,0.011155873930481031,-0.0011744165600100264,0.00807247948586056,0.005320136749289437
2024-09-30,0.002007417453681093,-0.00027157589272370814,-0.0014270419278535442,0.006298372881985447,0.006822528601406241,0.006219181347699165
2024-10-01,0.015623773652204067,0.010181532493544787,0.007086666030176159,-0.008665902407343152,0.004988059843212178,0.004705642847686875
2024-10-02,0.0074989319308969475,-0.004419747940694574,0.006376386015553704,-0.003478395992112194,-0.0003165532796344237,6.207873716201884e-05
2024-10-03,-0.011571973884077382,0.003491895817706414,-0.007582265714336423,0.010333602221665706,0.0010264234214452772,0.008910438469697373
2024-10-04,-0.0021708757670539924,0.00047102253903588134,0.003805260171431346,-0.004840063053822297,0.0023595385358514027,-0.005288188855505305
2024-10-07,0.011258316385808743,-0.0017526284831626193,-0.004144243250812685,-0.009857833740422085,0.005887839374952143,-0.006003743983135246
2024-10-08,-0.009454487200652208,0.005116517791615128,-0.0002476055338992648,0.015570396202165406,-0.00026420932480197747,0.0065975359546205925
2024-10-09,0.008932541438411958,-0.01018512804438352,0.017701192154218018,0.010387085481387583,0.010661193928081536,0.011081136558392646
2024-10-10,-0.0047323391988538304,0.0011332745576257963,0.006558305745816374,-0.00021032973651009563,-0.0011692574041633147,-0.003552070118019927
2024-10-11,0.004136674673957086,-0.0090261266962842,0.009077851958307726,-0.0015222761742232026,-0.0036722255573656834,-0.005163475318727036
2024-10-16,8.048455021736388e-05,0.010561878553670237,0.0022825164258595265,-0.012057310527764752,0.0009895802236231212,-0.010605093413936265
2024-10-17,-0.0023516340796415633,0.004229034623874828,0.002276060673223745,-0.0008777245685363865,0.009914337574688759,0.0006541117263977325
2024-10-18,-0.0032460923083959432,0.0006293314935925,0.001414049107369642,0.0012241338973858706,-0.0025307808429436474,-0.004137456232725267
2024-10-21,-0.0020518139035517807,1.0430269418848525e-05,-0.0016101437607150436,0.0076621175297688655,0.0023449756134778393,0.0015589112919009813
2024-10-22,0.007529823753753041,0.006910539508715407,0.009592611341666734,0.003984250270034439,-0.00047804424060586895,0.0047447274734776276
2024-10-23,0.0004338290734038578,0.003220677983526654,-0.007107495959506683,-0.003520076737472987,0.00030278392797422637,-0.00046556261191309754
2024-10-24,0.007411806137735911,-0.003067048478851952,0.0010472738128026078,0.0006633467378026389,-0.005120955677163708,0.0013660747223805483
2024-10-25,0.00027106338541582663,-0.0009007290290610209,-0.002497555027424437,-0.009950302368270726,0.0025059040153116775,-0.012754021919510493
2024-10-28,-0.0001071718981836764,0.0038947459205970407,-0.0024329723248558647,0.0010102158622093977,0.010995674644121815,0.008870090974598455
2024-10-29,0.005303602516926565,0.00609037754147479,-0.0024516666008190585,-0.0008982335171572988,0.001822542560204865,0.0023014410895362547
2024-10-30,0.00013016976264408294,0.0012021560271039847,-0.0028532444795871473,0.0012339649785525265,-0.002411662482656719,-0.0015437805535179656
2024-10-31,-0.0013169131026936397,0.005209907262924541,-0.0019753467704706654,0.009136526955831647,0.00013378287854748312,0.011315795980403295
2024-11-01,-0.008622384638723956,-0.009469689422465,0.011821304527487997,-0.005122348409396138,-0.004826084771537698,-0.007821248522717117
2024-11-06,-0.009320547475173836,0.007453178359570955,-0.0033509104194758372,0.0035707704949241802,0.00780516228360797,0.008007490524768813
2024-11-07,-0.006425008069369787,-0.004491054594425758,0.013035361199494578,-0.01067404675566528,-0.011229872093888616,-0.0064720062776722565
2024-11-08,0.010914297125356987,0.01452362724859242,0.012360912684908488,0.009663179885219853,0.002814015307514283,0.027230338740090843
2024-11-11,0.0009051595018830572,-0.0007030949664961204,-0.0002633289597523624,0.010377726529870434,0.00015239788768477407,0.011228965072743402
2024-11-12,-0.003961977689223307,-0.0007130428835943057,-0.0018290967804692315,0.0008690094385121812,0.009772740540334834,-0.00132609778493505
2024-11-13,0.007201846153302173,0.0034315674342259013,0.014780426840338267,-0.007265107946514249,-0.002351135273434889,0.007094076084818601
2024-11-14,0.005530529124343198,0.0009562860971646268,-0.002097961378338464,0.0018339091088861446,0.0017724651453414843,0.0028431692787076746
2024-11-15,-0.00719982203042564,0.003958273375715505,0.003976333983513291,-0.0006830971059035516,0.002895000841974382,-0.0005861998486285935
2024-11-18,0.002129934169501068,-0.007012500144669607,0.0035293722100947934,0.005657001940489859,0.0015868255553194138,0.006640823078988884
2024-11-19,0.005024247733606503,-0.004220188468725272,0.0034267041744182156,-0.009822360070076395,0.0013729044875012918,-0.0023740039139625857
2024-11-20,0.003767768242738212,-0.0014107018136870768,0.006240322643732199,0.0046927037755009945,-0.001020363820278081,0.00444249101821198
2024-11-21,0.004689461157612352,0.0011074328894935983,0.0067661035847863095,-0.004130516891597736,0.006332418995084699,0.004308206522080944
2024-11-22,-0.002869156875564527,0.0012518705994344795,-0.0004489883477830412,0.0002950681223586882,-0.0025816197727495326,-0.004907953248481528
2024-11-25,-0.004351535543469742,-0.006143812004238747,0.004806944049795914,0.0034813687651645826,0.00013245877663001747,0.005356049677230535
2024-11-26,0.008347749705118335,0.007060831797259914,0.008365144339317898,-0.002609495953791474,0.007472976531117981,0.002283207016271267
2024-11-27,0.006881451553003303,0.00973199043930344,-0.008056565560354147,-0.007442118760987216,0.009315851366663243,0.003422147178885948
2024-11-28,-0.0020350343069947207,-0.004440979740647055,0.0013200892042463776,0.0025174246625223173,-0.0007273013347670165,-0.0001728704095480915
2024-11-29,-0.00017431050117784315,-0.0014373234363421975,0.008492166505094679,0.0013850733736890499,0.009137653425840652,0.00499131130808624
2024-12-02,-0.008595798906119435,0.0014937362345286856,-0.0031635026730990395,0.0005832690052836047,-0.007402819877603229,-0.005679807834560069
2024-12-03,-0.003377748318207985,0.0025075698566761504,0.006747244881640669,0.002134151432573716,0.013146962020143517,3.061150597966078e-05
2024-12-04,-0.00558257480432256,-0.010460026536018852,0.010276936475711707,0.0003550788374236055,0.016521999836921975,-0.00913408056830663
2024-12-05,-0.007305432695948766,0.0005124656650764557,-0.0024284359761582047,0.00583509568805005,0.0025283314491739927,0.0056974703771361926
2024-12-06,-0.00030010755377261043,-0.0013069769540051013,0.004279073458898063,3.72303746257515e-05,0.0014896021663959313,-0.0006673830148491988
2024-12-09,-0.0031658538676577535,-0.0019176951292684931,0.0033610652545600804,-0.0013979052819732551,0.003512789840479336,-0.0025082932722476302
2024-12-10,-0.0040717115410879405,-0.00044566177798059897,-0.004203288160811125,0.0018909443641279998,-0.0005026259333565707,-0.005260778702480651
2024-12-11,-0.001252989003594629,6.165613756463654e-05,0.0010259471826382207,0.004988665158721939,0.004419597518968344,0.006689868657009157
2024-12-12,-0.0031014267081399542,-0.004664411154937388,0.0018723740316511697,-0.004928881276869124,-0.0042112458857518804,-0.005976155217816267
2024-12-13,0.0057990449870351625,0.005687178918474168,0.0005741138848162968,-0.0002844263878625244,0.002275142921752504,-0.0025538464665203113
2024-12-16,-0.0015944519065726583,-0.007396227082532115,-0.0030242515074877965,0.005267825616651934,0.0011877361459588624,0.003087536569168603
2024-12-17,0.008935198116157462,-0.014604810851735995,0.019639604087127657,-0.006040150925593047,0.008590626010200463,0.0026324888101653676
2024-12-18,0.001430618669146622,0.0012324086804955227,-0.008692539728718774,-0.0013762363900678978,0.006176589156208491,0.0013666489138653244
2024-12-19,-0.0071027403033661965,-0.0048380906140242045,0.0042078691286385975,0.010474620476657127,0.005166116189432103,-0.001052293747598891
2024-12-20,0.0007784125970699664,0.0024386784062852434,-0.005644289508581091,-0.012710394289897866,-0.014614968457322373,-0.013802463554201708
2024-12-23,0.0002214688233257208,-0.0013275406344141376,-0.0021615069164569343,0.002714629251445677,0.0003096993339475336,0.00364651942008079
2024-12-24,0.006123559989925443,-0.007682290802527046,-0.00486934171088067,-0.005838646394661629,-0.004852812181813415,-0.004300329520374013
2024-12-25,-0.00880184087635405,-0.007314486122418095,0.004968963826406859,0.0032018007096143563,0.009943776850966013,-0.0012785957579075635
2024-12-26,-0.0003122565513557602,0.005903386130611987,-0.0019636068188329642,0.0008515413336833699,0.012513212002883889,0.001578819724680213
2024-12-27,0.0025739140419213324,0.006737892734317862,-0.004571408671694121,-0.012061172630048933,-0.0008069694141560994,-0.009985884688756885
2024-12-30,0.0032042358982677273,-0.004975220307991024,0.0037028341155997736,0.0016033839081659228,0.0028639484563080632,0.0031977564574843164
2025-01-07,0.015569632712439718,0.011129653993368672,-0.0036535555980066648,0.012677402913278325,0.014207648083221103,0.017301228899212776
2025-01-08,0.0063642727311195475,-0.00111526663985595,0.0035073547212823193,0.008821295086436965,-0.0025747179118764453,0.008748160109169683
2025-01-09,-0.0025796365586160386,0.00877513677786115,-0.011128091942646613,0.0006518393475111856,-0.0004356933886848324,-0.002449305673897023
2025-01-10,0.0035681194752956724,0.002509783870254846,-0.0032171797418188105,-0.005778604393124475,4.721849510191641e-06,-0.0064321966807970475
2025-01-15,-0.0017845765816300488,0.0023269329447527017,0.003899116260702207,0.006874151690671583,0.0035491175031466585,0.005622774149420829
2025-01-16,0.0010840473405621556,0.012706949939178916,-0.006659180706476642,0.001276783248779978,0.002546289055279006,0.004892239166812096
2025-01-17,0.0032951854231461743,-0.0037351674804411827,0.002735684378222159,-0.0006192601509924062,0.005653047482356733,-0.0020567960079302394
2025-01-20,0.0022754258555787166,0.002954106054107397,-0.001056647118077114,0.00265518860234113,0.002175950789795289,0.006520185476037976
2025-01-21,0.00010710807624152463,0.0006850985718808154,0.0023419674163010383,-0.007463408489424884,-0.002906548830422939,-0.00457782382372332
2025-01-22,0.0006453204028928467,-0.009105722043260834,0.007919636948802135,0.002731105170727011,0.004563378967779654,0.023871925463352317
2025-01-23,-0.0066726376378655645,0.003152573369540024,-0.0022331743728148503,0.006351232167392773,0.0006458809034709527,0.0014214697089439676
2025-01-24,-0.00014320478209270963,0.0008828108086458284,-0.005449325748325908,0.0021608697816433153,-0.001363358574330009,0.004933580171175178
2025-01-27,0.017539962178117683,0.014855399972273142,0.002676312723508767,-0.008645373589071604,0.0032553762443777723,-0.009031602113561837
2025-01-28,0.0025423157586120775,-0.0027942258392639205,-0.002778837067694706,0.001598838692111082,0.01816380488198497,0.0015622772098153517
2025-01-29,-0.0002679311402115529,0.004212944579886947,-0.0028361615691356867,0.006652430955668342,0.006631500949267345,0.005138387636976456
2025-01-30,0.009055863401011988,0.001835877162340571,0.002632453605532015,0.0007652090298350784,0.000819269005792278,0.007642483978145476
2025-01-31,-0.01072013856446452,-0.010432785902560294,0.007178507253139909,0.004633133715068949,-0.003007156761095176,-0.015725684621608838
2025-02-03,0.0071852523940385115,-0.00494174646012604,0.006766970419451491,0.003792646383487662,0.0018482655506078193,0.0003306604922405825
2025-02-04,0.0016014570889322014,-0.006403357933687758,-0.008794074491241078,0.004005925028665169,-0.0072788490767254025,0.00753074286931088
2025-02-05,-0.004154758774824564,0.0016700720305421475,-0.0034666243592293305,0.007775829123855527,0.010223175585559874,-0.001221004626091123
2025-02-06,0.00048112224769694114,0.0035547731913926576,-0.008955516404364205,-0.0040598077435925585,0.001447596854107447,-0.0004423557655650614
2025-02-07,-0.0017016523709649793,-0.0003050613906789624,0.0042063041390774545,0.0006065295620000688,0.0007693830673752397,-0.003981528939248369
2025-02-10,0.0010795902501514747,-0.003599845426392025,0.0008840362628293134,-0.00658659125321932,-0.002348475691975116,-0.012183704981591482
2025-02-13,0.0023827461717621738,0.007971387678186259,0.006783046680075877,-0.008120141204750906,0.008681781961068767,0.0018040100688072607
2025-02-14,0.011107831055283237,0.007136606440936476,-0.010435265824157214,0.010611057958796445,-0.00014485000537174404,0.014142422103493757
2025-02-17,0.00798693316798569,0.005170502413383617,-0.008164513715491852,0.006686445444434907,0.006891214876370478,0.006625341927639206
2025-02-18,-0.0027048497474424513,-0.0048384265549063395,-0.001264875171761725,-0.0025110209062093832,0.000950315174233385,-0.0016368713026686191
2025-02-19,0.007689623641774613,-0.0038008224736094,0.007452719918443785,0.00877084817175997,0.003126249336680242,0.013483675094875396
2025-02-20,0.006539998157526706,0.0048809186485820446,0.00019669073062560376,-0.0011030345091529,-0.002228208688937716,0.0038567852777775333
2025-02-21,0.00013946424945929806,-0.002099466958167517,0.0011708190217758483,-0.005264903175078795,-0.0014107308510211912,-0.0032012419499497513
2025-02-26,0.014333209392475888,0.008162604188146317,-0.006860741126811232,-0.0013087849996257458,0.006189936486319204,0.007057716814737769
2025-02-27,0.007708969354429152,0.0043486045005479935,-0.005866818894857139,0.005525745006514016,0.011830540492188237,0.018056069464875993
2025-02-28,0.0014733798619745555,0.00546718191918476,0.008123737552776358,-0.001453633334095916,0.012460803572892412,-0.005766877851224844
2025-03-03,-0.010532001298551762,-0.007952545125421673,0.006148351615330361,-0.001898711858192992,4.1860484891564735e-05,-0.009094008961504918
2025-03-04,0.005173152881581601,0.003086308058126442,0.007957198221108786,0.00030349516274908025,0.010793667776562987,0.00465451648053398
2025-03-05,0.0039025570636885827,0.0077459188247469765,-0.004952122298409247,-0.0009009983214909307,-0.0006745385479382643,0.003714321992852045
2025-03-06,0.008247392380910013,-0.002721455373317583,-0.0001862102974863998,0.0018275528853129996,0.005073637903098426,0.008966807509755237
2025-03-07,0.0002277121683884162,-0.0008573233744117552,0.00334888296838749,0.004303003225785407,-0.0011355750626397486,-0.00046444822790178697
2025-03-10,-0.0019201340174389806,0.006514188336765338,0.0005073417889985606,-0.001908381791163527,0.008631792004290786,-0.010581184909732033
2025-03-11,0.002542446362880258,-0.0030308697364417555,-0.0010477015123450785,-0.001792830341157692,-0.005037634011312098,-0.00417734321954788
2025-03-12,0.0009067013868874875,0.004641027989354819,-0.0016798863433562525,0.0023192237754910755,0.01061495062050657,0.002195921827479452
2025-03-13,-0.002944087362752668,-0.004622032070746341,-0.004766602986888024,0.0037625178088820156,5.8502985096065474e-05,0.003631524133633435
2025-03-14,-0.005170467633952391,-0.004119235469485472,0.0009879182912917223,0.005767763377020407,-0.0027207693725790354,-0.0015109892121880995
2025-03-17,-0.0014426554991572983,0.00037967640839218163,0.006333125219297319,0.0005913707947831524,0.0013986732102843071,-0.00018956156834508018
2025-03-18,0.013028179532368745,-0.008821018064684584,-0.0005501063265354058,0.007817958569260774,0.0021136499987325363,0.011058057452114477
2025-03-19,-0.002049916250428874,-0.005109165275560757,0.004615246118910466,0.0006492358934396589,0.003370650828143518,0.004816172331620044
2025-03-24,0.000828710395536269,-0.00818451246159504,0.004478848434341632,-0.00727360985229515,-0.0010150353852115034,0.008903876727154167
2025-03-25,-0.002133019934062497,0.007468421718558172,-0.002319049578198617,-0.0028769780250138322,-0.0067019645439701184,0.0012825506424202437
2025-03-26,0.00040244139448932783,-0.005129925116479162,0.0056419664909330034,-0.005847243436116978,0.003074867873349852,-0.00262102252790416
2025-03-27,-0.0011198666069678342,0.004862198417826913,0.0024730970958854797,0.004173183829749761,0.0005565326668190982,-0.0029038026823273444
2025-03-28,0.008705544167998024,0.00799087019451277,0.0012618595700824922,-0.00982452544348602,0.0037976192410087203,-0.00048289562131276177
2025-03-31,0.008559056925253695,0.00477871181780354,-0.006463321676891431,-0.007820673874045371,-0.006628822846116124,-0.001244267699825885
2025-04-01,0.006599301131111357,0.008353887799232962,-0.005156686210202934,-0.004850793451517509,-0.0016639481632610082,0.003922151244055419
2025-04-02,0.008546068110307913,0.004585579870490975,0.002812415150122271,-0.003971999298126215,0.004420381850994382,0.003856501279216441
2025-04-03,-0.022997458471890785,0.013114250294531726,0.005785385928406005,-0.010697374763994797,-0.0007532676885102065,-0.01606737707474907
2025-04-04,0.02889245017960611,0.012907716974565765,0.01082398455623448,-0.006944251774389287,0.022570196162408164,0.009358079724969826
2025-04-07,-0.024454963251371753,0.033608375011776895,0.017141905811773245,0.0055342539199356305,-0.04652777279157823,-0.006635738850598788
2025-04-08,-0.006749211117262765,0.006595587673346158,0.0010208102129962695,-0.0001465534562583139,0.011111669586420582,0.000630706400038194
2025-04-09,0.012504744945319834,0.011692859323680093,0.00968032939138235,0.015878474277415667,-0.002428264641776346,0.015712588587161333
2025-04-10,-0.03071475987302346,-0.0372033763503632,-0.006463685942729192,0.027085338411990213,-0.006302035255760519,0.025053675422575084
2025-04-11,0.009152404557628691,-0.0121201926231699,0.00726566221274454,0.017672660428061836,0.019076062912477588,0.006584687991081917
2025-04-14,-0.009146983791854479,-0.0009399101786900178,-0.002340934492861546,-0.0002673676926976845,-0.0014919147036332346,-0.0028632612025779047
2025-04-15,-0.0011011561157612257,-0.013545015394714822,0.00870415355302685,-0.006916752469359432,0.0025068005237679717,-0.005921067161960298
2025-04-16,-0.017439311833020055,-0.014490690786196227,0.0013787506190347416,0.01566393467482299,-0.00751824262552756,0.0019826156957387098
2025-04-17,0.015920385919450997,0.003404945518844205,0.004375503837629148,-0.005765837115959461,0.0010292044626591052,0.0065976759777491845
2025-04-18,-0.011955734647846807,0.010702336551732736,-0.00980886697575014,0.003792704981286143,-0.0036405671429998294,-0.023390826131552744
2025-04-21,-0.008955011415515135,-0.00019752628008669077,-0.008309652255271227,0.013416499036477748,0.0024591700681455774,-0.0018844556373843746
2025-04-22,-0.0010618864739356136,3.8258607777396985e-05,-0.0020213971114635414,0.006543335733911083,-0.0031498928000821547,0.00498674702096206
2025-04-23,-0.0020924708701113293,-0.002259040874050755,-0.0037842611138474876,0.0014115071079461746,-0.0037741714360015836,0.002934684089405189
2025-04-24,-0.007664508364526302,0.016861969109106423,-0.006083285371415538,-0.010305876019219062,-0.00023644170581209583,-0.01382321261656437
2025-04-25,0.0012583943843369912,0.0001787800148854268,0.004379964427814965,-0.00019858063731714682,0.0034161769306613405,0.0018498437572289084
2025-04-28,0.0033833553142665457,0.00465158109714714,-0.0007349490216579823,0.00529623287506742,0.0007530935778791605,0.002164848696630787
2025-05-01,0.008968710041457006,0.001816026532394654,0.015235174254184747,0.002778269893624996,0.0024357963310871478,0.005529484817881192
2025-05-02,-0.009519002933847198,-0.008664963819047756,0.016918066626569517,-0.0062913573418451165,0.001765379686418034,-0.027645568651765262
2025-05-08,-0.006488146694446374,0.0045695395885342995,-0.00014225317599199025,-0.00012404320904277908,-0.003506235107928891,-0.004864946770216934
2025-05-09,0.011806360937337071,0.007211721281729444,-0.010993342720645893,-0.0009815327609219884,0.002632243487137465,0.03065673330359764
2025-05-12,0.0110377013069618,0.01582361474538943,0.010309766914525566,0.007392441635966372,0.009908179825809691,0.022244068258853555
2025-05-13,0.0018320573260877772,-0.003399281509073227,0.000700841979304534,0.006261566924804442,-0.0010690986557115882,-0.0030784338238245557
2025-05-14,-0.00014827005944102484,0.008913997727818646,-0.0053002029806720865,-0.012380572453502768,-0.0021706914069627332,0.002241300316711048
2025-05-15,-0.015737229256732488,-0.0147778714893404,0.0127046384417973,0.007526712986382345,-0.007474890598486849,-0.010325437547280214
2025-05-16,0.00331634516223851,0.0031049495587704315,-0.004405605818703373,0.0032242006518089284,0.0004132225883595851,0.002962531335556096
2025-05-19,0.01314724037022521,0.0037389839415509006,0.003351902737869983,0.0030305420339596712,0.015350084596200686,0.007209548851041106
2025-05-20,-0.012974831278618227,-0.017465804544121052,-0.0023720117880615473,-0.007425911409873299,-0.005128958833892949,-0.01419998075032789
2025-05-21,0.0025280588254605225,0.002560757519173307,-6.117459789591875e-05,-0.0002607679930007441,0.0028452014970730584,0.003204345685534138
2025-05-22,-0.0020258323409756427,0.008131411853564875,-0.0025511032450095342,0.00010935959183571136,-0.0032569174830784807,0.0031797204355390463
2025-05-23,-0.0022954055790540776,0.0024440230929370756,0.0013397216065938577,0.0009957158169930929,-0.00031395313670488055,0.004647371575130362
2025-05-26,0.004300389235479375,0.006144270107952287,-0.009780937799318054,-0.0021249062281264216,-0.0014206492073325584,0.004880883421314945
2025-05-27,-0.006987284031420393,-0.010267845997501256,0.002994451843668844,-0.0029217532948573985,-0.006733524173793737,-0.008133104207371402
2025-05-28,-0.0002659396642307188,-0.003035364171146737,-0.003105913234534929,0.0015058402266727054,-0.003984438149670134,-0.0010290294779666809
2025-05-29,0.005864039881608063,0.006705530116256055,-0.01046087205269315,-0.00982823045412351,-0.0035495123029319893,-0.006766572022098849
2025-05-30,-0.0018137752486699242,-0.007272283253304734,0.0038212430860816936,0.0025370328253582217,-0.003202555690154041,-0.0008506992896771814
2025-06-02,0.004868887732633032,0.001442733093873372,3.396452828749989e-05,0.0015641990522035523,0.00447249621203334,0.002461915334696381
2025-06-03,0.007122686295914794,0.0038380930524960274,0.0015329829581502972,0.00039209653043004123,0.0001762266140765691,0.004428654947980115
2025-06-04,-0.0007020591909390194,-0.0017664516936051647,-0.0027580913263457463,-0.0009203178323340389,0.0022284376445449007,-0.0009699929976638895
2025-06-05,0.0006767242444870815,-0.002559206631370459,0.0023054160221651636,-0.0023475842944183922,0.002658447577344725,-0.0023262732401135855
2025-06-06,-0.0011460916548124318,-0.002660512869339238,-0.0018225685130587536,0.0032116591675496408,0.00046347093945207105,0.002558301574042715
2025-06-09,-0.001798249544432551,-0.00026252279566221234,-0.001086487187266694,-0.0020983172331853653,0.002894704941243553,-0.0032764605775154054
2025-06-10,-0.005415257096365655,-0.008301255436265854,0.010002557687636538,-0.0042646504993180566,0.0016044977443067541,-0.01059481168120821
2025-06-11,0.0065931252193851325,0.003474255570710372,-0.0011900406883065043,-0.003458732163349798,0.002318927633632328,0.003672875395697864
2025-06-12,-0.000518669977258468,0.0016420303404597767,0.0048676334131742,0.001671497466775751,0.004764059457156989,0.0028132982145241403
2025-06-13,0.00539185373721125,0.012242216453207668,0.002522114191135838,-0.006120768556975365,0.0028150195235836723,0.0006234151511121393
2025-06-16,-0.005373502542415021,-0.004166118510865103,-0.00371608165903501,0.010004582355667457,-0.007863213721544393,0.0022507414909727947
2025-06-17,0.001149237904436573,-0.002169254106149654,-0.0012337520076338925,-8.770370573798472e-05,-0.004338672992444703,-0.004555705956931258
2025-06-18,0.0015266533565291057,-0.0007934582872144438,0.0015801639508972623,0.002030387770004239,0.007522470112771652,0.0008648651086511916
2025-06-19,0.005280897376454719,0.004569937255651114,0.0003720376742644583,0.0054392275336695,0.0011139221269997664,0.006725213121361163
2025-06-20,-0.0002002038300747749,0.0017401698392586875,0.001075312035374276,0.005243601064345982,-0.0016180307720537143,0.0019220387097558017
2025-06-23,0.007052758339941501,0.003718277679528148,-0.008815191303992198,0.003902345845513344,-0.0038289502926709186,0.007558777103641436
2025-06-24,0.000796900483079655,-0.00013721108354340953,0.0030125318160859173,-0.0019219964537125819,-0.00792848419411576,-0.0010534969240283132
2025-06-25,0.0012198184488995567,-0.004649447409040364,0.011389943323560338,-0.0006999403332084155,0.004555309481442849,0.0028762250496409862
2025-06-26,0.002091899435712841,0.001963593849966206,-0.002956806819245683,0.0076271029589708005,-0.002250092606313614,0.005587748175664699
2025-06-27,0.0057747673877415195,0.006475182203336427,0.0034418456878122956,-0.003887054990852379,0.0012839286306232317,0.0005191869192748555
2025-06-30,0.006775660750656032,0.0035904192642175264,-0.0023861194225739857,-0.0053995709136741565,-0.002545001210797638,0.0016849966240149172
2025-07-01,-0.0010831449336503153,0.004530469473589503,-0.007338510741342842,-0.008973173208037966,0.0023336171111684855,-0.005611358235858954
2025-07-02,7.563245338622132e-05,0.0007411926546829093,8.603702318608149e-05,0.0051511593489461886,-0.0006805408405296191,0.005916380179470179
2025-07-03,0.007703416534298291,0.0070084437115971,-0.008512745898749462,-0.006249430018421088,0.010722343453310001,-0.0005024474123183444
2025-07-04,0.007266619346863701,-0.0067344034652043975,-0.008007272006774514,-0.006845587858139201,-0.0005250974240393663,-0.004227195178082305
2025-07-07,0.005445997890780064,-0.0110017578832192,0.004835539172307923,0.012736407995000202,0.002497628130034979,0.009147930697965859
2025-07-08,-0.009518219163201013,-0.014919691647206655,0.003215522733682374,0.003278657010800545,-0.008336546857753938,-0.006502993659648108
2025-07-09,0.002692591881369588,-0.007478152809620876,-0.004458865966760994,-0.010745833200211009,0.0014387809862118181,-0.006392120028646503
2025-07-10,-0.0040051657183802335,0.005580956100861046,0.0023781672219307603,0.005960206353218124,0.0023846032880046044,-0.00021683379270122862
2025-07-11,-0.007010871316733281,-0.005404598515024639,0.0031712790327630192,0.002054813534823729,0.00328399054276769,0.0
2025-07-14,-0.002223570146644361,-0.0017381024852442864,0.0008982584378399048,-0.0033700998995372486,0.0034755996708835113,-0.002923978412526022
2025-07-15,-0.0013324081459303197,-0.005937542474985369,0.006504094544195716,0.003879437940314823,-0.006922609833734406,0.0
2025-07-16,-0.0009626557774635284,-0.004098409479147858,0.0034429379093879,0.0018039203305311841,0.0024959783776750564,0.006098400218758182
2025-07-17,0.0004841168135915736,-0.0034317005463625704,-0.0004370207459512892,6.450553027419442e-05,0.006422433860790378,0.0
2025-07-18,-0.0005033484606487889,0.0012272921405115822,0.0018274632268000528,-0.0051444967870614144,0.0016175463766142434,-0.001274745068053077
2025-07-23,0.000257379744004814,-0.008548931678880578,-0.006776654812014459,0.0007176465609887398,-0.0066145905675863755,-0.0061374820686506855
2025-07-24,0.0050300816937015385,0.005699804577018974,0.0007589078950871243,0.008971766241542677,-0.0009046568812804971,0.005663598249372046
2025-07-25,0.006263021002866775,0.0013763761756522498,0.003588491921639169,-0.00538085087666289,0.0002554707138984194,-0.008168912480759793
2025-07-28,-0.004519705896352467,0.00750442904109958,-0.0033456552868250666,-0.008901695444424254,0.0006878017398438629,-0.004519897680433991
2025-07-29,-0.0016193952986630848,0.00027658214124806017,-0.0006823907927012267,-0.0011466423803275345,0.0027585947794824374,-0.0020916828806518684
2025-07-30,0.002551551185327572,0.0021086864756412853,0.0028494108550497946,0.0010946499865363453,0.0016441216512683048,-0.0050904485990996284
2025-07-31,-0.004614430590239383,0.007752838196800638,-0.0011582809216196476,0.008179406682628888,0.0035000053684107312,-0.0008305942392286547
2025-08-01,0.00776040518304486,-0.01543543126411968,-0.009763951016635297,-0.005514472615931056,0.010966706782451907,-0.005233100623689646
2025-08-04,-0.005255101670725805,-0.004122614008359494,0.005383880388815232,0.003306867784946955,-0.006796926323552466,-0.009915382811500617
2025-08-05,-0.0011458666711995798,-0.0004681826112437055,-0.003586878266373006,0.0024628279927479736,0.0012106551855453288,0.0
2025-08-06,0.002664389203244566,0.005377298654825547,-0.0006199779984767946,0.004876960927000072,0.009020207866694463,0.0042690886347528595
2025-08-07,0.000919747206357702,0.0019089878150809533,-0.0051786794279668385,0.008865918931513183,-0.0046789953973297,0.010197013544816558
2025-08-08,-0.003993636279406011,0.010169223048901489,0.003746328557979428,-0.007648561583292725,0.0003198498059224786,-0.009154890726563725
2025-08-13,-0.0038613578011068134,-7.395887772880809e-05,0.0028827810078940748,0.004768378687133668,0.0017836176947502165,-0.0005348875088346364
2025-08-14,-0.003068731668623981,-0.007816177597678074,-0.006135164909161951,0.005967716575299842,-0.003070648766224649,-0.0016202107933085807
2025-08-15,0.009867962925798814,0.014212221341731814,-0.009930659561366984,0.00820403828085534,0.008597813711302082,0.006956578249342548
2025-08-18,-0.0004271697322811862,-0.008622622146412098,-0.01221541663803909,-0.01009990385999331,0.004940723358260569,-0.01026848938900149
2025-08-19,0.013625688648429436,-0.002564366362135373,-0.000821617046472278,-0.01198773545048335,-0.0031882055299327534,0.009527744828902876
2025-08-20,-0.0026017043349636955,0.005122171249799945,0.009057463793893807,-0.003254994007221402,0.0061532675811643905,-0.004874059226480775
2025-08-21,0.0021336465699571374,-0.001196986336514195,0.004810253039886292,0.010279079485095476,-0.00032466755600577576,0.009925343412931737
2025-08-22,-0.000669689578811816,-0.002360567777182586,-0.006239700336856703,-0.0012004017737313744,-0.00749827652780417,0.0005329435513431349
2025-08-25,0.006323157270039181,0.006495930875532907,0.0038485886722535714,0.0007048902408584019,0.004068936715035409,0.0018858389695393923
2025-08-26,0.002766502931714876,0.002434939040196227,0.0014560642088624176,-0.004341221528935458,0.0027104856539030384,0.0004116795183751517
2025-08-27,-0.007038292677546833,-0.008900708289223892,-0.008011565149596733,0.00016383319408137548,-0.0062839743672405525,-0.004953426237017977
2025-08-28,0.007609118979417251,-0.007082394313149698,0.006991873729255938,0.007514258230863757,0.0006257192590476637,0.007351627492220003
2025-08-29,0.006029851788648456,0.003864594359820339,0.0006776405075635598,0.005863856989775206,-0.0007479224040354942,0.006249214062425224
2025-09-01,-0.009244607718603713,0.008353505757952552,0.004797488493081704,0.00018657700892477075,-0.001396343305579117,-0.009700625433303012
2025-09-02,0.0014409961324906243,0.007555879047517423,0.013545885592445473,0.012101699188376204,0.003666536585673952,0.00829813755012554
2025-09-03,0.0010486634121528845,0.00029649801289277633,-0.006769415394489098,-0.008194660093130324,-0.006357805556626194,-0.007796383421103485
2025-09-04,0.00278867606003248,-0.007340679875605185,-0.004097001665899947,-2.2549763684453963e-05,0.005564164364119018,0.0052581206831705165
2025-09-05,-0.003855656233111282,0.003640089643877143,0.009348696773028721,-0.0036064083070132423,-0.0016116202180311392,-0.0077506750902412045
2025-09-08,4.539181807752205e-05,0.00258203809933788,-0.0014540596731982046,0.0019783937493245587,0.00527243279424765,0.008446726648577207
2025-09-09,-0.007611634758814323,-0.006757605062087403,-0.003944756905234925,-0.0026959063794703923,-0.0007045385079824003,-0.0064708017984215485
2025-09-10,-0.006929843702077698,0.002821311881320931,0.0040574859945564645,0.004199618934801986,0.0039022481032040092,-0.005483793249888533
2025-09-11,-0.003468140914833405,0.010367743659563701,-0.007323331469298555,0.001589965385002134,0.0066165904280114825,-0.001410579886846397
2025-09-12,0.004922158233255368,0.003772760744004966,0.0007427744105910966,-0.0007731150372261241,0.0038111258549384137,-0.0005794112126239262
2025-09-17,0.00024884973476373465,0.0013994533882393917,0.0036819167945970404,-0.008739209400954984,0.0065990719971920735,-0.00811039164147861
2025-09-18,0.006465796162475157,-0.012835961541765983,-0.012700605360256498,-0.006541427343188144,-0.010859995069990313,0.0002640762558077548
2025-09-19,0.0010943195710255262,-0.013075863051980276,-0.012726137780318367,0.006635151397453543,0.0013427772020805145,0.01733990254940983
2025-09-22,-0.014674594868392466,0.007330756476584855,-0.0004857540871630484,0.008450138472186786,0.0021820475375413876,-0.016449611295789923
2025-09-25,-0.003786870486127514,-0.003976708087605108,0.0031476421673213074,0.007697680554139841,-0.00015901429612501456,0.005381037878525563
2025-09-26,-0.003679411231076335,-0.010228800349029532,0.0005270272055417397,-0.00136447095064267,0.005847099203202545,-0.0020879151501949967
2025-09-29,-0.0015860081063366446,-0.008489178271236967,0.0008245189415489575,0.009620514695811957,0.006013137668238633,0.0033006552747927385
2025-09-30,0.0013978800816508929,-0.0026769812451929555,0.0064649399373208245,-0.007641882773067543,0.003125854452196419,-0.00978845124839071
2025-10-01,0.004188226416208042,0.0002925103919688694,-0.000599165378014588,-0.0026043512932069305,0.002912692572559794,0.0005055107332696167
2025-10-02,-0.01924514531192736,-0.017159059267975785,-0.007342358958457162,0.014933551616536044,-0.0016207334599604992,-0.013845383956732885
2025-10-03,-0.0006470685584005101,-0.005792840739272998,-0.002616292187328617,0.002303945427883458,0.0032001038698607374,-0.00025344479792002717
2025-10-06,0.010162704358166241,0.010201550856839848,0.004254876434980525,-0.005239941156869811,0.0015886694155221146,0.019003741955041085
2025-10-07,0.0070675675918896,-0.007725261524566273,-0.0050199655457404905,-0.005383554281463022,-0.004262797588591538,0.007519491948119683
2025-10-08,-0.0053574536892114335,-0.004730631398611963,0.0007667403500641653,0.007790590942704357,0.009915619398275413,-0.029801404891401262
2025-10-09,-0.00340726535913567,0.0036556553540084253,0.003276290346017441,0.0042147374659037735,-0.003647903705658062,0.00035548031306537053
2025-10-10,0.01109642101300128,0.00540620459989718,0.0005238244581383233,-0.015694073174968227,-0.0031200718382749194,-0.014976604382526404
2025-10-15,0.0074760815860748005,-0.01137096649051208,-0.0032247548945545817,0.010593030788405343,-0.005229954107213453,0.012909200115356678
2025-10-16,0.010310812466634367,0.010853184816391437,0.0016409231525079896,-0.003695010803568,0.009578868212540882,0.012131084665925607
2025-10-17,0.006373783382029608,-0.0029262675823211294,0.0017992588170175682,-0.004920460282946792,0.0020086691771186377,0.0008182424692375996
2025-10-20,0.011392487842368548,-0.01302356050431963,-0.005114748763450349,0.006686470125688837,0.0035022224251271446,0.006825490242432304
2025-10-21,-0.003653595771998087,0.000416223634984569,0.004824527954286895,-0.01367775308788404,-0.00203042633660211,-0.006664282545295238
2025-10-22,-0.007425950214056188,-0.0029872080155025856,0.000806871537129617,-0.0024246831487689585,0.015973390930290026,-0.007322021148865844
2025-10-23,-0.004734478669172892,0.004411859991641754,0.010973220529400928,6.753605794940221e-06,0.006000299859348314,-0.002284319524812069
2025-10-28,0.009803436780667417,-0.011681729411878216,-0.004184924245753696,-0.009024620778158465,-0.0032052001314800235,-0.0026566972935050752
2025-10-29,0.015924246626806828,0.015853963979370403,0.00787014576913543,0.014938449840536938,0.015705701133019122,0.015817040844328664
2025-10-30,-0.009492643140941249,0.009261376347195661,-0.004662094323729749,0.016780386541382808,-0.0022713462476835694,0.01075414691039748
2025-10-31,-0.009099979740260224,0.011730832202551911,0.010054618281530847,-0.00763455606834076,0.0006418596011830586,-0.008050118316667576
2025-11-05,-0.010355531415893246,0.022015775584491637,0.021137135735630787,0.004843167491915891,-0.004270560679967317,-0.005991593027571657
2025-11-06,0.011327527514958267,0.007397462469344563,0.004774914327856972,0.010359105309557769,-0.0033567337484043504,0.015257742056672147
2025-11-07,-0.007744168188611767,0.00747684832246689,0.0022660166217996166,-0.006743432019530715,-0.005104980741875688,-0.008048148522532978
2025-11-10,0.0039700177656619255,0.004111639913951204,0.002681403847916885,0.008083732526151577,0.010323416236264805,0.005112096301108177
2025-11-11,-0.00814504899751365,-0.012415999217357655,-0.0007060843833164077,-0.0037110389615693682,-8.462936080766426e-05,-0.00921020989804382
2025-11-12,-0.015060095552327192,-0.010665300579178761,-0.001831199861137666,0.0060139420512867366,0.005940374512518054,-0.012870132277448487
2025-11-13,-0.003402295552673396,-0.0017499402212822984,0.003477118534711044,0.013740577531496247,0.010654008931514913,0.022366868100775372
2025-11-14,0.00602587144733864,0.0028389262946544513,0.01577529911737379,0.011223165859157617,0.003597273392281374,0.0014363020231823904
2025-11-17,-0.0007085370686351181,-0.0001614520992785362,0.006577429042638052,0.009277583651784351,0.0029990499825043094,0.004441983760732089
2025-11-18,0.019844506689056088,-0.01802533549566001,0.010118358571279875,-0.021895467810518453,0.01759589660000061,-0.0025379530718252497
2025-11-19,-0.003480857406926341,0.008894494434113831,0.01662232804123549,0.005454700245799195,0.004951610036660382,-0.004845330524827985
2025-11-20,0.0014421427607100405,0.010057618790908164,0.013121318622635703,0.002658336214410695,0.011476391310384583,0.0036900964649505467
2025-11-21,0.0012953828660301702,0.01220664815796493,0.0038477896200362245,-0.02521129331805709,0.004943365109862664,-0.02924191918771879
2025-11-26,-0.001950429938899623,-0.002501132808188356,-0.0015457819828809342,0.004794783646607793,-0.0026315270628263217,0.008150010682200004
2025-11-27,0.0030723015689369635,0.0008347163004248648,-0.004697413806749262,-8.106882695846362e-05,0.0016108710625903472,-0.004503852264277723
2025-11-28,-0.0005894120408544976,-0.001284466577462284,0.0005944295860314421,0.0014679842327445015,0.006088032455312932,-0.003217526602116438
2025-12-01,0.000478784924238718,-0.00014904469383787353,0.0029164438798274803,-0.015190379925772282,0.007294137165494298,-0.007560591986532539
2025-12-02,0.004172908424045341,0.00669824723131014,0.00043531029778764974,-0.000515297436608786,0.004764351242172982,0.0037225615644744248
2025-12-03,-0.0006818284739217089,0.012241814946032025,0.005833445249878255,-0.00026021140910017604,-0.0010145943183182073,-0.0008293692007051254
2025-12-04,0.012534697519739393,-0.0046672290196770215,0.013618008433086047,0.0005793610754310837,0.0019067178407144783,0.007176734642754072
2025-12-05,0.010239460912538825,0.013937145972739118,0.005944412425447454,0.0034745505670572777,0.0003759401194694868,0.01268794969105032
2025-12-08,0.001778777159653533,0.0031999606410485944,-0.009742401270422474,-0.0015710854060284386,-0.015013377973551002,0.0025572526793257383
2025-12-09,0.0012807511086893042,0.0059888602837594234,0.010002500773496138,0.0022392413481860498,0.004809846084794068,0.0004700288043552271
2025-12-10,-0.005139671385678413,-0.007972381937000294,-0.005135902499698442,-0.006724346149863503,-0.0008789712822633528,-0.005054532075851843
2025-12-11,0.003947230281544711,-0.0020371395672407417,0.002691589116664539,-0.008137778932042506,-0.006915041710147789,-0.006107731859479214
2025-12-12,0.013018759128122049,-0.0001263080670300008,0.003661222421178523,0.0028054483053457924,0.002746718685632278,0.004010177553868751
2025-12-15,-0.01052546231827063,0.01573061866259331,0.009732893309549429,-0.00762143183667976,0.012562696116642182,-0.014630743472098334
2025-12-16,0.01225821972161154,0.006724739444924288,-0.004918411470968765,-0.011365643474900967,-0.0009236247146871671,-0.0014785096887971472
2025-12-17,-0.0017257882754866173,0.003408569482514512,-0.0022326542933571057,0.004557929575500031,-0.004857776635863687,0.016945754805226865
2025-12-18,-0.008299599521894364,0.008200008647464308,0.009946236558307845,-0.009453715141776954,0.001186211937887616,-0.012005367959788495
2025-12-19,-0.0003982770073936322,-0.001489278267514483,-0.0017664782580820717,0.005405456077662674,0.005601900074033339,-0.00014393053384897914
2025-12-22,0.015311320244332502,0.017461405519379893,0.009053645607154447,0.014382764084841782,0.007217639067066628,0.013269961980183632
2025-12-23,-0.00849070972288637,-0.0037896898028287667,-0.00036078181723471145,-0.006442923458322914,0.0010871099719110377,-0.009407750958216618
2025-12-24,-0.0010029838037879156,0.0013051145652094311,-0.002068133374337356,0.003075823530090305,0.00037128579344558577,6.860999104931842e-05
2025-12-25,0.005510806147914704,0.00618311106334495,0.00319446125310201,-0.002671103397961128,0.004277975232911069,0.00216715434440747
2025-12-26,0.005119807345133643,0.005243966613691864,0.0031030937442705136,-0.004554579061533692,0.0031835383343008497,0.0044724144845621015
2025-12-29,0.008259139460323951,-0.003343644799862444,-0.003345638931888684,0.0023088702493430312,0.0008645453434194877,0.004366500087259118
2025-12-30,0.00268330369590306,-0.0005923984009932317,0.004699822384541497,0.0028013585280605604,0.004836517231045146,0.004538192905029437
2026-01-06,0.009417067847972027,0.011984492398340898,-0.00490930051885794,-0.005077853552971922,0.003796308352759549,0.0024450443669988397
2026-01-07,0.005847145131643928,0.0004337331102294956,-0.009966903376709956,-0.012781386004267216,0.010315661119778064,-0.002382640347277606
2026-01-08,0.010783187570613471,-0.008961328649765798,-0.007031428251608562,-0.002127342887811623,-0.010836356817762472,0.004395034789412389
2026-01-09,0.0018103449059056807,0.0013906860069619051,-0.0034835851632052162,-0.007812855465308898,-0.00037443421047917986,-0.002195098361818126
2026-01-14,-0.01137457560963897,-0.013084705859076574,-0.009844546767907136,0.0022524722635481,-0.0068614785368204196,-0.011126272787996216
2026-01-15,0.0032232079328392118,-0.0059608257822787005,-0.00429911095011164,0.009482531681868456,-0.008510063202752183,0.008684506479026115
2026-01-16,-0.009686899056007371,-0.008719180237443025,-0.0030214311289491922,0.008699969725916157,0.007299636412312816,0.005138150700726022
2026-01-19,-0.008531502334290564,-0.0008334930801517926,-0.003957437416468768,-0.0007363653562521,0.006236817245594795,-0.00618671155994226
2026-01-20,-0.01612534284984868,-0.012162925271505,-0.005514976750993572,-0.008025339278850763,0.0047979800186953355,-0.015595752994580202
2026-01-21,-0.00651106698058166,-0.0017719640347547243,-0.002052199039468716,0.011093223323317325,0.008252667812688696,0.00996451520675734
2026-01-22,0.004796887109487957,0.007255549282296525,-0.0010237589814893644,-0.0026033536202742843,0.003980746417529723,-0.0006824935656499554
2026-01-23,-0.0009815057887537111,-0.008797981033607315,0.0008136810551955481,0.005334148491852563,0.008778170365681336,-0.004804239791200222
2026-01-26,-0.00040618424639464706,-0.0033380334890434904,0.002699813420902353,-0.0027558807938669275,0.0026907840942741235,0.009149709210100387
2026-01-27,-0.0172796333931305,0.010181272360357374,-0.002210451006038605,0.012981130619614478,0.003329598791955979,-0.0038736245259679935
2026-01-28,-0.02185397629873993,0.014392167860409045,0.0004123855533638928,0.01949849580675449,-0.010819243877140726,0.006337791713428723
2026-01-29,-0.001643830055777418,-0.01099789343347104,-0.013149315104593565,0.0068183830957699865,0.0071555340057745335,-0.0004997668656249845
2026-01-30,-0.0093897204197688,-0.0028017872211051993,-0.005255645657388542,-0.008836113207662824,-0.010686220891704989,-0.010313970776352047
2026-02-02,0.018798781646874364,0.010595554594287005,-0.0020914644064862643,-0.02053662864619681,-0.0040914707588750815,-0.01122271990634453
2026-02-03,-0.014395853554970526,-0.00717145518834672,0.015110956031126064,0.011011647847415842,0.00540163582560098,-0.001761806437105533
2026-02-04,0.002542211072711621,0.01096700991365631,0.018631312296607905,0.021274417033016867,0.021244477107737313,0.019515553683214143
2026-02-05,-0.027565978805100342,0.0024876212144305564,0.012858793948004578,-0.014807622876817406,-0.008916550307890403,-0.016544150299469748
2026-02-06,-0.014785222280921228,-0.003898186415481587,0.005250060090307107,0.014367518649185798,-0.005704996363043737,-0.007966443739881313
2026-02-09,-0.016615936981799705,-0.00031074371224926265,-0.00689851724078361,-0.004861460783719962,0.008848969264613073,0.0007439777320413384
2026-02-10,0.017377494366115864,0.013292112369229052,0.004336974689872642,0.017458726071166164,0.012349122220203616,0.020195772872915775
2026-02-13,0.03358426511556667,0.027714718242253442,-0.01217599962467937,-0.028021343481034116,0.015487891086343897,-0.009014643071034889
2026-02-16,0.0058395489486271265,-0.004180186968599276,-0.0010755644437540068,-0.011382498607236058,-0.0034174317655426127,-0.008996387602302702
2026-02-17,0.013037132826420718,0.02015813207382493,0.015657592406739362,-0.005435205464388049,-0.002195987708808667,0.02136586271665991
2026-02-18,0.005668190225074209,0.006687506685105093,0.004275351343364986,0.0002964095635736184,-0.0048141649662251105,0.004523510048278752
2026-02-19,0.00491012182989914,0.000733820917499006,-0.004568937271960505,0.011715822870620295,-0.0013388301088906869,0.0039389693025979194
2026-02-20,-0.004716760635713647,0.003835871820302294,-0.000594966328975199,0.0054300554426333315,0.0033442318475085616,-6.24905943057974e-05
2026-02-25,0.0033236612109375676,-0.009532199601055736,-0.004359066958650182,-0.0052278524497284765,0.0029301375422149836,0.010947689603480637
2026-02-26,0.005540260216522496,-0.01189412050252887,-0.002984201815771548,-0.006620451766492951,0.008710815745683753,-0.007058044921016082
2026-02-27,0.010792960533982977,0.0021566017786686558,0.0050303352613841,0.012283530800315967,-0.0039575757685607945,0.007896466420321397
2026-03-02,-0.008429964787551248,-0.00616597120085165,-0.0236095672027663,0.019965870815165033,-0.01925494634214726,0.018960448396614316
2026-03-03,-0.018902215862595818,-0.01276588328761128,-0.022715127460621546,-0.0022682916934830596,0.000920335834097852,-0.0068097086026852605
2026-03-04,0.004199269894803506,0.017279137005857283,-0.007554632857686052,-0.029743962637630017,0.0128793257067505,-0.006618204576928567
2026-03-05,-0.003912060072934721,0.00694808499557742,-0.002361709180071815,0.011606887637011277,-0.00891994142077115,-0.004494978882666922
2026-03-06,0.0008647445730453505,0.006637390683513988,0.005802645470493915,-0.008977189421617938,0.0072111687602748106,-0.0022962532430394643
2026-03-09,0.027647570523512167,0.029346381244609775,0.03280031389454321,-0.03141243754874821,0.005984151641748859,0.013431172074887976
2026-03-10,-0.013263812401628527,9.017995315447865e-05,-0.0018744393105072817,0.009136818536662218,-0.003705414455546131,-0.010412816484938081
2026-03-11,0.0009344158932183652,-0.005710460490735225,0.005451526435617616,0.0031010231874014204,-0.004516725860928995,-0.01769217798442535
2026-03-12,-0.0025714879824212168,0.003453004632959699,0.008551677627404186,-0.002019951665076913,0.014062341418058689,0.0009755700614474954
2026-03-13,0.008395745560042037,-0.004708593268400742,0.004198450408844501,0.011027112477627622,0.013821979973847175,0.009416688667935472
2026-03-16,0.0007743674952753745,0.006883477210800005,0.0007213265122819611,-0.007469385019116517,-0.005256596166053274,0.006248200773917245
2026-03-17,-0.0007576125115874801,-0.009661307584832343,-0.0040377166013933815,-0.005545673299948507,0.004033349389649277,0.00835053161889815
2026-03-18,0.007690500332958195,0.0059149512936008675,-0.0030679400754163983,0.012491069273306567,-0.001986614238368545,0.005761358863126507
2026-03-19,0.011863535740106812,0.001321487798931998,0.01063457829077399,0.003828195784443378,0.0015960747898542175,0.006254119237626457
2026-03-24,-0.009652014735572492,-0.01354395004572204,-0.01757944339271449,0.00459983004051987,-0.007883480683483012,-0.0033144798303776034
2026-03-25,-0.019503475303201824,0.0034964184680137842,0.012707679066997057,-0.010884968505263104,0.0009149527442590781,-0.014530234104058144
2026-03-26,-0.0050017818874978255,-0.0012186599647006306,-0.00133444948206467,0.004079383661024627,-0.0005721094944703296,-0.004684813577792324
2026-03-27,-0.006344541644425705,0.009683790360238784,0.007462082550933013,-0.0009125673004976237,0.012307355830424574,-0.0015347230513779553
2026-03-30,-9.60087138015776e-05,-0.005228720579103442,0.002832370229792613,0.004480843932440991,-0.002394737346904631,0.019388456482493432
2026-03-31,-0.011829629851679816,0.00839285866906294,0.003965808566830043,-0.01453124749880528,0.011529872505361484,-0.018749804508047047
2026-04-01,-0.02835898528036796,-0.014353108441351226,0.005540023689109174,0.021100556239256177,0.00367809905668104,-0.006930929711311151
2026-04-02,0.00742251222474557,-0.002353500946513563,-0.010075125514623907,-0.012045916784032933,0.0026353988472787256,0.0015915268509349226
2026-04-03,0.020256872386682882,-0.009423239290528863,-0.007814691523758199,0.005980176686471328,0.010154028326195365,0.01191141716882662
2026-04-06,0.0011752036377141954,-0.0017219069926949662,-0.00795894367428005,-0.006232926091158153,-0.008865313550375542,-0.002017881551117173
2026-04-07,-0.013018362531380667,0.004439802104063672,-0.016597613442270266,-0.00889019409958174,0.005076304706425661,-0.0184406310953108
2026-04-08,-0.014812247082059641,-0.007204025216108501,-0.003469295465853484,-0.021064413583891706,-0.03676883301315059,-0.023218360094582138
2026-04-09,-0.01193018671493815,-0.013488279968954808,-0.0016288267423113945,0.008572607100170205,0.0030064601797005876,-0.0051366537075264165
2026-04-10,-0.02152486423246243,0.005509721384403687,-0.021206898115051255,0.005638559437061618,0.0043970404687861285,-0.022755595507782778
2026-04-13,-0.011423896842828563,-0.0021007498957994475,-0.009785681267443858,-0.007613332956124099,0.002253864940323447,-0.013201176126024386
2026-04-14,-0.014217973807752894,0.007375723848283067,-0.007680375603336723,-0.014378605524970035,-0.004880354683001431,-0.017090033224583096
2026-04-15,0.0039568315988299805,-0.0018715691846143748,-0.007126927710694697,-0.016768199431623755,0.004776457400944391,-0.02044110200617616
2026-04-16,-0.006323215994200005,0.010080283854424433,0.004489067111619738,-0.004480768558295245,0.003798542406078131,-0.004355730636772155
2026-04-17,-0.014432600915919759,0.0014821858425473344,0.004131802408749974,-0.014023193670927615,-0.004625806966334811,-0.011725488928016326
2026-04-20,-0.009869141404839743,0.01136241764492225,-0.009641070929399677,-0.005657253098569616,0.013597789344153257,-0.006996488596943906
2026-04-21,-0.016875421993453113,-0.006480289871657387,-0.0069761452097597786,-0.006896355746294658,-0.006764421742664407,-0.014305347465165987
2026-04-22,-0.012414263506073223,-0.0022933272414661595,0.011079362028082528,0.0006539607567067839,-0.0033373571831341042,-0.004482127145047983
2026-04-23,-0.006946579422875176,-0.0077760746514495376,-0.017844326258351393,0.004276010704850575,-0.006743531455784524,0.007586112274175752
2026-04-24,-0.014751746993599624,-0.005771277119411322,-0.012250254393062309,0.008202768542399985,0.001792891041759526,-0.005052210985523053
2026-04-27,-0.008078472538294567,-0.00820761972769919,0.01186365248078598,0.0028613480230040176,0.01670743001660064,-0.01805844215473884
2026-04-28,-0.009819724169200426,-0.017215827906669534,-0.0221458261818366,-0.00408465164793157,-0.004162548108208798,-0.011027406412786392
2026-05-01,-0.016235480516328726,-0.006480577273929011,-0.006585292034303892,2.4514075553770708e-05,0.003945748510136404,0.0
2026-05-08,-0.016066325796869108,0.01036764700241264,0.015995543725616488,0.015581554553702713,0.00028612506560923254,-0.005466878811612452
2026-05-11,0.010218439726938125,-0.01827858813162575,-0.024548863550300882,-0.0028321434495620188,-0.01141563024966239,-0.0011910625075370884
2026-05-12,0.004482204301110015,0.004314237091894668,-0.0031535325692256147,0.005664651897220585,0.013870391641005276,0.0050412956820041
2026-05-13,-0.01761374160249538,-0.025011777465724496,-0.0313267380445388,0.0148398762674413,-0.011510294134967826,-0.010147444553732881
2026-05-14,0.012115203036711675,-0.017165808860421943,-0.01839879722936653,-0.022352705515770822,0.009008129259477938,0.0006001079781920628
2026-05-15,0.004422829346860578,-0.011137445342600881,-0.015232436097349929,-0.022067043849998077,0.021496208596271656,-0.010164212454582988
2026-05-18,-0.0016291659420452744,-0.0020825216980026482,0.009633678267462177,0.004123883891891712,-0.0028775094567708988,0.0030346327705925527
2026-05-19,-0.022839741479351836,0.021426381083580817,0.03465141319435818,-0.02839598991457859,0.01090134988275775,-0.03400362749298508
2026-05-20,-0.008808636737378726,-0.01702694738895121,-0.023645686091570098,0.004506458068218012,-0.010532473457766735,-0.008180011928561168
2026-05-21,0.001487196176193572,0.011288745364255327,0.013852930691238611,0.007839562972494774,0.0026172395710668778,0.004088653320050856
2026-05-22,-0.013367866159074463,0.009734255834729175,0.029540653165242705,0.019589919200037276,-0.004788108456607865,-0.009107940142701332
2026-05-25,-0.0038930961510834196,-0.006039048797796598,-0.01816847943208475,0.0098084830549386,0.006580535223060614,-0.00014900160035857812
2026-05-26,0.006804795401856278,0.008692943817004762,0.0035269525980787158,-0.0024356525985339554,-0.009299117842966931,0.01654713742843894
2026-05-27,-0.00721448432058418,-0.020400422198083665,-0.018333859936733022,-0.013771863347966139,-0.012951573053578858,-0.016102671212726946
2026-05-28,-0.011855059579967886,0.004779070635380411,-0.0017396920009123747,0.005837492294764114,0.0005103475312229235,-0.011166328708653786
2026-05-29,-0.00034276730106777044,-0.0008545219061928404,-0.0029221240711584167,-0.00026757730567235,-0.002613610757441576,-0.0014800720293363483
2026-06-01,-0.005048259711817592,0.018089080574288374,0.027036603105077606,0.030020802726656307,0.014675152447562324,0.02316084394102849
2026-06-02,0.007142925304640269,-0.005668737311333105,-0.01375675456872634,-0.00982602001094628,-0.004247934193174086,0.0019845625387745758
2026-06-03,0.02210327847098665,-0.016595461182708115,-0.01540588828551268,0.006207848380917146,0.030497675516436583,0.02167825411131044
2026-06-04,0.0012549404272072396,-0.0016319947326657533,-0.000532865577820152,-0.004896816040293128,-0.0018260415604908885,-0.008906144094142004
2026-06-05,-0.00426138834353742,0.0005012751006026948,-0.0012659408460830679,0.0013177912516082685,0.011129642753799043,-0.008428454008445968
2026-06-08,0.005091373312538639,-0.0013587727152904125,-0.0025857081413410686,0.020164303663905758,-0.00305739735455881,0.028429299994433777
2026-06-09,-0.008813820778413793,-0.008405927074975207,0.00460287060663258,0.010118241341074731,-0.004256043886835337,-0.0026128876079978642
2026-06-10,-0.03397038181822754,0.016963189636489486,0.023876552078245863,-0.008608993857996785,0.008818589875288541,-0.0220088727383444
2026-06-11,-0.01590533248854873,-0.01936451024190666,-0.022923868016723834,0.022003585543602062,-0.011463063736829263,-0.007926879640912626
2026-06-12,0.015041220814928648,0.010574102136783338,0.003005602679756692,-0.0008886948624284625,0.006929634777011385,0.010072308086210494
2026-06-15,0.0072983449806735,-0.001833060618545202,-0.00806737974273437,-0.002442338785080112,-0.008894538761998305,0.0003035362756413562
2026-06-16,-0.0027106221359781473,0.007540685136990155,0.008437279534427522,0.00490355726866627,-0.005001805300868533,-0.005579596597652725
2026-06-17,0.00824921285302611,-0.013837475331598691,-0.018913268822324535,0.006585673295760031,-0.009120152132616256,0.01637153274249803
2026-06-18,0.00026272478892210883,-0.005281038008766515,-0.007058468047546419,0.002905593864974243,-0.0016079325047815294,0.006902445495971134
2026-06-19,-0.009965757763859773,-0.010305986103434807,-0.004785950307699549,-0.01778456665471908,-0.008556432507778558,-0.03192191508424175
2026-06-22,-0.023469685914573546,0.025759124198278728,0.029010953866449325,0.011444143912529348,-0.0009765804337506846,0.007065855943173327
2026-06-23,-0.05938097673700356,0.05340388419934104,0.04839158652218079,-0.0168248413667069,0.011946050504172145,-0.05711934142006916
2026-06-24,0.0019478328125825959,-0.01030654335092127,-0.012281932015181352,0.0008186406903813994,-0.007272091689646464,-0.0022460799206016433
2026-06-25,0.01501300930998688,0.004331102103903618,0.0038310260376615444,0.014296565307773521,-0.005241554947796901,0.032767270789129256
2026-06-26,0.006736321478377617,0.017959978913241817,0.02923298683852156,-0.014016072127384782,-0.003374083070441336,0.0006857071788064495
2026-06-29,0.004852083135385833,0.009122207138307427,0.0023874684171962812,-0.0011137610929705,-0.0012932547796842499,-0.00020423837545202432
2026-06-30,-0.003670976963824014,0.0051891576125642665,0.00742745203558306,0.0045414423998191514,-0.005322639728170731,0.004753617652177447
2026-07-01,-0.01012996742824368,0.0009609787511549945,0.0012716463914415272,0.008229870503520975,0.003842184787819769,0.005260592176938234
2026-07-02,-0.017306510075051067,0.0236352866420535,-0.020623371847811444,-0.002785346771529284,0.01136615345835943,-0.013952416168677484
2026-07-03,-0.0018329557087209737,-0.030198605983202634,-0.026225292198199135,0.02214092610892493,0.0014293958729374675,0.007738935721277817
2026-07-06,0.0007293622119980427,0.010575907747847226,0.006678562737390714,-0.005351594990621968,0.0006102268237883957,-0.006594015422759947
2026-07-07,-0.011246666135206019,-0.024825225104250143,-0.027480134402711135,-0.012689034314522242,-0.012570921406050253,-0.017380982066567133
2026-07-08,-0.012672771826168838,-0.0017321934292803486,0.0022134995100760776,0.013928673831933146,0.008277227224660868,-0.006758515137765115
2026-07-09,-0.004935761842096898,-0.0065629326602273386,0.0022119303058572683,0.004296010488508451,-0.0030762237299654543,-0.003181234155171057
2026-07-10,0.010907414596065946,0.01582850301562835,0.013571917847939855,0.0002632239826729117,-0.006179997766125878,0.005108969370762273
2026-07-13,-0.006139720532971272,-0.010890340649617513,0.00956479174649911,0.00955663172729302,-0.00601934908066566,-0.002638569710554095
2026-07-14,-0.0002767253999604424,-0.007269308858960688,-0.005780727603381929,0.007958208130467614,0.00399385825380123,0.0033718546074648094
2026-07-15,0.008459849238719053,-0.0020345678369450447,-0.00015666526529121202,-0.008814338188590608,0.0015948903477501558,-0.0012611109370545106
2026-07-16,-0.021416697184654845,-0.016318564442493425,-0.014945873479299964,-0.00819773923362157,0.011960978073945916,-0.022312766157189245
2026-07-17,0.015037808595393054,0.011806865770019817,0.011998458053266181,-0.00610093811160899,0.007027845677501631,0.01099893008612915
2026-07-22,0.009548852788708985,-0.00786100036520505,-0.006553879402146778,0.002332670726796171,0.0018315290195375805,0.0019598467524573433
2026-07-23,-0.019054679098775874,-0.013503846554560363,-0.014594263558130404,0.0036610040152789567,0.006767742600100268,-0.01570586544556621
2026-07-24,0.013927335604591386,0.011104664816911615,0.007899555993786379,0.0038699658551708542,0.0012421528701054277,0.012028644804875433
2026-07-27,-0.009781586638333506,-0.006066531088137372,0.014431727118842577,0.0003332710851817076,-0.0024669171343863613,-0.01093149749435825
2026-07-28,0.02426428829431375,-0.02528758453675537,-0.026430828692700595,-0.01154130006492564,0.009788350868343643,0.010981707013264553
2026-07-29,0.012393796643467913,-0.00547555433924547,0.019732399975998672,-0.00918909048886698,-0.0032133330419397595,-0.007926919304720743
2026-07-30,0.013108478837112502,-0.023677522145549544,-0.018669336105519196,-0.015878297340408597,-0.011872151643579467,0.008965987407180409
2026-07-31,0.012936561133382218,0.01204306550886798,0.009369375139433613,-0.005000002715177842,0.017025676760807573,0.010420189051269957
2026-08-03,-0.004984910983844439,0.015417860573095708,0.01275723109712892,-0.0006483929731294644,0.0052322718486037985,-0.011505231017084986
2026-08-04,0.005814196806331509,0.022653235785307934,0.017210398119787775,-0.017445481014069664,0.007957738124544056,0.004915377058281526
2026-08-05,-0.00017639468293360232,0.002502529823235089,0.009800497302526303,0.012531679271023567,0.009983649122839666,0.01521032722611404
2026-08-06,0.004109285263165096,-0.012311647268535331,0.008292806004305797,-0.0030664690113519693,-0.005964137219732813,0.004049981702149897
2026-08-07,0.009009169569659827,0.010189409447794407,-0.005562440409938652,-0.0036722650987027977,-0.003284387332969185,0.006600109732590288
2026-08-10,-0.0061426308678430575,-0.0002418941864537731,0.008258433674559206,0.004197342019519757,0.0092212922605484,0.0003413920147582192
2026-08-13,-0.011516879701522419,-0.01723030399195338,-0.013537268028332465,-0.011240012810345902,0.0023950100284712006,-0.013916042270661686
2026-08-14,-0.00039185212523338295,0.00897638181248035,0.006392307642146399,0.0070034173035665725,0.003907508716799745,0.005325773095865438
2026-08-17,0.0013267928225396686,-0.005313284538480079,-0.002158422196213805,-0.006402934842297193,0.007289661634539968,-0.007034805889238567
2026-08-18,-0.0017334499624052752,-0.00104067379729511,-0.020947174780669608,-0.012581145930450012,-0.0012483787795738452,0.002435771365036969
2026-08-19,-0.006012730277988053,-0.0002961034063030388,-0.004970065933524071,0.004845292356834796,-0.004903953834924035,-0.002144338256000444
2026-08-20,0.005209166697491474,0.007479426875036266,-0.005382336733473325,-0.008535630257956806,0.002799559078022851,-0.009715066596731669
2026-08-21,0.004335348311136577,0.005949636421727411,-0.009032030066560304,0.008899941527465871,-0.0013693817976849316,0.00904523958683734
2026-08-24,-0.006538416507713651,-0.006050138815391981,-0.007658812669971215,-0.0018230730725137924,0.00411928563583217,-0.007102268737640249
2026-08-25,-0.018625669784887732,-0.019879455661623524,-0.021302471700778394,-0.005184351083437265,-0.007238365328148612,-0.01455662167323225
2026-08-26,-0.0002643935444682115,0.0018001093805890549,0.003478091371268444,0.00011251487495034224,0.003599287015297681,0.00021132529393901088
2026-08-27,-0.0036105879251234975,-0.01056989579156653,-0.0088950980542555,0.005029696880137901,-0.00712800600429857,-0.0020683011319022615
2026-08-28,-0.0016965119076429729,8.696573088331529e-05,-0.0026597854099010827,0.011313229203998732,-0.004289440421848201,0.005999066300299654
2026-08-31,0.010778412253774072,-0.008922279770897611,0.004595882107256389,-0.006815993487268091,0.0032454095502375763,0.011406182823361033
2026-09-01,-0.0018471591372210665,0.00205577829298025,-0.01358198787825442,0.0031639840315488945,-0.007155961893404285,0.00036919392886058944
2026-09-02,-0.0003226604953066696,0.004246886207988212,0.003382295336502607,0.012022374772312473,-0.0045055710812053965,0.002127324078974239
2026-09-03,-0.007976864013130759,-0.003261231200713933,-0.012994393787070301,0.0185639816962289,-0.0023935581363547795,0.014277550372710834
2026-09-04,-0.0028195492098688655,0.012119130850992834,0.014341971852260115,-0.00824916256284709,0.01273647971736127,-0.025390529058281375
2026-09-07,-0.009757104147310394,0.009632163748536059,0.010692639009736117,-0.01312607484142192,0.008951259671475897,-0.007488279306873161
2026-09-08,0.015857151316269746,-0.013730527637705702,-0.01739571221038283,0.014023788874167421,-0.011884417231627632,0.010510146073521149
2026-09-09,-0.00219279213311201,-0.0020167350588476303,0.01289995185685691,-0.020513703091928195,0.002827319689542352,-0.015345208983969766
2026-09-10,0.003825590379134235,0.014958927281555526,0.00534308835716293,0.006153851986186054,0.0073822262392125425,0.00251397497025252
2026-09-11,-0.007626872115164574,6.524885108438738e-05,0.0025687171536981964,0.009501349469526587,0.013718668642567522,0.0008596783534098095
2026-09-14,-0.018687289149627095,-0.006274525762173622,-0.01820363261573963,0.007583509551048006,0.0023358159669332633,-0.014931606692661543
2026-09-15,-0.0010901519247470408,-0.012870664569693836,-0.00782057426603442,-0.00313861535107709,-0.0002947880099451344,-0.0012514731187782072
2026-09-16,0.004796281712282436,0.004404278908859705,0.005941709166406751,-0.007048752205939258,0.0011931970650991492,0.00019856799339840235
2026-09-17,0.005874624418433783,-0.006200871318282465,0.012132215050644057,0.014847961539678734,-0.005872877022021772,0.017560675022427197
2026-09-18,0.004847205074611493,0.0009300682335691811,0.0020371761422562484,-0.008177306380801209,0.0026887112296572584,-0.0010306173541980712
2026-09-25,0.003018557458255899,-0.006542289126992151,0.0020853523458893354,-0.004724494465399664,-0.0021548081614487288,0.006282345685992137
2026-09-28,-0.003028956045344567,0.0012013601270622453,0.0004776134098064765,0.004034804310090445,-0.0009215871707391348,0.0013593023347592773
2026-09-29,-0.004906089528044701,-0.004681604577919397,-0.013418144516820796,-0.01314201545228577,-0.00566056106184374,-0.016547487394100925
2026-09-30,-0.0045438079637311725,-0.00012989122057693783,0.0012195181212840025,0.000565435532083435,-0.008268921032100175,-0.0036329866012791544
2026-10-01,0.002416340723039934,0.005850591434530195,0.013523790964869267,-0.01789764099429268,0.00685399718250026,-0.02022709837412547
2026-10-02,0.009675836734455046,0.011533312823122288,0.008240400992240127,-0.00952414446671972,0.0025589333660105632,0.004929430462291847
2026-10-05,0.0024650393575418976,0.00246763360985629,0.010097639023911031,-0.0012167691218063262,0.005713962976271469,-0.007930444019121602
2026-10-06,0.003668147388123888,-0.003055855050294442,-0.0061841866251128655,0.001912174382416199,0.010090174687027177,0.003708847559572598
2026-10-07,0.010883363136264613,-0.0024481071322312916,0.00837545171231362,-0.006733996987074509,0.008453904944813484,0.0023721843944794763
